IdComunidad;IdProvincia;IdMunicipio;IdEntidadMenor;Nombre;Hoja;Cuadricula;Huso;X;Y
1;1;0;0;NO DETERMINADA;;;;;
1;1;1;1;ALEGRÍA-DULANTZI;;;;;
1;1;1;2;EGUILETA;;;;;
1;1;2;1;AMURRIO;;;;;
1;1;2;2;ARTOMAÑA;;;;;
1;1;2;3;ASTOBIZA;;;;;
1;1;2;4;BARANBIO;;;;;
1;1;2;5;DELIKA;;;;;
1;1;2;6;LARRINBE;;;;;
1;1;2;7;LEKAMAÑA;;;;;
1;1;2;8;LEZAMA;;;;;
1;1;2;9;ONSOÑO;;;;;
1;1;2;10;SARATXO;;;;;
1;1;2;11;TERTANGA;;;;;
1;1;2;12;ALORIA;;;;;
1;1;3;1;AREXOLA;;;;;
1;1;3;2;AZKOAGA;;;;;
1;1;3;3;BARAJUEN;;;;;
1;1;3;4;ETXAGUEN;;;;;
1;1;3;5;GANTZAGA;;;;;
1;1;3;6;IBARRA;;;;;
1;1;3;7;OLAETA;;;;;
1;1;3;8;UNTZILLA;;;;;
1;1;3;9;URIBARRI;;;;;
1;1;3;10;GUREIA;;;;;
1;1;4;1;ARTZINIEGA;;;;;
1;1;4;2;CAMPIJO;;;;;
1;1;4;3;GORDÉLIZ;;;;;
1;1;4;4;MENDIETA;;;;;
1;1;4;5;RETES DE TUDELA;;;;;
1;1;4;6;SANTA COLOMA;;;;;
1;1;4;7;SOJOGUTI;;;;;
1;1;6;1;ARMIÑON;;;;;
1;1;6;2;ESTAVILLO;;;;;
1;1;6;3;LACORZANA;;;;;
1;1;8;1;ARROIABE;;;;;
1;1;8;2;ARZUBIAGA;;;;;
1;1;8;3;AZUA;;;;;
1;1;8;4;BETOLAZA;;;;;
1;1;8;5;ZIRIANO;;;;;
1;1;8;6;DURANA;;;;;
1;1;8;7;LANDA;;;;;
1;1;8;8;LUKO;;;;;
1;1;8;9;MENDIBIL;;;;;
1;1;8;10;NANCLARES GAMBOA;;;;;
1;1;8;11;URIBARRI GANBOA;;;;;
1;1;8;12;ZURBANO;;;;;
1;1;8;93;SAN MARTIN;;;;;
1;1;9;1;ALBENIZ;;;;;
1;1;9;2;AMETZAGA;;;;;
1;1;9;3;ANDOIN;;;;;
1;1;9;4;ARAIA;;;;;
1;1;9;5;ARRIOLA;;;;;
1;1;9;6;EGINO;;;;;
1;1;9;7;GORDOA;;;;;
1;1;9;8;IBARGUREN;;;;;
1;1;9;9;ILARDUIA;;;;;
1;1;9;10;URABAIN;;;;;
1;1;10;1;AÑES;;;;;
1;1;10;2;AGIÑIGA;;;;;
1;1;10;3;BEOTEGI;;;;;
1;1;10;4;COSTERA;;;;;
1;1;10;5;ETXEGOIEN;;;;;
1;1;10;6;ERBI;;;;;
1;1;10;7;IZORIA;;;;;
1;1;10;8;LEJARZO;;;;;
1;1;10;9;LLANTENO;;;;;
1;1;10;10;LUJO;;;;;
1;1;10;11;LUIAONDO;;;;;
1;1;10;12;MADARIA;;;;;
1;1;10;13;MAROÑO;;;;;
1;1;10;14;MENAGARAI;;;;;
1;1;10;15;MENOIO;;;;;
1;1;10;16;MURGA;;;;;
1;1;10;17;OZEKA;;;;;
1;1;10;18;OLABEZAR;;;;;
1;1;10;19;QUEJANA/KEXAA;;;;;
1;1;10;20;ARESPALDITZA/RESPALDIZA;;;;;
1;1;10;21;RETES DE LLANTENO;;;;;
1;1;10;22;SALMANTÓN;;;;;
1;1;10;23;SOJO;;;;;
1;1;10;24;ZUAZA;;;;;
1;1;11;1;BAÑOS DE EBRO/MAÑUETA;;;;;
1;1;13;1;AUDIKANA;;;;;
1;1;13;2;DALLO;;;;;
1;1;13;3;ETXABARRI-URTUPIÑA;;;;;
1;1;13;4;ELGEA;;;;;
1;1;13;5;ETURA;;;;;
1;1;13;6;GARAYO;;;;;
1;1;13;7;GUEVARA;;;;;
1;1;13;8;HEREDIA;;;;;
1;1;13;9;HERMUA;;;;;
1;1;13;10;LARREA;;;;;
1;1;13;11;MARIETA-LARRINZAR;;;;;
1;1;13;12;MARIETA;;;;;
1;1;13;13;MATURANA;;;;;
1;1;13;14;MENDIJUR;;;;;
1;1;13;15;OZAETA;;;;;
1;1;13;16;URIZAR;;;;;
1;1;13;17;ZUAZOLA;;;;;
1;1;14;1;BERANTEVILLA;;;;;
1;1;14;2;ESCANZANA;;;;;
1;1;14;3;LACERVILLA;;;;;
1;1;14;4;MIJANCAS;;;;;
1;1;14;5;SANTA CRUZ FIERRO;;;;;
1;1;14;6;SANTURDE;;;;;
1;1;14;7;TOBERA;;;;;
1;1;14;8;LACORZANILLA;;;;;
1;1;16;1;ANGOSTINA;;;;;
1;1;16;2;ARLUZEA;;;;;
1;1;16;3;BERNEDO;;;;;
1;1;16;4;BERROZI;;;;;
1;1;16;5;IZARTZA;;;;;
1;1;16;6;MARKINEZ;;;;;
1;1;16;7;NAVARRETE;;;;;
1;1;16;8;OKINA;;;;;
1;1;16;9;KINTANA;;;;;
1;1;16;10;SAN ROMAN DE CAMPEZO;;;;;
1;1;16;11;URARTE;;;;;
1;1;16;12;URTURI;;;;;
1;1;16;13;VILLAFRIA;;;;;
1;1;17;1;ANTOÑANA;;;;;
1;1;17;2;BUJANDA;;;;;
1;1;17;3;ORBISO;;;;;
1;1;17;4;OTEO;;;;;
1;1;17;5;SANTA CRUZ DE CAMPEZO;;;;;
1;1;18;1;ACOSTA/OKOIZTIA;;;;;
1;1;18;2;APODAKA;;;;;
1;1;18;3;BERRIKANO;;;;;
1;1;18;4;BURUAGA;;;;;
1;1;18;5;ZESTAFE;;;;;
1;1;18;6;ETXAGUEN (ZIGOITIA);;;;;
1;1;18;7;ETXABARRI-IBIÑA;;;;;
1;1;18;8;ERIBE;;;;;
1;1;18;9;GOPEGI;;;;;
1;1;18;10;LARRINOA;;;;;
1;1;18;11;LETONA;;;;;
1;1;18;12;MANURGA;;;;;
1;1;18;13;MENDAROZKETA;;;;;
1;1;18;14;MURUA;;;;;
1;1;18;15;OLANO;;;;;
1;1;18;16;ONDATEGI;;;;;
1;1;18;17;ZAITEGI;;;;;
1;1;18;18;DISEMINADOS DE ZIGOITIA;;;;;
1;1;19;1;KRIPAN;;;;;
1;1;20;1;ANDA;;;;;
1;1;20;2;ANDAGOIA;;;;;
1;1;20;3;APRIKANO;;;;;
1;1;20;4;ARCHUA;;;;;
1;1;20;5;ARRIANO;;;;;
1;1;20;6;KATADIANO;;;;;
1;1;20;7;ETXABARRI-KUARTANGO;;;;;
1;1;20;8;GUILLARTE;;;;;
1;1;20;9;IÑURRIETA;;;;;
1;1;20;10;JOKANO;;;;;
1;1;20;11;LUNA;;;;;
1;1;20;12;MARINDA;;;;;
1;1;20;13;SANTA EULALIA;;;;;
1;1;20;14;SENDADIANO;;;;;
1;1;20;15;TORTURA;;;;;
1;1;20;16;URIBARRI-KUARTANGO;;;;;
1;1;20;17;URBINA DE BASABE;;;;;
1;1;20;18;URBINA EZA;;;;;
1;1;20;19;VILLAMANCA;;;;;
1;1;20;20;ZUHATZU-KUARTANGO;;;;;
1;1;21;1;AÑUA;;;;;
1;1;21;2;ARBULO/ARBULU;;;;;
1;1;21;3;ARGOMANIZ;;;;;
1;1;21;4;ELBURGO/BURGELU;;;;;
1;1;21;5;GACETA;;;;;
1;1;21;6;HIJONA/IXONA;;;;;
1;1;21;7;ORENIN;;;;;
1;1;21;99;GUEVARA-ECHAVARRI;;;;;
1;1;22;1;ELCIEGO;;;;;
1;1;23;1;ELVILLAR;;;;;
1;1;27;1;ACILU;;;;;
1;1;27;2;ALAITZA;;;;;
1;1;27;3;ARRIETA;;;;;
1;1;27;4;ERENCHUN;;;;;
1;1;27;5;EZQUERECOCHA;;;;;
1;1;27;6;GACEO;;;;;
1;1;27;7;GAUNA;;;;;
1;1;27;8;GUEREÑU;;;;;
1;1;27;9;JAUREGUI;;;;;
1;1;27;10;LANGARICA;;;;;
1;1;27;11;TROKONIZ;;;;;
1;1;28;1;LABASTIDA;;;;;
1;1;28;2;SALINILLAS DE  BURADON;;;;;
1;1;30;1;LAGRAN;;;;;
1;1;30;2;PIPAON;;;;;
1;1;30;3;VILLAVERDE;;;;;
1;1;31;1;EL CAMPILLAR;;;;;
1;1;31;2;LAGUARDIA;;;;;
1;1;31;3;LASERNA;;;;;
1;1;31;4;PAGANOS;;;;;
1;1;32;1;ASSA;;;;;
1;1;32;2;LANCIEGO/LANTZIEGO;;;;;
1;1;32;3;VIÑASPRE;;;;;
1;1;33;1;LAPUEBLA DE  LABARCA;;;;;
1;1;34;1;LEZA;;;;;
1;1;36;1;LLODIO;;;;;
1;1;37;1;ALETXA;;;;;
1;1;37;2;APÉLLANIZ/APINAIZ;;;;;
1;1;37;3;ARENAZA;;;;;
1;1;37;4;ATAURI;;;;;
1;1;37;5;AZACETA;;;;;
1;1;37;6;CICUJANO;;;;;
1;1;37;7;KORRES;;;;;
1;1;37;8;IBISATE;;;;;
1;1;37;9;LEORZA;;;;;
1;1;37;10;MAEZTU/MAESTU;;;;;
1;1;37;11;MUSITU;;;;;
1;1;37;12;ONRAITA;;;;;
1;1;37;13;ROITEGUI;;;;;
1;1;37;14;SABANDO;;;;;
1;1;37;15;VIRGALA MAYOR;;;;;
1;1;37;16;VIRGALA MENOR;;;;;
1;1;39;1;MOREDA DE ALAVA;;;;;
1;1;41;1;NAVARIDAS;;;;;
1;1;42;1;OKONDO;;;;;
1;1;42;2;SAN ROMAN;;;;;
1;1;42;3;SAN ROMAN;;;;;
1;1;42;4;UGALDE;;;;;
1;1;42;5;VILLACHICA;;;;;
1;1;42;6;ZUDIVIARTE;;;;;
1;1;43;1;BARRIOBUSTO;;;;;
1;1;43;2;LABRAZA;;;;;
1;1;43;3;OYON-OION;;;;;
1;1;44;1;BAROJA;;;;;
1;1;44;2;FAIDO;;;;;
1;1;44;3;LOZA;;;;;
1;1;44;4;MONTORIA;;;;;
1;1;44;5;PAYUETA;;;;;
1;1;44;6;PEÑACERRADA-URIZAHARRA;;;;;
1;1;46;1;ANTEZANA DE LA  RIBERA;;;;;
1;1;46;2;ANUCITA;;;;;
1;1;46;3;ARBIGANO;;;;;
1;1;46;4;ARREO;;;;;
1;1;46;5;ARTAZA;;;;;
1;1;46;6;BARRON;;;;;
1;1;46;7;BASQUIÑUELAS;;;;;
1;1;46;8;CAICEDO-SOPEÑA;;;;;
1;1;46;9;CASTILLO-SOPEÑA;;;;;
1;1;46;10;ESCOTA;;;;;
1;1;46;11;HEREÑA;;;;;
1;1;46;12;LASIERRA;;;;;
1;1;46;13;LASIERRA;;;;;
1;1;46;14;LECIÑANA OCA;;;;;
1;1;46;15;MORILLAS;;;;;
1;1;46;16;MIMBREDO;;;;;
1;1;46;17;MORILLAS;;;;;
1;1;46;18;NUVILLA;;;;;
1;1;46;19;ORMIJANA;;;;;
1;1;46;20;PAUL;;;;;
1;1;46;21;POBES;;;;;
1;1;46;22;SAN MIGUEL;;;;;
1;1;46;23;SUBIJANA MORILLAS;;;;;
1;1;46;24;TUYO;;;;;
1;1;46;25;VILLABEZANA;;;;;
1;1;46;26;VILLALUENGA;;;;;
1;1;46;27;VILLAMBROSA;;;;;
1;1;46;28;VILORIA;;;;;
1;1;46;50;LACOZMONTE;;;;;
1;1;47;1;MELLEDES;;;;;
1;1;47;2;QUINTANILLA RIBERA;;;;;
1;1;47;3;RIBABELLOSA;;;;;
1;1;47;4;RIBAGUDA;;;;;
1;1;47;5;RIBABELLOSA;;;;;
1;1;47;6;RIBAGUDA;;;;;
1;1;47;12;IGAI;;;;;
1;1;47;15;MANZANOS;;;;;
1;1;49;1;ATIEGA/ATIAGA;;;;;
1;1;49;2;SALINAS DE AÑANA/GESALTZA-AÑANA;;;;;
1;1;51;1;ALANGUA;;;;;
1;1;51;2;ARRIZALA;;;;;
1;1;51;3;EGUILEOR;;;;;
1;1;51;4;ITURRIETA;;;;;
1;1;51;5;OPACUA;;;;;
1;1;51;6;SALVATIERRA O AGURAIN;;;;;
1;1;51;91;ENTZIA;;;;;
1;1;52;1;SAMANIEGO;;;;;
1;1;53;1;ADANA;;;;;
1;1;53;2;ASPURU/AXPURU;;;;;
1;1;53;3;BARRIA;;;;;
1;1;53;4;TXINTXETRU;;;;;
1;1;53;5;EGIRAZ;;;;;
1;1;53;6;GALARRETA;;;;;
1;1;53;7;LUZURIAGA;;;;;
1;1;53;8;MEZKIA;;;;;
1;1;53;9;MUNAIN;;;;;
1;1;53;10;NARBAXA;;;;;
1;1;53;11;OKARIZ;;;;;
1;1;53;12;ERDOÑANA;;;;;
1;1;53;13;S.ROMAN S.MILLAN;;;;;
1;1;53;14;ULLIBARRO-JAUREGI;;;;;
1;1;53;15;BIKUÑA;;;;;
1;1;53;16;ZUAZO S. MILLAN;;;;;
1;1;54;1;ABEZIA;;;;;
1;1;54;2;ABORNIKANO;;;;;
1;1;54;3;APREGINDANA;;;;;
1;1;54;4;BELUNTZA;;;;;
1;1;54;5;GOIURI-ONDONA;;;;;
1;1;54;6;INOSO;;;;;
1;1;54;7;IZARRA;;;;;
1;1;54;8;LARRAZKETA;;;;;
1;1;54;9;ONDONA;;;;;
1;1;54;10;OIARDO;;;;;
1;1;54;11;UNTZAGA;;;;;
1;1;54;12;UZKIANO;;;;;
1;1;54;54;OZ;;;;;
1;1;55;1;ACEBEDO;;;;;
1;1;55;2;ASTULEZ;;;;;
1;1;55;3;BACHICABO;;;;;
1;1;55;4;BARRIO;;;;;
1;1;55;5;BASABE;;;;;
1;1;55;6;BELLOJIN;;;;;
1;1;55;7;BOVEDA;;;;;
1;1;55;8;CARANCA;;;;;
1;1;55;9;KARKAMU;;;;;
1;1;55;10;CORRO;;;;;
1;1;55;11;ESPEJO;;;;;
1;1;55;12;FRESNEDA;;;;;
1;1;55;13;GUINEA;;;;;
1;1;55;14;GURENDES;;;;;
1;1;55;15;LAHOZ;;;;;
1;1;55;16;LALASTRA;;;;;
1;1;55;17;MIOMA;;;;;
1;1;55;18;NOGRARO;;;;;
1;1;55;19;OSMA;;;;;
1;1;55;20;PINEDO;;;;;
1;1;55;21;QUEJO;;;;;
1;1;55;22;QUINTANILLA;;;;;
1;1;55;23;RIBERA;;;;;
1;1;55;24;TOBILLAS;;;;;
1;1;55;25;TUESTA;;;;;
1;1;55;26;VALLUERCA;;;;;
1;1;55;27;VILLAMADERNE;;;;;
1;1;55;28;VILLAMARDONES;;;;;
1;1;55;29;VILLANAÑE;;;;;
1;1;55;30;VILLANUEVA DE VALDEGOVIA;;;;;
1;1;56;1;ALDA;;;;;
1;1;56;2;CONTRASTA;;;;;
1;1;56;3;SAN VICENTE DE ARANA/DONE BIKENDI HARANA;;;;;
1;1;56;4;ULLIBARRI-ARANA/URIBARRI-HARANA;;;;;
1;1;56;5;PARZONERIA ITURRIETA;;;;;
1;1;56;6;ENTZIA;;;;;
1;1;57;1;VILLABUENA ALAVA/ESKUERNAGA;;;;;
1;1;58;1;ELOSU;;;;;
1;1;58;2;GOIAIN;;;;;
1;1;58;3;NAFARRATE;;;;;
1;1;58;4;URBINA;;;;;
1;1;58;5;URRUNAGA;;;;;
1;1;58;6;LEGUTIANO;;;;;
1;1;59;1;VITORIA-GASTEIZ;;;;;
1;1;59;2;ABERASTURI;;;;;
1;1;59;3;EHARI/ALI;;;;;
1;1;59;4;AMARITA;;;;;
1;1;59;5;ANDOLLU;;;;;
1;1;59;6;ANTEZANA;;;;;
1;1;59;7;ARÁNGUIZ/ARANGIZ;;;;;
1;1;59;8;ARCAUTE;;;;;
1;1;59;9;ARCAYA;;;;;
1;1;59;10;ARECHAVALETA;;;;;
1;1;59;11;ARGANDOÑA;;;;;
1;1;59;12;ARIÑEZ;;;;;
1;1;59;13;ARMENTIA;;;;;
1;1;59;14;ARRIAGA;;;;;
1;1;59;15;ARTAZA DE FORONDA;;;;;
1;1;59;16;ASCARZA;;;;;
1;1;59;17;ASTEGUIETA;;;;;
1;1;59;18;BERROSTEGUIETA;;;;;
1;1;59;19;BETOÑO;;;;;
1;1;59;20;BOLIVAR;;;;;
1;1;59;21;CASTILLO/GAZTELU;;;;;
1;1;59;22;ZERIO;;;;;
1;1;59;23;CRISPIJANA/KRISPIÑANA;;;;;
1;1;59;24;ELORRIAGA;;;;;
1;1;59;25;ESKIBEL;;;;;
1;1;59;26;ESTARRONA;;;;;
1;1;59;27;FORONDA;;;;;
1;1;59;28;GAMARRA MAYOR;;;;;
1;1;59;29;GAMARRA MENOR;;;;;
1;1;59;30;GAMIZ;;;;;
1;1;59;31;GARDELEGI;;;;;
1;1;59;32;GOBEO;;;;;
1;1;59;33;GOMETXA;;;;;
1;1;59;34;GEREÑA;;;;;
1;1;59;35;HUETO ABAJO;;;;;
1;1;59;36;HUETO ARRIBA;;;;;
1;1;59;37;ILARRATZA;;;;;
1;1;59;38;JUNGITU;;;;;
1;1;59;39;LASARTE;;;;;
1;1;59;40;LEGARDA;;;;;
1;1;59;41;LERMANDA;;;;;
1;1;59;42;LOPIDANA;;;;;
1;1;59;43;LUBIANO;;;;;
1;1;59;44;MANDOIANA;;;;;
1;1;59;45;MARGARITA;;;;;
1;1;59;46;MARTIODA;;;;;
1;1;59;47;MATAUKO;;;;;
1;1;59;48;MENDIGUREN;;;;;
1;1;59;49;MENDIOLA;;;;;
1;1;59;50;MENDOZA;;;;;
1;1;59;51;MIÑANO MAYOR;;;;;
1;1;59;52;MIÑANO MENOR;;;;;
1;1;59;53;MONASTERIOGUREN;;;;;
1;1;59;54;OREITIA;;;;;
1;1;59;55;OTAZA;;;;;
1;1;59;56;OTAZU;;;;;
1;1;59;57;RETANA;;;;;
1;1;59;58;SUBIJANA DE ALAVA/SUBILLANA-GASTEIZ;;;;;
1;1;59;59;ULLIBARRI DE LOS OLLEROS/URIBARRI NAGUSIA;;;;;
1;1;59;60;ULLIBARRI-ARRAZUA;;;;;
1;1;59;61;ULLIBARRI-VIÑA/URIBARRI-DIBIÑA;;;;;
1;1;59;62;VILLAFRANCA;;;;;
1;1;59;63;ABETXUKO;;;;;
1;1;59;64;YURRE;;;;;
1;1;59;65;ZUAZO DE VITORIA/ZUHATZU;;;;;
1;1;59;66;ZUMELZU/ZUMELTZU;;;;;
1;1;60;1;YÉCORA;;;;;
1;1;61;1;ZALDUONDO;;;;;
1;1;62;1;BERGANZO;;;;;
1;1;62;2;OCIO;;;;;
1;1;62;3;PORTILLA;;;;;
1;1;62;4;ZAMBRANA;;;;;
1;1;63;1;ALTUBE;;;;;
1;1;63;2;AMETZAGA (ZUIA);;;;;
1;1;63;3;APERREGI;;;;;
1;1;63;4;ARECHAGA;;;;;
1;1;63;5;ZIORROGA;;;;;
1;1;63;6;DOMAIKIA;;;;;
1;1;63;7;GUILLERNA/GILIERNA;;;;;
1;1;63;8;JUGO;;;;;
1;1;63;9;LUQUIANO;;;;;
1;1;63;10;MARKINA;;;;;
1;1;63;11;MURGUIA;;;;;
1;1;63;12;SARRIA;;;;;
1;1;63;13;BITORIANO;;;;;
1;1;63;14;ZARATE;;;;;
1;1;803;1;PARZONERIA DE ENTZIA;;;;;
1;1;804;0;NO DETERMINADA;;;;;
1;1;805;0;NO DETERMINADA;;;;;
1;1;806;0;NO DETERMINADA;;;;;
1;1;807;0;NO DETERMINADA;;;;;
1;1;808;0;NO DETERMINADA;;;;;
1;1;809;0;NO DETERMINADA;;;;;
1;1;810;0;NO DETERMINADA;;;;;
1;1;812;0;NO DETERMINADA;;;;;
1;1;813;0;NO DETERMINADA;;;;;
1;1;814;0;NO DETERMINADA;;;;;
1;1;815;0;NO DETERMINADA;;;;;
1;1;816;0;NO DETERMINADA;;;;;
1;1;901;1;MONTEVITE;;;;;
1;1;901;2;NANCLARES DE LA OCA;;;;;
1;1;901;3;OLLAVARRE;;;;;
1;1;901;4;TRESPUENTES;;;;;
1;1;901;5;VILLODAS;;;;;
1;1;902;1;ALCEDO;;;;;
1;1;902;2;BERGÜENDA;;;;;
1;1;902;3;CAICEDO DE YUSO;;;;;
1;1;902;4;COMUNION;;;;;
1;1;902;5;FONTECHA;;;;;
1;1;902;6;LECIÑANA DEL CAMINO/LEZIÑANA;;;;;
1;1;902;7;MOLINILLA;;;;;
1;1;902;9;PUENTELARRA;;;;;
1;1;902;10;SALCEDO;;;;;
1;1;902;11;SOBRON;;;;;
1;1;902;12;TURISO;;;;;
1;1;902;13;ZUBILLAGA;;;;;
1;1;999;0;NO DETERMINADA;;;;;
1;20;1;1;ABALTZISKETA;;;;;
1;20;2;1;ADUNA;;;;;
1;20;3;1;AIZARNAZABAL;;;;;
1;20;3;2;ETXABE;;;;;
1;20;3;3;ETXEZARRETA;;;;;
1;20;3;4;MUGITZAGAINA;;;;;
1;20;3;5;SAIATZ;;;;;
1;20;3;6;ZUBIALDEA;;;;;
1;20;4;1;ALBIZTUR;;;;;
1;20;5;1;ALEGIA;;;;;
1;20;5;2;ERROTALDEA;;;;;
1;20;5;3;LANGAURREALDEA;;;;;
1;20;6;1;ALKIZA;;;;;
1;20;7;1;ALTZO;;;;;
1;20;8;1;AMEZKETA;;;;;
1;20;8;2;UGARTE;;;;;
1;20;8;3;ERGOIENA;;;;;
1;20;9;1;ANDOAIN;;;;;
1;20;9;2;BURUNTZA;;;;;
1;20;9;5;GOIBURU o SAN ESTEBAN;;;;;
1;20;9;6;LEIZOTZ;;;;;
1;20;9;7;SORABILLA;;;;;
1;20;10;1;ANOETA;;;;;
1;20;11;1;ANTZUOLA;;;;;
1;20;12;1;ARAMA;;;;;
1;20;13;1;AOZARATZA;;;;;
1;20;13;2;ARKARAZO;;;;;
1;20;13;3;ARETXABALETA;;;;;
1;20;13;4;AREANTZA;;;;;
1;20;13;5;APOTZAGA-ETXEBARRI;;;;;
1;20;13;6;GALARTZA;;;;;
1;20;13;7;GOROETA;;;;;
1;20;13;8;IZURIETA;;;;;
1;20;13;9;LARRINO;;;;;
1;20;13;10;ORO;;;;;
1;20;14;1;ASTEASU;;;;;
1;20;14;2;BEBALLARA;;;;;
1;20;14;3;ELIZMENDI;;;;;
1;20;14;4;ERREKABALLARA;;;;;
1;20;14;5;GOIBALLARA;;;;;
1;20;14;6;UPAZAN;;;;;
1;20;15;1;AIA;;;;;
1;20;15;2;SAN GREGORIO;;;;;
1;20;15;3;SAN MARTÍN;;;;;
1;20;16;1;ALTZOLA;;;;;
1;20;16;2;ANDATZA;;;;;
1;20;16;3;AIA;;;;;
1;20;16;4;ELKANO;;;;;
1;20;16;5;IRURETAEGIA;;;;;
1;20;16;6;LAURGAIN;;;;;
1;20;16;7;OLASKOEGIA;;;;;
1;20;16;8;SANTIO ERREKA;;;;;
1;20;16;9;URDANETA;;;;;
1;20;16;10;ARRUTIEGIA;;;;;
1;20;16;11;ETXETABALLA;;;;;
1;20;16;12;KURPIDEA;;;;;
1;20;17;1;ARRIETA-MENDI;;;;;
1;20;17;2;AZKOITIA;;;;;
1;20;17;3;IZARRAITZ;;;;;
1;20;17;4;ORMAOLA-MENDI;;;;;
1;20;18;1;AZPEITIA;;;;;
1;20;18;2;LOIOLA;;;;;
1;20;18;3;NUARBE;;;;;
1;20;18;4;URRESTILLA;;;;;
1;20;18;5;ARATZ ERREKA;;;0;0;0
1;20;19;1;ARATZ-MATXINBENTA;;;;;
1;20;19;2;ARRIARAN;;;;;
1;20;19;3;ASTIGARRETA;;;;;
1;20;19;4;BEASAIN;;;;;
1;20;19;5;GARIN;;;;;
1;20;19;6;ALTAMIRA;;;;;
1;20;19;7;ANTZIZAR;;;;;
1;20;19;8;BEASAINMENDI;;;;;
1;20;19;9;GUDUGARRETA;;;;;
1;20;19;10;LOINATZ;;;;;
1;20;19;11;UGARTEMENDI;;;;;
1;20;19;12;SALBATORE;;;;;
1;20;20;1;BEIZAMA;;;;;
1;20;21;1;BELAUNTZA;;;;;
1;20;22;1;BERASTEGI;;;;;
1;20;22;2;ELDUA;;;;;
1;20;23;1;BERROBI;;;;;
1;20;24;2;BIDANIA;;;;;
1;20;24;3;GOIATZ;;;;;
1;20;25;1;ARRIETA;;;;;
1;20;25;2;BARREN-ALDEA;;;;;
1;20;25;3;ZEGAMA;;;;;
1;20;25;4;GOIALDEA;;;;;
1;20;25;5;OLARAN;;;;;
1;20;26;1;ZERAIN;;;;;
1;20;27;1;AIZARNA;;;;;
1;20;27;2;ARROA-GOIA;;;;;
1;20;27;3;ARROA-BEHEA;;;;;
1;20;27;4;ZESTOA;;;;;
1;20;27;5;IRAETA;;;;;
1;20;27;6;ENDOIA;;;;;
1;20;27;7;LASAO;;;;;
1;20;28;1;ZIZURKIL;;;;;
1;20;28;2;ELBARRENA;;;;;
1;20;29;1;DEBA;;;;;
1;20;29;2;ITZIAR;;;;;
1;20;29;3;LASTUR;;;;;
1;20;30;1;AGINAGA;;;;;
1;20;30;2;ARRATE;;;;;
1;20;30;3;EIBAR;;;;;
1;20;30;4;MALTZAGA;;;;;
1;20;31;1;ELDUAIN;;;;;
1;20;32;1;ALZOLA;;;;;
1;20;32;2;ELGOIBAR;;;;;
1;20;32;4;SAN LORENZO;;;;;
1;20;32;5;SAN MIGUEL;;;;;
1;20;32;6;SAN PEDRO;;;;;
1;20;32;7;SAN ROKE;;;;;
1;20;33;1;ELGETA;;;;;
1;20;34;1;APOTZAGA;;;;;
1;20;34;2;BOLIBAR;;;;;
1;20;34;3;ESKORIATZA;;;;;
1;20;34;4;GELLAO;;;;;
1;20;34;5;MARIN;;;;;
1;20;34;6;MAZMELA;;;;;
1;20;34;7;MENDIOLA;;;;;
1;20;34;8;ZARIMUTZ;;;;;
1;20;35;1;ITSASO-ALEGIA;;;;;
1;20;35;2;EZKIO;;;;;
1;20;35;3;ITSASO;;;;;
1;20;35;4;MATXIMENTA;;;;;
1;20;35;5;MANDUBIA;;;;;
1;20;35;6;SANTA LUTZI-ANDUAGA;;;;;
1;20;36;1;AKARTEGI;;;;;
1;20;36;2;ARKOLLA;;;;;
1;20;36;3;LA KOSTA;;;;;
1;20;36;4;HONDARRIBIA;;;;;
1;20;36;5;JAITZUBIA;;;;;
1;20;36;6;PORTUA;;;;;
1;20;36;7;GORNUTZ-MONTAÑA;;;;;
1;20;36;8;MUGONDO;;;;;
1;20;36;9;ZIMIZARGA;;;;;
1;20;37;1;GAINTZA;;;;;
1;20;38;1;ALEGIA;;;;;
1;20;38;2;AZTIRIA;;;;;
1;20;38;3;GABIRIA;;;;;
1;20;39;1;ASKIZU;;;;;
1;20;39;2;EITZAGA;;;;;
1;20;39;3;GETARIA;;;;;
1;20;39;4;MEAGA;;;;;
1;20;39;5;SAN PRUDENTZIO;;;;;
1;20;40;1;AKERREGI;;;;;
1;20;40;2;EZIAGO;;;;;
1;20;40;3;EPELE;;;;;
1;20;40;4;EREÑOTZU;;;;;
1;20;40;5;HERNANI;;;;;
1;20;40;6;JAUREGI;;;;;
1;20;40;8;MARTINDEGI;;;;;
1;20;40;9;OSINAGA;;;;;
1;20;40;10;PAGOAGA;;;;;
1;20;40;11;SANTA BARBARA;;;;;
1;20;40;12;ZIKUINAGA;;;;;
1;20;41;1;HERNIALDE;;;;;
1;20;42;1;IBARRA;;;;;
1;20;43;1;IDIAZABAL;;;;;
1;20;43;2;URSUARAN;;;;;
1;20;44;2;IKAZTEGIETA;;;;;
1;20;45;1;BIDASOA;;;;;
1;20;45;2;IRUN;;;;;
1;20;46;1;IRURA;;;;;
1;20;47;2;ITSASONDO;;;;;
1;20;48;1;LARRAUL;;;;;
1;20;49;1;LAZKAO;;;;;
1;20;49;2;LAZKAOMENDI;;;;;
1;20;49;3;SENPERE;;;;;
1;20;49;4;ZUBIERREKA;;;;;
1;20;50;1;TXARAMA;;;;;
1;20;50;3;LEABURU;;;;;
1;20;51;1;BRINKOLA;;;;;
1;20;51;2;LEGAZPI;;;;;
1;20;51;3;TELLERIARTE;;;;;
1;20;52;1;LEGORRETA;;;;;
1;20;53;1;LEZO;;;;;
1;20;54;1;LIZARTZA;;;;;
1;20;55;1;BEDOÑA;;;;;
1;20;55;2;GARAGARTZA;;;;;
1;20;55;3;GESALIBAR;;;;;
1;20;55;4;ARRASATE/MONDRAGÓN;;;;;
1;20;55;5;UDALA;;;;;
1;20;55;6;MEATZERREKA;;;;;
1;20;55;55;ARRASATE;0601;K07;;;
1;20;56;1;ASTIGARRIBIA;;;;;
1;20;56;3;MUTRIKU;;;;;
1;20;56;5;ARTZAIN ERREKA;;;;;
1;20;56;6;GALDONA;;;;;
1;20;56;7;IBIRI;;;;;
1;20;56;8;LARANGA;;;;;
1;20;56;9;MIJOA;;;;;
1;20;56;10;MIZKIA;;;;;
1;20;56;11;OLABARRIETA;;;;;
1;20;56;12;OLATZ;;;;;
1;20;57;1;MUTILOA;;;;;
1;20;58;1;OLABERRIA;;;;;
1;20;58;2;IHURRE;;;;;
1;20;59;1;ARANTZAZU;;;;;
1;20;59;2;ARAOTZ;;;;;
1;20;59;3;BEREZAO;;;;;
1;20;59;4;GARAGALTZA;;;;;
1;20;59;5;GARIBAI;;;;;
1;20;59;6;LEZESARRI;;;;;
1;20;59;7;MURGIA;;;;;
1;20;59;8;LARRAÑA;;;;;
1;20;59;9;OLABARRIETA;;;;;
1;20;59;10;OÑATI;;;;;
1;20;59;11;SANTXOLOPEZTEGI;;;;;
1;20;59;12;TORREAUZO;;;;;
1;20;59;13;URIBARRI;;;;;
1;20;59;14;URRUXOLA;;;;;
1;20;59;15;ZAÑARTU;;;;;
1;20;59;16;ZUBILLAGA;;;;;
1;20;59;17;GORIBAR;;;;;
1;20;60;1;OREXA;;;;;
1;20;61;1;ORIO;;;;;
1;20;62;1;ORMAIZTEGI;;;;;
1;20;63;1;ALTZIBAR Y KARRIKA;;;;;
1;20;63;2;ARDITURRI;;;;;
1;20;63;3;ARRAGUA;;;;;
1;20;63;4;ELIZALDE;;;;;
1;20;63;5;ERGOIEN;;;;;
1;20;63;6;ITURRIOTZ;;;;;
1;20;63;7;UGALDETXO;;;;;
1;20;64;1;PASAI ANTXO;;;;;
1;20;64;2;PASAI SAN PEDRO;;;;;
1;20;64;3;PASAI DONIBANE;;;;;
1;20;64;4;TRINTXERPE;;;;;
1;20;65;1;SORALUZE-PLACENCIA DE LAS ARMAS;;;;;
1;20;66;1;ARTZAILLUZ;;;;;
1;20;66;2;EZAMA;;;;;
1;20;66;3;IBARBIA;;;;;
1;20;66;4;LETEA;;;;;
1;20;66;5;ERREZIL;;;;;
1;20;66;6;ERDOIZTA;;;;;
1;20;66;7;SANTA MARINA;;;;;
1;20;67;1;ERRENTERIA;;;;;
1;20;68;1;LEINTZ-GATZAGA;;;;;
1;20;69;1;AÑORGA;;;;;
1;20;69;3;IGELDO;;;;;
1;20;69;4;LANDARBASO;;;;;
1;20;69;5;DONOSTIA-SAN SEBASTIÁN;;;;;
1;20;69;6;ZUBIETA;;;;;
1;20;70;1;SEGURA;;;;;
1;20;71;1;ALDABA;;;;;
1;20;71;2;AUZOTXIKIA;;;;;
1;20;71;3;BEDAIO;;;;;
1;20;71;4;MONTEZKUE;;;;;
1;20;71;5;SAN BLAS;;;;;
1;20;71;6;SAN ESTEBAN;;;;;
1;20;71;7;SANTA LUZI;;;;;
1;20;71;8;TOLOSA;;;;;
1;20;71;9;URKIZU;;;;;
1;20;71;10;USABAL;;;;;
1;20;72;3;URNIETA;;;;;
1;20;73;1;AGINAGA;;;;;
1;20;73;2;KALEZAR;;;;;
1;20;73;3;TXIKI-ERDI;;;;;
1;20;73;4;SAN ESTEBAN;;;;;
1;20;73;5;USURBIL;;;;;
1;20;73;6;ZUBIETA;;;;;
1;20;74;1;ANGIOZAR;;;;;
1;20;74;2;BASALGO;;;;;
1;20;74;3;ELOSUA;;;;;
1;20;74;4;OSINTXU;;;;;
1;20;74;5;ELORREGI;;;;;
1;20;74;6;UBERA;;;;;
1;20;74;7;BERGARA;;;;;
1;20;75;1;AMASA;;;;;
1;20;75;2;VILLABONA;;;;;
1;20;76;1;ORDIZIA;;;;;
1;20;77;1;URRETXU;;;;;
1;20;78;1;ZALDIBIA;;;;;
1;20;79;1;AITZA;;;;;
1;20;79;2;ELKANO;;;;;
1;20;79;3;URTETA;;;;;
1;20;79;4;ZARAUTZ;;;;;
1;20;80;1;ZUMARRAGA;;;;;
1;20;80;2;AGINAGA;;;;;
1;20;81;1;OIKIA;;;;;
1;20;81;2;ARTADI;;;;;
1;20;81;3;ZUMAIA;;;;;
1;20;701;0;NO DETERMINADA;;;;;
1;20;802;0;NO DETERMINADA;;;;;
1;20;901;1;AZPILGOETA;;;;;
1;20;901;2;GARAGARZA;;;;;
1;20;901;3;MENDAROZABAL;;;;;
1;20;901;4;PLAZA;;;;;
1;20;902;1;LASARTE;;;;;
1;20;902;2;ORIA;;;;;
1;20;902;3;LARREKOETXE;;;;;
1;20;902;4;ATSOBAKAR;;;;;
1;20;902;5;OZTARAN;;;;;
1;20;903;1;ASTIGARRAGA;;;;;
1;20;904;1;BALIARRAIN;;;;;
1;20;905;1;ORENDAIN;;;;;
1;20;906;1;ALTZAGA;;;;;
1;20;907;2;GAZTELU;;;;;
1;20;998;0;NO DETERMINADA;;;;;
1;20;999;0;NO DETERMINADA;;;;;
1;48;1;1;ABADIÑO-ZELAIETA;;;;;
1;48;1;2;GAZTELUA;;;;;
1;48;1;3;GEREDIAGA;;;;;
1;48;1;4;TRAÑA-MATIENA;;;;;
1;48;1;5;MENDIOLA;;;;;
1;48;1;6;MUNTSARATZ;;;;;
1;48;1;7;URKIOLA;;;;;
1;48;2;101;ABANTO;;;;;
1;48;2;102;LA BALASTERA;;;;;
1;48;2;103;LAS CALIZAS;;;;;
1;48;2;104;EL CAMPILLO;;;;;
1;48;2;105;LA FLORIDA;;;;;
1;48;2;106;GALLARTA;;;;;
1;48;2;107;PICON;;;;;
1;48;2;108;SANTA JULIANA;;;;;
1;48;2;109;TRIANO;;;;;
1;48;2;201;LAS CARRERAS;;;;;
1;48;2;202;LOS CASTAÑOS;;;;;
1;48;2;203;LAS CORTES;;;;;
1;48;2;204;COTORRIO;;;;;
1;48;2;205;MURRIETA;;;;;
1;48;2;206;PUTXETA;;;;;
1;48;2;207;SAN PEDRO;;;;;
1;48;2;208;SANFUENTES;;;;;
1;48;3;1;ALDANA;;;;;
1;48;3;2;AMOREBIETA;;;;;
1;48;3;3;ASTEPE;;;;;
1;48;3;4;AUTZAGANA;;;;;
1;48;3;5;BERNAGOITIA;;;;;
1;48;3;6;BOROA;;;;;
1;48;3;7;ETXANO;;;;;
1;48;3;8;EUBA;;;;;
1;48;3;9;OROMIÑO;;;;;
1;48;3;10;DUDEA;;;;;
1;48;4;1;ELEXALDE;;;;;
1;48;4;2;ODIAGA;;;;;
1;48;4;3;UGARAN;;;;;
1;48;4;4;URRUTIA;;;;;
1;48;5;1;ARAKALDO;;;;;
1;48;6;1;ZELAIA;;;;;
1;48;6;2;OLARRA;;;;;
1;48;6;3;ARANTZAZUGOITI;;;;;
1;48;7;1;MUNITIBAR;;;;;
1;48;7;2;BERREÑO;;;;;
1;48;7;3;GERRIKA;;;;;
1;48;7;4;GERRIKAITZ;;;;;
1;48;7;5;TOTORIKA;;;;;
1;48;8;1;GORGOLAS;;;;;
1;48;8;2;SAN MIGUEL DE LINARES;;;;;
1;48;8;3;SANTA CRUZ;;;;;
1;48;8;4;TRASLAVIÑA;;;;;
1;48;8;5;TRASLOSHEROS;;;;;
1;48;9;101;ARENE;;;;;
1;48;9;102;URIBARRI;;;;;
1;48;9;103;ZULUAGA;;;;;
1;48;9;201;ASPIUNZA;;;;;
1;48;9;202;ZOLLO-ELEJALDE;;;;;
1;48;10;1;AGIRRE;;;;;
1;48;10;2;JAINKO-OLEAGA;;;;;
1;48;10;3;LIBAO;;;;;
1;48;10;4;OLATXUA-OLABARRI;;;;;
1;48;11;1;AGUIRRE;;;;;
1;48;11;2;ARRIGORRIAGA;;;;;
1;48;11;3;MARTIARTU;;;;;
1;48;11;4;LA PEÑA;;;;;
1;48;12;1;ARTZALDE;;;;;
1;48;12;2;BASIGO;;;;;
1;48;12;3;BENTALDE;;;;;
1;48;12;4;GOITISOLO;;;;;
1;48;12;5;SAN PELAIO;;;;;
1;48;12;6;URKIZAUR;;;;;
1;48;12;7;ZUBIAUR;;;;;
1;48;13;3;EL REGATO;;;;;
1;48;13;4;SAN VICENTE DE BARAKALDO;;;;;
1;48;14;1;ELEJALDE;;;;;
1;48;14;2;GOIERRI;;;;;
1;48;15;1;ARIZGOITI;;;;;
1;48;15;2;ELEXALDE;;;;;
1;48;15;3;URBI;;;;;
1;48;16;1;BASERRI-SANTA ANA;;;;;
1;48;16;2;BERANGO;;;;;
1;48;17;1;AGIRRE;;;;;
1;48;17;2;ALMIKE;;;;;
1;48;17;4;ARRONATEGI;;;;;
1;48;17;5;ARTIKE;;;;;
1;48;17;6;BERMEO;;;;;
1;48;17;7;DEMIKU;;;;;
1;48;17;8;MAÑU;;;;;
1;48;17;9;ANDER DEUNA;;;;;
1;48;17;10;MIKEL DEUNA;;;;;
1;48;17;12;ARENE-PELAIO DEUNA;;;;;
1;48;17;13;BARATZ EDER;;;;;
1;48;18;1;ASTERRIKA;;;;;
1;48;18;2;MAGDALENA;;;;;
1;48;18;3;MERRELLUDI;;;;;
1;48;18;4;ERRIBERA;;;;;
1;48;19;1;ANDIKOA;;;;;
1;48;19;2;BERRIZ-OLAKUETA;;;;;
1;48;19;3;EITUA;;;;;
1;48;19;4;MURGOITIO;;;;;
1;48;19;5;OKANGO;;;;;
1;48;19;6;SALLOBENTE;;;;;
1;48;19;7;SARRIA;;;;;
1;48;20;1;BILBAO;;;;;
1;48;21;1;ALTAMIRA-SAN KRISTOBAL;;;;;
1;48;21;2;AXPE;;;;;
1;48;22;1;AHEDO;;;;;
1;48;22;2;ALDEACUEVA;;;;;
1;48;22;3;AMBASAGUAS;;;;;
1;48;22;4;BERNALES;;;;;
1;48;22;5;BIAÑEZ;;;;;
1;48;22;6;LA CALERA DEL PRADO;;;;;
1;48;22;7;EL CALLEJO;;;;;
1;48;22;8;LA CERCA;;;;;
1;48;22;9;CONCHA;;;;;
1;48;22;10;HERBOSO;;;;;
1;48;22;11;LANZAS AGUDAS;;;;;
1;48;22;12;MANZANEDA DE BIAÑEZ;;;;;
1;48;22;13;MATIENZO;;;;;
1;48;22;14;MOLINAR;;;;;
1;48;22;15;PANDO;;;;;
1;48;22;16;PAULES;;;;;
1;48;22;17;PRESA;;;;;
1;48;22;18;RANERO;;;;;
1;48;22;19;RIOSECO;;;;;
1;48;22;20;SAN CIPRIANO;;;;;
1;48;22;21;SAN ESTEBAN;;;;;
1;48;22;22;SANGRICES;;;;;
1;48;22;23;SANTECILLA;;;;;
1;48;22;24;SIERRA;;;;;
1;48;22;25;SOSCAÑO;;;;;
1;48;22;26;EL SUCESO;;;;;
1;48;23;1;ELEJABEITIA;;;;;
1;48;23;2;ESPARTA;;;;;
1;48;23;3;HERRIKO PLAZA;;;;;
1;48;23;4;SARASOLA;;;;;
1;48;23;5;UGARTE;;;;;
1;48;23;6;VILDOSOLA;;;;;
1;48;24;1;ALTZUSTA;;;;;
1;48;24;2;ALTZUAGA;;;;;
1;48;24;3;ASTERRIA;;;;;
1;48;24;4;LA PLAZA;;;;;
1;48;24;5;IBARGUEN;;;;;
1;48;24;6;IPIÑABURU;;;;;
1;48;24;7;OTSEMENDI;;;;;
1;48;24;8;UNDURRAGA;;;;;
1;48;24;9;URIBE;;;;;
1;48;25;1;AMEZOLA;;;;;
1;48;25;2;ARKULANDA;;;;;
1;48;25;3;ARESANDIAGA;;;;;
1;48;25;4;ARGIÑANO;;;;;
1;48;25;5;ARILTZA-OLATZAR;;;;;
1;48;25;6;ERMITABARRI-IBARRA;;;;;
1;48;25;7;GEZALA;;;;;
1;48;25;8;SOLATXI;;;;;
1;48;25;9;URIONDO;;;;;
1;48;25;10;ZUBIALDE;;;;;
1;48;26;1;AROSTEGIETA;;;;;
1;48;26;2;BARGONDIA;;;;;
1;48;26;3;INTXAURBIZKAR;;;;;
1;48;26;4;INDUSI;;;;;
1;48;26;5;LAMINDAO;;;;;
1;48;26;6;OBA;;;;;
1;48;26;7;OLAZABAL;;;;;
1;48;26;8;UGARANA;;;;;
1;48;26;9;BIKARREGI;;;;;
1;48;27;1;DURANGO;;;;;
1;48;28;1;BEDAROA;;;;;
1;48;28;2;EA;;;;;
1;48;28;3;NATXITUA;;;;;
1;48;29;1;KUKULLAGA;;;;;
1;48;29;2;SAN ESTEBAN;;;;;
1;48;29;3;LEGIZAMON;;;;;
1;48;30;1;ALTZAA;;;;;
1;48;30;2;AULESTI;;;;;
1;48;30;3;GALARTZA;;;;;
1;48;30;4;ERBERA O SAN ANDRES;;;;;
1;48;30;5;UNAMUNTZAGA;;;;;
1;48;31;1;ELANTXOBE;;;;;
1;48;32;1;BERRIO-ALDAPE;;;;;
1;48;32;2;BERRIOZABALETA-ARAMIÑO;;;;;
1;48;32;3;ELORRIO;;;;;
1;48;32;4;GAZETA;;;;;
1;48;32;5;GAZTAÑETA;;;;;
1;48;32;6;IGURIA;;;;;
1;48;32;7;LEIZ-MIÑOTA;;;;;
1;48;32;8;LEKERIKETA;;;;;
1;48;32;9;MENDRAKA;;;;;
1;48;32;10;SAN AGUSTIN;;;;;
1;48;33;1;AKORDA-BOLLAR;;;;;
1;48;33;2;BASETXETA-ATXOSTE;;;;;
1;48;33;3;ELEXALDE-ZEETA;;;;;
1;48;33;4;GABIKA;;;;;
1;48;34;1;ERMUA;;;;;
1;48;35;1;ALDAI;;;;;
1;48;35;2;BOTIOLA;;;;;
1;48;35;4;MANDALUIZ;;;;;
1;48;35;5;ANDEKO;;;;;
1;48;35;6;OLALDE;;;;;
1;48;35;7;PLAKONALDE;;;;;
1;48;35;8;BATIZ;;;;;
1;48;35;9;LOTINA;;;;;
1;48;35;10;UGANE;;;;;
1;48;36;1;AGIRRE-APERRIBAI;;;;;
1;48;36;2;BEKEA;;;;;
1;48;36;3;KURTZEA;;;;;
1;48;36;4;ELEXALDE;;;;;
1;48;36;5;GUMUZIO;;;;;
1;48;36;6;USANSOLO;;;;;
1;48;37;1;LA ACEÑA/ATXURIAGA;;;;;
1;48;37;2;TXABARRI;;;;;
1;48;37;3;MONTELLANO;;;;;
1;48;37;4;SAN ESTEBAN DE GALDAMES;;;;;
1;48;37;5;SAN PEDRO DE GALDAMES;;;;;
1;48;38;1;ELEXALDE;;;;;
1;48;38;2;ERGOIEN;;;;;
1;48;38;3;IBARRA;;;;;
1;48;38;4;MENDOTZA;;;;;
1;48;39;1;GARAI (SAN MIGUEL);;;;;
1;48;39;2;MOMOITIO;;;;;
1;48;39;3;GOIERRI;;;;;
1;48;40;1;BUTROI;;;;;
1;48;40;3;GORORDO;;;;;
1;48;40;4;IGARTUA;;;;;
1;48;40;5;LIBARONA;;;;;
1;48;40;6;UGARTE;;;;;
1;48;40;7;URRESTI;;;;;
1;48;40;8;ZURBANO;;;;;
1;48;40;9;GARAI;;;;;
1;48;40;10;SERTUTXA;;;;;
1;48;41;1;BASETXETA;;;;;
1;48;41;2;KANALA;;;;;
1;48;41;3;ZALAIETA;;;;;
1;48;41;4;ISLA;;;;;
1;48;41;5;ERREKALDE;;;;;
1;48;42;2;IRATZAGORRIA;;;;;
1;48;42;6;SANDAMENDI;;;;;
1;48;42;7;ZALDU;;;;;
1;48;42;8;ZUBIETE;;;;;
1;48;43;1;ANDRA MARI AUZOA;;;;;
1;48;43;2;AREATZA-AUZOA;;;;;
1;48;43;3;ELEXALDE AUZOA;;;;;
1;48;43;4;GANDIA AUZOA;;;;;
1;48;43;5;URESARANTZE AUZOA;;;;;
1;48;43;6;GUSUR-MENDI AUZOA;;;;;
1;48;44;1;ALGORTA;;;;;
1;48;44;2;LAS ARENAS-AREETA;;;;;
1;48;44;3;ANDRA MARI;;;;;
1;48;45;1;GUEÑES;;;;;
1;48;45;2;LA QUADRA;;;;;
1;48;45;4;SODUPE;;;;;
1;48;45;5;ZARAMILLO;;;;;
1;48;46;501;ARANA;;;;;
1;48;46;503;GERNIKA-LUMO;;;;;
1;48;46;504;ERRENTERIA;;;;;
1;48;46;505;LUMO;;;;;
1;48;46;506;ZALLO;;;;;
1;48;47;1;EGUEN;;;;;
1;48;47;2;LARIZ;;;;;
1;48;47;3;LAXIER;;;;;
1;48;47;4;OKAMIKA;;;;;
1;48;48;1;AKORDA;;;;;
1;48;48;2;ELEXALDE;;;;;
1;48;49;1;BARAINKA;;;;;
1;48;49;2;KURTXIAGA-ARROPAIN;;;;;
1;48;49;3;GARDATA-ARTIKAS;;;;;
1;48;49;4;ISPASTER-ELEXALDE;;;;;
1;48;49;5;MENDAZONA;;;;;
1;48;49;6;SOLARTE-GALLETE;;;;;
1;48;49;7;SOLUAN;;;;;
1;48;50;1;IZURZA;;;;;
1;48;51;1;LANESTOSA;;;;;
1;48;52;2;GOIKOELEAXALDE O ELEZALDE;;;;;
1;48;52;3;URIA;;;;;
1;48;53;1;JOSE ANTONIO AGUIRRE;;;;;
1;48;53;2;AURREKOETXE;;;;;
1;48;53;3;MENTXAKAETAS;;;;;
1;48;53;4;MENDIONDO;;;;;
1;48;53;5;ELIZALDE;;;;;
1;48;54;1;ARTATZA;;;;;
1;48;54;2;ELEXALDE;;;;;
1;48;54;3;LAMIAKO;;;;;
1;48;55;6;LEMOA;;;;;
1;48;56;1;ANDRAKA;;;;;
1;48;56;2;ARMINTZA;;;;;
1;48;56;3;GURE-MENDI;;;;;
1;48;56;4;URIZAR;;;;;
1;48;57;1;LEKEITIO;;;;;
1;48;58;1;AREITIO;;;;;
1;48;58;2;GOITA;;;;;
1;48;58;3;GEREA;;;;;
1;48;58;4;OSMA;;;;;
1;48;58;5;BERANO NAGUSI;;;;;
1;48;58;6;MALLABIA;;;;;
1;48;58;7;ARANDOÑO;;;;;
1;48;58;8;BERANO TXIKI;;;;;
1;48;59;1;MAÑARIA;;;;;
1;48;60;101;LARRUSKAIN-AMALLOA;;;;;
1;48;60;102;BARINAGA;;;;;
1;48;60;103;LLUNZAR;;;;;
1;48;60;104;ITURRETA;;;;;
1;48;60;105;MARKINA-XEMEIN;;;;;
1;48;60;106;MEABE;;;;;
1;48;60;107;UBILLA-URBERUAGA;;;;;
1;48;60;201;ARTA;;;;;
1;48;60;202;BOLIBAR;;;;;
1;48;60;203;ZIORTZA-GOIERRIA;;;;;
1;48;60;204;ZEINKA-ZIARREGI;;;;;
1;48;61;1;ERBERA;;;;;
1;48;61;2;ERGOIEN;;;;;
1;48;62;1;ALBIZ;;;;;
1;48;62;2;ELEXALDE;;;;;
1;48;62;3;MARMIZ;;;;;
1;48;62;4;OLABE;;;;;
1;48;63;1;ZELAIA;;;;;
1;48;63;2;ITURRETA;;;;;
1;48;63;3;LEAGI;;;;;
1;48;63;4;LIKOA;;;;;
1;48;64;1;MEÑAKABARRENA;;;;;
1;48;64;2;MESTERIKA;;;;;
1;48;64;3;EMERANDO;;;;;
1;48;64;4;AMETZAS;;;;;
1;48;65;2;MARKIO;;;;;
1;48;65;3;UGAO-MIRABALLES;;;;;
1;48;66;1;ANDRA-MARI;;;;;
1;48;66;2;ESKERIKAS;;;;;
1;48;66;3;MEAKA;;;;;
1;48;66;4;MEAKAUR;;;;;
1;48;66;5;MORGAONDO;;;;;
1;48;66;6;OÑARTE;;;;;
1;48;66;7;GANBE;;;;;
1;48;67;1;GOROZIKA;;;;;
1;48;67;2;IBARRURI;;;;;
1;48;67;3;SAN ROMAN;;;;;
1;48;67;4;UGARTE;;;;;
1;48;67;5;USPARITXA;;;;;
1;48;68;1;ARKETAS-ARANBURU;;;;;
1;48;68;2;MUNDAKA;;;;;
1;48;68;3;PORTUONDO-BASARAN;;;;;
1;48;69;4;EMERANDO;;;;;
1;48;69;101;ATXURI;;;;;
1;48;69;102;BILLELA;;;;;
1;48;69;103;MUNGIA;;;;;
1;48;69;104;TROBIKA;;;;;
1;48;69;201;ATELA;;;;;
1;48;69;202;ITURRIBALTZAGA;;;;;
1;48;69;203;LLONA;;;;;
1;48;69;301;LARRAURI;;;;;
1;48;69;302;MARKAIDA;;;;;
1;48;69;401;BASOZABAL;;;;;
1;48;69;402;BERRREAGAMENDI;;;;;
1;48;69;403;ELGEZABAL;;;;;
1;48;69;404;MAUROLA;;;;;
1;48;69;405;ZABALONDO;;;;;
1;48;70;1;AULESTI;;;;;
1;48;70;2;IBARROLA;;;;;
1;48;70;3;NAREA;;;;;
1;48;70;4;SAN ANTON;;;;;
1;48;70;5;ZUBERO;;;;;
1;48;70;6;GOIERRI;;;;;
1;48;70;7;MALATS;;;;;
1;48;70;8;URRIOLA;;;;;
1;48;71;1;COBARÓN;;;;;
1;48;71;2;POBEÑA;;;;;
1;48;71;3;LA RIGADA;;;;;
1;48;71;4;SAN JUAN DE MUSKIZ;;;;;
1;48;71;5;SAN JULIAN DE MUSKIZ;;;;;
1;48;71;6;SANTELICES;;;;;
1;48;72;1;ANDAPARALUZETA;;;;;
1;48;72;2;MEKOLETA;;;;;
1;48;72;3;OTXANDIO;;;;;
1;48;73;1;ONDARROA;;;;;
1;48;74;1;BELANDIA;;;;;
1;48;74;2;LENDOÑO DE ABAJO;;;;;
1;48;74;3;LENDOÑO DE ARRIBA;;;;;
1;48;74;4;MENDEIKA;;;;;
1;48;74;5;ORDUÑA;;;;;
1;48;74;6;CERCA DE VILLAÑO;;;;;
1;48;75;1;ARBAIZA;;;;;
1;48;75;2;BENGOETXEA;;;;;
1;48;75;3;GALLARTU;;;;;
1;48;75;4;IBARRA;;;;;
1;48;75;5;MURUETA;;;;;
1;48;75;6;SAN MARTÍN;;;;;
1;48;75;7;URIGOITI;;;;;
1;48;75;8;ZUBIAUR;;;;;
1;48;76;1;KANALA;;;;;
1;48;76;2;SUKARRIETA;;;;;
1;48;76;3;ABIÑAKO ANDONI DEUNAREN;;;;;
1;48;76;4;TXATXARRAMENDI;;;;;
1;48;77;1;TXIPIO;;;;;
1;48;77;2;ISUSKIZA;;;;;
1;48;77;3;PLENTZIA;;;;;
1;48;77;4;SARATXAGA;;;;;
1;48;78;1;PORTUGALETE;;;;;
1;48;79;1;ATXIKAS-REKALDE;;;;;
1;48;79;2;ELEIZALDE-OLABARRI;;;;;
1;48;79;3;METXIKAS;;;;;
1;48;79;4;ERRIGOITI;;;;;
1;48;80;1;LA ARBOLEDA;;;;;
1;48;80;2;DURAÑONA;;;;;
1;48;80;3;ELGUERO;;;;;
1;48;80;4;GALINDO-SALCEDILLO;;;;;
1;48;80;5;MATAMOROS-BURZACO;;;;;
1;48;80;6;PARCOCHA-BARRIONUEVO;;;;;
1;48;80;7;LA REINETA;;;;;
1;48;80;8;VALLE DE TRAPAGA;;;;;
1;48;80;9;TRAPAGA-CAUSO;;;;;
1;48;80;10;UGARTE;;;;;
1;48;81;1;GOITIOLTZA;;;;;
1;48;81;3;ARETXALDE;;;;;
1;48;81;4;GARAIOLTZA;;;;;
1;48;82;1;BALPARDA;;;;;
1;48;82;2;SANTURTZI;;;;;
1;48;82;3;EL VILLAR;;;;;
1;48;83;1;CADEGAL;;;;;
1;48;83;2;NOCEDAL;;;;;
1;48;83;3;LA ORCONERA;;;;;
1;48;83;4;ORTUELLA;;;;;
1;48;83;5;TRIANO;;;;;
1;48;83;6;URIOSTE;;;;;
1;48;84;1;SESTAO;;;;;
1;48;85;1;MOREAGA;;;;;
1;48;85;2;UGERAGA;;;;;
1;48;86;1;ALEN;;;;;
1;48;86;2;ARENAO;;;;;
1;48;86;3;AVELLANEDA;;;;;
1;48;86;4;LABARRIETA/OLABARRIETA;;;;;
1;48;86;5;BEZI;;;;;
1;48;86;6;EL CASTAÑO;;;;;
1;48;86;7;JARRALTA;;;;;
1;48;86;8;MERCADILLO;;;;;
1;48;86;9;LAS MUÑECAS;;;;;
1;48;86;10;LAS RIBAS;;;;;
1;48;86;11;LA BALUGA;;;;;
1;48;86;12;SAN MARTIM DE CARRAL;;;;;
1;48;87;2;CUETO;;;;;
1;48;87;3;GORDON;;;;;
1;48;87;4;LA IGLESIA;;;;;
1;48;87;5;PANDO;;;;;
1;48;88;1;SAN JUAN;;;;;
1;48;88;2;MAGDALENA;;;;;
1;48;89;1;LANDA;;;;;
1;48;89;2;DOBARAN;;;;;
1;48;89;3;ELORTZA;;;;;
1;48;89;4;MENDIONDO;;;;;
1;48;89;5;ZALBIDEA;;;;;
1;48;90;1;BALMASEDA;;;;;
1;48;90;2;PANDOZALES;;;;;
1;48;90;3;PEÑUECO;;;;;
1;48;91;1;APATAMONASTERIO;;;;;
1;48;91;2;ARRAZOLA;;;;;
1;48;91;101;MARZANA;;;;;
1;48;91;102;OLAZABAL;;;;;
1;48;91;103;SAN JUAN;;;;;
1;48;91;104;SANTIAGO;;;;;
1;48;92;1;BARROETA;;;;;
1;48;92;2;EREÑO;;;;;
1;48;92;3;EROSO-UGARTE;;;;;
1;48;92;4;ELEXALDE;;;;;
1;48;92;5;ASTEITZA;;;;;
1;48;92;6;BIDEKOETXE;;;;;
1;48;92;7;IBARRA;;;;;
1;48;92;8;JAUREGUI-YEURI;;;;;
1;48;92;9;MURTATZA;;;;;
1;48;93;1;LAUNZAIN;;;;;
1;48;93;2;UPARAN;;;;;
1;48;93;3;AREATZA;;;;;
1;48;94;1;BASAUNTZ;;;;;
1;48;94;2;ELEXALDE;;;;;
1;48;94;3;SAN JUAN;;;;;
1;48;94;4;SANTA LUCIA;;;;;
1;48;94;5;URKIZU;;;;;
1;48;94;6;SABINO ARANA;;;;;
1;48;94;7;OLABARRI;;;;;
1;48;95;1;EITZAGA;;;;;
1;48;95;2;GAZAGA;;;;;
1;48;95;3;GOIERRI;;;;;
1;48;95;4;ZALDIVAR;;;;;
1;48;96;1;ARANGUREN;;;;;
1;48;96;2;LA HERRERA;;;;;
1;48;96;3;MIMETIZ;;;;;
1;48;96;4;OCHARAN;;;;;
1;48;96;5;SOLLANO-LLANTADA;;;;;
1;48;97;1;ARCOCHA;;;;;
1;48;97;2;BURBUSTU-ALTAMIRA;;;;;
1;48;97;3;GUTIOLO;;;;;
1;48;97;4;MOYORDIN-BARRONDO;;;;;
1;48;97;5;ZARATAMO;;;;;
1;48;901;1;ARTEAGA DERIO;;;;;
1;48;901;2;ARANOLTZA (SAN ANTOLÍN);;;;;
1;48;901;3;ELEXALDE DERIO;;;;;
1;48;901;4;SAN ESTEBAN DERIO;;;;;
1;48;901;5;ALDEKONA (SAN ISIDRO);;;;;
1;48;901;6;UGALDEGUREN (SANTIMAMI);;;;;
1;48;902;1;ALTZAGA;;;;;
1;48;902;2;ARRIAGA;;;;;
1;48;902;3;ASTRABUDUA;;;;;
1;48;902;4;ASUA-LAUROETA;;;;;
1;48;902;5;ERANDIO-GOIKOA;;;;;
1;48;902;6;GOIHERRI;;;;;
1;48;902;7;LUTXANA-ENEKURI;;;;;
1;48;903;1;ELOTXELERRI;;;;;
1;48;903;2;LAUROETA;;;;;
1;48;903;3;ZANGROIZ;;;;;
1;48;903;4;ZABALOETXE;;;;;
1;48;904;1;BASOZABAL;;;;;
1;48;904;2;LANDA;;;;;
1;48;904;3;IZARTZA;;;;;
1;48;904;4;ZANGROIZ;;;;;
1;48;905;1;GELDO;;;;;
1;48;905;2;ARANOLTZA-SAN ANTOLIN;;;;;
1;48;905;3;SANTIMAMI;;;;;
1;48;905;4;ARTEAGA-SAN MARTÍN;;;;;
1;48;906;1;BALDATIKA;;;;;
1;48;906;2;ELEJALDE FORUA;;;;;
1;48;906;3;ARMOTXERRI;;;;;
1;48;906;4;ATXONDOA;;;;;
1;48;906;5;GAITOKA;;;;;
1;48;906;6;LANDABERDE;;;;;
1;48;906;7;URBERUAGA;;;;;
1;48;907;1;BASONDO;;;;;
1;48;907;2;ELORRIAGA-SANTA ANA;;;;;
1;48;907;3;KORTEZUBI;;;;;
1;48;907;4;OMA;;;;;
1;48;908;1;MURUETA;;;;;
1;48;909;1;ELEXALDE;;;;;
1;48;909;2;IKAZURIETA;;;;;
1;48;909;3;INTXAURRAGA;;;;;
1;48;909;4;LEKERIKA;;;;;
1;48;909;5;MERIKA;;;;;
1;48;909;6;URIBARRI-ZABALETA;;;;;
1;48;910;101;BAKIXA;;;;;
1;48;910;102;FAUSTE;;;;;
1;48;910;201;GOIURIA;;;;;
1;48;910;202;MAÑARIKU;;;;;
1;48;910;301;AITA SAN MIGUEL;;;;;
1;48;910;302;AMATZA;;;;;
1;48;910;303;ARANDIA;;;;;
1;48;910;304;GARAIZAR;;;;;
1;48;910;305;ITURBURU;;;;;
1;48;910;306;IURRETA;;;;;
1;48;910;307;MALLABIENA;;;;;
1;48;910;401;OROZKETA;;;;;
1;48;910;402;SAN ANDRÉS;;;;;
1;48;910;403;SANTA APOLONIA;;;;;
1;48;910;501;ARTATZA;;;;;
1;48;910;502;OROMIÑO;;;;;
1;48;910;503;SAN MARKO;;;;;
1;48;910;601;ARRIANDI;;;;;
1;48;910;602;GAZTAÑATZA;;;;;
1;48;910;603;SANTA MAÑA;;;;;
1;48;911;1;KANPANTXU;;;;;
1;48;911;2;MENDIETA;;;;;
1;48;912;1;ALONSOTEGI;;;;;
1;48;912;2;IRAUREGI;;;;;
1;48;912;3;ARBUIO;;;;;
1;48;913;1;LA ARENA;;;;;
1;48;913;2;LA CUESTA;;;;;
1;48;913;3;KARDEO;;;;;
1;48;913;4;EL PUERTO;;;;;
1;48;913;5;SAN MAMES;;;;;
1;48;913;6;VALLE;;;;;
1;48;914;1;BARROETA;;;;;
1;48;914;2;BARRUTIA;;;;;
1;48;914;3;ELIZALDE;;;;;
1;48;914;4;GOROZIKA;;;;;
1;48;914;5;LOIOLA;;;;;
1;48;914;6;MONTE;;;;;
1;48;914;7;UARKA;;;;;
1;48;914;8;ZABALA-BELENDIZ;;;;;
1;48;914;9;ZUBIATE;;;;;
1;48;915;1;ARTA;;;0;0;0
1;48;915;2;BOLIBAR;;;0;0;0
1;48;915;3;ZEINKA-ZEARREGI;;;0;0;0
1;48;915;4;GOIERRIA ZIORTZA;;;0;0;0
1;48;915;5;IRUZUBIETA;;;0;0;0
1;48;999;0;NO DETERMINADA;;;;;
2;8;1;13;ENTITAT EST D'ABRERA;;;;;
2;8;1;14;ENTITAT OEST D'ABRERA;;;;;
2;8;2;1;AGUILAR DE SEGARRA;;;;;
2;8;2;2;CASTELLAR;;;;;
2;8;2;3;LAS COROMINAS;;;;;
2;8;3;1;ALELLA;;;;;
2;8;4;1;ALPENS;;;;;
2;8;5;1;L'AMETLLA DEL VALLES;;;;;
2;8;5;2;MAS DORCA;;;;;
2;8;5;3;PINAR I PORTUS;;;;;
2;8;5;4;SERRAT DE L'OCATA;;;;;
2;8;5;5;EL MAS FABRERA;;;;;
2;8;5;6;CAN PLANTADA;;;;;
2;8;5;7;CAN REIXAC;;;;;
2;8;5;8;SANTA CREU;;;;;
2;8;6;1;ARENYS DE MAR;;;;;
2;8;7;1;ARENYS DE MUNT;;;;;
2;8;7;3;COLLSACREU;;;;;
2;8;7;4;LA CREUETA;;;;;
2;8;7;6;SUBIRANS;;;;;
2;8;7;7;VALLVIDRERA;;;;;
2;8;7;8;AIGUAVIVA;;;;;
2;8;7;9;ARENYS RESIDENCIAL;;;;;
2;8;7;10;EL BARRI DEL MIGDIA;;;;;
2;8;7;11;BARRI NORD;;;;;
2;8;7;12;BARRI ORIENT;;;;;
2;8;7;13;BARRI PONENT;;;;;
2;8;7;15;CAN SAGRERA;;;;;
2;8;7;16;SANTA ROSA DELS PINS;;;;;
2;8;7;18;TORRENT D'EN PUIG;;;;;
2;8;7;19;TORRENTBO;;;;;
2;8;7;20;ELS TRES TURONS;;;;;
2;8;8;2;ARGENÇOLA;;;;;
2;8;8;3;CARBESI;;;;;
2;8;8;4;CLARIANA;;;;;
2;8;8;5;CONTRAST;;;;;
2;8;8;6;PORQUERISES-ALBARELLS;;;;;
2;8;8;7;PLANS DE FERRAN;;;;;
2;8;8;8;ROCAMORA;;;;;
2;8;9;1;ARGENTONA;;;;;
2;8;9;2;VEINAT DE CLARA;;;;;
2;8;9;3;VEINAT DE CROS;;;;;
2;8;9;4;VEINAT DE PINS;;;;;
2;8;9;5;VEINAT DE MADA;;;;;
2;8;9;6;CAN CABOT;;;;;
2;8;9;7;DALIPA;;;;;
2;8;9;8;CAN FERRATERS;;;;;
2;8;9;9;LES GINESTERES;;;;;
2;8;9;10;VEINAT DE LLADO;;;;;
2;8;9;11;LA PLANA;;;;;
2;8;9;12;BARRI DEL PUIG;;;;;
2;8;9;13;VEINAT DE LA PUJADA;;;;;
2;8;9;14;CAN RAIMI;;;;;
2;8;9;15;VEINAT DE SANT JAUME DE TREIA;;;;;
2;8;9;16;CAN VILARDELL;;;;;
2;8;9;17;CAN RIBOSA;;;;;
2;8;9;18;CAN SERRA LLADO;;;;;
2;8;9;19;CAN BARRAU;;;;;
2;8;10;1;ARTES;;;;;
2;8;10;2;VISTA PIRINEU;;;;;
2;8;11;1;AVIA;;;;;
2;8;11;3;GRAUGES;;;;;
2;8;11;4;OBIOLS;;;;;
2;8;11;5;LA PLANA;;;;;
2;8;11;6;CAL ROSAL;;;;;
2;8;12;1;AVINYO;;;;;
2;8;12;2;SANT EUGENIA DE RELAT;;;;;
2;8;12;3;HORTA D'AVINYO;;;;;
2;8;12;4;URBISOL;;;;;
2;8;13;1;L'ARBOÇAR;;;;;
2;8;13;2;LES CABORIES;;;;;
2;8;13;3;CANTALLOPS;;;;;
2;8;13;4;LES GUNYOLES;;;;;
2;8;13;5;SANT SEBASTIA DELS GORGS;;;;;
2;8;13;7;CLARIANA;;;;;
2;8;13;8;COLLBLANCH;;;;;
2;8;13;9;LA GARROFA;;;;;
2;8;13;10;URBANITZACIO CAN MITJANS;;;;;
2;8;14;1;AIGUAFREDA;;;;;
2;8;15;1;BADALONA;;;;;
2;8;16;1;BAGA;;;;;
2;8;17;2;ELS HOSTALETS DE BALENYA;;;;;
2;8;17;3;BALENYA;;;;;
2;8;18;1;BALSARENY;;;;;
2;8;18;2;NOSA;;;;;
2;8;18;3;LA RABEYA;;;;;
2;8;18;4;SANT ESTEVE;;;;;
2;8;18;5;VILAFRUNS;;;;;
2;8;19;1;BARCELONA;;;;;
2;8;20;1;BEGUES;;;;;
2;8;20;2;BEGUES PARK;;;;;
2;8;20;3;MAS FERRER;;;;;
2;8;21;1;BELLPRAT;;;;;
2;8;22;1;BERGA;;;;;
2;8;22;2;COLONIA ROSAL;;;;;
2;8;22;3;SANT BARTOMEU;;;;;
2;8;23;2;VALLROJA I EL PLA;;;;;
2;8;23;3;RIELLS DEL FAI;;;;;
2;8;23;4;RIERAL DE BIGUES;;;;;
2;8;23;5;EL TURO;;;;;
2;8;23;8;CAN BARRI;;;;;
2;8;23;10;CAN FABRERA;;;;;
2;8;23;11;CAN REGASOL;;;;;
2;8;23;12;CAN TRAVER;;;;;
2;8;23;13;CAN CARRERAS;;;;;
2;8;23;14;CASTELL-MONTBUI;;;;;
2;8;23;15;DIAMANT DEL VALLES;;;;;
2;8;23;16;FONT DEL BOU;;;;;
2;8;23;17;FONT GRANADA;;;;;
2;8;23;18;ELS MANANTIALS;;;;;
2;8;23;19;LA PINEDA;;;;;
2;8;23;20;RACO DEL BOSC;;;;;
2;8;23;21;ELS SAULONS D'EN DEU;;;;;
2;8;24;1;BORREDA;;;;;
2;8;25;1;EL BRUC;;;;;
2;8;25;2;SANT PAU DE LA GUARDIA;;;;;
2;8;25;3;BRUC RESIDENCIAL;;;;;
2;8;25;4;MONTSERRAT PARK;;;;;
2;8;26;1;EL BRULL;;;;;
2;8;26;2;LA CASTANYA;;;;;
2;8;26;3;SANT JAUME DE VILADROVER;;;;;
2;8;27;1;LES CABANYES;;;;;
2;8;28;1;CAN FEIXES;;;;;
2;8;28;2;CAN FORMICA;;;;;
2;8;28;3;CAN GALLEGO;;;;;
2;8;28;4;CAN ROS;;;;;
2;8;28;5;CANALETES;;;;;
2;8;28;6;CASTELL DE CABRERA;;;;;
2;8;28;7;AGOLLADOLÇ;;;;;
2;8;28;8;CAL BOTA;;;;;
2;8;28;9;CAN FUSTE;;;;;
2;8;28;10;CAN PIQUE;;;;;
2;8;28;11;GUITXA NOVA;;;;;
2;8;28;12;GUITXA VELLA;;;;;
2;8;28;13;MAS CASTELLS;;;;;
2;8;29;1;CABRERA DE MAR;;;;;
2;8;30;1;CABRILS;;;;;
2;8;31;1;CALAF;;;;;
2;8;31;2;LA PINEDA;;;;;
2;8;32;1;CALDES D'ESTRAC;;;;;
2;8;33;1;CALDES DE MONTBUI;;;;;
2;8;33;2;ELS LLADONERS;;;;;
2;8;33;3;URBANITZACIO CAN VALLS-TORRE NEGRELL;;;;;
2;8;33;4;URBANITZACION ELS SAULONS-FINCA RIBO;;;;;
2;8;34;1;CALDERS;;;;;
2;8;34;2;URBANIZACION LA GUARDIA;;;;;
2;8;34;3;VILADECABALLS DE CALDERS;;;;;
2;8;35;1;CALELLA;;;;;
2;8;35;2;KILOMETRE 3;;;;;
2;8;35;3;SANT QUIRZE;;;;;
2;8;35;4;VALLDENGULI;;;;;
2;8;35;5;CAN CARRERES;;;;;
2;8;35;6;PARC DE CALELLA;;;;;
2;8;36;1;ALENY;;;;;
2;8;36;2;CALONGE DE SEGARRA;;;;;
2;8;36;3;DUSFORT;;;;;
2;8;36;4;MIRAMBEL;;;;;
2;8;36;5;SANT PERE DE L'ARS;;;;;
2;8;36;6;EL SOLER;;;;;
2;8;37;1;CALLDETENES;;;;;
2;8;37;2;SANT MARTI DE RIUDEPERES;;;;;
2;8;38;1;ANTIUS;;;;;
2;8;38;2;CALLUS;;;;;
2;8;38;3;CAN CAVALLER;;;;;
2;8;38;4;EL CORTES;;;;;
2;8;38;5;ELS MANXONS;;;;;
2;8;38;6;VILADELLEVA;;;;;
2;8;39;1;CAMPINS;;;;;
2;8;40;1;CANET DE MAR;;;;;
2;8;41;1;LA SERRA;;;;;
2;8;41;2;BARRIADA NOVA;;;;;
2;8;41;3;SANAHUJA;;;;;
2;8;41;4;CAN CASTELLS;;;;;
2;8;41;5;CAN QUANA;;;;;
2;8;41;6;CAN DURAN;;;;;
2;8;41;8;LES ALIGUES;;;;;
2;8;41;9;BELLULLA;;;;;
2;8;41;10;CAN DIVIU;;;;;
2;8;41;11;QUINTA AVINGUDA;;;;;
2;8;41;12;SANT FELIU;;;;;
2;8;41;13;TIBEL;;;;;
2;8;41;14;CAN COMAS;;;;;
2;8;42;1;CANOVES;;;;;
2;8;42;2;CA L'ESMANDIA;;;;;
2;8;42;3;CAN SEBASTIANET;;;;;
2;8;42;4;CAN VOLART;;;;;
2;8;42;5;MIRADOR DEL MONTSENY;;;;;
2;8;42;6;SAMALUS;;;;;
2;8;42;7;URBANIZACION CANOVES RESIDENCIAL;;;;;
2;8;42;8;LA PARELLADA;;;;;
2;8;43;1;CANYELLES;;;;;
2;8;44;1;CAPELLADES;;;;;
2;8;45;1;CAPOLAT;;;;;
2;8;45;2;LLINAS;;;;;
2;8;45;3;RUSSINYOL I CUFORB;;;;;
2;8;45;4;TREVIL;;;;;
2;8;45;5;SANT ANDREU-FARNERS;;;;;
2;8;46;1;CARDEDEU;;;;;
2;8;47;2;CARDONA;;;;;
2;8;47;3;LA COROMINA;;;;;
2;8;48;1;CARME;;;;;
2;8;48;2;LES ESPLUGES DE CARME;;;;;
2;8;48;4;LES PINEDES DE L'ERMENGOL;;;;;
2;8;49;1;AMETLLA DE CASSERRES;;;;;
2;8;49;2;CASSERRES;;;;;
2;8;49;3;GUIXARO;;;;;
2;8;50;1;CASTELLAR DEL RIU;;;;;
2;8;50;2;ESPINALBET;;;;;
2;8;50;3;LLINAS;;;;;
2;8;50;4;ELS RASOS DE PEGUERA;;;;;
2;8;51;1;AIRESOL;;;;;
2;8;51;2;LES ARENES;;;;;
2;8;51;3;PLA DE LA BRUGUERA;;;;;
2;8;51;4;CASTELLAR DEL VALLES;;;;;
2;8;51;5;CAN FONT - CA N'AVELLANEDA;;;;;
2;8;51;6;ELS FRUITERS-LA VIRREINA;;;;;
2;8;51;7;SANT FELIU DEL RACO;;;;;
2;8;51;8;EL BALCO;;;;;
2;8;52;1;CASTELLAR DE N'HUG;;;;;
2;8;53;1;CAN SERRA I PADRO;;;;;
2;8;53;2;BORRAS;;;;;
2;8;53;3;LES COMES;;;;;
2;8;53;6;BAUMA;;;;;
2;8;53;7;BURES;;;;;
2;8;53;8;SANT CRISTOFOL;;;;;
2;8;53;9;VILAR;;;;;
2;8;53;10;ELS ABADALS;;;;;
2;8;53;11;RAVAL DEL CLOT;;;;;
2;8;53;12;RAVAL DEL TEIXIDOR;;;;;
2;8;53;13;CAN PRAT;;;;;
2;8;53;14;EL FERRAN;;;;;
2;8;53;15;GALL PIGAT;;;;;
2;8;53;16;MAS ASTARROS;;;;;
2;8;53;17;MAS ENRIC;;;;;
2;8;53;18;MOLI ALZINA;;;;;
2;8;53;19;PLA DE LES BOTXES;;;;;
2;8;53;20;PLA DE LES ROQUES ;;;;;
2;8;53;21;PRAT;;;;;
2;8;53;22;RAVAL DEL JORDI;;;;;
2;8;53;23;SOLEI DE LA BARRACA;;;;;
2;8;54;1;CASTELLBISBAL;;;;;
2;8;54;2;CAN COSTA;;;;;
2;8;54;3;CAN SANTEUGINI;;;;;
2;8;54;4;CASETES DE CA N'OLIVERO;;;;;
2;8;54;5;COMTE DE SERT;;;;;
2;8;54;6;COSTABLANCA;;;;;
2;8;54;7;SANTA RITA;;;;;
2;8;54;8;SANTA TERESITA;;;;;
2;8;54;9;AREA INDUSTRIAL DEL LLOBREGAT;;;;;
2;8;54;10;POLIGON INDUSTRIAL DE CA N'ESTAPE;;;;;
2;8;54;11;POLIGON INDUSTRIAL COMTE DE SERT;;;;;
2;8;54;12;POLIGON INDUSTRIAL SANT VICENÇ;;;;;
2;8;54;13;POLIGONS INDUSTRIALS SANTA RITA-AGRIPINA;;;;;
2;8;54;14;CAN NICOLAU DE DALT;;;;;
2;8;54;15;COLONIA DEL CARME;;;;;
2;8;54;16;POLIGON INDUSTRIAL CAN CASES DEL RIU;;;;;
2;8;54;17;POLIGON INDUSTRIAL CASTELLBISBAL SUR;;;;;
2;8;54;18;POLIGONS CAN GALI-LOS HERREROS;;;;;
2;8;55;1;CASTELLCIR;;;;;
2;8;55;2;MARFA;;;;;
2;8;55;3;LA PENYORA;;;;;
2;8;55;4;EL SOLA;;;;;
2;8;56;1;CASTELLDEFELS;;;;;
2;8;57;1;CASTELL DE L'ARENY;;;;;
2;8;58;1;LES CASETES DE LA GORNAL;;;;;
2;8;58;2;CASTELLET;;;;;
2;8;58;3;CLARIANA;;;;;
2;8;58;4;LA GORNAL;;;;;
2;8;58;5;SAN MARÇAL;;;;;
2;8;58;6;LES MASUQUES;;;;;
2;8;58;7;TORRELLETES;;;;;
2;8;58;8;ROCALLISA;;;;;
2;8;58;9;LOS ROSALES;;;;;
2;8;58;10;LA CREU-ELS ANGELS;;;;;
2;8;58;11;TRENCARROQUES;;;;;
2;8;58;12;VALLDEMAR;;;;;
2;8;59;1;CASTELLFOLLIT DEL BOIX;;;;;
2;8;59;2;GREVALOSA;;;;;
2;8;59;3;MAIANS;;;;;
2;8;59;4;EL BARRI DEL CASTELL;;;;;
2;8;59;5;CANYELLES;;;;;
2;8;59;6;PERMANYER;;;;;
2;8;60;1;CASTELLFOLLIT DE RIUBREGOS;;;;;
2;8;61;1;LA FABRICA;;;;;
2;8;61;3;CAN FONT;;;;;
2;8;61;5;CASTELLGALI;;;;;
2;8;61;7;ELS TORRENTS;;;;;
2;8;61;8;BOADES;;;;;
2;8;61;9;MAS PLANOI;;;;;
2;8;61;10;URBANITZACIO MAS PLANOI IV;;;;;
2;8;61;11;URBANITZACIO TORRE DEL BRENY;;;;;
2;8;62;1;CASTELLNOU DE BAGES;;;;;
2;8;62;2;ARGENSOLA;;;;;
2;8;62;3;LA FIGUEROLA;;;;;
2;8;62;4;PINEDAS DE CASTELLNOU;;;;;
2;8;62;5;EL SERRAT DE CASTELLNOU;;;;;
2;8;63;1;CASTELLOLI;;;;;
2;8;64;1;CASTELLTERÇOL;;;;;
2;8;65;1;CAL FARINES;;;;;
2;8;65;2;CAL MARGARIT;;;;;
2;8;65;3;LES CASES NOVES DE LA RIERA;;;;;
2;8;65;4;LES CASES NOVES DE CAN MARQUES;;;;;
2;8;65;5;LES CASETES;;;;;
2;8;65;6;LES CONILLERES;;;;;
2;8;65;7;MAS DE LA PANSA;;;;;
2;8;65;9;EL MASET DELS COSINS;;;;;
2;8;65;10;LA MUNIA;;;;;
2;8;65;11;PEDRES;;;;;
2;8;65;12;RATERA;;;;;
2;8;65;13;ALBANS-CAL XERET;;;;;
2;8;65;14;EL CARRER FONDO;;;;;
2;8;65;15;EL CUSCO;;;;;
2;8;65;16;CAL MORGADES;;;;;
2;8;66;1;ELS ANGELS;;;;;
2;8;66;2;CASTELLVI DE ROSANES;;;;;
2;8;66;3;MIRALLES;;;;;
2;8;66;4;CAN SUNYER DEL PALAU;;;;;
2;8;66;5;EL TAIO;;;;;
2;8;66;6;VALL DAINA;;;;;
2;8;67;1;CENTELLES;;;;;
2;8;68;1;CERVELLO;;;;;
2;8;68;3;CAN CASTANY;;;;;
2;8;68;4;CAN GUITART VELL;;;;;
2;8;68;6;CAN PAULET;;;;;
2;8;68;8;CIUTAT DEL REMEI;;;;;
2;8;68;9;COSTA DE LA PERDIU;;;;;
2;8;68;10;SECTOR GRAB;;;;;
2;8;68;11;GRANJA GARCIA;;;;;
2;8;68;12;INTER-CLUB;;;;;
2;8;68;13;MAS DE CAN PI;;;;;
2;8;68;14;EL MIRADOR;;;;;
2;8;68;15;PUIGMONTMANY;;;;;
2;8;68;16;LES ROVIRES;;;;;
2;8;68;17;SANTA ROSA;;;;;
2;8;68;18;TORRE VILETA;;;;;
2;8;68;19;CAN ROIG;;;;;
2;8;69;2;COLLBATO;;;;;
2;8;69;3;CAN DALMASES;;;;;
2;8;69;4;FONT DEL CODOL;;;;;
2;8;69;5;LES ILLES;;;;;
2;8;69;6;LA FUMADA;;;;;
2;8;69;7;PLA DEL CASTELL;;;;;
2;8;69;9;POLIGONO INDUSTRAL;;;;;
2;8;69;10;PUJOLET;;;;;
2;8;69;11;ELS CLOTS;;;;;
2;8;69;12;PLA DE CAN MIGRAT;;;;;
2;8;70;1;LES CASETES;;;;;
2;8;70;2;COLLSUSPINA;;;;;
2;8;70;3;PICANYOL;;;;;
2;8;71;1;COPONS;;;;;
2;8;72;1;L'AMUNT;;;;;
2;8;72;2;L'AVALL;;;;;
2;8;72;5;CORBERA DE LLOBREGAT;;;;;
2;8;73;1;ALMEDA MERCADER;;;;;
2;8;73;2;FATJO;;;;;
2;8;73;3;CORNELLA DE LLOBREGAT;;;;;
2;8;73;4;FEMADES;;;;;
2;8;73;5;FONTSANTA;;;;;
2;8;74;1;CUBELLES;;;;;
2;8;74;2;LES SALINES;;;;;
2;8;75;1;DOSRIUS;;;;;
2;8;75;2;CANYAMARS;;;;;
2;8;75;5;CAN MASSUET-EL FAR;;;;;
2;8;75;8;URBANITZACIO CAN VALLS;;;;;
2;8;76;1;CAN RIAL;;;;;
2;8;76;3;COLONIA SEDO;;;;;
2;8;76;4;ESPARREGUERA;;;;;
2;8;76;5;MAS D'EN GALL;;;;;
2;8;77;1;ESPLUGUES DE LLOBREGAT;;;;;
2;8;78;1;EL CINT;;;;;
2;8;78;2;ESGLAYOLA;;;;;
2;8;78;3;L'ESPUNYOLA;;;;;
2;8;78;4;LA MARE DE DEU DEL BOSC;;;;;
2;8;78;5;SANT METGES;;;;;
2;8;78;6;TORRENTS;;;;;
2;8;79;1;L'ESTANY;;;;;
2;8;79;2;EL RAVAL DEL PRAT;;;;;
2;8;80;1;FIGOLS;;;;;
2;8;81;1;FOGARS DE MONTCLUS;;;;;
2;8;81;2;LA COSTA DEL MONTSENY;;;;;
2;8;81;3;MOSQUEROLES;;;;;
2;8;81;4;SANTA FE DEL MONTSENY;;;;;
2;8;81;5;PERTEGAS;;;;;
2;8;81;6;EL RIERAL;;;;;
2;8;82;1;FOGARS DE LA SELVA;;;;;
2;8;83;1;FOLGUEROLES;;;;;
2;8;84;1;CAMPS;;;;;
2;8;84;2;FALS;;;;;
2;8;84;3;FONOLLOSA;;;;;
2;8;84;4;CANET DE FALS;;;;;
2;8;85;1;L'ALZINAR;;;;;
2;8;85;2;LES CASES NOVES;;;;;
2;8;85;3;GRABUACH I LA FANGA;;;;;
2;8;85;4;FONT-RUBI;;;;;
2;8;85;5;GUARDIOLA;;;;;
2;8;85;6;MONTJUICH;;;;;
2;8;85;7;SANTA MARIA;;;;;
2;8;85;8;L'AVELLA;;;;;
2;8;85;9;LES CASETES D'EN RASPALL;;;;;
2;8;85;10;CAN CASTELLVI;;;;;
2;8;85;11;MAS MOIO;;;;;
2;8;85;12;MASANA;;;;;
2;8;85;13;ELS PUJOLS;;;;;
2;8;85;14;SABANELL;;;;;
2;8;85;15;SEMISON I LA FONT;;;;;
2;8;85;16;EL COLL DE LA BARRACA;;;;;
2;8;86;1;CORRO D'AMUNT;;;;;
2;8;86;2;CORRO D'AVALL;;;;;
2;8;86;3;LLERONA;;;;;
2;8;86;4;MARATA;;;;;
2;8;86;5;BELLAVISTA;;;;;
2;8;87;1;GALLIFA;;;;;
2;8;88;1;LA GARRIGA;;;;;
2;8;89;4;GAVA;;;;;
2;8;90;1;GALERA;;;;;
2;8;90;2;GAIA;;;;;
2;8;91;1;GELIDA;;;;;
2;8;91;2;BARRI EL PUIG;;;;;
2;8;91;4;BARRI LA VALENCIANA;;;;;
2;8;91;5;BARRI LES CASES NOVES;;;;;
2;8;91;6;MARTIVELL;;;;;
2;8;91;7;SANT SALVADOR DE LA CALÇADA;;;;;
2;8;91;8;SAFARI;;;;;
2;8;91;9;EL MASET;;;;;
2;8;92;1;BASSACS;;;;;
2;8;92;2;GIRONELLA;;;;;
2;8;92;3;VILADOMIU NOU;;;;;
2;8;92;4;VILADOMIU VELL;;;;;
2;8;92;5;CAL RAMONS;;;;;
2;8;93;1;GISCLARENY;;;;;
2;8;94;1;LA GRANADA;;;;;
2;8;95;1;GRANERA;;;;;
2;8;96;1;GRANOLLERS;;;;;
2;8;97;1;GUALBA;;;;;
2;8;97;2;LA BARCELONETA;;;;;
2;8;97;3;CAN PLA;;;;;
2;8;97;4;L'ESTACIO;;;;;
2;8;97;5;LA LLOBREGOSA;;;;;
2;8;97;6;ROYAL PARK;;;;;
2;8;97;7;GUALBA DE BAIX;;;;;
2;8;98;1;RAVAL DE COLL D'ARBOÇ;;;;;
2;8;98;2;RAVAL DEL PARROT;;;;;
2;8;98;3;RAVAL DEL SELLARES;;;;;
2;8;98;4;EL CALVET;;;;;
2;8;98;5;SANT SALVADOR DE GUARDIOLA;;;;;
2;8;98;6;SALELLES CASES;;;;;
2;8;98;7;DEVESA DE DALT-CAL ESTEVE;;;;;
2;8;98;8;EL GRAELL;;;;;
2;8;98;9;EL PINYOT;;;;;
2;8;98;11;SET-RENGS;;;;;
2;8;99;1;GUARDIOLA DE BERGUEDA;;;;;
2;8;99;3;EL COLLET;;;;;
2;8;100;1;GURB;;;;;
2;8;100;2;GRANOLLERS DE LA PLAN;;;;;
2;8;100;3;SANT JULIA SASSORBA;;;;;
2;8;100;4;VESPELLA;;;;;
2;8;101;1;L'HOPITALET DE LLOBREGAT;;;;;
2;8;102;1;IGUALADA;;;;;
2;8;103;1;JORBA;;;;;
2;8;103;2;SANT GENIS;;;;;
2;8;104;1;LA LLACUNA;;;;;
2;8;104;2;ROFES;;;;;
2;8;104;3;TORREBUSQUETA;;;;;
2;8;105;1;LA LLAGOSTA;;;;;
2;8;106;1;LLINARS DEL VALLES;;;;;
2;8;106;3;SAN CARLOS;;;;;
2;8;106;4;SAN JOSE;;;;;
2;8;106;5;PLA MORATO;;;;;
2;8;106;7;ALCOLL;;;;;
2;8;106;8;COLLSABADELL;;;;;
2;8;106;9;SANATA;;;;;
2;8;107;1;LLIÇA D'AMUNT;;;;;
2;8;107;2;CA L'ARTIGUES;;;;;
2;8;107;3;CA L'ESTAPE;;;;;
2;8;107;4;PINEDA DEL VALLES;;;;;
2;8;107;5;CAN FARELL;;;;;
2;8;107;6;CAN LLEDO;;;;;
2;8;107;7;CAN COSTA;;;;;
2;8;107;8;CAN ROVIRA;;;;;
2;8;107;9;CAN SALGOT;;;;;
2;8;107;10;MAS BO;;;;;
2;8;107;11;PALAUDALBA;;;;;
2;8;107;12;PINEDA FEU-EL PINAR;;;;;
2;8;107;13;VEINAT DE CAN PERET MANENT;;;;;
2;8;107;14;VEINAT DE LA SERRA-BARRI BALLESTA ;;;;;
2;8;107;15;VEINAT DE MIGDIA;;;;;
2;8;107;16;VEINAT DE PALAUDARIES;;;;;
2;8;107;17;VEINAT DE SANTA JUSTA;;;;;
2;8;107;18;VEINAT XICOTA-MARLES;;;;;
2;8;108;2;EL PLA;;;;;
2;8;108;3;LA SERRA;;;;;
2;8;108;4;LLIÇA DE VALL;;;;;
2;8;108;5;CAN PRAT;;;;;
2;8;108;6;CAN SALGOT;;;;;
2;8;108;7;CAN VILARDEBO;;;;;
2;8;108;8;CANTALLOPS;;;;;
2;8;108;9;LA CASETA;;;;;
2;8;108;10;EL MIRADOR-MAS GORDI;;;;;
2;8;108;11;LA MIRANDA DEL VALLES;;;;;
2;8;108;12;SANT MORITZ;;;;;
2;8;108;13;SANT VALERIA;;;;;
2;8;108;14;SERRA DE CA L'ESTAPE;;;;;
2;8;108;15;SOT DE LA COMA;;;;;
2;8;108;16;SOT DELS NOSTRIS;;;;;
2;8;108;17;XIOL;;;;;
2;8;109;1;LLUÇA;;;;;
2;8;109;2;SANTA EULALIA DE PUIGORIOL;;;;;
2;8;110;1;MALGRAT DE MAR;;;;;
2;8;111;1;MALLA;;;;;
2;8;112;1;MANLLEU;;;;;
2;8;113;1;CAMI DEL SUANYA;;;;;
2;8;113;2;EL COLOMER;;;;;
2;8;113;3;ELS CONDALS;;;;;
2;8;113;4;LES FERRERES;;;;;
2;8;113;5;EL GUIX;;;;;
2;8;113;6;MANRESA;;;;;
2;8;113;7;MAS D'EN PLA;;;;;
2;8;113;8;MAS D'EN ROCA;;;;;
2;8;113;9;MAS TERROS;;;;;
2;8;113;10;EL OLLER;;;;;
2;8;113;11;LA PLANA DEL PONT NOU;;;;;
2;8;113;12;EL POAL;;;;;
2;8;113;13;PONT DE VILUMARA;;;;;
2;8;113;14;SANT PAU;;;;;
2;8;113;15;SANTA CATERINA;;;;;
2;8;113;16;VILADORDIS;;;;;
2;8;113;17;EL XUP;;;;;
2;8;114;1;CAN BROS;;;;;
2;8;114;2;MARTORELL;;;;;
2;8;114;3;POU DEL MERLI;;;;;
2;8;114;4;SANT GENIS;;;;;
2;8;115;1;MARTORELLES;;;;;
2;8;116;2;LES CASES NOVES;;;;;
2;8;116;3;DISEMINADOS;;;;;
2;8;116;4;L'ESQUERDA;;;;;
2;8;116;5;FONTANELLES;;;;;
2;8;116;6;EL SERRAT DEL VICENÇ;;;;;
2;8;117;1;BURRISOLA;;;;;
2;8;117;2;CAN BONDIA;;;;;
2;8;117;3;COLONIA LACAMBRA;;;;;
2;8;117;4;CONANGLELL;;;;;
2;8;117;5;DESPUJOL;;;;;
2;8;117;6;GALLIFA;;;;;
2;8;117;7;LA GLEVA;;;;;
2;8;117;8;EL POBLE SEC;;;;;
2;8;117;9;EL POU;;;;;
2;8;117;10;QUINTANAS;;;;;
2;8;117;11;SANT MIQUEL D'ORDEIG;;;;;
2;8;117;12;VINYOLES;;;;;
2;8;118;1;EL MASNOU;;;;;
2;8;119;2;MASQUEFA;;;;;
2;8;119;3;LA BEGUDA ALTA;;;;;
2;8;119;4;CAN PARELLADA;;;;;
2;8;119;5;CAN QUISERO;;;;;
2;8;119;6;CAN VALLS;;;;;
2;8;119;7;EL MASET;;;;;
2;8;120;1;MATADEPERA;;;;;
2;8;121;1;MATARO;;;;;
2;8;122;1;CAN PAIXANO;;;;;
2;8;122;2;CAN XOMBO;;;;;
2;8;122;3;CASES NOVES DE CAN PARDO;;;;;
2;8;122;4;LA CUADRA D'AGULLADOLS;;;;;
2;8;122;5;MEDIONA;;;;;
2;8;122;6;SANT PERE SACARRERA I FONT DEL BOSCH;;;;;
2;8;122;8;SANT ELIES;;;;;
2;8;122;9;CAN VERDAGUER;;;;;
2;8;122;10;MONTERREY PARK I CAN XAMAIO;;;;;
2;8;123;1;MOLINS DE REI;;;;;
2;8;123;2;LA RIERADA;;;;;
2;8;123;3;SANT BARTOMEU;;;;;
2;8;123;4;VALLPINEDA;;;;;
2;8;124;1;MOLLET DEL VALLES;;;;;
2;8;124;2;LA CASILLA;;;;;
2;8;124;3;GALLECS;;;;;
2;8;124;4;LOURDES;;;;;
2;8;125;1;CAN SANT JOAN;;;;;
2;8;125;2;MONTCADA CENTRE;;;;;
2;8;125;3;MAS RAMPINYO;;;;;
2;8;125;4;TERRA NOSTRA;;;;;
2;8;125;5;CAN CUIAS;;;;;
2;8;126;1;MONTGAT;;;;;
2;8;127;1;MONISTROL DE MONTSERRAT;;;;;
2;8;127;2;ELS BACUS;;;;;
2;8;127;3;COLONIA GOMIS;;;;;
2;8;127;4;MONESTIR;;;;;
2;8;127;6;VILAMARIC;;;;;
2;8;128;2;MONISTROL DE CALDERS;;;;;
2;8;129;1;MUNTANYOLA;;;;;
2;8;129;2;MUNTER;;;;;
2;8;129;3;RUSTIQUES MUNTANYOLA;;;;;
2;8;130;1;MONTCLAR;;;;;
2;8;130;2;CASO;;;;;
2;8;130;3;TORREGASA;;;;;
2;8;131;1;MONTESQUIU;;;;;
2;8;131;2;LA FARGA DE BEBIE;;;;;
2;8;132;1;MONTMAJOR;;;;;
2;8;132;2;CORREA;;;;;
2;8;132;3;GARGALLA;;;;;
2;8;132;4;PUJOL DE PLANES;;;;;
2;8;132;5;SANT FELIUDE LLUELLAS;;;;;
2;8;132;6;SORBA;;;;;
2;8;133;1;LA PANADELLA;;;;;
2;8;133;2;MONTMANEU;;;;;
2;8;134;1;FIGARO-MONTMANY;;;;;
2;8;135;1;MONTMELO;;;;;
2;8;136;1;MONTORNES CENTRE;;;;;
2;8;136;2;MONTORNES NORD;;;;;
2;8;137;1;MONTSENY;;;;;
2;8;138;1;MOIA;;;;;
2;8;139;1;MURA;;;;;
2;8;140;1;NAVARCLES;;;;;
2;8;140;2;GALOBART;;;;;
2;8;140;3;EL LLAC;;;;;
2;8;140;4;LA PLANOTA;;;;;
2;8;141;1;CASTELLADRAL;;;;;
2;8;141;2;EL MOJAL;;;;;
2;8;141;3;NAVAS;;;;;
2;8;141;4;EL PALA DE TORRUELLA;;;;;
2;8;141;5;SANT CUGAT DEL RACO;;;;;
2;8;141;6;SANT SALVADOR DE TORRUELLA;;;;;
2;8;141;7;VALLDEPERAS;;;;;
2;8;141;8;EL VALLS DE TORRUELLA;;;;;
2;8;142;1;LA NOU DE BERGUEDA;;;;;
2;8;143;1;EL RAVAL D'AGUILERA;;;;;
2;8;143;2;CAN SABATE;;;;;
2;8;143;3;CAN SOLE;;;;;
2;8;143;4;LES CASETES D'EN MUSSONS;;;;;
2;8;143;5;EL ESPELT;;;;;
2;8;143;6;LA FONT D'EN MASARNAU;;;;;
2;8;143;7;ODENA;;;;;
2;8;143;8;EL PLA;;;;;
2;8;143;9;SAMUNTA;;;;;
2;8;143;10;BOSC GRAN;;;;;
2;8;144;1;OLVAN;;;;;
2;8;145;1;MOJA;;;;;
2;8;145;2;SANT MIQUEL D'OLERDOLA;;;;;
2;8;145;3;SANT PERE MOLANTA;;;;;
2;8;145;4;VILADELLOPS;;;;;
2;8;145;5;CAN TRABAL;;;;;
2;8;145;6;DALTMAR;;;;;
2;8;145;7;POLIGON INDUSTRIAL DE SANT PERE MOLANTA;;;;;
2;8;145;8;POLIGON INDUSTRIAL EL CLOT DE MOJA;;;;;
2;8;146;2;OLESA DE BONESVALLS;;;;;
2;8;146;3;CAN COSTA;;;;;
2;8;146;4;CAN MORGADES;;;;;
2;8;146;5;CAN OLIVELLA;;;;;
2;8;146;6;CAN XACO;;;;;
2;8;146;7;PLA DEL PELAC;;;;;
2;8;147;1;OLESA DE MONTSERRAT;;;;;
2;8;148;1;OLIVELLA;;;;;
2;8;148;2;OLIVELLA-URBANITZACIO;;;;;
2;8;149;1;OLOST;;;;;
2;8;149;2;SANTA CREU DE JUTGLAR;;;;;
2;8;150;1;COLONIA YMBERN;;;;;
2;8;150;2;LA MAMBLA D'ORIS;;;;;
2;8;150;3;CAN BRANQUES;;;;;
2;8;150;4;SADERRA;;;;;
2;8;150;5;PARROQUIA SANT GENIS D'ORIS;;;;;
2;8;151;2;EL RAVAL DE SANT FELIU;;;;;
2;8;151;3;ORISTA;;;;;
2;8;151;4;LA TORRE D'ORISTA;;;;;
2;8;152;1;CAN BOU;;;;;
2;8;152;2;ORPI;;;;;
2;8;152;3;LES ESCODINES;;;;;
2;8;152;4;SANTA CANDIA;;;;;
2;8;153;1;ORRIUS;;;;;
2;8;154;1;PACS DEL PENEDES;;;;;
2;8;155;1;PALAFOLLS;;;;;
2;8;155;2;SAN GINES DE PALAFOLLS;;;;;
2;8;155;3;CIUTAT JARDI;;;;;
2;8;155;4;MAS CARBO;;;;;
2;8;155;5;MAS REIXAC;;;;;
2;8;156;1;EL CARRER DE BAIX-LA PLANA DE CAN PERIQUET;;;;;
2;8;156;2;EL CARRER DE DALT-LA PINEDA-PLA DE L'ALZINA;;;;;
2;8;156;3;POLIGON INDUSTRIAL RIERA DE CALDES;;;;;
2;8;156;4;MONTJUIC;;;;;
2;8;156;5;PALAU-SOLITA I PLEGAMANS;;;;;
2;8;156;6;LA SAGRERA;;;;;
2;8;156;9;CAN RIERA;;;;;
2;8;156;10;CAN FALGUERA-ELS TURONS ;;;;;
2;8;156;11;CAN CORTES-LA PEDRA LLARGA;;;;;
2;8;156;12;CAN MAIOL;;;;;
2;8;156;13;CAN PARERA-CAN VALLS;;;;;
2;8;156;14;EL CASTELL-LA TENDA NOVA;;;;;
2;8;157;1;FONTPINEDA;;;;;
2;8;157;2;LA MAGINA;;;;;
2;8;157;3;PALLEJA;;;;;
2;8;158;1;EL PAPIOL;;;;;
2;8;159;1;CAN GOSC;;;;;
2;8;159;3;PARETS DEL VALLES;;;;;
2;8;159;4;CAN MASSOT;;;;;
2;8;159;5;CAN PEPET;;;;;
2;8;159;6;CAN RIERA;;;;;
2;8;159;7;POLIGON INDUSTRIAL CAN VOLART ;;;;;
2;8;159;8;EIXAMPLE;;;;;
2;8;159;9;L'ESCORXADOR;;;;;
2;8;159;10;POLIGON LLEVANT INDUSTRIAL;;;;;
2;8;159;11;POLIGON INDUSTRIAL SECTOR AUTOPISTA;;;;;
2;8;160;1;PERAFITA;;;;;
2;8;161;1;EL BADORC;;;;;
2;8;161;2;CAN AGUILERA;;;;;
2;8;161;3;CAN BOU;;;;;
2;8;161;4;CAN CAIROT;;;;;
2;8;161;5;CAN CANALS DE MAS BOVE;;;;;
2;8;161;6;CAN CREIXELL;;;;;
2;8;161;7;LA FORTESA;;;;;
2;8;161;8;PIERA;;;;;
2;8;161;9;SANT JAUME SES-OLIVERES;;;;;
2;8;161;10;BOSC DE L'ALIGA;;;;;
2;8;161;11;BOSCOS DE CAN MARTI;;;;;
2;8;161;12;CAN BONASTRE;;;;;
2;8;161;13;CAN CLARAMUNT;;;;;
2;8;161;14;CAN MARTI;;;;;
2;8;161;15;CAN MAS;;;;;
2;8;161;16;CAN MATA;;;;;
2;8;161;17;CASTELL DE LA VENTOSA;;;;;
2;8;161;18;LA GRUA;;;;;
2;8;161;19;SANT JORDI;;;;;
2;8;161;20;VALLBONICA;;;;;
2;8;161;21;VENTA-LA CAN MUSARRO;;;;;
2;8;162;1;CAN GRAS;;;;;
2;8;162;2;HOSTALETS DE PIEROLA;;;;;
2;8;162;3;PIEROLA;;;;;
2;8;162;4;CAN FONTIMARCH;;;;;
2;8;162;5;CAN FOSALBA;;;;;
2;8;162;6;CAN MARCET;;;;;
2;8;162;7;SERRA-ALTA;;;;;
2;8;162;8;BOSCOS DE CAN MARTI;;;;;
2;8;162;9;CAN ROVIRA DE L'ESTELA;;;;;
2;8;163;1;PINEDA DE MAR;;;;;
2;8;163;2;CAN CARRERAS;;;;;
2;8;163;3;CAN FELIU DE MEROLA;;;;;
2;8;163;4;MONTESSOL;;;;;
2;8;164;1;BONAVISTA;;;;;
2;8;164;2;CAL JANES;;;;;
2;8;164;3;EL MAS MORE;;;;;
2;8;164;4;LES PARELLADES;;;;;
2;8;164;5;EL PLA DEL PENEDES;;;;;
2;8;164;6;LES TARUMBES;;;;;
2;8;164;7;EL PUJOLET;;;;;
2;8;165;1;LA POBLA DE CLARAMUNT;;;;;
2;8;165;2;BARRI DE L'ESTACIO;;;;;
2;8;165;3;LES GARRIGUES;;;;;
2;8;165;4;MASETS;;;;;
2;8;165;5;LA RATA;;;;;
2;8;165;6;EL XARO;;;;;
2;8;165;7;ELS PLANS D'ARAU;;;;;
2;8;166;1;LA POBLA DE LILLET;;;;;
2;8;167;1;POLINYA;;;;;
2;8;167;2;SERRA MAURINA;;;;;
2;8;168;1;CAMP D'ASES;;;;;
2;8;168;2;CAN PONS I SUBAL;;;;;
2;8;168;3;CA'L SOLE DE ROSET;;;;;
2;8;168;4;PONTONS;;;;;
2;8;168;5;SAPERA-MAS DE LA RIERA;;;;;
2;8;168;7;BARRI RECTORIA;;;;;
2;8;168;8;URBANITZACIO CAN SENDRO ;;;;;
2;8;168;9;URBANITZACIO DE LES FONTS DE SANT BERNAT;;;;;
2;8;168;10;URBANITZACIO LA PONDEROSA;;;;;
2;8;168;11;URBANITZACIO LA RIMBALDA;;;;;
2;8;168;12;CA'L PONTONET;;;;;
2;8;169;1;EL PRAT DE LLOBREGAT;;;;;
2;8;170;1;ELS PRATS DE REI ;;;;;
2;8;170;2;LA MANRESANA;;;;;
2;8;170;3;SEGUERS;;;;;
2;8;170;4;SOLANELLES;;;;;
2;8;171;1;PRATS DE LLUÇANES;;;;;
2;8;172;1;PREMIA DE MAR;;;;;
2;8;174;1;PUIGDALBER;;;;;
2;8;174;2;BELLAVISTA;;;;;
2;8;174;3;EL GORNER;;;;;
2;8;175;1;LA AMETLLA DE MEROLA;;;;;
2;8;175;2;CAL RIERA;;;;;
2;8;175;3;CAL MARÇAL;;;;;
2;8;175;4;COLONIA PONS;;;;;
2;8;175;5;COLONIA VIDAL;;;;;
2;8;175;6;COLONIA VILADOMIU;;;;;
2;8;175;7;PUIG-REIG;;;;;
2;8;176;1;CONILL;;;;;
2;8;176;2;L'ASTOR;;;;;
2;8;176;3;PUJALT;;;;;
2;8;176;4;LA GUARDIA;;;;;
2;8;176;5;VILAMAJOR;;;;;
2;8;177;1;LA QUAR;;;;;
2;8;178;1;LAS CASETAS;;;;;
2;8;178;2;LA ESTACION;;;;;
2;8;178;3;MONISTROLET;;;;;
2;8;178;4;RAJADELL;;;;;
2;8;178;5;CAN SERVITGE;;;;;
2;8;179;1;LES CODINES;;;;;
2;8;179;2;RELLINARS;;;;;
2;8;180;1;RIPOLLET;;;;;
2;8;181;1;LA ROCA DEL VALLES;;;;;
2;8;181;2;SANTA AGNES DE MALANYANES;;;;;
2;8;181;3;LA TORRETA;;;;;
2;8;182;1;EL PONT DE VILOMARA I ROCAFORT;;;;;
2;8;182;2;ROCAFORT;;;;;
2;8;183;1;RODA DE TER;;;;;
2;8;183;2;LA CREU DE CODINES;;;;;
2;8;183;3;EL PELICS;;;;;
2;8;184;1;RUBI;;;;;
2;8;185;1;LA PLA DE RUBIO;;;;;
2;8;185;2;RUBIO;;;;;
2;8;185;3;SAN MARTI DE MASSANA;;;;;
2;8;187;1;BERARD;;;;;
2;8;187;2;LA SALUT;;;;;
2;8;187;3;SABADELL;;;;;
2;8;187;4;SANT NICOLAU;;;;;
2;8;187;5;TOGORES;;;;;
2;8;188;1;LA GUARDIA;;;;;
2;8;188;2;SAGAS;;;;;
2;8;189;1;BOIXADORS;;;;;
2;8;189;2;LA LLAVINERA;;;;;
2;8;189;3;SANT PERE SALLAVINERA;;;;;
2;8;189;4;LA FORTESA;;;;;
2;8;189;5;LA QUEROSA;;;;;
2;8;190;1;SALDES;;;;;
2;8;191;1;LA BOTJOSA;;;;;
2;8;191;2;CABRIANES;;;;;
2;8;191;3;CORNET;;;;;
2;8;191;4;SALLENT;;;;;
2;8;191;5;SALLES DE LA SERRA;;;;;
2;8;191;6;SANT MARTI I FUSSIMANYA;;;;;
2;8;191;7;SANT PONÇ;;;;;
2;8;191;8;SERRAIMA;;;;;
2;8;191;9;SERRASANÇ;;;;;
2;8;192;1;SANTPEDOR;;;;;
2;8;192;2;EL MIRADOR DE MONTSERRAT;;;;;
2;8;192;3;EL SERRAT DE CASTELLNOU;;;;;
2;8;193;1;SANT ISCLE DE VALLALTA;;;;;
2;8;193;2;CAN GINEBRA;;;;;
2;8;193;3;FONT MONTNEGRE;;;;;
2;8;194;1;SANT ADRIA DE BESOS;;;;;
2;8;195;2;SANT AGUSTI DE LLUÇANES;;;;;
2;8;196;1;COLONIA DEL PALAU;;;;;
2;8;196;2;EL PALAU;;;;;
2;8;196;3;SANT ANDREU DE LA BARCA;;;;;
2;8;197;1;SANT ANDREU DE LLAVANERES;;;;;
2;8;198;1;ALFOU;;;;;
2;8;198;2;CAN MIRET;;;;;
2;8;198;4;CAN VILA;;;;;
2;8;198;5;EL PLA;;;;;
2;8;198;6;LES PUNGOLES;;;;;
2;8;198;7;SANT ANTONI DE VILAMAJOR;;;;;
2;8;198;8;SANT JULIA D'ALFOU;;;;;
2;8;198;10;FREIXENEDA;;;;;
2;8;198;11;VALLS;;;;;
2;8;198;12;VALLSERENA;;;;;
2;8;198;13;EL MOLI;;;;;
2;8;199;1;SANT BARTOMEUDEL GRAU;;;;;
2;8;200;1;SANT BOI DE LLOBREGAT;;;;;
2;8;201;1;GALLIFA;;;;;
2;8;201;2;SANT BOI DE LLUÇANES;;;;;
2;8;201;3;VILADECANS;;;;;
2;8;201;4;VILARRASA;;;;;
2;8;202;1;LA BATLLORIA;;;;;
2;8;202;2;FUIROSOS;;;;;
2;8;202;3;MONTNEGRE;;;;;
2;8;202;4;OLZINELLES;;;;;
2;8;202;5;PARTEGAS;;;;;
2;8;202;6;SANT CELONI;;;;;
2;8;202;7;VILARDELL;;;;;
2;8;203;1;SANT CEBRIA DE VALLALTA;;;;;
2;8;203;2;CAN PALAU;;;;;
2;8;203;3;CASTELLA D'INDIES;;;;;
2;8;203;4;SOT D'EL BOTER;;;;;
2;8;203;5;VISTAMAR;;;;;
2;8;203;6;CAN DOMENEC;;;;;
2;8;203;7;CAN BARTOMET;;;;;
2;8;204;1;SANT CLIMENT DE LLOBREGAT;;;;;
2;8;205;1;LA FLORESTA;;;;;
2;8;205;2;MIRA-SOL;;;;;
2;8;205;3;SANT CUGAT DEL VALLES;;;;;
2;8;205;4;VALLDOREIX;;;;;
2;8;205;5;LES PLANES;;;;;
2;8;206;1;SANT CUGAT SESGARRIGUES;;;;;
2;8;207;1;SANT ESTEVE DE PALAUTORDERA;;;;;
2;8;207;2;SANTA MARGARIDA;;;;;
2;8;208;1;LA BEGUDA ALTA;;;;;
2;8;208;2;CAN BARGALLO;;;;;
2;8;208;3;CAN MARGARIT;;;;;
2;8;208;4;CAN PRATS;;;;;
2;8;208;5;SANT ESTEVE SESROVIRES;;;;;
2;8;208;6;CA N'AMAT;;;;;
2;8;208;7;VALLSERRAT;;;;;
2;8;208;8;POU MERLI;;;;;
2;8;209;1;COLONIA BOSC DE MONTEALEGRE LA CONRERIA;;;;;
2;8;209;2;SANT FOST DE CAMPSENTELLES;;;;;
2;8;209;3;MAS CORTS;;;;;
2;8;209;4;MAS LLOMBART;;;;;
2;8;210;1;SANT FELIU DE CODINES;;;;;
2;8;211;1;SANT FELIU DE LLOBREGAT;;;;;
2;8;212;1;SANT FELIU SASSERRA;;;;;
2;8;213;1;LA ROSALEDA DE BAGES;;;;;
2;8;213;2;TORROELLA DE BAIX;;;;;
2;8;213;3;SANT FRUITOS DE BAGES;;;;;
2;8;213;4;LES BRUCARDES;;;;;
2;8;213;5;PINEDA BAGES;;;;;
2;8;213;6;EL PONT DE CABRIANES;;;;;
2;8;213;7;SANT BENET DE BAGES;;;;;
2;8;213;8;SANT ISCLE DE BAGES;;;;;
2;8;214;1;VILASSAR DE DALT;;;;;
2;8;215;1;SANT HIPOLIT DE VOLTREGA;;;;;
2;8;216;1;SANT JAUME DE FRONTANYA;;;;;
2;8;217;1;SANT JOAN DESPI;;;;;
2;8;218;1;JONCADELLA;;;;;
2;8;218;2;SANT MARTI DE TORRUELLA;;;;;
2;8;218;3;SANT JOAN DE VILATORRADA;;;;;
2;8;219;1;VILASSAR DE MAR;;;;;
2;8;220;1;SANT JULIA DE VILATORTA;;;;;
2;8;220;3;VILALLEONS;;;;;
2;8;221;1;SANT JUST DESVERN;;;;;
2;8;222;1;LA BEGUDA ALTA;;;;;
2;8;222;2;LA BEGUDA BAIXA;;;;;
2;8;222;3;SANT LLORENÇ D'HORTONS;;;;;
2;8;222;4;SANT JOAN SAMORA;;;;;
2;8;222;5;EL TORRENTFONDO;;;;;
2;8;222;6;CAN BARGALLO;;;;;
2;8;222;7;EL GRANDET;;;;;
2;8;222;8;URBANITZACIO VINYA DEL POLLASTRE;;;;;
2;8;223;1;SANT LLORENÇ SAVALL;;;;;
2;8;224;1;L'ABELLA;;;;;
2;8;224;2;SANT MARTI DE CENTELLES;;;;;
2;8;224;3;SANT MIQUEL SESPERXES;;;;;
2;8;224;4;VALLDENEU;;;;;
2;8;225;1;SANT MARTI D'ALBARS;;;;;
2;8;226;1;SANT MARTI DE TOUS;;;;;
2;8;226;2;AUBAREDA-MASSIP;;;;;
2;8;226;3;EUCARIA;;;;;
2;8;226;4;FLIX;;;;;
2;8;226;5;CAN MENSA;;;;;
2;8;226;6;LA PINEDA;;;;;
2;8;226;7;EL REC;;;;;
2;8;226;8;SENTFORES;;;;;
2;8;226;9;FILLOL;;;;;
2;8;227;1;LA BLEDA;;;;;
2;8;227;2;MIRET CAL;;;;;
2;8;227;3;SISPLAU CAL;;;;;
2;8;227;4;CRUSET CAN-CANTARELLAS;;;;;
2;8;227;5;ELS HOSTALETS-CAN LLEO;;;;;
2;8;227;6;ROVIRA ROJA;;;;;
2;8;227;7;SANT MARTI SARROCA;;;;;
2;8;227;8;BRUGUERAS-CAN SOGAS;;;;;
2;8;227;9;LAS CABRUNAS;;;;;
2;8;227;10;LA FASSINA;;;;;
2;8;227;11;EL GARROFER-CAN RIGOL;;;;;
2;8;227;12;LA ROCA;;;;;
2;8;227;13;ROMANI;;;;;
2;8;227;14;SERRA DE BAIX;;;;;
2;8;227;15;SERRA DE DALT;;;;;
2;8;227;16;LA TORRE;;;;;
2;8;228;1;SANT MARTI SESGUEIOLES;;;;;
2;8;229;1;CASTELLTALLAT;;;;;
2;8;229;2;COANER;;;;;
2;8;229;3;SALO;;;;;
2;8;229;4;SANT MATEU DE BAGES;;;;;
2;8;229;5;VALLS DE TORRUELLA;;;;;
2;8;230;2;NUCLI ANTIC;;;;;
2;8;230;4;SANTA ANNA-TIO;;;;;
2;8;230;6;BUVISA;;;;;
2;8;230;8;BARRI DEL REMEI-CASTELL;;;;;
2;8;230;10;LA CISA;;;;;
2;8;230;12;DISSEMINATS MAR;;;;;
2;8;230;13;DISSEMINATS MUNTANYA;;;;;
2;8;230;14;FELIU VILA;;;;;
2;8;230;16;LA FLORESTA;;;;;
2;8;230;18;PUIG DE PEDRA-SOT DEL PI;;;;;
2;8;230;23;DISSEMINATS MAR PONENT;;;;;
2;8;231;1;CAN MACIA;;;;;
2;8;231;2;PUIGMOLTO;;;;;
2;8;231;3;ROCAMAR;;;;;
2;8;231;4;LES ROQUETES;;;;;
2;8;231;5;SANT PERE DE RIBES;;;;;
2;8;231;6;LES TORRES;;;;;
2;8;231;7;CAN LLOSES;;;;;
2;8;231;8;VALLPINEDA;;;;;
2;8;231;9;ELS CARDS;;;;;
2;8;231;10;MAS D'EN SERRA;;;;;
2;8;231;11;VILANOVETA;;;;;
2;8;231;12;CAN PERE DE LA PLANA;;;;;
2;8;231;13;ELS COLLS;;;;;
2;8;231;14;ELS GARROFERS;;;;;
2;8;231;15;MAS ALBA;;;;;
2;8;231;16;MAS PARES DE D'ALT;;;;;
2;8;231;17;TORRE VEGUER;;;;;
2;8;231;18;ELS VINYALS;;;;;
2;8;232;1;SANT PERE DE RIUDEBITLLES;;;;;
2;8;233;1;SANT PERE DE TORELLO;;;;;
2;8;233;2;SANT ANDREU DE LA VOLA;;;;;
2;8;234;1;BOSCASSOS Y VALLSERENA;;;;;
2;8;234;2;EL BRUGUE;;;;;
2;8;234;3;BRUGUERES;;;;;
2;8;234;4;CANYES;;;;;
2;8;234;5;EL PLA;;;;;
2;8;234;6;SANT PERE DE VILAMAJOR;;;;;
2;8;234;7;SANTA SUSANA;;;;;
2;8;234;8;SOT DE L'OM;;;;;
2;8;235;1;SANT POL DE MAR;;;;;
2;8;235;2;CAN BALMANYA;;;;;
2;8;235;3;CAN ROCA;;;;;
2;8;235;4;CAN VILLA;;;;;
2;8;235;5;EL FARELL;;;;;
2;8;235;6;MORE;;;;;
2;8;235;7;ROQUES BLANQUES;;;;;
2;8;235;8;URBANIZACION MARINA;;;;;
2;8;235;9;URBAPOL;;;;;
2;8;235;11;SOT DE GOLINONS;;;;;
2;8;235;12;BELLAVISTA-BELLAGUARDA;;;;;
2;8;235;13;JARDINS DE SANT POL;;;;;
2;8;235;14;POLIGONO INDUSTRIAL;;;;;
2;8;235;15;URBANITZACIO EL CASSARELL;;;;;
2;8;236;1;SANT QUINTI DE MEDIONA;;;;;
2;8;237;1;SANT QUIRZE DE BESORA;;;;;
2;8;238;1;LES FONTS;;;;;
2;8;238;2;POBLE SEC;;;;;
2;8;238;3;LOS ROSALES;;;;;
2;8;238;4;SANT QUIRZE DEL VALLES;;;;;
2;8;238;5;COLONIA CASTELLTORT;;;;;
2;8;238;6;CAN CASABLANCAS;;;;;
2;8;238;8;CAN PALLAS-LLOBATERAS;;;;;
2;8;238;10;EL CASTELLET;;;;;
2;8;238;11;MAS DURAN;;;;;
2;8;238;13;SANT QUIRZE JARDI;;;;;
2;8;238;15;VALL SUAU-CAN FELIU;;;;;
2;8;238;16;VALLES PARC;;;;;
2;8;239;1;SANT QUIRZE SAFAJA;;;;;
2;8;240;1;CAN BENET DE LA PRUA;;;;;
2;8;240;2;CAN CATASUS;;;;;
2;8;240;3;ESPIELLS;;;;;
2;8;240;4;MONISTROL D'ANOIA;;;;;
2;8;240;5;SANT SADURNI D'ANOIA;;;;;
2;8;241;1;SANT SADURNI D'OSSORMORT;;;;;
2;8;242;1;LA COLONIA PUIG ;;;;;
2;8;242;2;EL CASOT;;;;;
2;8;242;3;LLANO DEL ROLDOS;;;;;
2;8;242;4;MARGANELL;;;;;
2;8;242;5;SANTA CECILIA;;;;;
2;8;243;1;SANTA CECILIA DE VOLTREGA;;;;;
2;8;244;1;COLONIA GUELL;;;;;
2;8;244;2;SANTA COLOMA DE CERVELLO;;;;;
2;8;245;1;SANTA COLOMA DE GRAMENET;;;;;
2;8;246;1;SANTA EUGENIA DE BERGA;;;;;
2;8;246;3;RAVAL DE TARADELL;;;;;
2;8;247;1;SANTA EULALIA DE RIUPRIMER;;;;;
2;8;248;1;EL BONAIRE;;;;;
2;8;248;2;EL RIERAL;;;;;
2;8;248;3;LA SAGRERA;;;;;
2;8;248;4;SANT CRISTOFOL;;;;;
2;8;248;5;LA SERRA;;;;;
2;8;248;6;EL SERRAT;;;;;
2;8;248;7;LA VALL;;;;;
2;8;249;1;SANTA FE DEL PENEDES;;;;;
2;8;250;1;SANTA MARGARIDA DE MONTBUI;;;;;
2;8;250;3;LA MALLOLA;;;;;
2;8;250;4;LA CENSADA;;;;;
2;8;250;5;LA TOSSA;;;;;
2;8;250;6;EL COLL DE GUIX;;;;;
2;8;250;7;EL SAIO;;;;;
2;8;251;2;CAL RUBIO;;;;;
2;8;251;6;ELS MONJOS;;;;;
2;8;251;9;LA RAPITA;;;;;
2;8;252;2;BARBERA DEL VALLES;;;;;
2;8;252;3;LA ROMANICA;;;;;
2;8;253;1;SANTA MARIA DE BESORA;;;;;
2;8;254;1;CANTONIGROS;;;;;
2;8;254;2;SANT MARTI SESCORTS;;;;;
2;8;254;3;SANTA MARIA DE CORCO;;;;;
2;8;254;4;SANT JULIA DE CABRERA;;;;;
2;8;255;1;LA MOLINA;;;;;
2;8;255;2;SANT MARTI DE MERLES;;;;;
2;8;255;3;SANT MIQUEL DE TERRADELLAS;;;;;
2;8;255;4;SANT PAU DE PINOS;;;;;
2;8;255;5;SANTA MARIA DE MERLES;;;;;
2;8;256;1;SANTA MARIA DE MARTORELLES;;;;;
2;8;257;1;SANTA MARIA DE MIRALLES;;;;;
2;8;258;1;EL RAVAL DE LA ROVIROLA;;;;;
2;8;258;2;EL RAVAL DE SANTA EULALIA;;;;;
2;8;258;3;LA FRAU;;;;;
2;8;258;4;EL PLA DE GRASSETES;;;;;
2;8;258;5;SANT VICENÇ DE VILARESAU;;;;;
2;8;258;6;SANT FELIUET DE TERRASSOLA;;;;;
2;8;258;7;SANT JOAN D'OLO;;;;;
2;8;258;8;SANTA MARIA D'OLO;;;;;
2;8;259;1;LES BARQUERES;;;;;
2;8;259;2;PLA DEL REMEI;;;;;
2;8;259;3;PLA DEL TEMPLE;;;;;
2;8;259;4;SANATA;;;;;
2;8;259;5;SANTA MARIA DE PALAUTORDERA;;;;;
2;8;260;1;LA FLORIDA;;;;;
2;8;260;2;MOGODA;;;;;
2;8;260;3;SANTA PERPETUA DE MOGODA;;;;;
2;8;260;4;SANTIGA;;;;;
2;8;261;1;CASC URBA-SANTA SUSANNA;;;;;
2;8;261;2;CAN TORRENT-ALTA MARESMA-CAN GELAT;;;;;
2;8;261;5;LA VALL;;;;;
2;8;261;6;ZONA HOTELERA;;;;;
2;8;261;7;LA MUNTANYA;;;;;
2;8;261;8;EL PLA;;;;;
2;8;261;9;URBANITZACIO CAN RATES;;;;;
2;8;262;1;BOADAS;;;;;
2;8;262;2;CLOT DEL TUFAU;;;;;
2;8;262;3;SANT VICENÇ DE CASTELLET;;;;;
2;8;262;4;VALLHONESTA;;;;;
2;8;262;5;LA BALCONADA;;;;;
2;8;262;6;CAN XESC;;;;;
2;8;263;1;SANT VICENÇ DELS HORTS;;;;;
2;8;264;1;SANT VICENÇ DE MONTALT;;;;;
2;8;264;2;BAIX POBLE;;;;;
2;8;264;3;EL BALIS APARTAMENTS;;;;;
2;8;264;8;PASSEIG DEL MARQUES CASA RIERA;;;;;
2;8;264;15;RIERA DE TORRENTBO;;;;;
2;8;264;20;LES ANIMES;;;;;
2;8;264;21;LA PLANA;;;;;
2;8;264;22;SUPERMARESME-LA FARRERA;;;;;
2;8;265;1;BORGONYA;;;;;
2;8;265;2;SANT VICENÇ DE TORELLO;;;;;
2;8;265;3;VILA-SECA;;;;;
2;8;266;1;CERDANYOLA DEL VALLES;;;;;
2;8;267;1;SENTMENAT;;;;;
2;8;267;5;CAN CANYAMERES I PEDRASANTA;;;;;
2;8;267;9;CAN COSTA-CAN FARGUES;;;;;
2;8;267;30;CAN VINYALS;;;;;
2;8;268;2;LA RODONELLA;;;;;
2;8;268;3;SANT CORNELI;;;;;
2;8;268;4;SANT JORDI;;;;;
2;8;268;5;CERCS;;;;;
2;8;268;6;SANT JOSEP;;;;;
2;8;269;1;SEVA;;;;;
2;8;269;2;SANT MIQUEL DE BALENYA;;;;;
2;8;270;1;LES BOTIGUES;;;;;
2;8;270;2;GARRAF;;;;;
2;8;270;3;SITGES;;;;;
2;8;270;4;VALLCARCA;;;;;
2;8;271;1;SANTA LLUCIA;;;;;
2;8;271;2;SOBREMUNT;;;;;
2;8;271;3;SORREITS;;;;;
2;8;272;1;SORA;;;;;
2;8;272;2;CUSSONS;;;;;
2;8;272;3;EL SERRADET;;;;;
2;8;273;1;CA L'AVI;;;;;
2;8;273;2;CAN BAS;;;;;
2;8;273;3;CAN BATISTA;;;;;
2;8;273;4;CAN CARTRO;;;;;
2;8;273;5;CAN ROSSELL;;;;;
2;8;273;6;CANTALLOPS;;;;;
2;8;273;7;ELS CASOTS;;;;;
2;8;273;8;LAVERN;;;;;
2;8;273;9;ORDAL;;;;;
2;8;273;10;EL PAGO;;;;;
2;8;273;11;SANT JOAN;;;;;
2;8;273;12;SANT PAU D'ORDAL;;;;;
2;8;273;13;URBANITZACIO CAN ROSSELL;;;;;
2;8;273;14;URBANITZACIO CASABLANCA;;;;;
2;8;273;15;URBANITZACIO MUNTANYA RODONA;;;;;
2;8;274;1;SURIA;;;;;
2;8;274;2;EL FUSTERET;;;;;
2;8;275;1;TAVERNOLES;;;;;
2;8;276;1;AVENCO;;;;;
2;8;276;3;SANTA EUGENIA;;;;;
2;8;276;4;TAGAMANENT;;;;;
2;8;276;5;LA PEDRALBA;;;;;
2;8;277;1;TALAMANCA;;;;;
2;8;278;3;EL GURRI;;;;;
2;8;278;4;SANT QUIRZE;;;;;
2;8;278;5;TARADELL;;;;;
2;8;279;2;LES FONTS;;;;;
2;8;279;4;TERRASSA;;;;;
2;8;279;5;TORREBONICA;;;;;
2;8;279;6;CAN GONTERES;;;;;
2;8;279;7;CAN PALET DE VISTA ALEGRE;;;;;
2;8;280;1;SANT BARTOMEU SESGORGUES;;;;;
2;8;280;2;TAVERTET;;;;;
2;8;281;1;TEIA CENTRE;;;;;
2;8;281;2;VALLVALLIDA;;;;;
2;8;281;3;LA MUNTANYA;;;;;
2;8;281;4;LES VALLS;;;;;
2;8;281;7;SANT BERGER;;;;;
2;8;281;8;VICTOR FONT GUAL;;;;;
2;8;281;9;BUVISA;;;;;
2;8;281;10;LA MOLASSA;;;;;
2;8;282;1;TIANA;;;;;
2;8;282;2;LA VIRREINA;;;;;
2;8;283;1;TONA;;;;;
2;8;284;1;TORDERA;;;;;
2;8;285;2;TORELLO;;;;;
2;8;286;1;LA TORRE BAIXA;;;;;
2;8;286;2;LA TORRE ALTA;;;;;
2;8;286;3;VILANOVA D'ESPOIA;;;;;
2;8;286;4;CA L'ANTON;;;;;
2;8;286;5;PINEDAS ARMENGOL;;;;;
2;8;286;6;XARO;;;;;
2;8;286;7;PLA DE LA TORRE;;;;;
2;8;286;8;LA SERRA;;;;;
2;8;286;9;CAMARO;;;;;
2;8;287;1;CAN NADAL DE LA BOGADELLA;;;;;
2;8;287;2;CAN RESPALL DELS HORTS;;;;;
2;8;287;3;CAN ROSELL;;;;;
2;8;287;4;CARRER DEL BESSO;;;;;
2;8;287;5;CARRER DEL BOSC;;;;;
2;8;287;6;LAVIT;;;;;
2;8;287;7;LA PINEDA;;;;;
2;8;287;8;LA RIERA;;;;;
2;8;287;9;SANT MARTI DE SADEVESA;;;;;
2;8;287;10;TERRASSOLA;;;;;
2;8;288;1;LA BERNA;;;;;
2;8;288;2;CAN CORAL;;;;;
2;8;288;3;LES LLAMBARDES;;;;;
2;8;288;4;MAS BELTRAN;;;;;
2;8;288;6;TORRELLES DE FOIX;;;;;
2;8;288;7;PLANA DE LES TORRES;;;;;
2;8;288;8;CUSCONAR;;;;;
2;8;288;9;CAL VIA;;;;;
2;8;288;10;CAN CRUSET;;;;;
2;8;288;11;EL PANY;;;;;
2;8;289;1;TORRELLES DE LLOBREGAT;;;;;
2;8;290;1;ULLASTRELL;;;;;
2;8;290;2;CAN AMAT;;;;;
2;8;290;3;CAN CABASSA;;;;;
2;8;290;4;URBANITZACIO CAN PALET;;;;;
2;8;291;1;VACARISSES;;;;;
2;8;291;2;CAN SERRA;;;;;
2;8;291;3;ELS CAUS;;;;;
2;8;291;4;LA COMA;;;;;
2;8;291;7;EL VENTAYOL;;;;;
2;8;291;8;BONAVISTA;;;;;
2;8;291;9;COLONIA GALL;;;;;
2;8;291;10;EIXAMPLE;;;;;
2;8;291;12;POU GRAN;;;;;
2;8;291;13;LA CREU;;;;;
2;8;291;14;LA FARINERA;;;;;
2;8;291;15;EL FRESNO;;;;;
2;8;291;16;CA L'OLIVA;;;;;
2;8;291;17;EL PALA;;;;;
2;8;291;18;POLIGON INDUSTRIAL CAN TORRELLA;;;;;
2;8;291;19;TORREBLANCA I;;;;;
2;8;291;20;TORREBLANCA II;;;;;
2;8;292;1;VALLBONA D'ANOIA;;;;;
2;8;293;1;SANT JULIA DE FREIXENS;;;;;
2;8;293;2;VALLCEBRE;;;;;
2;8;294;1;VALLGORGUINA;;;;;
2;8;294;2;BARONIA-CAN BOSCH;;;;;
2;8;294;3;CANADA PARK;;;;;
2;8;294;4;COLLSACREU;;;;;
2;8;294;5;CAN PUIGDEMIR;;;;;
2;8;295;2;LES CASETES;;;;;
2;8;295;3;EL LLEDONER;;;;;
2;8;295;4;LA LLIBRA CASANOVES;;;;;
2;8;295;5;MAS DE LES FONTS;;;;;
2;8;295;6;POLIGON INDUSTRIAL;;;;;
2;8;295;8;SELVA NEGRA CATALANA;;;;;
2;8;295;9;CAN BATLLE;;;;;
2;8;295;10;CAN JULIA;;;;;
2;8;295;11;CAN ROVIRA;;;;;
2;8;295;12;CENTRE;;;;;
2;8;295;13;INTER CLUB;;;;;
2;8;295;14;MAS ROVIRA PRIMER SECTOR;;;;;
2;8;295;15;EL MIRADOR;;;;;
2;8;295;16;ELS PINARS;;;;;
2;8;295;17;PLA DEL PELAC;;;;;
2;8;295;18;LA SOLANA;;;;;
2;8;295;20;VALL DEL SOL;;;;;
2;8;295;21;VALLIRANA PARC;;;;;
2;8;295;22;LES BASSIOLES;;;;;
2;8;295;23;PENYA FORCADA;;;;;
2;8;295;24;PINATELLA;;;;;
2;8;295;25;SOLEIA DOS;;;;;
2;8;295;26;SOLEIA U;;;;;
2;8;296;1;VALLROMANES;;;;;
2;8;297;1;MONTFALCO;;;;;
2;8;297;2;SAN PEDRO VIM;;;;;
2;8;297;3;SANTA MARIA CAMI;;;;;
2;8;297;4;SEGUR;;;;;
2;8;297;5;VECIANA;;;;;
2;8;298;1;VIC;;;;;
2;8;299;1;VILADA;;;;;
2;8;300;1;VILADECAVALLS;;;;;
2;8;300;2;CAN CORBERA;;;;;
2;8;300;3;CAN MIR;;;;;
2;8;300;4;CAN TRIAS;;;;;
2;8;300;5;CAN TRIAS INDUSTRIAL;;;;;
2;8;300;6;CAN TURU;;;;;
2;8;300;7;EL MOLINOT;;;;;
2;8;300;8;LA PLANASSA;;;;;
2;8;300;9;SANT MIQUEL DE GUANTERES;;;;;
2;8;300;10;LA TENDERA;;;;;
2;8;301;1;VILADECANS;;;;;
2;8;302;1;VILANOVA DEL CAMI;;;;;
2;8;303;1;SANT ANDREU DE BANCELLS;;;;;
2;8;303;2;SANT PERE DE CASTANYADELL;;;;;
2;8;303;3;SANT ROMA DE SAU;;;;;
2;8;303;4;VILANOVA DE SAU;;;;;
2;8;304;1;BELLVER;;;;;
2;8;304;2;VILOBI DEL PENEDES;;;;;
2;8;304;3;LES GUIXERES;;;;;
2;8;305;1;EL BORDALLET;;;;;
2;8;305;2;EL MOLI D'EN ROVIRA;;;;;
2;8;305;3;EL PERE PAU;;;;;
2;8;305;4;LES SALINES;;;;;
2;8;305;5;VILAFRANCA DEL PENEDES;;;;;
2;8;306;1;VILALBA SASSERRA;;;;;
2;8;307;1;VILANOVA I LA GELTRU;;;;;
2;8;308;1;SANT JOAN DE MONTDARN;;;;;
2;8;308;2;SERRATEIX;;;;;
2;8;308;3;VIVER;;;;;
2;8;901;1;PRUIT;;;;;
2;8;901;2;RUPIT;;;;;
2;8;902;1;VILANOVA DEL VALLES;;;;;
2;8;902;2;BARRI PINXO;;;;;
2;8;902;3;BARRI SANT LLEIR;;;;;
2;8;902;4;CAN BOSC;;;;;
2;8;902;5;LES ROQUETES 1;;;;;
2;8;902;6;LES ROQUETES 2;;;;;
2;8;902;7;VALLDERIOLF;;;;;
2;8;902;8;BARRI RODES;;;;;
2;8;902;9;BOSC RUSCALLEDA;;;;;
2;8;902;10;CA L'ALEGRE;;;;;
2;8;902;11;CAN CEBRIA;;;;;
2;8;902;12;CAN JORNET;;;;;
2;8;902;13;CAN NADAL;;;;;
2;8;902;14;CAN RABASSA;;;;;
2;8;902;15;POLIGON VALLESA;;;;;
2;8;902;16;EL XARGALL;;;;;
2;8;903;1;SANT JULIA DE CERDANYOLA;;;;;
2;8;904;1;BADIA DEL VALLES;;;;;
2;8;905;1;CAN IGLESIES;;;;;
2;8;905;2;CAN MASCARO;;;;;
2;8;905;3;CAN VIDAL;;;;;
2;8;905;4;PALMA DE CERVELLO;;;;;
2;8;999;0;NO DETERMINADA;;;;;
2;17;1;1;AGULLANA;;;;;
2;17;1;2;L'ESTRADA;;;;;
2;17;2;1;AIGUAVIVA;;;;;
2;17;2;2;GUELL;;;;;
2;17;2;3;MASROCS;;;;;
2;17;2;4;MIGDIA;;;;;
2;17;2;5;PUIGTORRAT;;;;;
2;17;2;6;RAJOLERIES;;;;;
2;17;2;7;CAN JORDI;;;;;
2;17;2;8;MAS ALIU;;;;;
2;17;3;1;ALBANYA;;;;;
2;17;3;2;CARBONILLS;;;;;
2;17;3;3;MOLI DE BAIX;;;;;
2;17;3;4;MOLI DE DALT;;;;;
2;17;3;5;BASSEGODA;;;;;
2;17;3;6;CURSUVELL;;;;;
2;17;3;7;LLIURONA;;;;;
2;17;3;8;PINCARO;;;;;
2;17;3;9;RIBELLES;;;;;
2;17;3;10;SOUS;;;;;
2;17;4;1;ALBONS;;;;;
2;17;5;1;EL FAR D'EMPORADA;;;;;
2;17;5;2;L'OLIVA;;;;;
2;17;6;1;ALP;;;;;
2;17;6;2;MASELLA;;;;;
2;17;6;3;LA MOLINA;;;;;
2;17;7;1;AMER;;;;;
2;17;7;3;COSTA DE SANTA BRIGIDA;;;;;
2;17;7;4;LLORET SALVATGE;;;;;
2;17;7;5;PALOU;;;;;
2;17;7;6;SANT CLIMENT D'AMER;;;;;
2;17;7;7;SANT GENIS;;;;;
2;17;7;9;VEINAT DEL COLOMER;;;;;
2;17;7;10;VEINAT DE LA JONQUERA;;;;;
2;17;7;11;VEINAT DEL MONT;;;;;
2;17;7;12;GRUP SOLIVENT;;;;;
2;17;8;1;ANGLES;;;;;
2;17;8;2;CUC;;;;;
2;17;8;3;LA FARGA;;;;;
2;17;8;4;MINES DEL SANT PARE;;;;;
2;17;8;5;PLA D'AMONT;;;;;
2;17;8;6;PLA D'AVALL;;;;;
2;17;9;1;ARBUCIES;;;;;
2;17;9;2;CERDANS;;;;;
2;17;9;3;LA JANETA;;;;;
2;17;9;4;JOANET;;;;;
2;17;9;5;LLIORS;;;;;
2;17;9;6;EL RIERAL;;;;;
2;17;9;7;EL VIDAL;;;;;
2;17;10;1;ARGELAGUER;;;;;
2;17;10;2;EL GUILAR;;;;;
2;17;10;3;HOSTALNOU DE LLIERCA;;;;;
2;17;10;4;SANT SEBASTIA;;;;;
2;17;10;5;SANTA MAGDALENA;;;;;
2;17;10;6;TAPIOLES;;;;;
2;17;11;1;L'ARMENTERA;;;;;
2;17;12;1;AVINYONET DE PUIGVENTOS;;;;;
2;17;12;2;TRES CASES;;;;;
2;17;13;1;BEGUR;;;;;
2;17;13;2;ESCLANYA;;;;;
2;17;13;4;AIGUABLAVA;;;;;
2;17;13;5;AIGUAFREDA;;;;;
2;17;13;6;FORNELLS;;;;;
2;17;13;7;SA RIERA;;;;;
2;17;13;8;SA TUNA;;;;;
2;17;13;9;EL RACO;;;;;
2;17;14;1;LA VAJOL;;;;;
2;17;15;1;BANYOLES;;;;;
2;17;15;3;LIO;;;;;
2;17;15;4;MAS USALL;;;;;
2;17;15;6;ELS PINS;;;;;
2;17;15;9;PUIGPALTER DE BAIX;;;;;
2;17;15;10;MAS RIERA;;;;;
2;17;15;11;PUIGPALTER DE DALT;;;;;
2;17;16;1;BASCARA;;;;;
2;17;16;2;CALABUIG;;;;;
2;17;16;3;ORRIOLS;;;;;
2;17;16;4;LES ROQUES;;;;;
2;17;18;1;BELLCAIRE D'EMPORDA;;;;;
2;17;19;1;BESALU;;;;;
2;17;20;1;BESCANO;;;;;
2;17;20;2;ESTANYOL;;;;;
2;17;20;3;MONTFULLA;;;;;
2;17;20;4;VILANNA;;;;;
2;17;21;1;BEUDA;;;;;
2;17;21;2;LLIGORDA;;;;;
2;17;21;3;PALERA;;;;;
2;17;21;4;SEGUERO;;;;;
2;17;22;1;LA BISBAL D'EMPORDA;;;;;
2;17;22;2;CASTELL D'EMPORDA;;;;;
2;17;22;3;SANT POL;;;;;
2;17;23;1;BLANES;;;;;
2;17;24;1;RAVAL DEL CASTELL;;;;;
2;17;24;2;BOLVIR;;;;;
2;17;24;3;TALLTORTA;;;;;
2;17;24;4;ZONA RESIDENCIAL DEL GOLF;;;;;
2;17;24;5;EL REMEI;;;;;
2;17;25;1;BORDILS;;;;;
2;17;26;1;BORRASSA;;;;;
2;17;26;2;CREIXELL;;;;;
2;17;26;3;VILAMORELL;;;;;
2;17;27;2;BREDA;;;;;
2;17;27;8;PAGES DE BAIX;;;;;
2;17;27;9;PAGES DE DALT;;;;;
2;17;28;1;BRUNYOLA;;;;;
2;17;28;2;SANT MARTI SAPRESA;;;;;
2;17;29;1;BOADELLA D'EMPORDA;;;;;
2;17;29;2;LES ESCAULES;;;;;
2;17;30;1;AIGUETA;;;;;
2;17;30;5;FORN D'EN GESTI;;;;;
2;17;30;8;MASIES DE DALT;;;;;
2;17;30;9;EL PLA;;;;;
2;17;31;1;CABANELLES;;;;;
2;17;31;2;QUEIXAS;;;;;
2;17;31;3;ESPINAVESSA;;;;;
2;17;31;4;L'ESTELA;;;;;
2;17;31;5;SANT MARTI SESSERRES;;;;;
2;17;31;6;VILADEMIRES;;;;;
2;17;32;1;CADAQUES;;;;;
2;17;33;1;CALDES DE MALAVELLA;;;;;
2;17;33;2;VEINAT DE FRANCIAC;;;;;
2;17;33;3;VEINAT DE SANTA SECLINA;;;;;
2;17;33;4;URBANITZACIO AIGUES BONES;;;;;
2;17;33;6;URBANITZACIO CAN SOLA GROS I;;;;;
2;17;33;7;URBANITZACIO CAN SOLA GROSS II;;;;;
2;17;33;8;URBANITZACIO LLAC DEL CIGNE;;;;;
2;17;33;10;URBANITZACIO TURIST CLUB;;;;;
2;17;33;11;VEINAT D'ISRAEL;;;;;
2;17;33;12;VEINAT DE BAIX;;;;;
2;17;33;13;VEINAT DE DALT;;;;;
2;17;33;14;VEINAT DE LES MATEUES;;;;;
2;17;33;15;URBANITZACIO CAN CARBONELL;;;;;
2;17;33;16;URBANITZACIO MALAVELLA PARK;;;;;
2;17;34;1;CABANYES;;;;;
2;17;34;2;CALONGE;;;;;
2;17;34;3;SANT ANTONI DE CALONGE;;;;;
2;17;34;4;SANT DANIEL;;;;;
2;17;34;5;TREUMAL;;;;;
2;17;35;1;SANT VICENÇ DE CAMOS;;;;;
2;17;35;2;SANTA MARIA DE CAMOS;;;;;
2;17;36;1;CAMPDEVANOL;;;;;
2;17;36;2;LA CREU;;;;;
2;17;36;3;L'HERAND;;;;;
2;17;36;4;SAN CRISTOFOL;;;;;
2;17;36;5;SANT LLORENÇ;;;;;
2;17;36;6;SANT MARTI D'ARMANCIES;;;;;
2;17;36;7;SANT PERE D'AUIRE;;;;;
2;17;36;8;SANT QUINTI PIGRODON;;;;;
2;17;37;1;BAELL;;;;;
2;17;37;2;CAMPELLES;;;;;
2;17;38;1;CAMPLLONG;;;;;
2;17;38;2;VEINAT DE CAN BOSC;;;;;
2;17;38;3;VEINAT DE CAN CANYET;;;;;
2;17;38;4;VEINAT DE CAN DIONIS;;;;;
2;17;38;5;VEINAT DE CAN FALGUERAS;;;;;
2;17;38;7;VEINAT DE LA BRUGUERA;;;;;
2;17;38;8;VEINAT DE LES FERRERIES;;;;;
2;17;39;1;BOLOS;;;;;
2;17;39;2;CAVALLERA;;;;;
2;17;39;3;CAMPRODOM;;;;;
2;17;39;4;COLONIA ESTABANELL;;;;;
2;17;39;5;CREIXENTURRI;;;;;
2;17;39;6;FREIXENET;;;;;
2;17;39;7;BEGET;;;;;
2;17;39;8;BESTRACA;;;;;
2;17;39;9;EL RIBERAL;;;;;
2;17;39;10;ROCABRUNA;;;;;
2;17;39;11;SALARÇA;;;;;
2;17;40;1;ADRI;;;;;
2;17;40;2;BIERT;;;;;
2;17;40;3;CANET;;;;;
2;17;40;4;MONTCAL;;;;;
2;17;40;5;ROCACORBA;;;;;
2;17;40;6;MONTBO;;;;;
2;17;41;1;CANTALLOPS;;;;;
2;17;42;1;VEINAT DE BUSCAROS;;;;;
2;17;42;2;CAPMANY;;;;;
2;17;42;3;NOSTRA SENYORA DE LA MERCE;;;;;
2;17;42;4;LA VALL;;;;;
2;17;42;5;LA BARNEDA;;;;;
2;17;43;1;QUERALBS;;;;;
2;17;43;2;LA FARGA;;;;;
2;17;43;3;FUSTANYA;;;;;
2;17;43;4;NURIA;;;;;
2;17;43;5;RIALB;;;;;
2;17;43;6;SERRAT;;;;;
2;17;43;7;VILAMANYA;;;;;
2;17;44;1;CASA DE LA SELVA;;;;;
2;17;44;2;VEINAT DE VERNEDA;;;;;
2;17;44;3;VEINAT D'ESCLET;;;;;
2;17;44;4;VEINAT DE LES SERRES;;;;;
2;17;44;6;VEINAT DE MATAMALA;;;;;
2;17;44;7;VEINAT DE MONT-ROIG;;;;;
2;17;44;8;VEINAT DE MOSQUEROLES;;;;;
2;17;44;9;VEINAT DE SANGOSTA;;;;;
2;17;44;10;VEINAT DE SERINYA;;;;;
2;17;44;11;VEINAT DE LLEBRERS DE BAIX;;;;;
2;17;44;12;VEINAT DE LLEBRERS DE DALT;;;;;
2;17;46;1;CASTELLFOLLIT DE LA ROCA;;;;;
2;17;47;1;EMPURIABRAVA;;;;;
2;17;47;2;CASTELLO D'EMPURIES;;;;;
2;17;48;2;CASTELL D'ARO;;;;;
2;17;48;6;PLATJA D'ARO;;;;;
2;17;48;29;S'AGARO;;;;;
2;17;49;1;CELRA;;;;;
2;17;49;2;CONGOST;;;;;
2;17;49;3;MAS BLANC;;;;;
2;17;49;4;MAS CASTELL;;;;;
2;17;49;5;MAS PADRO;;;;;
2;17;49;6;MAS SERRA;;;;;
2;17;49;7;MAS VALLS;;;;;
2;17;49;8;MAS VERAY;;;;;
2;17;49;9;PALAGRET;;;;;
2;17;49;12;CAL TINENT;;;;;
2;17;49;15;BALMES;;;;;
2;17;49;16;INDUSTRIA;;;;;
2;17;50;1;CERVIA DE TER;;;;;
2;17;50;2;RASET;;;;;
2;17;51;1;CISTELLA;;;;;
2;17;51;2;MARE DE DEU DE VIDA;;;;;
2;17;51;3;RIBERA DE LES PLANES;;;;;
2;17;51;4;SANT BALDIRI;;;;;
2;17;51;5;VILARIG;;;;;
2;17;52;2;SIURANA;;;;;
2;17;54;1;COLERA;;;;;
2;17;54;3;MOLINAS;;;;;
2;17;55;1;COLOMERS;;;;;
2;17;56;1;BORGONYA;;;;;
2;17;56;2;CORNELLA DEL TERRI;;;;;
2;17;56;3;CORTS;;;;;
2;17;56;5;PUJALS DELS PAGESOS;;;;;
2;17;56;6;PUJALS DELS CAVALLERS;;;;;
2;17;56;7;RAVOS DEL TERRI;;;;;
2;17;56;8;SANT ANDREU DEL TERRI;;;;;
2;17;56;9;SANTA LLOGAIA DEL TERRI;;;;;
2;17;56;10;SORDS;;;;;
2;17;56;11;PONT-XETMAR;;;;;
2;17;57;1;CASSA DE PELRAS;;;;;
2;17;57;2;COR?A;;;;;
2;17;57;8;CASAVELLS;;;;;
2;17;57;10;MATAJUDAICA;;;;;
2;17;58;1;CRESPIA;;;;;
2;17;58;2;LLAVANERA;;;;;
2;17;58;3;PEDRINYA;;;;;
2;17;58;4;POMPIA;;;;;
2;17;58;5;PORTELL;;;;;
2;17;60;1;ARNERA;;;;;
2;17;60;2;BARRI DEL PANTA;;;;;
2;17;60;3;DARNIUS;;;;;
2;17;60;4;RICARDELL;;;;;
2;17;60;5;VEINAT DE MONT-ROIG;;;;;
2;17;60;6;VEINAT D'AMUNT;;;;;
2;17;61;1;DAS;;;;;
2;17;61;2;MOSOLL;;;;;
2;17;61;3;SANAVASTRE;;;;;
2;17;61;4;TARTERA;;;;;
2;17;61;5;URBANITZACIO TARTERA;;;;;
2;17;62;1;EMPURIES;;;;;
2;17;62;2;CINC CLAUS;;;;;
2;17;62;3;LES CORTS;;;;;
2;17;62;4;L'ESCALA ;;;;;
2;17;63;1;ESPINELVES;;;;;
2;17;64;1;ESPOLLA;;;;;
2;17;65;1;LES ANGLADES;;;;;
2;17;65;2;BATLLORI;;;;;
2;17;65;3;BORRELL;;;;;
2;17;65;4;BRUNSO;;;;;
2;17;65;5;LES CASELLES;;;;;
2;17;65;6;ESPONELLA;;;;;
2;17;65;7;MARTIS;;;;;
2;17;65;8;CENTENYS;;;;;
2;17;65;9;VILERT;;;;;
2;17;66;1;FIGUERES;;;;;
2;17;66;2;PALOL;;;;;
2;17;66;3;VILATENIM;;;;;
2;17;67;3;FLAÇA;;;;;
2;17;68;2;LA SALA;;;;;
2;17;68;3;SANT LLORENÇ DE LES ARENES;;;;;
2;17;68;4;CUELLS;;;;;
2;17;68;5;MASOS;;;;;
2;17;68;6;VILA;;;;;
2;17;69;1;QUEIXANS;;;;;
2;17;69;2;ESCADARCS;;;;;
2;17;69;4;ESTOLL;;;;;
2;17;69;6;LES PERERES;;;;;
2;17;69;7;SORIGUEROLA;;;;;
2;17;69;8;URTX;;;;;
2;17;69;9;EL VILAR;;;;;
2;17;70;1;FONTANILLES;;;;;
2;17;70;2;LLABIA;;;;;
2;17;71;1;LA FARRES;;;;;
2;17;71;2;FIGUEROLES;;;;;
2;17;71;3;FONTCOBERTA;;;;;
2;17;71;6;VILAVENUT;;;;;
2;17;71;7;VEINAT DE MELIANTA;;;;;
2;17;73;1;FORNELLS DE LA SELVA;;;;;
2;17;73;2;LA BARCELONETA;;;;;
2;17;73;3;LA SELVA;;;;;
2;17;73;4;EL MAS CASES;;;;;
2;17;73;5;EL MAS SERRA;;;;;
2;17;73;6;FORNELLS-PARK;;;;;
2;17;74;1;FORTIA;;;;;
2;17;75;1;ARENYS D'EMPORDA;;;;;
2;17;75;2;ERMEDAS;;;;;
2;17;75;5;GARRIGAS;;;;;
2;17;75;6;TONYA;;;;;
2;17;75;7;VILAJOAN;;;;;
2;17;76;1;GARRIGOLES;;;;;
2;17;76;2;LES OLIVES;;;;;
2;17;77;1;GARRIGUELLA;;;;;
2;17;78;1;GREIXER;;;;;
2;17;78;2;GER;;;;;
2;17;78;3;MOLI DE GER;;;;;
2;17;78;5;SAGA;;;;;
2;17;78;6;DEVESA DE SAGA;;;;;
2;17;78;7;LA PLETA DE SAGA ;;;;;
2;17;78;8;PLETA DE BOLVIR-GER;;;;;
2;17;79;1;CAMPDORA;;;;;
2;17;79;2;LA CREU DE PALAU ;;;;;
2;17;79;3;DOMENY;;;;;
2;17;79;5;GIRONA;;;;;
2;17;79;6;MONTJUIC;;;;;
2;17;79;8;PONT MAJOR;;;;;
2;17;79;10;SANT DANIEL;;;;;
2;17;79;12;SANT PON?;;;;;
2;17;79;17;VILA-ROJA;;;;;
2;17;79;18;CAPUTXINS;;;;;
2;17;79;19;LA CREUETA ;;;;;
2;17;79;20;FONT DE LA POLVORA;;;;;
2;17;79;21;HORTES;;;;;
2;17;79;22;MONTILIVI;;;;;
2;17;79;23;TAIALA-GERMANS SABAT;;;;;
2;17;80;1;ARANYONET;;;;;
2;17;80;2;EL CORTAL ;;;;;
2;17;80;3;GOMBREN;;;;;
2;17;80;4;MONTGRONY;;;;;
2;17;81;1;GUALTA;;;;;
2;17;82;1;GUILS DE CERDANYA;;;;;
2;17;82;2;SANT MARTI D'ARAVO;;;;;
2;17;82;3;SANT MARTI DE CERDANYA;;;;;
2;17;82;4;SANEJA;;;;;
2;17;83;1;HOSTALRIC;;;;;
2;17;84;1;ALL;;;;;
2;17;84;2;ISOVOL;;;;;
2;17;84;3;OLOPTE;;;;;
2;17;85;2;JAFRE;;;;;
2;17;86;1;CANADAL;;;;;
2;17;86;2;LA JONQUERA ;;;;;
2;17;86;3;ELS LIMITS;;;;;
2;17;86;4;REQUESENS;;;;;
2;17;86;5;SANT JULIA;;;;;
2;17;87;1;LA COSTA;;;;;
2;17;87;2;JUIA;;;;;
2;17;87;3;MAS SEGUER;;;;;
2;17;87;4;VEINAT DE MAS NADAL;;;;;
2;17;88;1;LLADO;;;;;
2;17;88;2;LLAVANERA;;;;;
2;17;88;3;MANOL;;;;;
2;17;88;4;PUJOL;;;;;
2;17;89;1;LA CANYERA;;;;;
2;17;89;2;LLAGOSTERA;;;;;
2;17;89;3;LLAGOSTERA RESIDENCIAL;;;;;
2;17;89;4;LA MATA;;;;;
2;17;89;5;MONT-REI;;;;;
2;17;89;6;VEINAT DE BRUGUERA;;;;;
2;17;89;7;VEINAT DE CANTALLOPS;;;;;
2;17;89;8;VEINAT DE CREU DE SERRA;;;;;
2;17;89;9;VEINAT DE GANIX;;;;;
2;17;89;10;VEINAT DE GAIA;;;;;
2;17;89;11;VEINAT DE LLOBATERA;;;;;
2;17;89;12;VEINAT DE MATA;;;;;
2;17;89;13;VEINAT DE PANEDES;;;;;
2;17;89;14;VEINAT DE POCAFARINA;;;;;
2;17;89;15;VEINAT DE SANT LLOREN?;;;;;
2;17;89;16;FONTBONA;;;;;
2;17;89;17;SELVA BRAVA;;;;;
2;17;89;18;MAS GOTARRA;;;;;
2;17;90;1;VEINAT D'EROLS;;;;;
2;17;90;3;VEINAT DE LA CARRETERA;;;;;
2;17;90;4;LLAMBILLES;;;;;
2;17;90;5;SANT CRISTOFOL;;;;;
2;17;90;6;VEINAT DE L'ESTACIO;;;;;
2;17;90;7;POLIGON INDUSTRIAL LES CONQUES;;;;;
2;17;90;8;URBANITZACIO CAL REI DEL CORB;;;;;
2;17;90;9;VEINAT CARRETERA DE FORNELLS;;;;;
2;17;90;10;VEINAT PLA DEL BUGANTO;;;;;
2;17;91;1;ESPINALVA;;;;;
2;17;91;2;FAITUS;;;;;
2;17;91;3;EL LLANARES ;;;;;
2;17;91;4;LLANARS;;;;;
2;17;91;5;RIBERAL;;;;;
2;17;91;6;LES PLANES DE LLANARS;;;;;
2;17;92;2;LA VALLETA ;;;;;
2;17;92;7;EL PORT ;;;;;
2;17;92;9;LA VILA;;;;;
2;17;93;1;ELS HOSTALETS;;;;;
2;17;93;2;LLERS;;;;;
2;17;93;3;POBLENOU;;;;;
2;17;93;4;LA VALL ;;;;;
2;17;94;1;CEREJA;;;;;
2;17;94;2;GORGUJA;;;;;
2;17;94;3;LLIVIA;;;;;
2;17;95;1;LES ALEGRIES;;;;;
2;17;95;2;CANYELLES;;;;;
2;17;95;4;L'HOSTALET ;;;;;
2;17;95;5;LLORET DE MAR;;;;;
2;17;95;6;PAPALUS;;;;;
2;17;95;7;ROSSELL;;;;;
2;17;95;8;SANT PERE DEL BOSC;;;;;
2;17;95;9;SANTA CRISTINA;;;;;
2;17;96;1;LA FARGA DE BEBIE;;;;;
2;17;96;2;LES LLOSSES ;;;;;
2;17;96;3;SANT ESTEVE DE VALLESPIRANS;;;;;
2;17;96;4;SANT MARTI DE VINYOLES;;;;;
2;17;96;5;SANT SADURNI DE SOVELLES;;;;;
2;17;96;6;SANTA MARIA DE MATAMALA;;;;;
2;17;96;7;VILADONJA;;;;;
2;17;96;8;PALMEROLA;;;;;
2;17;97;1;BEVIA;;;;;
2;17;97;2;MADREMANYA;;;;;
2;17;97;5;MILLARS;;;;;
2;17;97;6;VILERS;;;;;
2;17;98;1;BRUGUERS;;;;;
2;17;98;2;LES CARRERES ;;;;;
2;17;98;3;DOSQUERS;;;;;
2;17;98;4;JONQUERES;;;;;
2;17;98;5;LLORENÇ;;;;;
2;17;98;6;MAIA DE MONTCAL;;;;;
2;17;98;7;EL PLA DE BAIX;;;;;
2;17;98;8;LA RIERA ;;;;;
2;17;98;9;USALL;;;;;
2;17;98;10;VILA-RODONA;;;;;
2;17;99;2;GIRUL;;;;;
2;17;99;3;MERANGES;;;;;
2;17;100;1;MASARAC;;;;;
2;17;100;2;PRIORAT;;;;;
2;17;100;3;VILARNADAL;;;;;
2;17;101;1;MASSANES;;;;;
2;17;101;2;CAMBREROL;;;;;
2;17;101;3;COLLFORMIC;;;;;
2;17;101;4;MARQUES;;;;;
2;17;101;5;RIERAL;;;;;
2;17;101;8;POLIGON INDUSTRIAL;;;;;
2;17;101;9;TIACAMPS;;;;;
2;17;102;1;ARNERA;;;;;
2;17;102;4;LES CREUS;;;;;
2;17;102;7;MAÇANET DE CABRENYS;;;;;
2;17;102;8;LES MINES ;;;;;
2;17;102;9;OLIVEDA;;;;;
2;17;102;11;LES SALINES ;;;;;
2;17;102;12;TAPIS;;;;;
2;17;102;13;ELS VILARS ;;;;;
2;17;103;1;COMAJULIANA;;;;;
2;17;103;2;ESTANY;;;;;
2;17;103;3;MARATA;;;;;
2;17;103;4;MARTORELL;;;;;
2;17;103;5;MAS ALTABA;;;;;
2;17;103;6;MAÇANET DE LA SELVA;;;;;
2;17;103;7;MAÇANET RESIDENCIAL PARK;;;;;
2;17;103;8;MIQUEL FERRER;;;;;
2;17;103;9;EL MOLI;;;;;
2;17;103;10;ELS PANTANS DE MONTBARBAT;;;;;
2;17;103;11;PIBITLLER;;;;;
2;17;103;12;PUIG-MARI;;;;;
2;17;103;13;PUJOL;;;;;
2;17;103;14;SOLIVA;;;;;
2;17;103;15;POLIGON INDUSTRIAL PUIGTIO;;;;;
2;17;103;16;ZONA COMERCIAL CAN ROURA;;;;;
2;17;105;1;BURGUEROLES;;;;;
2;17;105;2;MIERES;;;;;
2;17;105;3;RUITLLES;;;;;
2;17;105;4;SAMUNTA DE DALT;;;;;
2;17;105;5;SAMUNTA DE BAIX;;;;;
2;17;106;1;CASALOCA;;;;;
2;17;106;2;BARRI COSTAS;;;;;
2;17;106;3;MOLLET DE PERALADA;;;;;
2;17;107;1;CAN SOLA;;;;;
2;17;107;2;ESPINAVELL;;;;;
2;17;107;3;FAVARS;;;;;
2;17;107;4;FABERT;;;;;
2;17;107;5;GINESTOSA;;;;;
2;17;107;6;GRAELLS;;;;;
2;17;107;7;MOLLO;;;;;
2;17;107;8;MOIXONS;;;;;
2;17;107;9;RIBERAL;;;;;
2;17;109;1;MONTAGUT;;;;;
2;17;109;2;OIX;;;;;
2;17;109;3;BARRI DELS ANGLES;;;;;
2;17;109;4;BARRI DE CARRERA;;;;;
2;17;109;5;BARRI DEL COS;;;;;
2;17;109;6;BARRI DE FLUVIA;;;;;
2;17;109;7;BARRI DE LLIERCA;;;;;
2;17;109;8;BARRI DE MONARS;;;;;
2;17;109;9;BARRI DE SANT EUDALD;;;;;
2;17;109;10;BARRI DE SANT MIQUEL DE PERA;;;;;
2;17;109;11;BARRI DE SANTA BARBARA;;;;;
2;17;109;12;BARRI DE TALAIXA;;;;;
2;17;109;13;BARRI DE TORALLES;;;;;
2;17;109;14;BARRI DE VILARS;;;;;
2;17;110;1;CANYELLES;;;;;
2;17;110;6;MOLINES;;;;;
2;17;110;7;MONT-RAS;;;;;
2;17;110;9;ROQUETA;;;;;
2;17;110;12;TORRE-SIMONA;;;;;
2;17;111;1;CANELLES;;;;;
2;17;111;2;NAVATA;;;;;
2;17;111;4;TORREMIRONA;;;;;
2;17;112;1;OGASSA;;;;;
2;17;112;2;SANT JULIA DE SALTOR;;;;;
2;17;112;3;SANT MARTI D'OGASSA;;;;;
2;17;112;4;SANT MARTI DE SURROCA;;;;;
2;17;112;5;CA L'ENRIC;;;;;
2;17;112;6;DE LES COSTES ;;;;;
2;17;112;7;PRAT DEL PINTER;;;;;
2;17;112;8;EL TALLER ;;;;;
2;17;114;3;OLOT;;;;;
2;17;114;5;SANT CRISTOFOL LES FONTS;;;;;
2;17;114;6;BATET;;;;;
2;17;115;1;ORDIS;;;;;
2;17;115;2;POLS;;;;;
2;17;116;3;LES MINES D'OSOR;;;;;
2;17;116;4;OSOR;;;;;
2;17;116;7;SANT MIQUEL DE TER;;;;;
2;17;116;8;SANTA CREU D'HORTA;;;;;
2;17;117;1;BRUGUEROL;;;;;
2;17;117;2;CALELLA;;;;;
2;17;117;3;ERMEDAS;;;;;
2;17;117;4;LLAFRANC;;;;;
2;17;117;5;LLOFRIU;;;;;
2;17;117;6;PALAFRUGELL;;;;;
2;17;117;7;SANTA MARGARIDA;;;;;
2;17;117;8;TAMARIU;;;;;
2;17;117;9;VILA-SECA;;;;;
2;17;118;1;CALA MARGARIDA;;;;;
2;17;118;2;EL FIGUERAR ;;;;;
2;17;118;3;LA FOSCA;;;;;
2;17;118;4;PALAMOS;;;;;
2;17;118;5;S'ALGUER ;;;;;
2;17;118;6;SANT JOAN DE PALAMOS;;;;;
2;17;118;7;VILARROMA;;;;;
2;17;119;3;PALAU DE SANTA EULALIA;;;;;
2;17;119;4;SANTA EULALIA;;;;;
2;17;120;1;PALAU-SAVERDERA;;;;;
2;17;120;3;BELLAVISTA;;;;;
2;17;120;4;MAS BOHERA;;;;;
2;17;120;5;MAS ISAC;;;;;
2;17;121;1;FONTCLARA;;;;;
2;17;121;2;PALAU-SATOR;;;;;
2;17;121;3;SANT FELIU DE BOADA;;;;;
2;17;121;4;SANT JULIA DE BOADA;;;;;
2;17;123;1;SANT MARTI DE LA MOTA;;;;;
2;17;123;2;PALOL DE REVARDIT;;;;;
2;17;123;3;RIUDELLOTS DE LA CREU;;;;;
2;17;124;1;ARENALS DE MAR;;;;;
2;17;124;2;RESIDENCIAL MASOS;;;;;
2;17;124;3;MAS TOMASI;;;;;
2;17;124;4;ELS MASOS DE PALS;;;;;
2;17;124;5;PALS;;;;;
2;17;124;6;PALSMAR;;;;;
2;17;124;7;PINEDA PALS;;;;;
2;17;124;8;PUIGVERMELL;;;;;
2;17;124;9;SA PUNTA ;;;;;
2;17;124;10;PUIG SA GUILLA;;;;;
2;17;125;1;LLAVANERA;;;;;
2;17;125;2;ORRI;;;;;
2;17;125;3;PARDINES;;;;;
2;17;125;4;PUIGSAC;;;;;
2;17;125;5;PUJALT;;;;;
2;17;125;6;VILARO;;;;;
2;17;126;2;FONOLLERES;;;;;
2;17;126;4;PARLAVA;;;;;
2;17;128;1;PAU;;;;;
2;17;128;2;VILAUT;;;;;
2;17;128;3;ELS OLIVARS;;;;;
2;17;129;1;MARZA;;;;;
2;17;129;2;PEDRET;;;;;
2;17;130;1;PEDRINYA;;;;;
2;17;130;2;LA PERA;;;;;
2;17;130;3;PUBOL;;;;;
2;17;130;4;RIURAS;;;;;
2;17;132;1;PERALADA;;;;;
2;17;132;2;VILANOVA DE LA MUGA;;;;;
2;17;132;3;CLUB DE GOLF PERALADA;;;;;
2;17;133;1;LS ENCIES;;;;;
2;17;133;2;COGOLLS;;;;;
2;17;133;3;DUSOL;;;;;
2;17;133;4;LA FARGA;;;;;
2;17;133;5;PAULI;;;;;
2;17;133;6;LA COSTA;;;;;
2;17;133;8;LES PLANES D'HOSTOLES ;;;;;
2;17;133;9;POCAFARINA;;;;;
2;17;134;1;ASPRE;;;;;
2;17;134;2;LES CASETES ;;;;;
2;17;134;3;FOSSES;;;;;
2;17;134;4;CROELLS-SERRAT;;;;;
2;17;134;5;EL MOLI;;;;;
2;17;134;6;PLANES;;;;;
2;17;134;7;PLANOLES;;;;;
2;17;134;8;EL PUIG;;;;;
2;17;135;1;PONT DE MOLINS;;;;;
2;17;136;1;PONTOS;;;;;
2;17;136;2;ROMANYA D'EMPORDA;;;;;
2;17;137;1;MATA;;;;;
2;17;137;2;MIANEGUES;;;;;
2;17;137;3;PORQUERES;;;;;
2;17;137;4;PUJARNOL;;;;;
2;17;137;5;USALL;;;;;
2;17;137;6;LES PEDRERES;;;;;
2;17;138;1;PORTBOU;;;;;
2;17;138;2;LA RIERA;;;;;
2;17;139;1;BELLAIRE;;;;;
2;17;139;2;LA BOADA;;;;;
2;17;139;3;BOSC DE TOSCA;;;;;
2;17;139;4;PLADEVALL;;;;;
2;17;139;5;POCAFARINA;;;;;
2;17;139;6;LES PRESES;;;;;
2;17;139;7;SANT MIQUEL DEL CORB;;;;;
2;17;140;1;EROLA;;;;;
2;17;140;2;BARLOVENT;;;;;
2;17;140;3;BELESER;;;;;
2;17;140;4;CAP DE VOL;;;;;
2;17;140;5;CAP DE VOL-FARO;;;;;
2;17;140;6;FIGUERASSES;;;;;
2;17;140;7;MIRADOR;;;;;
2;17;140;8;LA MORA;;;;;
2;17;140;9;PANORAMAR;;;;;
2;17;140;10;PERABEUA;;;;;
2;17;140;11;PORT DE LA VALL;;;;;
2;17;140;12;EL PORT DE LA SELVA;;;;;
2;17;140;13;REC DE CANET;;;;;
2;17;140;14;SANTA ISABEL;;;;;
2;17;140;15;SARNELLA;;;;;
2;17;140;16;TAMARIUA;;;;;
2;17;140;17;LA VALL DE SANTA CREU;;;;;
2;17;140;18;LA VISTA;;;;;
2;17;141;1;GUINGUETA;;;;;
2;17;141;2;PUIGCERDA;;;;;
2;17;141;3;RIGOLISA;;;;;
2;17;141;4;SANT MARC;;;;;
2;17;141;5;SANT MARTI;;;;;
2;17;141;6;URBANITZACIO DEULOFEU;;;;;
2;17;141;7;VENTAJOLA;;;;;
2;17;141;8;AGE;;;;;
2;17;141;9;VILALLOBENT;;;;;
2;17;142;2;CASTELLAR DE LA SELVA;;;;;
2;17;142;3;LA CREUETA ;;;;;
2;17;142;4;MONTNEGRE;;;;;
2;17;142;5;PALOL D'ONYAR;;;;;
2;17;142;6;QUART;;;;;
2;17;142;7;SANT MATEU DE MONTNEGRE;;;;;
2;17;143;1;DELFIA;;;;;
2;17;143;4;RABOS;;;;;
2;17;144;1;REGENCOS;;;;;
2;17;145;1;ARMANCIES;;;;;
2;17;145;2;BATET;;;;;
2;17;145;3;BRUGUERA;;;;;
2;17;145;5;RIBES DE FRESER;;;;;
2;17;145;6;RIBESALTES;;;;;
2;17;145;8;SOLAR-VENTOLA;;;;;
2;17;146;1;BOSC DE LA BATLLORIA;;;;;
2;17;146;2;ALBA DE LISTE;;;;;
2;17;146;3;FOGUERES DE MONTSORIU;;;;;
2;17;146;4;CAN HOSTA;;;;;
2;17;146;5;JUNIOR PARK;;;;;
2;17;146;6;ORDENACIO RIELLS I VIABREA;;;;;
2;17;146;7;RESIDENCIAL RIELLS II;;;;;
2;17;146;8;RIELLS;;;;;
2;17;146;9;CAN SALVA;;;;;
2;17;146;10;VIABREA;;;;;
2;17;146;11;CAN PLANA;;;;;
2;17;147;1;BRUCS;;;;;
2;17;147;2;LA COLONIA SANTA MARIA;;;;;
2;17;147;3;LLAES;;;;;
2;17;147;4;ORDINA;;;;;
2;17;147;5;RAMA;;;;;
2;17;147;6;EL REMEI ;;;;;
2;17;147;7;RIPOLL;;;;;
2;17;147;8;ROCAFIGUERA;;;;;
2;17;147;9;SANT ANTONI;;;;;
2;17;147;10;SANT BARTOMEU;;;;;
2;17;147;11;SANT BERNABE DE LES TENES;;;;;
2;17;147;12;SANT ROC;;;;;
2;17;148;1;RAVAL DE L'ESPARRA;;;;;
2;17;148;2;CARRETERA DE SANTA COLOMA;;;;;
2;17;148;3;L'ESPARRA;;;;;
2;17;148;4;MALLORQUINES;;;;;
2;17;148;5;LA RIERA;;;;;
2;17;148;6;RIUDARENES;;;;;
2;17;148;7;SERRAMAGRA;;;;;
2;17;149;1;BAC D'EN DEU;;;;;
2;17;149;2;CLOT DE LA PLANA;;;;;
2;17;149;3;LA FAJULA;;;;;
2;17;149;4;RIUDAURA;;;;;
2;17;149;5;EL SOLEI;;;;;
2;17;150;1;RIUDELLOTS DE LA SELVA;;;;;
2;17;150;2;VEINAT DE CAN BUIXO;;;;;
2;17;150;3;VEINAT DE CAN CALDERO;;;;;
2;17;150;4;VEINAT DE L'ESTACIO;;;;;
2;17;150;5;VEINAT DE LA PEQUENYA;;;;;
2;17;150;6;VEINAT DE LA TORREPON?A;;;;;
2;17;150;7;VEINAT DE L'HOSTALNOU;;;;;
2;17;150;8;POLIGON INDUSTRIAL;;;;;
2;17;150;9;URBANITZACIO CAN JORDI;;;;;
2;17;150;10;VEINAT DEL REGAS;;;;;
2;17;150;11;URBANITZACIO MAS JOALS;;;;;
2;17;151;1;RIUMORS;;;;;
2;17;152;1;CANYELLES-ALMADRAVA-PUIG-ROM;;;;;
2;17;152;2;LA GARRIGA -EL CORTIJO ;;;;;
2;17;152;3;MAS BOSCA-ARGONISTA-EL CARDO;;;;;
2;17;152;4;MAS FUMATS;;;;;
2;17;152;5;MAS MATES;;;;;
2;17;152;6;MAS OLIVA;;;;;
2;17;152;7;MONTJOI;;;;;
2;17;152;8;ROSES;;;;;
2;17;152;9;SANTA MARGARIDA-SALATAR;;;;;
2;17;152;10;SUREDES D'EN MAIRO-GRECS-MUNTANYETA;;;;;
2;17;153;1;ATALAIA;;;;;
2;17;153;4;RUPIA;;;;;
2;17;153;5;SOBREVILA;;;;;
2;17;154;2;EL GUITARRIU ;;;;;
2;17;154;3;SADERNES-SANT GRAU;;;;;
2;17;154;4;SALES DE LLIERCA;;;;;
2;17;154;5;SANT MIQUEL DE MONTEIA;;;;;
2;17;155;1;SALT;;;;;
2;17;157;1;SANT ANDREU SALOU;;;;;
2;17;157;2;VEINAT DE BAIX;;;;;
2;17;157;3;VEINAT DE DALT;;;;;
2;17;157;4;VEINAT DE LES BOSQUES;;;;;
2;17;158;1;BASE MILITAR;;;;;
2;17;158;3;SANT CLIMENT SESCEBES;;;;;
2;17;158;4;ULLASTRE;;;;;
2;17;158;5;VILARTOLI;;;;;
2;17;159;1;GASERANS;;;;;
2;17;159;2;GRIONS;;;;;
2;17;159;3;SANT FELIU DE BUIXALLEU;;;;;
2;17;160;1;CASA NOVA;;;;;
2;17;160;2;MAS TREMPAT;;;;;
2;17;160;3;PEDRALTA;;;;;
2;17;160;4;PUNTABRAVA;;;;;
2;17;160;5;SANT AMAN?;;;;;
2;17;160;6;SANT FELIU DE GUIXOLS;;;;;
2;17;160;7;VILAR D'ARO;;;;;
2;17;160;8;LES BATERIES ;;;;;
2;17;161;1;BASTONS;;;;;
2;17;161;3;LA FABREGA ;;;;;
2;17;161;4;PALLEROLS;;;;;
2;17;161;5;LA SALUT;;;;;
2;17;161;6;SANT FELIU DE PALLEROLS;;;;;
2;17;161;7;SANT ISCLE DE COLLTORT;;;;;
2;17;161;8;SANT MIQUEL DE PINEDA;;;;;
2;17;161;9;LA TORRE ;;;;;
2;17;162;1;EL MOR;;;;;
2;17;162;2;AUSSINYA;;;;;
2;17;162;3;FARES;;;;;
2;17;162;4;JUINYA;;;;;
2;17;162;5;LA MIANA;;;;;
2;17;162;6;SANT FERRIOL;;;;;
2;17;162;7;EL TORN;;;;;
2;17;163;1;CARTELLA;;;;;
2;17;163;2;CONSTANTINS;;;;;
2;17;163;3;DOMENY;;;;;
2;17;163;4;GINESTAR;;;;;
2;17;163;5;SANT MEDIR;;;;;
2;17;163;6;SANT GREGORI;;;;;
2;17;163;8;TAIALA;;;;;
2;17;164;1;SANT HILARI SACALM;;;;;
2;17;165;1;CAN COMA;;;;;
2;17;165;2;HOSTAL NOU;;;;;
2;17;165;3;SANT JAUME DE LLIERCA;;;;;
2;17;166;1;SANT JORDI DESVALLS;;;;;
2;17;166;2;SANT MATEO;;;;;
2;17;166;3;SOBRANIGUES;;;;;
2;17;166;4;VEINAT DE DIANA;;;;;
2;17;166;5;VEINAT DE MAS MASO;;;;;
2;17;167;1;BAGA-AMUNT;;;;;
2;17;167;2;BAGA-AVALL;;;;;
2;17;167;3;CAN MARTI-TORALLES;;;;;
2;17;167;4;JORDANA;;;;;
2;17;167;5;LLAUDET;;;;;
2;17;167;6;COMAFREDA;;;;;
2;17;167;7;SANT JOAN DE LES ABADESSES;;;;;
2;17;167;8;SOLEI AMUNT;;;;;
2;17;167;9;SOLEI AVALL;;;;;
2;17;168;1;SANT JOAN DE MOLLET;;;;;
2;17;169;2;MEDINYA;;;;;
2;17;169;3;MONTAGUT;;;;;
2;17;169;7;SANT JULIA DE RAMIS;;;;;
2;17;169;10;CAMP DE LES COMES;;;;;
2;17;169;11;PLA DE BAIX;;;;;
2;17;169;13;GOLF-SANT JULIA;;;;;
2;17;170;1;LA BAGA AMUNT;;;;;
2;17;170;2;LA BAGA AVALL;;;;;
2;17;170;3;LES DOMES;;;;;
2;17;170;4;PUIGSEC;;;;;
2;17;170;5;VALLFOGONA DE RIPOLLES;;;;;
2;17;170;6;LA SOLANA AMUNT ;;;;;
2;17;170;7;LA SOLANA AVALL ;;;;;
2;17;170;8;LA TAVERNA ;;;;;
2;17;171;1;RIBERADA D'AMUNT;;;;;
2;17;171;2;RIBERADA D'AVALL;;;;;
2;17;171;3;SANT LLORENÇ DE LA MUGA;;;;;
2;17;172;1;GRANOLLERS DE ROCACORBA;;;;;
2;17;172;2;LLORA;;;;;
2;17;172;3;SANT MARTI DE LLEMENA;;;;;
2;17;172;4;LES SERRES ;;;;;
2;17;173;1;BARRI DELS ANGELS;;;;;
2;17;173;2;BARRI ESTACIO;;;;;
2;17;173;3;EL MERCADAL ;;;;;
2;17;173;4;EL PUIG;;;;;
2;17;173;5;SANT MARTI VELL;;;;;
2;17;173;6;VILOSA;;;;;
2;17;174;1;BRIOLF;;;;;
2;17;174;2;FALGONS;;;;;
2;17;174;3;SANT MARTI DE CAMPMAJOR;;;;;
2;17;174;4;SANT MIQUEL DE CAMPMAJOR;;;;;
2;17;174;5;VENTAJOL;;;;;
2;17;175;1;SANT MIQUEL DE FLUVIA;;;;;
2;17;176;4;SANT MORI;;;;;
2;17;177;1;LA RAL;;;;;
2;17;177;2;SANT PAU DE SEGURIES;;;;;
2;17;178;1;SANT PERE PESCADOR;;;;;
2;17;178;2;URBANITZACIO BON RELAX;;;;;
2;17;178;3;URBANITZACIO MAS SOPES;;;;;
2;17;180;1;CASTANYET;;;;;
2;17;180;2;CLADELLS;;;;;
2;17;180;3;SANT PERE CERCADA;;;;;
2;17;180;4;SANTA COLOMA DE FARNERS;;;;;
2;17;180;5;VEINAT D'AVALL;;;;;
2;17;180;6;VEINAT DE VALLORS;;;;;
2;17;180;7;SANTA COLOMA RESIDENCIAL;;;;;
2;17;180;8;SOT D'EN MOLA;;;;;
2;17;181;1;BELL-LLOC;;;;;
2;17;181;2;BUFAGANYES;;;;;
2;17;181;3;CANYET DE MAR;;;;;
2;17;181;4;ROMANYA DE LA SELVA;;;;;
2;17;181;5;SALOM;;;;;
2;17;181;6;SANTA CRISTINA D'ARO;;;;;
2;17;181;7;SOLIUS;;;;;
2;17;181;9;EL VILAR;;;;;
2;17;181;10;MALVET;;;;;
2;17;181;11;CAMPS DE SANTA MARIA;;;;;
2;17;182;1;SANTA LLOGAIA D'ALGUEMA;;;;;
2;17;183;1;LA BARROCA ;;;;;
2;17;183;2;SANT ESTEVE DE LLEMENA;;;;;
2;17;183;3;SANT ANIOL DE FINESTRES;;;;;
2;17;184;1;ELS ARCS;;;;;
2;17;184;2;CAN FONT;;;;;
2;17;184;3;LES FAGES;;;;;
2;17;184;4;PUJOLARS;;;;;
2;17;184;5;EL SALLENT ;;;;;
2;17;184;6;SANT MARTI;;;;;
2;17;184;7;SANT MIQUEL DE SACOT;;;;;
2;17;184;8;SANTA LLUCIA;;;;;
2;17;184;9;SANTA PAU;;;;;
2;17;184;10;URBANITZACIO CAN XEL;;;;;
2;17;184;11;URBANITZACIO CAN BLANC;;;;;
2;17;184;12;URBANITZACIO CAN POTXA;;;;;
2;17;184;13;URBANITZACIO CAN JOFRE;;;;;
2;17;185;1;BEGUDA;;;;;
2;17;185;2;LA CANYA;;;;;
2;17;185;3;PLA DE BAIX;;;;;
2;17;185;4;PLA DE DALT;;;;;
2;17;185;6;SANT JOAN LES FONTS;;;;;
2;17;186;4;SARRIA DE TER;;;;;
2;17;187;1;CAMALLERA;;;;;
2;17;187;2;LLAMPAIES;;;;;
2;17;187;3;SAUS;;;;;
2;17;188;3;LA SELVA DE MAR;;;;;
2;17;189;1;EL PASTERAL;;;;;
2;17;189;2;PLADAMONT;;;;;
2;17;189;3;PLADAVALL;;;;;
2;17;189;5;LA CELLERA DE TER;;;;;
2;17;190;1;SERINYA;;;;;
2;17;190;2;BOSQUEROS;;;;;
2;17;190;3;CELLERA D'AMONT;;;;;
2;17;190;4;CASALS;;;;;
2;17;190;5;BAIO;;;;;
2;17;191;1;SANT ISCLE;;;;;
2;17;191;2;SERRA DE DARO;;;;;
2;17;192;1;SETCASES;;;;;
2;17;192;2;ESTACIO D'ESQUI VALLTER 2000;;;;;
2;17;192;3;PASTUIRA-PLA D'HOSPITALET;;;;;
2;17;193;2;SILS;;;;;
2;17;193;3;VALLCANERA;;;;;
2;17;193;4;LA BARCELONETA;;;;;
2;17;193;5;LA GRANOTA;;;;;
2;17;193;6;MASSABE;;;;;
2;17;193;8;LES COMES ;;;;;
2;17;193;9;VALLCANERA PARC;;;;;
2;17;193;10;URBANITZACIO KING PARC;;;;;
2;17;193;11;MALLORQUINES;;;;;
2;17;193;12;URBANITZACIO MALLORQUINES;;;;;
2;17;194;1;EL COLL;;;;;
2;17;194;2;EL FAR;;;;;
2;17;194;3;SANT MARTI SACALM;;;;;
2;17;194;4;SUSQUEDA;;;;;
2;17;195;1;CANET DE LA TALLADA;;;;;
2;17;195;2;MARENYA;;;;;
2;17;195;3;LA TALLADA D'EMPORDA;;;;;
2;17;195;4;TOR;;;;;
2;17;196;1;LA GUARDIA;;;;;
2;17;196;2;PALAU-SURROCA;;;;;
2;17;196;3;TERRADES;;;;;
2;17;197;2;TORRENT;;;;;
2;17;198;1;LA BOMBA;;;;;
2;17;198;2;ELS MASOS;;;;;
2;17;198;3;SANT TOMAS DE FLUVIA;;;;;
2;17;198;4;TORROELLA DE FLUVIA;;;;;
2;17;198;5;VILACOLUM;;;;;
2;17;198;6;PALOL;;;;;
2;17;199;3;L'ESTARTIT;;;;;
2;17;199;4;TORROELLA DE MONTGRI;;;;;
2;17;200;1;SANT ANTONI;;;;;
2;17;200;2;TORTELLA;;;;;
2;17;201;1;DORRIA;;;;;
2;17;201;2;ESPINOSA;;;;;
2;17;201;3;FORNELLS DE LA MUNTANYA;;;;;
2;17;201;4;NEVA;;;;;
2;17;201;5;TOSES;;;;;
2;17;202;1;CANYELLES;;;;;
2;17;202;3;MARTOSSA;;;;;
2;17;202;5;POLA-GIVEROLA;;;;;
2;17;202;6;SALIONS;;;;;
2;17;202;7;SANT GRAU;;;;;
2;17;202;8;SANTA MARIA DE LLORELL;;;;;
2;17;202;9;TOSSA;;;;;
2;17;202;11;CALA LLEVADO;;;;;
2;17;202;13;LA FERMINA ;;;;;
2;17;202;14;SANT ELOI;;;;;
2;17;203;1;ULTRAMORT;;;;;
2;17;204;1;ULLA;;;;;
2;17;204;2;LA ROQUETA ;;;;;
2;17;205;1;ULLASTRET;;;;;
2;17;206;1;URUS;;;;;
2;17;206;2;LA BALIRA ;;;;;
2;17;207;100;BAS;;;;;
2;17;207;101;FALGARS D'EN BAS;;;;;
2;17;207;102;LA PINYA ;;;;;
2;17;207;103;EL MALLOL;;;;;
2;17;207;200;DRETA DEL FLUVIA;;;;;
2;17;207;201;JOANETES;;;;;
2;17;207;202;PUIGPARDINES;;;;;
2;17;207;300;ESQUERRA DEL FLUVIA;;;;;
2;17;207;302;SANT PRIVAT D'EN BAS;;;;;
2;17;207;400;HOSTALETS D'EN BAS;;;;;
2;17;207;500;EL MERCADAL;;;;;
2;17;207;600;LA SERRA ;;;;;
2;17;207;700;VILALLONGA;;;;;
2;17;208;10;VALL DEL BAC;;;;;
2;17;208;100;LA CANYA;;;;;
2;17;208;101;SANT SALVADOR DE BIANYA;;;;;
2;17;208;200;CAPSEC;;;;;
2;17;208;300;CASTELLAR DE LA MUNTANYA;;;;;
2;17;208;400;LLOCALOU;;;;;
2;17;208;500;SANT ANDREU DE SOCARRATS;;;;;
2;17;208;600;SANT MARTI DEL CLOT;;;;;
2;17;208;700;SANT PERE DESPUIG;;;;;
2;17;208;800;SANTA MARGARIDA DE BIANYA;;;;;
2;17;208;900;L'HOSTALNOU DE BIANYA ;;;;;
2;17;209;1;VALL-LLOBREGA;;;;;
2;17;210;1;MONTIRO;;;;;
2;17;210;2;PELACALÇ;;;;;
2;17;210;3;SALDET;;;;;
2;17;210;4;VENTALLO;;;;;
2;17;210;5;VILA-ROBAU;;;;;
2;17;210;6;VALVERALLA;;;;;
2;17;210;7;L'ARBRE SEC;;;;;
2;17;210;8;ELS MASOS;;;;;
2;17;211;1;VERGES;;;;;
2;17;212;5;CIURET;;;;;
2;17;212;9;CREU DE L'ARÇ;;;;;
2;17;212;19;VIDRA;;;;;
2;17;213;1;AIGUAVIVA PARC;;;;;
2;17;213;2;LES BOIRES;;;;;
2;17;213;3;CARTELLA;;;;;
2;17;213;4;CAULES;;;;;
2;17;213;5;MAS FLASSIA;;;;;
2;17;213;6;PLA DE LA FONT;;;;;
2;17;213;7;PUIG VENTOS;;;;;
2;17;213;8;SERRES;;;;;
2;17;213;9;TERRAFORTUNA;;;;;
2;17;213;10;VIDRERES;;;;;
2;17;213;11;LA GOBA;;;;;
2;17;213;12;SANTA CECLINA;;;;;
2;17;214;1;VILABERTRAN;;;;;
2;17;215;2;PERELLO;;;;;
2;17;215;3;VILABLAREIX;;;;;
2;17;216;1;FELLINES;;;;;
2;17;216;2;MAS NICOLAU;;;;;
2;17;216;3;LA MATA;;;;;
2;17;216;4;LA MORA;;;;;
2;17;216;5;VILADASENS;;;;;
2;17;217;1;PALAUBORRELL;;;;;
2;17;217;2;VILADAMAT;;;;;
2;17;218;1;GALLINERS;;;;;
2;17;218;2;OLIVES;;;;;
2;17;218;3;OLLERS;;;;;
2;17;218;4;ORFES;;;;;
2;17;218;5;PARETS D'EMPORDA;;;;;
2;17;218;6;SANT ESTEVE DE GUIALBES;;;;;
2;17;218;7;SANT MARÇAL DE QUARANTELLA;;;;;
2;17;218;8;TERRADELLES;;;;;
2;17;218;9;VILADEMI;;;;;
2;17;218;10;VILADEMULS;;;;;
2;17;218;11;VILAFRESER;;;;;
2;17;218;12;VILAMARI;;;;;
2;17;220;1;LES CORTS;;;;;
2;17;220;2;MASVIDAL;;;;;
2;17;220;3;LES INDIES ;;;;;
2;17;220;4;PAITIDES;;;;;
2;17;220;5;ELS VERNETS ;;;;;
2;17;220;6;VILADRAU;;;;;
2;17;220;7;VILARNAU;;;;;
2;17;220;8;LES CASIQUES;;;;;
2;17;221;1;LES FORQUES ;;;;;
2;17;221;2;VILAFANT;;;;;
2;17;221;3;ARENGADES-ENGINYERS;;;;;
2;17;222;1;CAMALLERA;;;;;
2;17;222;3;VILAÇR;;;;;
2;17;223;1;L'ESTACIO ;;;;;
2;17;223;2;MONTPERDUT;;;;;
2;17;223;3;PUJOLAR;;;;;
2;17;223;4;PLA D'EN SATLLE;;;;;
2;17;223;5;VILAJUIGA;;;;;
2;17;223;6;POBLAT DE CANYELLES;;;;;
2;17;223;7;EL VEINAT DE DALT ;;;;;
2;17;224;1;ABELLA;;;;;
2;17;224;2;CATLLAR;;;;;
2;17;224;3;CROS;;;;;
2;17;224;4;LLEBRO;;;;;
2;17;224;5;LA ROCA ;;;;;
2;17;224;6;TREGURA DE BAIX;;;;;
2;17;224;7;TREGURA DE DALT;;;;;
2;17;224;8;VEINAT DEL COMALET;;;;;
2;17;224;9;VEINAT DE VALLVIGIL;;;;;
2;17;224;10;VILALLONGA DE TER;;;;;
2;17;225;1;VILAMACOLUM;;;;;
2;17;226;1;POLIGON PONT DEL PRINCEP;;;;;
2;17;226;2;VILAMALLA;;;;;
2;17;226;3;AFORES;;;;;
2;17;226;4;POLIGON EMPORDA INTERNACIONAL;;;;;
2;17;227;2;VILAMANISCLE;;;;;
2;17;228;6;VILANANT;;;;;
2;17;228;7;TARAVAUS;;;;;
2;17;230;1;VILA-SACRA;;;;;
2;17;232;1;GAÇSES;;;;;
2;17;232;2;PINS;;;;;
2;17;232;3;VALLDAVIA;;;;;
2;17;232;4;VILOPRIU;;;;;
2;17;233;1;SALITJA;;;;;
2;17;233;2;SANT DALMAI;;;;;
2;17;233;3;VILOBI D'ONYAR;;;;;
2;17;234;1;BIURE;;;;;
2;17;901;10;SANTA PELLAIA;;;;;
2;17;901;101;MONELLS;;;;;
2;17;901;102;SANT SADURNI;;;;;
2;17;901;200;CRUILLES;;;;;
2;17;901;201;VEINAT DE SIES;;;;;
2;17;901;202;VEINAT BANYERES;;;;;
2;17;901;300;DE LA FONT ;;;;;
2;17;901;302;VEINAT ESTRAVAU;;;;;
2;17;901;400;PUIGVENTOS;;;;;
2;17;901;402;VEINAT RISSEC;;;;;
2;17;901;500;RABIOSES;;;;;
2;17;901;502;VEINAT SANT JOAN;;;;;
2;17;901;600;SANT CEBRIA DE LLEDO;;;;;
2;17;901;602;BARRI MAS SAVALLS;;;;;
2;17;901;700;SANT CEBRIA DELS ALLS;;;;;
2;17;901;800;SANT JOAN DE SALELLES;;;;;
2;17;901;900;SANT MIQUEL DE CRUILLES;;;;;
2;17;902;101;CANAPOST;;;;;
2;17;902;102;LA BORDETA ;;;;;
2;17;902;200;FONTETA;;;;;
2;17;902;201;PERATALLADA;;;;;
2;17;902;202;PUIG DE SANT RAMON;;;;;
2;17;902;301;SANT CLIMENT DE PERALTA;;;;;
2;17;902;302;VULPELLAC;;;;;
2;17;902;401;SANTA SUSANNA DE PERALTA;;;;;
2;17;903;1;BONMATI;;;;;
2;17;903;2;SANT JULIA DEL LLOR;;;;;
2;17;998;0;NO DETERMINADA;;;;;
2;17;999;0;NO DETERMINADA;;;;;
2;25;1;1;ABELLA DE LA CONCA;;;;;
2;25;1;2;BOIXOLS;;;;;
2;25;1;3;LA RUA;;;;;
2;25;1;4;CARREU;;;;;
2;25;1;5;LA TORRA;;;;;
2;25;2;1;AGER;;;;;
2;25;2;2;AGULLO;;;;;
2;25;2;3;CORÇA;;;;;
2;25;2;4;FONTDEPOU;;;;;
2;25;2;5;ELS MASOS DE MILLA;;;;;
2;25;2;6;MILLA;;;;;
2;25;2;7;LA REGOLA;;;;;
2;25;2;8;SANT JOSEP DE FONTDEPOU;;;;;
2;25;2;9;VILAMAJOR;;;;;
2;25;3;1;AGRAMUNT;;;;;
2;25;3;2;ALMENARA ALTA;;;;;
2;25;3;3;DONZELL D'URGELL;;;;;
2;25;3;4;MAFET;;;;;
2;25;3;5;MONTCLAR;;;;;
2;25;3;6;LES PUELLES;;;;;
2;25;4;1;ELS ALAMUS;;;;;
2;25;4;2;LA BARCELONETA;;;;;
2;25;4;3;VENCILLO;;;;;
2;25;5;1;ALAS;;;;;
2;25;5;2;LA BASTIDA D'ORTONS;;;;;
2;25;5;3;EL GES;;;;;
2;25;5;4;ORTEDO;;;;;
2;25;5;5;CERC;;;;;
2;25;5;6;TORRES D'ALAS;;;;;
2;25;5;7;VILANOVA DE BANAT;;;;;
2;25;6;1;L'ALBAGES;;;;;
2;25;7;1;ALBATARREC;;;;;
2;25;8;1;ALBESA;;;;;
2;25;8;2;CAMPORRELLS;;;;;
2;25;9;1;L'ALBI;;;;;
2;25;10;1;ALCANO;;;;;
2;25;11;1;ALCARRAS;;;;;
2;25;11;2;MONTAGUT;;;;;
2;25;11;3;VALLMANYA;;;;;
2;25;11;4;POLIGONO INDUSTRIAL REVES DE ALCARRAS;;;;;
2;25;11;5;POLIGON INDUSTRIAL ALCARRAS POLINASA;;;;;
2;25;12;1;ALCOLETGE;;;;;
2;25;13;1;ALFARRAS;;;;;
2;25;14;1;ALFES;;;;;
2;25;15;1;ALGERRI;;;;;
2;25;16;1;ALGUAIRE;;;;;
2;25;16;2;LA MATA DE PINYANA;;;;;
2;25;17;1;AINET DE BESAN;;;;;
2;25;17;2;ALINS;;;;;
2;25;17;3;ARAOS;;;;;
2;25;17;4;AREU;;;;;
2;25;17;5;NORIS;;;;;
2;25;17;6;TOR;;;;;
2;25;17;7;BESAN;;;;;
2;25;19;1;ALMACELLES;;;;;
2;25;19;3;MAS DEL LLEO;;;;;
2;25;19;4;LA SAIRA;;;;;
2;25;20;1;ALMATRET;;;;;
2;25;21;1;ALMENAR;;;;;
2;25;21;2;BASSANOVA;;;;;
2;25;22;1;ALOS DE BALAGUER;;;;;
2;25;23;1;ALPICAT;;;;;
2;25;24;1;ALOS D'ISIL;;;;;
2;25;24;2;ARREU;;;;;
2;25;24;3;BOREN;;;;;
2;25;24;4;ISAVARRE;;;;;
2;25;24;5;ISIL;;;;;
2;25;24;6;SON;;;;;
2;25;24;7;SORPE;;;;;
2;25;24;8;VALENCIA D'ANEU;;;;;
2;25;24;10;LA BONAIGUA;;;;;
2;25;25;1;ARTIES;;;;;
2;25;25;2;BAGERGUE;;;;;
2;25;25;3;BAQUEIRA;;;;;
2;25;25;4;GAROS;;;;;
2;25;25;5;GESSA;;;;;
2;25;25;6;SALARDU;;;;;
2;25;25;7;TREDOS;;;;;
2;25;25;8;UNHA;;;;;
2;25;25;9;MONTGARRI;;;;;
2;25;27;1;ANGLESOLA;;;;;
2;25;29;1;ARBECA;;;;;
2;25;30;1;ARISTOT;;;;;
2;25;30;2;ELS BANYS DE SANT VIÇENS;;;;;
2;25;30;3;BAR;;;;;
2;25;30;4;CASTELLNOU DE CARCOLZE;;;;;
2;25;30;5;EL PONT DE BAR;;;;;
2;25;30;6;TOLORIU;;;;;
2;25;30;7;ARDAIX;;;;;
2;25;30;8;ELS ARENYS;;;;;
2;25;31;1;ARRES DE JOS;;;;;
2;25;31;2;ARRES DE SUS;;;;;
2;25;31;3;ERA BORDETA;;;;;
2;25;32;1;ARSEGUEL;;;;;
2;25;32;2;EL PONT D'ARSEGUEL;;;;;
2;25;33;1;ARTESA DE LLEIDA;;;;;
2;25;34;1;ALENTORN;;;;;
2;25;34;2;ANYA;;;;;
2;25;34;3;ARTESA DE SEGRE;;;;;
2;25;34;4;BALDOMAR;;;;;
2;25;34;5;SERO;;;;;
2;25;34;6;LA CLUA;;;;;
2;25;34;7;COLLDELRAT;;;;;
2;25;34;8;COLLFRED;;;;;
2;25;34;9;COMIOLS;;;;;
2;25;34;10;FOLQUER;;;;;
2;25;34;11;MONTARGULL;;;;;
2;25;34;12;MONTMAGASTRE;;;;;
2;25;34;13;EL PONT D'ALENTORN;;;;;
2;25;34;14;TUDELA DE SEGRE;;;;;
2;25;34;15;VALL-LLEBRERA;;;;;
2;25;34;16;LA VALL D'ARIET;;;;;
2;25;34;17;VERNET;;;;;
2;25;34;18;VILVES;;;;;
2;25;34;19;SANT MARC DE VATLLIU;;;;;
2;25;34;20;LA VEDRENYA;;;;;
2;25;35;1;LA SENTIU DE SIO;;;;;
2;25;35;2;SANT JORDI DE MOLLER;;;;;
2;25;35;3;SANT MIQUEL;;;;;
2;25;35;4;TOSSAL DE LES FORQUES;;;;;
2;25;36;1;ASPA;;;;;
2;25;37;1;LES AVELLANES;;;;;
2;25;37;2;SANTA LINYA;;;;;
2;25;37;3;TARTAREU;;;;;
2;25;37;4;VILANOVA DE LA SAL;;;;;
2;25;38;1;AITONA;;;;;
2;25;38;2;CAMPAMENT FECSA;;;;;
2;25;38;3;LES CASETES D'URTXESA;;;;;
2;25;39;1;ANCS;;;;;
2;25;39;2;BAEN;;;;;
2;25;39;3;BALESTUI;;;;;
2;25;39;4;BRESCA;;;;;
2;25;39;5;BRETUI;;;;;
2;25;39;6;BUSEU;;;;;
2;25;39;7;EL COMTE;;;;;
2;25;39;8;CORTSCASTELL;;;;;
2;25;39;9;ENSEU;;;;;
2;25;39;10;GARRI DE LA SAL;;;;;
2;25;39;11;MENTUI;;;;;
2;25;39;12;MONTCORTES;;;;;
2;25;39;13;PERACALÇ;;;;;
2;25;39;14;PERAMEA;;;;;
2;25;39;15;PUJOL;;;;;
2;25;39;16;SANT SEBASTIA;;;;;
2;25;39;17;SELLUI;;;;;
2;25;39;18;USEU;;;;;
2;25;39;19;CABESTANY;;;;;
2;25;39;20;CANALS;;;;;
2;25;39;22;MASIES DE LLARAS;;;;;
2;25;39;23;SARROCA DE BAEN;;;;;
2;25;39;24;VILESA;;;;;
2;25;39;25;CASTELLNOU;;;;;
2;25;39;26;CUBERES;;;;;
2;25;39;27;PUI;;;;;
2;25;39;28;SOI;;;;;
2;25;39;29;SOLDUGA-ESPLUGA;;;;;
2;25;40;1;BALAGUER;;;;;
2;25;41;1;BARBENS;;;;;
2;25;41;2;BULLIDOR;;;;;
2;25;41;3;AGUILELLA;;;;;
2;25;42;1;GUALTER;;;;;
2;25;42;2;PALAU;;;;;
2;25;42;3;PALLEROLS;;;;;
2;25;42;4;POLITG;;;;;
2;25;42;5;PUIG;;;;;
2;25;42;6;SANT CRISTOFOL;;;;;
2;25;42;7;SANT MARTI;;;;;
2;25;42;8;LA SERRA;;;;;
2;25;42;9;LA TORRA;;;;;
2;25;42;10;VILAPLANA;;;;;
2;25;42;11;BELLFORT;;;;;
2;25;43;1;BARRUERA;;;;;
2;25;43;2;BOI;;;;;
2;25;43;3;CARDET;;;;;
2;25;43;4;COLL;;;;;
2;25;43;5;DURRO;;;;;
2;25;43;6;ERILL-LA-VALL;;;;;
2;25;43;7;SARAIS;;;;;
2;25;43;8;TAÜLL;;;;;
2;25;43;9;CALDES DE BOI;;;;;
2;25;43;13;PLA DE L'ERMITA;;;;;
2;25;44;1;AGUILAR;;;;;
2;25;44;2;ALTES;;;;;
2;25;44;3;BASSELLA;;;;;
2;25;44;4;CASTELLNOU DE BASSELLA;;;;;
2;25;44;5;LA CLUA;;;;;
2;25;44;6;GUARDIOLA;;;;;
2;25;44;7;MIRAMBELL;;;;;
2;25;44;8;OGERN;;;;;
2;25;44;9;SERENYANA;;;;;
2;25;45;1;BAUSEN;;;;;
2;25;45;2;PONTAUT;;;;;
2;25;45;3;PONT DE REI;;;;;
2;25;46;1;BELIANES;;;;;
2;25;47;1;BELLCAIRE D'URGELL;;;;;
2;25;47;2;EL PEDRIS;;;;;
2;25;48;1;BELL-LLOC D'URGELL;;;;;
2;25;49;1;BELLMUNT D'URGELL;;;;;
2;25;50;1;BELLPUIG;;;;;
2;25;50;2;SEANA;;;;;
2;25;51;1;BEDERS;;;;;
2;25;51;2;BALTARGA;;;;;
2;25;51;3;BELLVER DE CERDANYA;;;;;
2;25;51;4;BOR;;;;;
2;25;51;5;COBORRIU DE BELLVER;;;;;
2;25;51;6;CORTAS;;;;;
2;25;51;7;ELLER;;;;;
2;25;51;8;NAS;;;;;
2;25;51;9;OLIA;;;;;
2;25;51;10;ORDEN;;;;;
2;25;51;11;PEDRA;;;;;
2;25;51;12;PI;;;;;
2;25;51;14;RIU DE SANTA MARÍA;;;;;
2;25;51;15;SANT MARTI DELS CASTELLS;;;;;
2;25;51;16;SANTA EUGENIA;;;;;
2;25;51;17;SANTA MAGDALENA;;;;;
2;25;51;18;TALLO;;;;;
2;25;51;19;TALLTENDRE;;;;;
2;25;51;20;VILELLA;;;;;
2;25;52;1;ELS ARCS;;;;;
2;25;52;2;BELLVIS;;;;;
2;25;53;1;BENAVENT DE SEGRÍA;;;;;
2;25;55;1;BIOSCA;;;;;
2;25;55;2;LLOBEROLA;;;;;
2;25;56;1;BOVERA;;;;;
2;25;57;1;ARRO;;;;;
2;25;57;2;BEGOS;;;;;
2;25;57;3;BENOS;;;;;
2;25;57;4;ES BORDES;;;;;
2;25;58;1;LES BORGES BLANQUES;;;;;
2;25;59;1;BOSSOST;;;;;
2;25;60;1;CABANABONA;;;;;
2;25;60;2;VILAMAJOR;;;;;
2;25;61;1;CABO;;;;;
2;25;61;2;PUJAL DE CABO;;;;;
2;25;61;3;EL VILAR DE CABO;;;;;
2;25;62;1;L'AMETLLA;;;;;
2;25;62;2;LA BARONIA DE SANT OISME;;;;;
2;25;62;3;CAMARASA;;;;;
2;25;62;4;FIGUEROLA DE MEIA;;;;;
2;25;62;5;FONTLLONGA;;;;;
2;25;62;6;LA MAÇANA;;;;;
2;25;62;7;SANT LLORENÇ DE MONTGAI;;;;;
2;25;63;1;BORDIUS;;;;;
2;25;63;2;CAMPESPIN;;;;;
2;25;63;3;CANEJAN;;;;;
2;25;63;4;CASINHAU;;;;;
2;25;63;5;MORON I MOLA;;;;;
2;25;63;6;PRADET (ETH);;;;;
2;25;63;7;PUNTAUT;;;;;
2;25;63;8;PURSINGLES;;;;;
2;25;63;9;SANT JOAN DE TORAN;;;;;
2;25;64;1;CATELLAR DE LA RIBERA;;;;;
2;25;64;2;CEURO;;;;;
2;25;64;3;CLARA;;;;;
2;25;64;4;PAMPE;;;;;
2;25;67;1;CASTELLDANS;;;;;
2;25;68;1;CASTELLNOU DE SEANA;;;;;
2;25;69;1;CASTELLO DE FARFANYA;;;;;
2;25;70;1;CASTELLSERA;;;;;
2;25;71;1;ANSOVELL;;;;;
2;25;71;2;CAVA;;;;;
2;25;71;3;EL QUERFORADAT;;;;;
2;25;72;1;LA CARDOSA;;;;;
2;25;72;2;CASTELLNOU D'OLUGES;;;;;
2;25;72;3;CERVERA;;;;;
2;25;72;4;MALGRAT;;;;;
2;25;72;5;LA PRENYANOSA;;;;;
2;25;72;6;VERGOS;;;;;
2;25;73;1;CERVIA DE LES GARRIGUES;;;;;
2;25;74;1;CIUTADILLA;;;;;
2;25;75;1;CLARIANA DE CARDENER;;;;;
2;25;75;2;HORTONEDA;;;;;
2;25;75;3;SANT JUST JOVAL;;;;;
2;25;75;4;SANT PONÇ;;;;;
2;25;76;1;EL COGUL;;;;;
2;25;77;1;COLL DE NARGO;;;;;
2;25;77;2;GAVARRA;;;;;
2;25;77;3;ELS MASIES;;;;;
2;25;77;4;MONTANISSELL;;;;;
2;25;77;5;SELLENT;;;;;
2;25;77;6;VALLDARQUES;;;;;
2;25;78;1;CORBINS;;;;;
2;25;79;1;CUBELLS;;;;;
2;25;79;2;LA TORRE DE FLUVIA;;;;;
2;25;81;1;L'ESPLUGA CALBA;;;;;
2;25;82;1;ESPOT;;;;;
2;25;82;2;ESTAIS;;;;;
2;25;82;3;BERRADE;;;;;
2;25;82;4;SUPER ESPOT;;;;;
2;25;85;1;ALTA-RIBA;;;;;
2;25;85;2;ESTARAS;;;;;
2;25;85;3;FERRAN;;;;;
2;25;85;4;GAVER;;;;;
2;25;85;5;MALACARA;;;;;
2;25;85;6;VERGOS-GUERREJAT;;;;;
2;25;86;1;ESTERRI D'ANEU;;;;;
2;25;87;1;ARROS;;;;;
2;25;87;2;BENANTE;;;;;
2;25;87;3;ESTERRI DE CARDOS;;;;;
2;25;87;4;GINESTARRE;;;;;
2;25;88;1;ESTAMARIU;;;;;
2;25;89;1;ALENDO;;;;;
2;25;89;2;BURG;;;;;
2;25;89;3;FARRERA;;;;;
2;25;89;4;GLORIETA;;;;;
2;25;89;5;MALLOLIS;;;;;
2;25;89;6;MONTESCLADO;;;;;
2;25;92;1;LA FLORESTA;;;;;
2;25;93;1;FONDARELLA;;;;;
2;25;94;1;FORADADA;;;;;
2;25;94;2;MARCOVAU;;;;;
2;25;94;3;MONTSONIS;;;;;
2;25;94;4;RUBIO DE DALT;;;;;
2;25;94;5;RUBIO DE BAIX;;;;;
2;25;94;6;RUBIO DE MIG;;;;;
2;25;96;1;BOLDU;;;;;
2;25;96;2;LA FULIOLA;;;;;
2;25;97;1;FULLEDA;;;;;
2;25;98;1;ARANSIS;;;;;
2;25;98;2;FONTSAGRADA;;;;;
2;25;98;3;GAVET;;;;;
2;25;98;4;MATA-SOLANA;;;;;
2;25;98;5;MEREIA;;;;;
2;25;98;6;PEROLET;;;;;
2;25;98;7;SANT SERNI;;;;;
2;25;98;8;SANT CRISTOFOL DE LA VALL;;;;;
2;25;98;9;SANT MARTI DE BARCEDANA;;;;;
2;25;98;10;SANT MIQUEL DE LA VALL;;;;;
2;25;98;11;SANT SALVADOR DE TOLO;;;;;
2;25;98;12;TOLO;;;;;
2;25;99;2;GOLMES;;;;;
2;25;100;1;GOSOL;;;;;
2;25;100;2;SORRIBES;;;;;
2;25;101;1;LA GRANADELLA;;;;;
2;25;102;1;LA GRANJA D'ESCARP;;;;;
2;25;103;1;LA CURRULLADA;;;;;
2;25;103;2;FONOLLERES;;;;;
2;25;103;3;GRANYANELLA;;;;;
2;25;103;4;LA MORA;;;;;
2;25;103;5;TORDERA;;;;;
2;25;104;1;GRANYENA DE SEGARRA;;;;;
2;25;105;0;NO DETERMINADA;;;;;
2;25;109;1;GUIMERA;;;;;
2;25;110;1;GUISSONA;;;;;
2;25;110;2;GUARDA-SI-VENES;;;;;
2;25;111;1;VALLS;;;;;
2;25;111;2;CASTELLTORT;;;;;
2;25;111;3;LA CORRIU;;;;;
2;25;111;4;GUIXERS;;;;;
2;25;111;5;MONTCALB;;;;;
2;25;111;6;SISQUER;;;;;
2;25;111;7;VILAMANTELLS;;;;;
2;25;112;1;IVARS DE NOGUERA;;;;;
2;25;113;1;LA CENDROSA;;;;;
2;25;113;2;IVARS D'URGELL;;;;;
2;25;113;3;MONTALE;;;;;
2;25;113;4;VALLVERD;;;;;
2;25;114;1;IVORRA;;;;;
2;25;115;1;BASTURS;;;;;
2;25;115;2;BENAVENT DE LA CONCA;;;;;
2;25;115;3;BISCARRI;;;;;
2;25;115;4;CONQUES;;;;;
2;25;115;5;COVET;;;;;
2;25;115;6;FIGUEROLA D'ORCAU;;;;;
2;25;115;7;ISONA;;;;;
2;25;115;8;LLORDA;;;;;
2;25;115;9;MAS DE SANT MARTI;;;;;
2;25;115;10;ORCAU;;;;;
2;25;115;11;SANT ROMA D'ABELLA;;;;;
2;25;115;12;SIALL;;;;;
2;25;115;13;GRAMENET;;;;;
2;25;115;14;MONTODO;;;;;
2;25;118;1;JUNCOSA;;;;;
2;25;119;1;JUNEDA;;;;;
2;25;120;1;BASSES D'ALPICAT;;;;;
2;25;120;3;BUTSENIT;;;;;
2;25;120;5;GUALDA;;;;;
2;25;120;6;LLEIDA;;;;;
2;25;120;7;LLIVIA;;;;;
2;25;120;10;RAIMAT;;;;;
2;25;120;12;SUCHS;;;;;
2;25;120;14;LES TORRES DE SANUI;;;;;
2;25;121;1;LES;;;;;
2;25;122;1;LINYOLA;;;;;
2;25;123;1;AINETO;;;;;
2;25;123;2;BOLDIS JUSSA;;;;;
2;25;123;3;BOLDIS SOBIRA;;;;;
2;25;123;4;LLADORRE;;;;;
2;25;123;5;LLERET;;;;;
2;25;123;6;TAVASCAN;;;;;
2;25;124;1;LLADURS;;;;;
2;25;124;2;LA LLENA;;;;;
2;25;124;3;MONTPOL;;;;;
2;25;124;4;TIMONEDA;;;;;
2;25;124;5;ELS TORRENTS;;;;;
2;25;124;6;EL PLA DELS ROURES;;;;;
2;25;124;7;TERRASOLA;;;;;
2;25;125;1;LLARDECANS;;;;;
2;25;126;1;AIDI;;;;;
2;25;126;2;ARESTUI;;;;;
2;25;126;3;BAIASCA;;;;;
2;25;126;4;LLAVORSI;;;;;
2;25;126;5;MONTENARTRO;;;;;
2;25;126;6;ROMADRIU;;;;;
2;25;126;7;SANT ROMA DE TAVERNOLES;;;;;
2;25;127;1;ARANSA;;;;;
2;25;127;2;LLES DE CERDANYA;;;;;
2;25;127;3;MUSSA;;;;;
2;25;127;4;TRAVESSERES;;;;;
2;25;127;5;VILIELLA;;;;;
2;25;128;1;LLIMIANA;;;;;
2;25;128;2;EL MAS DE SOLDUGA;;;;;
2;25;128;3;ELS OBACS;;;;;
2;25;129;1;LLOBERA;;;;;
2;25;129;2;PERACAMPS;;;;;
2;25;129;3;TORREDENAGO;;;;;
2;25;130;1;MALDA;;;;;
2;25;131;1;MASSALCOREIG;;;;;
2;25;131;2;EL PLA D'ESCARP;;;;;
2;25;132;1;MASSOTERES;;;;;
2;25;132;2;PALOUET;;;;;
2;25;133;1;MAIALS;;;;;
2;25;134;1;MENAGUERNS;;;;;
2;25;135;1;MIRACAMP;;;;;
2;25;136;1;ANFESTA;;;;;
2;25;136;2;LA MOLSOSA;;;;;
2;25;136;3;PRADES;;;;;
2;25;137;1;MOLLERUSSA;;;;;
2;25;138;1;BUTSENIT;;;;;
2;25;138;2;MONTGAI;;;;;
2;25;139;1;BEIXEC;;;;;
2;25;139;2;ESTANA;;;;;
2;25;139;3;MARTINET;;;;;
2;25;139;4;MONTELLA;;;;;
2;25;139;5;VILLEC;;;;;
2;25;140;1;ALBET;;;;;
2;25;140;2;ARAVELL;;;;;
2;25;140;3;AVELLANET;;;;;
2;25;140;4;BELLESTAR;;;;;
2;25;140;5;CANTURRI;;;;;
2;25;140;6;CARMENIU;;;;;
2;25;140;7;CASSOVALL;;;;;
2;25;140;8;CASTELLBO;;;;;
2;25;140;9;LES ERES;;;;;
2;25;140;10;GUILS DEL CANTO;;;;;
2;25;140;11;MONTFERRER;;;;;
2;25;140;12;PALLEROLS DEL CANTO;;;;;
2;25;140;13;SANT ANDREU;;;;;
2;25;140;14;SANTA CREU;;;;;
2;25;140;15;SAULET;;;;;
2;25;140;16;SALLENT;;;;;
2;25;140;17;SENDES;;;;;
2;25;140;18;SEX;;;;;
2;25;140;19;SOLANELL;;;;;
2;25;140;20;TURBIAS;;;;;
2;25;140;21;VILAMITJANA DEL CANTO;;;;;
2;25;140;22;L'AEROPORT;;;;;
2;25;140;23;EL BALCO DEL PIRINEU;;;;;
2;25;140;24;SANT JOAN DE L'ERM;;;;;
2;25;140;25;SARCEDOL;;;;;
2;25;140;26;SOLANS;;;;;
2;25;141;1;L'AMETLLA;;;;;
2;25;141;2;CABESTANY;;;;;
2;25;141;3;LA GUARDIA-LADA;;;;;
2;25;141;4;MONTOLIU DE SEGARRA;;;;;
2;25;141;5;VILAGRASSETA;;;;;
2;25;142;1;MONTOLIU DE LLEIDA;;;;;
2;25;143;1;EL MAS DE BONDÍA;;;;;
2;25;143;2;MONTORNES DE SEGARRA;;;;;
2;25;145;1;NALEC;;;;;
2;25;146;1;BESORA;;;;;
2;25;146;2;BUSA;;;;;
2;25;146;3;LES CASES DE POSADA;;;;;
2;25;146;4;LINYA;;;;;
2;25;146;5;NAVES;;;;;
2;25;146;6;PEGUEROLES;;;;;
2;25;146;7;LA SELVA;;;;;
2;25;146;8;TENTELLATGE;;;;;
2;25;146;9;VALLDORA;;;;;
2;25;148;1;CAMBRILS;;;;;
2;25;148;2;CANALDA;;;;;
2;25;148;3;ODEN;;;;;
2;25;148;4;LA VALLDAN;;;;;
2;25;148;5;LLINAS;;;;;
2;25;148;6;MONT-NOU;;;;;
2;25;148;7;LA MORA COMTAL;;;;;
2;25;148;8;RACO;;;;;
2;25;148;9;SALZER;;;;;
2;25;149;1;LES ANOVES;;;;;
2;25;149;2;EL CASTELL;;;;;
2;25;149;3;OLIANA;;;;;
2;25;150;1;CLARET;;;;;
2;25;150;2;COSCO;;;;;
2;25;150;3;EL GOS;;;;;
2;25;150;4;OLIOLA;;;;;
2;25;150;5;PLANDOGAU;;;;;
2;25;150;6;MARAVELLA;;;;;
2;25;150;7;RENANT;;;;;
2;25;150;8;LA SERRA DE DALT;;;;;
2;25;151;1;BRICS;;;;;
2;25;151;2;EL CASTELLVELL;;;;;
2;25;151;3;OLIUS;;;;;
2;25;151;4;EL PI DE SANT JUST;;;;;
2;25;152;1;MONTFALCO MURALLAT;;;;;
2;25;152;2;LES OLUGES;;;;;
2;25;152;3;SANTA FÉ;;;;;
2;25;153;1;ELS OMELLONS;;;;;
2;25;154;1;ELS OMELLS DE NA GAIA;;;;;
2;25;155;1;ORGANYA;;;;;
2;25;156;1;ALBEROLA;;;;;
2;25;156;2;GERB;;;;;
2;25;156;3;MONESTIR D'AVELLANES;;;;;
2;25;156;4;OS DE BALAGUER;;;;;
2;25;157;1;BELLVER D'OSSO;;;;;
2;25;157;2;CASTELLNOU D'OSSO;;;;;
2;25;157;3;MONTFALCO D'AGRAMUNT;;;;;
2;25;157;4;OSSO DE SIO;;;;;
2;25;158;1;EL PALAU D'ANGLESOLA;;;;;
2;25;161;1;ARAMUNT;;;;;
2;25;161;2;CLAVEROL;;;;;
2;25;161;3;ERINYA;;;;;
2;25;161;5;HORTONEDA;;;;;
2;25;161;6;PESSONADA;;;;;
2;25;161;7;EL PONT DE CLAVEROL;;;;;
2;25;161;8;RIVERT;;;;;
2;25;161;9;SANT MARTI DE CANALS;;;;;
2;25;161;10;SERRADELL;;;;;
2;25;161;11;SOSSIS;;;;;
2;25;161;12;TORALLA;;;;;
2;25;161;13;TORALLOLA;;;;;
2;25;163;1;LA COMA;;;;;
2;25;163;2;LA PEDRA;;;;;
2;25;163;3;PORT DEL COMTE;;;;;
2;25;164;1;ALMASSOR;;;;;
2;25;164;2;BELLESTART;;;;;
2;25;164;3;EL CASTELL DEL REMEI;;;;;
2;25;164;4;ELS FALCONS;;;;;
2;25;164;5;PENELLES;;;;;
2;25;164;6;TORRENERAL;;;;;
2;25;165;1;CASTELLEBRE;;;;;
2;25;165;2;CORTIUDA;;;;;
2;25;165;3;NUNCARGA;;;;;
2;25;165;4;PERAMOLA;;;;;
2;25;165;5;TRAGO;;;;;
2;25;166;1;MADRONA;;;;;
2;25;166;2;MIRAVE;;;;;
2;25;166;3;PINELL;;;;;
2;25;166;4;SALLENT;;;;;
2;25;166;5;SANT CLIMENÇ;;;;;
2;25;167;1;ARDEVOL;;;;;
2;25;167;2;MATAMARGO;;;;;
2;25;167;3;PINOS;;;;;
2;25;167;4;SANT JUST D'ARDEVOL;;;;;
2;25;167;5;VALLMANYA;;;;;
2;25;168;1;EL POAL ;;;;;
2;25;169;1;LA POBLA DE CERVOLES;;;;;
2;25;170;1;BELLAGUARDA;;;;;
2;25;171;1;LA POBLA DE SEGUR;;;;;
2;25;171;2;PUIGMANYONS;;;;;
2;25;171;3;SANT JOAN DE VINYAFRESCAL;;;;;
2;25;171;4;MONTSOR;;;;;
2;25;172;1;PONTS;;;;;
2;25;172;2;TOREBLANCA;;;;;
2;25;172;3;LA FORÇA;;;;;
2;25;172;4;EL TOSSAL;;;;;
2;25;173;1;ABELLA D'ADONS;;;;;
2;25;173;2;ADONS;;;;;
2;25;173;3;LES BOSDES;;;;;
2;25;173;5;CASOS;;;;;
2;25;173;6;CASTELLO DE TOR;;;;;
2;25;173;7;ERTA;;;;;
2;25;173;8;GOTARTA;;;;;
2;25;173;9;IGUERRI;;;;;
2;25;173;10;IRAN;;;;;
2;25;173;11;IRGO;;;;;
2;25;173;12;LLESP;;;;;
2;25;173;13;MALPAS;;;;;
2;25;173;14;PERANERA;;;;;
2;25;173;15;PERVES;;;;;
2;25;173;16;EL PORT DE SUERT;;;;;
2;25;173;17;SARROQUETA;;;;;
2;25;173;18;VENTOLA;;;;;
2;25;173;19;VIU DE LLEVATA;;;;;
2;25;173;20;LA BEGUDA D'ADONS;;;;;
2;25;173;21;CORRONCUI;;;;;
2;25;173;22;ERILLCASTELL;;;;;
2;25;173;23;ESPERAN;;;;;
2;25;173;25;PINYANA;;;;;
2;25;173;26;VIUET;;;;;
2;25;173;27;CASTELLAS;;;;;
2;25;174;1;LA PORTELLA;;;;;
2;25;175;1;PRATS;;;;;
2;25;175;2;SANSOR;;;;;
2;25;175;3;CAPDEVILLA;;;;;
2;25;175;4;EL PLA;;;;;
2;25;176;1;PREIXANA;;;;;
2;25;176;2;PREIXENS;;;;;
2;25;176;3;LES VENTOSES;;;;;
2;25;177;0;NO DETERMINADA;;;;;
2;25;179;1;ARDOVOL;;;;;
2;25;179;2;PRULLANS;;;;;
2;25;179;3;AMBRET;;;;;
2;25;179;4;LA BASTIDA;;;;;
2;25;179;5;LA CLOTA;;;;;
2;25;179;6;NARVILS;;;;;
2;25;179;7;OREN;;;;;
2;25;179;8;LA SERRA;;;;;
2;25;179;9;EL TARTE;;;;;
2;25;179;10;SATANUT;;;;;
2;25;180;1;PUIGGROS;;;;;
2;25;181;1;PUIGVERD D'AGRAMUNT;;;;;
2;25;182;1;PUIGVERD DE LLEIDA;;;;;
2;25;183;1;BERANI;;;;;
2;25;183;2;CAREGUE;;;;;
2;25;183;3;ESCAS;;;;;
2;25;183;4;RIALP;;;;;
2;25;183;5;RODES;;;;;
2;25;183;6;RONI;;;;;
2;25;183;7;SURP;;;;;
2;25;185;1;ADRALL;;;;;
2;25;185;2;ARFA;;;;;
2;25;185;3;LES BORDES D'ARFA;;;;;
2;25;185;4;CASTELLAR DE TOST;;;;;
2;25;185;5;LA COMA;;;;;
2;25;185;6;LA FREITA;;;;;
2;25;185;7;ELS HOSTALETS;;;;;
2;25;185;8;MONTAN DE TOST;;;;;
2;25;185;9;NAVINES;;;;;
2;25;185;10;LA PARROQUIA D'HORTO;;;;;
2;25;185;11;EL PLA DE SANT TIRS;;;;;
2;25;185;12;SANT PERE CODINET;;;;;
2;25;185;13;SAUBANYA;;;;;
2;25;185;14;TORA DE TOST;;;;;
2;25;185;15;GRAMOS;;;;;
2;25;185;16;TOST;;;;;
2;25;186;1;FREIXINET;;;;;
2;25;186;2;EL MIRACLE;;;;;
2;25;186;3;RINER;;;;;
2;25;186;4;SANASUSAGNA;;;;;
2;25;186;5;SU;;;;;
2;25;189;1;COLONIA AL-KANIS;;;;;
2;25;189;2;PAPELERA ALIER S.A.;;;;;
2;25;189;3;ROSSELLO;;;;;
2;25;189;4;CAMINO ALMACELLAS;;;;;
2;25;189;5;LA NOGUERA;;;;;
2;25;189;6;LA TOSA;;;;;
2;25;190;1;SALAS DE PALLARS;;;;;
2;25;190;2;SENSUI;;;;;
2;25;191;1;SANAUJA;;;;;
2;25;192;1;EL CASTELL DE SANTA MARÍA;;;;;
2;25;192;2;FREIXENET DE SEGARRA;;;;;
2;25;192;3;LA RABASSA;;;;;
2;25;192;4;SANT GUIM DE FREIXENET;;;;;
2;25;192;5;SANT GUIM DE LA RABASSA;;;;;
2;25;192;6;SANT DOMI;;;;;
2;25;192;7;LA TALLADA;;;;;
2;25;192;8;ALTADILL;;;;;
2;25;192;9;AMOROS;;;;;
2;25;192;10;MELIO;;;;;
2;25;192;11;PALAMOS;;;;;
2;25;193;1;SANT LLORENÇ DE MORUNYS;;;;;
2;25;194;1;GOSPI;;;;;
2;25;194;2;PORTELL;;;;;
2;25;194;3;SANT RAMON;;;;;
2;25;194;4;VIVER DE SEGARRA;;;;;
2;25;196;1;L'ALSINA;;;;;
2;25;196;2;ALSAMORA;;;;;
2;25;196;3;BENIURE;;;;;
2;25;196;4;CASTELLNOU DE MONTSEC;;;;;
2;25;196;5;LA CLUA;;;;;
2;25;196;6;ESTORM;;;;;
2;25;196;7;MORO;;;;;
2;25;196;8;SANT ESTEVE DE LA SARGA;;;;;
2;25;196;9;LA TORRE D'AMARGOS;;;;;
2;25;196;10;LA AGUSTINA;;;;;
2;25;197;1;COMABELLA;;;;;
2;25;197;2;SANT GUIM DE LA PLANA;;;;;
2;25;197;3;VICFRED;;;;;
2;25;200;1;SARROCA DE LLEIDA;;;;;
2;25;201;1;AVELLONAS;;;;;
2;25;201;2;LA BASTIDA DE BELLERA;;;;;
2;25;201;3;BENES;;;;;
2;25;201;4;BUIRA;;;;;
2;25;201;5;CATELLNOU D'AVELLANOS;;;;;
2;25;201;6;ERDO;;;;;
2;25;201;7;LES ESGLESIES;;;;;
2;25;201;8;MANYANET;;;;;
2;25;201;9;EL MENSULL;;;;;
2;25;201;10;LA MOLA D'AMUNT;;;;;
2;25;201;11;SANTA COLOMA;;;;;
2;25;201;12;SARROCA DE BELLERA;;;;;
2;25;201;13;SAS;;;;;
2;25;201;14;SENTIS;;;;;
2;25;201;15;VILELLA;;;;;
2;25;201;16;XERALLO;;;;;
2;25;201;17;VILANCOS;;;;;
2;25;202;1;BURGUET;;;;;
2;25;202;2;CADOLLA;;;;;
2;25;202;3;CERVOLES;;;;;
2;25;202;4;LAREN;;;;;
2;25;202;5;LLUSA;;;;;
2;25;202;6;NAENS;;;;;
2;25;202;7;PUIGCERVER;;;;;
2;25;202;8;REGUARD;;;;;
2;25;202;9;SENTERADA;;;;;
2;25;203;1;POBLE SEC;;;;;
2;25;203;2;CASTELLCIUTAT;;;;;
2;25;203;4;SANT ANTONI;;;;;
2;25;203;5;SANT PERE;;;;;
2;25;203;6;SANTA MAGDALENA;;;;;
2;25;203;8;LA SEU D'URGELL;;;;;
2;25;203;10;SERRAT DE LA CAPELLA;;;;;
2;25;204;1;SERÓS;;;;;
2;25;205;1;SIDAMON;;;;;
2;25;206;1;EL SOLERAS;;;;;
2;25;207;1;SOLSONA;;;;;
2;25;208;1;ARCALIS;;;;;
2;25;208;2;BARO;;;;;
2;25;208;3;EMBONUI;;;;;
2;25;208;4;ESCOS;;;;;
2;25;208;5;ESTACH;;;;;
2;25;208;6;LES LAGUNES;;;;;
2;25;208;7;MALMERCAT;;;;;
2;25;208;8;MENCUI;;;;;
2;25;208;9;PUIGFORNIU;;;;;
2;25;208;10;RUBIO;;;;;
2;25;208;11;SORIGUERA;;;;;
2;25;208;12;TORNAFORT;;;;;
2;25;208;13;VILAMUR;;;;;
2;25;208;14;SABARNEDA;;;;;
2;25;208;15;FREIXA;;;;;
2;25;208;16;LLAVANES;;;;;
2;25;209;1;ALTRON;;;;;
2;25;209;2;LA BASTIDA;;;;;
2;25;209;3;BERNUI;;;;;
2;25;209;4;BRESSUI;;;;;
2;25;209;5;ENVINY;;;;;
2;25;209;6;LLARVEN;;;;;
2;25;209;7;LLESSUI;;;;;
2;25;209;8;MONTARDIT DE BAIX;;;;;
2;25;209;9;OLP;;;;;
2;25;209;11;EL PUJALT;;;;;
2;25;209;12;MONTARDIT DE BAIX;;;;;
2;25;209;13;SEURI;;;;;
2;25;209;14;SORRE;;;;;
2;25;209;15;SORT;;;;;
2;25;209;16;CASTELLVINY;;;;;
2;25;210;1;SOSES;;;;;
2;25;211;1;SUDANELL;;;;;
2;25;212;1;SUNYER;;;;;
2;25;215;1;TALARN;;;;;
2;25;215;2;ACAD.G.BASICA SUBOFICIALES;;;;;
2;25;215;3;CENTRAL FECSA-NERETS;;;;;
2;25;216;1;BELLMUNT;;;;;
2;25;216;2;CIVIT;;;;;
2;25;216;3;PALLEROLS;;;;;
2;25;216;4;PAVIA;;;;;
2;25;216;5;TALAVERA;;;;;
2;25;216;6;SURO;;;;;
2;25;217;1;ALTET;;;;;
2;25;217;2;CLARAVALLS;;;;;
2;25;217;4;LA FIGUEROSA;;;;;
2;25;217;5;RIUDOVELLES;;;;;
2;25;217;6;STA.MªDE MONTMAGASTRELL;;;;;
2;25;217;7;EL TALLADELL;;;;;
2;25;217;8;TARREGA;;;;;
2;25;218;1;TARRES;;;;;
2;25;219;1;TARROJA DE SEGARRA;;;;;
2;25;220;1;TERMENS;;;;;
2;25;221;1;TIRVIA;;;;;
2;25;221;3;LA BANA;;;;;
2;25;221;4;TERVEU;;;;;
2;25;222;1;MIRALEIX;;;;;
2;25;222;2;TIURANA;;;;;
2;25;223;1;CELLERS;;;;;
2;25;223;2;CLARET;;;;;
2;25;223;3;FONTANET;;;;;
2;25;223;4;LLANERA;;;;;
2;25;223;5;S.SERNI DE LLANERA;;;;;
2;25;223;6;TORA;;;;;
2;25;223;7;VALLFEROSA;;;;;
2;25;224;1;ELS TORMS;;;;;
2;25;225;1;LA GUARDIA;;;;;
2;25;225;2;ELTARROS;;;;;
2;25;225;3;TORNABOUS;;;;;
2;25;226;1;TORREBESSES;;;;;
2;25;227;1;AGUIRO;;;;;
2;25;227;2;AIGUABELLA;;;;;
2;25;227;3;ANTIST;;;;;
2;25;227;4;ASTELL;;;;;
2;25;227;5;BERANUI;;;;;
2;25;227;6;CAPDELLA;;;;;
2;25;227;7;CATELLESTAO;;;;;
2;25;227;8;MOLINOS;;;;;
2;25;227;9;EMBALL;;;;;
2;25;227;10;ESPUI;;;;;
2;25;227;11;ESTAVILL;;;;;
2;25;227;12;MONT-ROS;;;;;
2;25;227;13;OVEIX;;;;;
2;25;227;14;PAULS DE FLAMICELL;;;;;
2;25;227;15;LA PLANA DE MONT-ROS;;;;;
2;25;227;16;POBELLA;;;;;
2;25;227;17;LA POBLETA DE BELLVEI;;;;;
2;25;227;18;LA TORRE DE CABDELLA;;;;;
2;25;227;19;LA CENTRAL DE CAPDELLA;;;;;
2;25;228;1;MALPARTIT;;;;;
2;25;228;2;TORREFARRERA;;;;;
2;25;228;3;LES COMES;;;;;
2;25;228;4;CORTXAT;;;;;
2;25;228;5;PLA DE LA PONA;;;;;
2;25;228;6;RACONADA;;;;;
2;25;228;7;SALATS;;;;;
2;25;228;8;TOSSAL;;;;;
2;25;230;1;TORREGROSSA;;;;;
2;25;231;1;TORRELAMEU;;;;;
2;25;232;1;TORRES DE SEGRE;;;;;
2;25;232;2;UTXESA;;;;;
2;25;233;1;TORRE-SERONA;;;;;
2;25;234;1;AULAS;;;;;
2;25;234;2;EL CASTELLET;;;;;
2;25;234;3;CASTISSENT;;;;;
2;25;234;4;CLARAMUNT;;;;;
2;25;234;5;CLARET;;;;;
2;25;234;6;EROLES;;;;;
2;25;234;7;ESCARLA;;;;;
2;25;234;8;ESPILLS;;;;;
2;25;234;9;ESPLUGA DE SERRA;;;;;
2;25;234;10;ESPLUGAFREDA;;;;;
2;25;234;11;FIGOLS DE TREMP;;;;;
2;25;234;12;GURP;;;;;
2;25;234;13;ELS MASOS DE TAMURCIA;;;;;
2;25;234;14;EL PONT D'ORRIT;;;;;
2;25;234;15;PALAU DE NOGUERA;;;;;
2;25;234;16;PUIGCERCOS;;;;;
2;25;234;17;PUIGVERD;;;;;
2;25;234;18;SANT ADRIA;;;;;
2;25;234;19;SANTA ENGRACIA;;;;;
2;25;234;20;SAPEIRA;;;;;
2;25;234;21;SUTERRANYA;;;;;
2;25;234;22;TENDRUI;;;;;
2;25;234;23;TERCUI;;;;;
2;25;234;24;TOROGO;;;;;
2;25;234;25;LA TORRE DE TAMURCIA;;;;;
2;25;234;26;TREMP;;;;;
2;25;234;27;VILAMITJANA;;;;;
2;25;234;28;ACAD.GRAL.BÁSICA;;;;;
2;25;234;29;CASTERNER DE LES OLLES;;;;;
2;25;238;1;MONTBLANQUET;;;;;
2;25;238;2;ROCALLAURA;;;;;
2;25;238;3;VALLBONA DE LES MONGES;;;;;
2;25;239;1;ANSERRALL;;;;;
2;25;239;2;ARCAVELL;;;;;
2;25;239;3;ARDUIX;;;;;
2;25;239;4;ARGOLELL;;;;;
2;25;239;5;ARS;;;;;
2;25;239;6;ASNURRI;;;;;
2;25;239;7;BAIXOS DE CALBINYA;;;;;
2;25;239;8;BESCARAN;;;;;
2;25;239;9;CALBINYA;;;;;
2;25;239;10;CIVIS;;;;;
2;25;239;11;LA FARGA DE MOLES;;;;;
2;25;239;12;OS DE CIVIS;;;;;
2;25;239;13;SANT ANTONI;;;;;
2;25;239;14;SANT JOAN FUMAT;;;;;
2;25;239;15;SANT PERE;;;;;
2;25;240;2;L'HOSTAL NOU;;;;;
2;25;240;3;LA RAPITA;;;;;
2;25;240;4;VALLFOGONA DE BALAGUER;;;;;
2;25;242;1;VERDU;;;;;
2;25;243;1;ARROS;;;;;
2;25;243;2;AUBERT;;;;;
2;25;243;3;BETLAN;;;;;
2;25;243;4;BETREN;;;;;
2;25;243;5;CASARILH;;;;;
2;25;243;6;CASAU;;;;;
2;25;243;7;ESCUNHAU;;;;;
2;25;243;8;GAUSAC;;;;;
2;25;243;9;MONT;;;;;
2;25;243;10;MONTCORBAU;;;;;
2;25;243;11;VIELHA;;;;;
2;25;243;12;VILA;;;;;
2;25;243;13;VILAC;;;;;
2;25;244;1;VILAGRASSA;;;;;
2;25;245;1;SENET;;;;;
2;25;245;2;VILALLER;;;;;
2;25;247;1;VILAMOS;;;;;
2;25;247;2;ERA BORDETA;;;;;
2;25;248;1;VILLANOVA DE BELLPUIG;;;;;
2;25;249;1;L'ALZINA;;;;;
2;25;249;2;GUARDIOLA;;;;;
2;25;249;3;RIBELLES;;;;;
2;25;249;4;VILALTA;;;;;
2;25;249;5;VILANOVA DE L'AGUDA;;;;;
2;25;250;1;ARGENTERA;;;;;
2;25;250;2;BOADA;;;;;
2;25;250;3;GARZOLA;;;;;
2;25;250;4;LLUÇARS;;;;;
2;25;250;5;SANTA MARIA DE MEIA;;;;;
2;25;250;6;TORREC;;;;;
2;25;250;7;VILANOVA DE MEIA;;;;;
2;25;251;1;VILANOVA DE SEGRIA;;;;;
2;25;251;2;RAMON VILALTA I SOLE;;;;;
2;25;251;3;SECA DE TABAC;;;;;
2;25;252;1;VILA-SANA;;;;;
2;25;253;1;EL VILOSELL;;;;;
2;25;254;1;VILANOVA DE LA BARCA;;;;;
2;25;255;1;VINAIXA;;;;;
2;25;901;1;AINET DE CARDOS;;;;;
2;25;901;2;ANAS;;;;;
2;25;901;3;BONESTARRE;;;;;
2;25;901;4;CASSIBROS;;;;;
2;25;901;5;ESTAON;;;;;
2;25;901;6;LLADROS;;;;;
2;25;901;7;RIBERA DE CARDOS;;;;;
2;25;901;8;SURRI;;;;;
2;25;902;1;LLORENS DE ROCAFORT;;;;;
2;25;902;2;ROCAFORT DE VALLBONA;;;;;
2;25;902;3;SANT MARTI DE MALDA;;;;;
2;25;902;4;EL VILET;;;;;
2;25;903;1;BERROS JUSSA;;;;;
2;25;903;2;BURGO;;;;;
2;25;903;3;DORVE;;;;;
2;25;903;4;ESCALARRE;;;;;
2;25;903;5;ESCALO;;;;;
2;25;903;6;ESCART;;;;;
2;25;903;7;ESTARON;;;;;
2;25;903;8;GAVAS;;;;;
2;25;903;9;LA GUINGUETA;;;;;
2;25;903;10;JOU;;;;;
2;25;903;11;LLAVORRE;;;;;
2;25;903;12;CERBI;;;;;
2;25;903;13;UNARRE;;;;;
2;25;904;1;COLLMORTER;;;;;
2;25;904;2;GUARDIA DE NOGUERA;;;;;
2;25;904;3;EL MEULL;;;;;
2;25;904;4;SANTA LLUCIA DE MUR;;;;;
2;25;904;5;PUIGMAÇANA;;;;;
2;25;904;6;CELLERS;;;;;
2;25;904;7;VILAMOLAT DE MUR;;;;;
2;25;904;8;MUR;;;;;
2;25;905;1;BRIANÇO;;;;;
2;25;905;2;LA SISQUELLA;;;;;
2;25;905;3;GRAMUNTELL;;;;;
2;25;905;4;ELS HOSTALETS;;;;;
2;25;905;5;LLINDARS;;;;;
2;25;905;6;MAS CLARET;;;;;
2;25;905;7;MONTFAR;;;;;
2;25;905;8;MONTLLEO;;;;;
2;25;905;9;MONTPALAU;;;;;
2;25;905;10;POMAR;;;;;
2;25;905;11;RUBINAT;;;;;
2;25;905;12;SANT ANTOLI I VILANOVA;;;;;
2;25;905;13;SANT PERE DELS ARQUELLS;;;;;
2;25;906;1;ARGESTUES;;;;;
2;25;906;2;BELLPUI;;;;;
2;25;906;3;BEREN;;;;;
2;25;906;4;BISCARBO;;;;;
2;25;906;5;CASTELLAS;;;;;
2;25;906;6;ELS CASTELLS;;;;;
2;25;906;7;ESPAEN;;;;;
2;25;906;8;LA GUARDIA D'ARES;;;;;
2;25;906;9;JUNYENT;;;;;
2;25;906;10;MIRAVALL;;;;;
2;25;906;11;NOVES DE SEGRE;;;;;
2;25;906;12;TAUS;;;;;
2;25;906;13;TREJUVELL;;;;;
2;25;907;1;EL FAR;;;;;
2;25;907;2;BELLVEI;;;;;
2;25;907;3;CASTELLMEJA;;;;;
2;25;907;4;SEDO;;;;;
2;25;907;5;FLOREJACS;;;;;
2;25;907;6;GRA;;;;;
2;25;907;7;EL LLOR;;;;;
2;25;907;8;LA MORANA;;;;;
2;25;907;9;PALOU;;;;;
2;25;907;10;RIBER;;;;;
2;25;907;11;SELVANERA;;;;;
2;25;907;12;SANT MARTI DE LA MORANA;;;;;
2;25;907;13;TORREFETA;;;;;
2;25;907;14;LES CASES DE LA SERRA;;;;;
2;25;907;15;GRANOLLERS;;;;;
2;25;908;1;ALINYA;;;;;
2;25;908;2;ALZINA D'ALINYA;;;;;
2;25;908;3;CANELLES;;;;;
2;25;908;4;FIGOLS;;;;;
2;25;908;7;PERLES;;;;;
2;25;909;1;ADRAEN;;;;;
2;25;909;2;LA BARCELONETA;;;;;
2;25;909;3;COLLDARNART;;;;;
2;25;909;4;CORNELLANA;;;;;
2;25;909;5;FORNOLS;;;;;
2;25;909;6;MONTARGULL;;;;;
2;25;909;7;OSSERA;;;;;
2;25;909;8;SANT PERE;;;;;
2;25;909;9;SISQUER;;;;;
2;25;909;10;SORRIBES;;;;;
2;25;909;11;PADRINAS;;;;;
2;25;910;1;JOSA DE CADI;;;;;
2;25;910;2;TUIXENT;;;;;
2;25;911;1;L'ARANYO;;;;;
2;25;911;2;EL CANOS;;;;;
2;25;911;3;SISTERO;;;;;
2;25;911;4;CONCABELLA;;;;;
2;25;911;5;HOSTAFRANCS;;;;;
2;25;911;6;MOLLE;;;;;
2;25;911;7;MONTCORTES;;;;;
2;25;911;8;MONT-ROIG;;;;;
2;25;911;9;ELS PALLARGUES;;;;;
2;25;911;10;PELAGALLS;;;;;
2;25;911;11;RATERA;;;;;
2;25;912;1;GIMENELLS;;;;;
2;25;912;2;PLA DE LA FONT;;;;;
2;25;912;3;SANTA MARIA DE GIMENELLS;;;;;
2;25;913;1;RIU DE CERDANYA;;;;;
2;25;998;0;NO DETERMINADA;;;;;
2;25;999;0;NO DETERMINADA;;;;;
2;43;1;1;AIGUAMURCIA;;;;;
2;43;1;2;L'ALBA;;;;;
2;43;1;3;LES ORDRES;;;;;
2;43;1;4;PLA DE MANLLEU;;;;;
2;43;1;5;LA PLANETA;;;;;
2;43;1;6;LES POBLES;;;;;
2;43;1;7;SANTES CREUS;;;;;
2;43;1;8;URB DE LES MANANTIALS;;;;;
2;43;1;9;URB MAS D'EN PARES;;;;;
2;43;2;1;ALBINYANA;;;;;
2;43;2;2;LES PECES;;;;;
2;43;2;3;BONATERRA I;;;;;
2;43;2;4;BONATERRA II;;;;;
2;43;2;5;MASIES DEL TORRENT;;;;;
2;43;2;6;MOLI DEL BLANQUILLO;;;;;
2;43;2;7;LA PAPIOLA;;;;;
2;43;3;1;L'ALBIOL;;;;;
2;43;3;2;BONRETORN;;;;;
2;43;3;3;MASIES CATALANES;;;;;
2;43;3;5;VILLA SAN FRANCISCO;;;;;
2;43;4;1;ALCANAR;;;;;
2;43;4;2;ALCANAR-PLATJA;;;;;
2;43;4;3;LES CASES D'ALCANAR;;;;;
2;43;4;4;LA SELLETA;;;;;
2;43;5;1;ALCOVER;;;;;
2;43;5;3;LA PLANA;;;;;
2;43;5;6;LA CABANA;;;;;
2;43;5;7;MASIES CATALANES;;;;;
2;43;5;8;RESIDENCIAL REMEI;;;;;
2;43;5;9;SERRADALT;;;;;
2;43;5;10;LA BURQUERA;;;;;
2;43;5;11;CAMI DELS MUNTANYANTS;;;;;
2;43;5;12;MAS GASSOL;;;;;
2;43;6;1;ALDOVER;;;;;
2;43;7;1;L'ALEIXAR;;;;;
2;43;8;1;ALFARA DE CARLES;;;;;
2;43;9;1;ALFORJA;;;;;
2;43;9;2;BARQUERES;;;;;
2;43;9;3;GARRIGOTS;;;;;
2;43;9;4;MAS D L'ALEU;;;;;
2;43;9;5;PORTUGAL;;;;;
2;43;9;6;SANT ANTONI;;;;;
2;43;9;7;SERVIANS;;;;;
2;43;10;1;ALIO;;;;;
2;43;11;1;ALMOSTER;;;;;
2;43;11;2;PUNTARRONS;;;;;
2;43;11;4;PICARANY;;;;;
2;43;11;5;CASTELLMOSTER;;;;;
2;43;12;1;ALTAFULLA;;;;;
2;43;12;3;BRISES DEL MAR;;;;;
2;43;13;3;L'AMETLLA DE MAR;;;;;
2;43;14;1;AMPOSTA;;;;;
2;43;14;2;BALADA;;;;;
2;43;14;3;FAVARET;;;;;
2;43;14;11;POBLE NOU DEL DELTA;;;;;
2;43;14;12;EUCALIPTUS;;;;;
2;43;15;1;ARBOLI;;;;;
2;43;16;1;L'ARBOÇ;;;;;
2;43;16;2;CAN VIES;;;;;
2;43;16;3;CASETES DE PUIGMOLTO;;;;;
2;43;16;4;LA LLACUNETA;;;;;
2;43;17;1;L'ARGENTERA;;;;;
2;43;17;2;LA SORT;;;;;
2;43;18;1;ARNES;;;;;
2;43;19;1;ASCO;;;;;
2;43;20;1;BANYERES DEL PENEDES ;;;;;
2;43;20;2;BARRI DE SAIFORES;;;;;
2;43;20;3;MASIES DE SANT MIQUEL;;;;;
2;43;20;4;ZONA RESIDENCIAL BOSCOS;;;;;
2;43;20;5;URBANITZACIO CASA ROJA;;;;;
2;43;20;6;PRIORAT DE BANYERES;;;;;
2;43;21;1;BARBERA DE LA CONCA;;;;;
2;43;21;2;OLLERS;;;;;
2;43;22;1;BATEA;;;;;
2;43;23;1;BELLMUNT DEL PRIORAT;;;;;
2;43;24;2;BELLVEI;;;;;
2;43;25;1;BENIFALLET;;;;;
2;43;26;1;BENISSANET;;;;;
2;43;27;1;LA BISBAL DE FALSET;;;;;
2;43;28;1;LA BISBAL DEL PENEDES;;;;;
2;43;28;2;CAN GORDEI;;;;;
2;43;28;3;L'ESPLAI DEL PENEDES;;;;;
2;43;28;4;LA MIRALBA;;;;;
2;43;28;5;L'ORTIGOS;;;;;
2;43;28;6;EL PAPAGAI;;;;;
2;43;28;7;LA PINEDA SANTA CRISTINA;;;;;
2;43;28;8;EL PRIORAT DE LA BISBAL;;;;;
2;43;28;9;LA MASIETA;;;;;
2;43;29;1;BLANCAFORT;;;;;
2;43;30;1;BONASTRE;;;;;
2;43;30;2;VINYA;;;;;
2;43;31;1;LES BORGES DEL CAMP;;;;;
2;43;32;1;BOT;;;;;
2;43;33;1;BOTARELL;;;;;
2;43;33;2;LES COSTES;;;;;
2;43;34;1;BRAFIM;;;;;
2;43;35;1;CABACES;;;;;
2;43;36;1;CABRA DEL CAMP;;;;;
2;43;36;2;MAS DEL PLATA;;;;;
2;43;36;3;MIRALCAMP-RESIDENCIAL;;;;;
2;43;36;4;CAN RUI;;;;;
2;43;37;1;BELLAMAR;;;;;
2;43;37;2;CALAFELL;;;;;
2;43;37;3;PLAYA DE CALAFELL;;;;;
2;43;37;4;SEGUR DE CALAFELL;;;;;
2;43;37;5;BONANOVA;;;;;
2;43;38;1;ARDIACA;;;;;
2;43;38;2;CAMBRILS;;;;;
2;43;38;3;LA LLOSA;;;;;
2;43;38;4;MAS D'EN BOSCH;;;;;
2;43;38;5;PARC SAMA;;;;;
2;43;38;6;VILAFORTUNY;;;;;
2;43;39;1;CAPAFONT;;;;;
2;43;40;1;CAPÇANES;;;;;
2;43;41;1;CASERES;;;;;
2;43;42;1;CASTELLVELL DEL CAMP;;;;;
2;43;42;2;PLANES DEL PUIG;;;;;
2;43;42;3;PUGETS;;;;;
2;43;42;4;SERRES;;;;;
2;43;42;5;FLOR DEL CAMP;;;;;
2;43;42;6;ARBOCERES;;;;;
2;43;42;7;CASTELLMOSTER;;;;;
2;43;42;8;EL PINAR IV FASE;;;;;
2;43;43;1;EL CATLLAR;;;;;
2;43;43;2;BONAIGUA;;;;;
2;43;43;3;BONAIRE;;;;;
2;43;43;4;COLL DE TAPIOLES;;;;;
2;43;43;5;LA CATIVERA;;;;;
2;43;43;6;ELS COCONS;;;;;
2;43;43;7;ESPLAI TARRAGONI;;;;;
2;43;43;8;MAS DE BLANC;;;;;
2;43;43;9;MAS DE CARGOL;;;;;
2;43;43;10;MAS DE VILET DELS PINS;;;;;
2;43;43;11;EL MEDOL;;;;;
2;43;43;12;PINALBERT;;;;;
2;43;43;13;MANOUS;;;;;
2;43;43;14;SANT ROC;;;;;
2;43;43;15;MAS DE COSME;;;;;
2;43;43;16;MAS DE GEREMBI;;;;;
2;43;43;17;MAS DE PANXE;;;;;
2;43;43;18;RESIDENCIAL 5 ESTRELLES;;;;;
2;43;43;19;SANTA TECLA;;;;;
2;43;44;1;LA SENIA;;;;;
2;43;44;2;ELS PLANS;;;;;
2;43;45;1;COLLDEJOU;;;;;
2;43;46;1;CONESA;;;;;
2;43;47;1;CONSTANTI;;;;;
2;43;48;1;CORBERA D'EBRE;;;;;
2;43;49;1;ALBARCA;;;;;
2;43;49;2;SIURANA;;;;;
2;43;49;3;CORNUDELLA DE MONTSANT;;;;;
2;43;50;1;CREIXELL;;;;;
2;43;50;2;LA COMA;;;;;
2;43;50;3;CREIXELL-MAR;;;;;
2;43;50;4;LES ERES;;;;;
2;43;50;5;MARINA DE CREIXELL;;;;;
2;43;50;6;LA MASSO;;;;;
2;43;50;7;LES MORISQUES;;;;;
2;43;50;8;LA PLANA;;;;;
2;43;50;9;PORT-ROMA;;;;;
2;43;50;10;RACO DEL CESAR;;;;;
2;43;50;11;LES SINIES;;;;;
2;43;51;1;CUNIT;;;;;
2;43;52;1;XERTA;;;;;
2;43;53;1;DUESAIGUES;;;;;
2;43;54;1;BALNEARI LES MASIES;;;;;
2;43;54;2;L'ESPLUGA DE FRANCOLI;;;;;
2;43;54;3;L'ESTACIO;;;;;
2;43;54;4;SANTISSIMA TRINITAT;;;;;
2;43;55;1;FALSET;;;;;
2;43;56;1;CAMPOSINES;;;;;
2;43;56;2;LA FATARELLA;;;;;
2;43;57;1;LA FEBRO;;;;;
2;43;58;1;LA FIGUERA;;;;;
2;43;59;1;FIGUEROLA DEL CAMP;;;;;
2;43;60;1;COLONIA FABRICA;;;;;
2;43;60;2;COMELLARETS;;;;;
2;43;60;3;FLIX;;;;;
2;43;61;1;FORES;;;;;
2;43;62;1;FREGINALS;;;;;
2;43;63;1;LA GALERA;;;;;
2;43;64;1;GANDESA;;;;;
2;43;65;1;GARCIA;;;;;
2;43;66;1;ELS GARIDELLS;;;;;
2;43;67;1;GINESTAR;;;;;
2;43;68;1;GODALL;;;;;
2;43;69;1;GRATALLOPS;;;;;
2;43;70;1;ELS GUIAMETS;;;;;
2;43;71;1;HORTA DE SANT JOAN;;;;;
2;43;71;2;MONCADES;;;;;
2;43;72;1;EL LLOAR;;;;;
2;43;73;1;LLORAC;;;;;
2;43;73;2;ALBIO;;;;;
2;43;73;3;LA CIRERA;;;;;
2;43;73;4;RAURIC;;;;;
2;43;74;1;LLORENÇ DEL PENEDES;;;;;
2;43;74;2;PRIORAT DE BANYERES;;;;;
2;43;75;1;MARGALEF;;;;;
2;43;76;1;LES COMES;;;;;
2;43;76;2;MARÇA;;;;;
2;43;76;3;EL VERINXELL;;;;;
2;43;77;1;MAS DE BARBERANS;;;;;
2;43;78;1;MASDENVERGE;;;;;
2;43;79;1;MASARBONES;;;;;
2;43;79;2;MASLLORENÇ;;;;;
2;43;79;3;FONT D'EN TALLO;;;;;
2;43;80;1;LA MASO;;;;;
2;43;81;1;MASPUJOLS;;;;;
2;43;81;2;ROCABRUNA;;;;;
2;43;82;1;EL MASROIG;;;;;
2;43;83;1;EL MILA;;;;;
2;43;84;1;MIRAVET;;;;;
2;43;85;1;EL MOLAR;;;;;
2;43;86;1;GUARDIA DELS PRATS;;;;;
2;43;86;2;LILLA;;;;;
2;43;86;3;MONTBLANC;;;;;
2;43;86;4;PINATELL;;;;;
2;43;86;5;PRENAFETA;;;;;
2;43;86;6;ROJALS;;;;;
2;43;88;1;MONTBRIO DEL CAMP;;;;;
2;43;89;1;MONTFERRI;;;;;
2;43;89;2;VILARDIDA;;;;;
2;43;90;1;AIGUAVIVA;;;;;
2;43;90;2;CANFERRE;;;;;
2;43;90;3;JUNCOSA DE MONTMELL;;;;;
2;43;90;4;MAS MATEU;;;;;
2;43;90;7;URBANITZACIO LA MOIXETA;;;;;
2;43;90;8;URBANITZACIO ATALAYA MEDITERRANEA;;;;;
2;43;90;9;URBANITZACIO EL MIRADOR DEL PENEDES;;;;;
2;43;90;10;URBANITZACIO PINEDAS ALTAS;;;;;
2;43;91;1;L'AIXABIGA;;;;;
2;43;91;2;EL BOSQUET;;;;;
2;43;91;3;LA CABRERA;;;;;
2;43;91;4;LA CARDENETA;;;;;
2;43;91;5;FARENA;;;;;
2;43;91;6;MONT-RAL;;;;;
2;43;92;1;MIAMI PLAYA;;;;;
2;43;92;2;MONT-ROIG DEL CAMP;;;;;
2;43;92;3;LES POBLES;;;;;
2;43;93;1;MORA D'EBRE;;;;;
2;43;94;1;MORA LA NOVA;;;;;
2;43;95;1;EL MORELL;;;;;
2;43;96;1;LA MORERA DE MONTSANT;;;;;
2;43;96;2;SCALA-DEI;;;;;
2;43;97;1;LA NOU DE GAIA;;;;;
2;43;98;1;BELLAVISTA;;;;;
2;43;98;2;CASAFORT;;;;;
2;43;98;3;NULLES;;;;;
2;43;99;1;LA PALMA D'EBRE;;;;;
2;43;100;3;HOSTALETS;;;;;
2;43;100;5;ELS PALLARESOS;;;;;
2;43;100;6;PALLARESOS PARK;;;;;
2;43;100;7;JARDINS IMPERI;;;;;
2;43;101;1;BELLTALL;;;;;
2;43;101;2;FONOLL;;;;;
2;43;101;3;GLORIETA;;;;;
2;43;101;4;PASSANANT;;;;;
2;43;101;5;POBLA DE FARRAN;;;;;
2;43;101;6;LA SALA;;;;;
2;43;102;1;PAULS;;;;;
2;43;103;1;PERAFORT;;;;;
2;43;103;2;PUIGDELFI;;;;;
2;43;104;2;EL PERELLO;;;;;
2;43;105;1;BIURE DE GAIA;;;;;
2;43;105;2;GUIALMONS;;;;;
2;43;105;3;LES PILES;;;;;
2;43;105;4;SANT GALLART;;;;;
2;43;106;1;EL PINELL DE BRAI;;;;;
2;43;107;1;PIRA;;;;;
2;43;108;1;EL PLA DE SANT MARIA;;;;;
2;43;109;1;LA POBLA DE MAFUMET;;;;;
2;43;110;1;LA POBLA DE MASSALUCA;;;;;
2;43;111;1;LA POBLA DE MONTORNES;;;;;
2;43;111;2;URBANITZACIO CASTELL DE MONTORNES;;;;;
2;43;111;3;URBANITZACIO POBLAMAR;;;;;
2;43;111;4;URBANITZACIO FLOR DE ALMENDRO;;;;;
2;43;111;5;URBANITZACIO EIXAMPLE-LLEVANT;;;;;
2;43;112;1;POBOLEDA;;;;;
2;43;113;1;EL PONT D'ARMENTERA;;;;;
2;43;114;1;PORRERA;;;;;
2;43;115;1;LA ESTACION;;;;;
2;43;115;2;PRADELL;;;;;
2;43;115;3;LA TORRE;;;;;
2;43;116;1;PRADES;;;;;
2;43;117;1;PRAT DE COMTE;;;;;
2;43;118;1;PLANAS DEL REY;;;;;
2;43;118;2;PRATDIP;;;;;
2;43;118;3;SANTA MARINA;;;;;
2;43;119;1;PUIGPELAT;;;;;
2;43;119;2;PARTIDA SANT JOAN DE RUANES;;;;;
2;43;119;3;URBANITZACIO ELS ARCS;;;;;
2;43;119;4;URBANITZACIO LA PLANELLA;;;;;
2;43;119;5;URBANITZACIO LES BOVERES;;;;;
2;43;120;2;ESBLADA;;;;;
2;43;120;3;QUEROL;;;;;
2;43;120;5;VALLDOSSERA;;;;;
2;43;121;1;RASQUERA;;;;;
2;43;122;1;RENAU;;;;;
2;43;123;6;REUS;;;;;
2;43;123;8;MAS CARPA;;;;;
2;43;123;9;PELAYO;;;;;
2;43;123;10;EL PINAR;;;;;
2;43;123;11;SANT JOAN;;;;;
2;43;123;12;SOL I VISTA;;;;;
2;43;124;1;LA RIBA;;;;;
2;43;124;2;LES HORTASSES;;;;;
2;43;125;1;RIBA-ROJA D'EBRE;;;;;
2;43;126;1;ARDENYA;;;;;
2;43;126;2;LA RIERA DE GAIA;;;;;
2;43;126;3;EL CASTELLOT;;;;;
2;43;126;4;CASAS DE VIRGILI;;;;;
2;43;126;5;URBANITZACIO RESIDENCIAL LA RIERA;;;;;
2;43;127;1;RIUDECANYES;;;;;
2;43;127;2;MAR DE RIUDECANYES;;;;;
2;43;127;3;MONTCLAR;;;;;
2;43;128;1;LES IRLES;;;;;
2;43;128;2;RIUDECOLS;;;;;
2;43;128;3;LES VOLTES;;;;;
2;43;128;4;URBANIZACION RIU-CLUB;;;;;
2;43;129;1;RIUDOMS;;;;;
2;43;130;1;ROCAFORT DE QUERALT;;;;;
2;43;131;1;RODA DE BARA;;;;;
2;43;131;2;ZONA COSTERA;;;;;
2;43;131;3;BARAMAR;;;;;
2;43;131;4;ENSANCHE RESIDENCIAL;;;;;
2;43;131;5;LA MARTORELLA;;;;;
2;43;132;1;RODONYA;;;;;
2;43;133;1;RAVAL DE CRISTO;;;;;
2;43;133;2;ROQUETES;;;;;
2;43;134;1;EL ROURELL;;;;;
2;43;135;1;SALOMO;;;;;
2;43;136;1;SALINES DE LA TRINITAT;;;;;
2;43;136;2;SANT CARLES DE LA RAPITA;;;;;
2;43;137;1;LA CARRONYA;;;;;
2;43;137;2;CORNNUDELLA;;;;;
2;43;137;3;L'HOSTAL;;;;;
2;43;137;4;LLETGER;;;;;
2;43;137;5;EL PAPIOLET;;;;;
2;43;137;6;SANT JAUME DELS DOMENYS;;;;;
2;43;137;7;LA TORREGASSA;;;;;
2;43;137;8;L'ARQUET;;;;;
2;43;137;9;ELS ARQUETS;;;;;
2;43;137;10;EL PAPAGAI;;;;;
2;43;138;1;SANTA BARBARA;;;;;
2;43;139;1;AGUILO;;;;;
2;43;139;2;LA POBLA;;;;;
2;43;139;3;LES ROQUES;;;;;
2;43;139;4;SANTA COLOMA DE QUERALT;;;;;
2;43;140;1;CAMI MOLINS;;;;;
2;43;140;2;RESIDENCIAL SANT JORDI;;;;;
2;43;140;3;SANTA OLIVA;;;;;
2;43;140;5;LES PEDRERES;;;;;
2;43;140;6;CARRETERA VENDRELL;;;;;
2;43;140;8;L'ARBORNAR;;;;;
2;43;140;9;MOLI D'EN SERRA;;;;;
2;43;141;1;PONTILS;;;;;
2;43;141;2;SANT MAGI DE ROCAMORA;;;;;
2;43;141;3;SANTA PERPETUA DE GAIA;;;;;
2;43;141;4;SEGUER;;;;;
2;43;141;5;VALLESPINOSA;;;;;
2;43;141;6;VILADEPERDIUS;;;;;
2;43;141;7;VALLDEPERES;;;;;
2;43;142;1;MONTBRIO DE LA MARCA;;;;;
2;43;142;2;SARRAL;;;;;
2;43;142;3;VALLVERD;;;;;
2;43;143;1;BARRI DE SEGURA;;;;;
2;43;143;2;SAVALLA DEL COMTAT;;;;;
2;43;144;1;L'ARGILAGA;;;;;
2;43;144;2;LES GUNYOLES;;;;;
2;43;144;3;SANT ROC;;;;;
2;43;144;4;LA SECUITA;;;;;
2;43;144;5;VISTABELLA;;;;;
2;43;145;1;PARET-DELGADA;;;;;
2;43;145;2;SANT PERE;;;;;
2;43;145;3;LA SELVA DEL CAMP;;;;;
2;43;146;1;SENAN;;;;;
2;43;147;1;SOLIVELLA;;;;;
2;43;148;1;BONAVISTA;;;;;
2;43;148;2;CAMPSA;;;;;
2;43;148;3;LA CANONJA;;;;;
2;43;148;4;FERRAN;;;;;
2;43;148;5;MONNARS;;;;;
2;43;148;6;ELS MONTGONS;;;;;
2;43;148;7;L'OLIVA;;;;;
2;43;148;8;LES PINEDES;;;;;
2;43;148;9;ARRABASSADA I SAVINOSA;;;;;
2;43;148;10;SANT PERE I SANT PAU;;;;;
2;43;148;11;SANT SALVADOR;;;;;
2;43;148;12;TAMARIT;;;;;
2;43;148;13;TARRAGONA;;;;;
2;43;148;14;TORREFORTA;;;;;
2;43;148;15;ELS BOSCOS DE TARRAGONA;;;;;
2;43;148;16;CALA ROMANA;;;;;
2;43;149;1;TIVENYS;;;;;
2;43;150;1;DARMOS;;;;;
2;43;150;2;LA SERRA D'ALMOS;;;;;
2;43;150;3;TIVISSA;;;;;
2;43;150;4;LLABERIA;;;;;
2;43;151;1;LA TORRE DE FONTAUBELLA;;;;;
2;43;152;1;LA TORRE DE L'ESPANYOL;;;;;
2;43;153;4;TORREDEMBARRA;;;;;
2;43;154;1;TORROJA DEL PRIORAT;;;;;
2;43;155;1;JESUS;;;;;
2;43;155;2;BITEM;;;;;
2;43;155;3;CAMPREDO;;;;;
2;43;155;14;ELS REGUERS;;;;;
2;43;155;16;TORTOSA;;;;;
2;43;155;17;VINALLOP;;;;;
2;43;156;1;EL CASTELL;;;;;
2;43;156;2;SANT JOAN DEL PAS;;;;;
2;43;156;3;ULLDECONA;;;;;
2;43;156;4;ELS VALENTINS;;;;;
2;43;156;5;LES VENTALLES;;;;;
2;43;156;6;LA MILIANA;;;;;
2;43;157;1;ULLDEMOLINS;;;;;
2;43;158;1;VALLCLARA;;;;;
2;43;159;1;VALLFOGONA DE RIUCORB;;;;;
2;43;160;1;VALLMOLL;;;;;
2;43;160;2;URBANITZACIO VALLMOLL-PARADIS;;;;;
2;43;161;1;FONTSCALDES;;;;;
2;43;161;2;MASMOLETS;;;;;
2;43;161;3;PICAMOIXONS;;;;;
2;43;161;4;VALLS;;;;;
2;43;162;1;L'HOSPITALET DE L'INFANT;;;;;
2;43;162;2;MASBOQUERA;;;;;
2;43;162;3;MASRIUDOMS;;;;;
2;43;162;4;VANDELLOS;;;;;
2;43;162;5;L'ALMADRAVA;;;;;
2;43;163;1;BARRI MARITIM DE SANT SALVADOR;;;;;
2;43;163;2;BARRI MARITIM DE COMARRUGA;;;;;
2;43;163;3;ESTACIO SANT VICENÇ DE CALDERS;;;;;
2;43;163;4;SANT VICENÇ DE CALDERS;;;;;
2;43;163;5;SECTOR DEL SANATORI;;;;;
2;43;163;6;EL VENDRELL;;;;;
2;43;163;7;BARRI MARITIM DEL FRANCAS;;;;;
2;43;164;1;MASOS DE VESPELLA;;;;;
2;43;164;2;VESPELLA;;;;;
2;43;164;3;SANT MIQUEL;;;;;
2;43;164;4;LA COMA;;;;;
2;43;165;1;VILABELLA;;;;;
2;43;166;1;VILALLONGA DEL CAMP;;;;;
2;43;167;1;ARBOSET;;;;;
2;43;167;2;VILANOVA D'ESCORNALBOU;;;;;
2;43;168;1;VILANOVA DE PRADES;;;;;
2;43;169;1;VILAPLANA;;;;;
2;43;170;1;VILARDIDA;;;;;
2;43;170;2;VILA-RODONA;;;;;
2;43;170;3;MAS D'EN BOSC;;;;;
2;43;171;1;LA PINEDA;;;;;
2;43;171;2;LA PLANA;;;;;
2;43;171;5;VILA-SECA;;;;;
2;43;172;1;VILAVERD;;;;;
2;43;173;1;LA VILELLA ALTA;;;;;
2;43;174;1;LA VILELLA BAIXA;;;;;
2;43;175;1;VILALBA DELS ARCS;;;;;
2;43;176;1;POBLET;;;;;
2;43;176;2;RIUDABELLA;;;;;
2;43;176;3;VIMBODI;;;;;
2;43;177;1;VINEBRE;;;;;
2;43;178;1;VINYOLS I ELS ARCS;;;;;
2;43;178;2;SANT JOAN DELS ARCS;;;;;
2;43;901;3;DELTEBRE;;;;;
2;43;902;1;ELS MUNTELLS;;;;;
2;43;902;2;SANT JAUME D'ENVEJA;;;;;
2;43;902;3;BALADA;;;;;
2;43;903;1;CAMARLES;;;;;
2;43;903;2;LIGALLO DEL GANGUIL;;;;;
2;43;903;3;LIGALLO DEL ROIG;;;;;
2;43;904;1;L'ALDEA;;;;;
2;43;905;1;SALOU;;;;;
2;43;906;1;L'AMPOLLA;;;;;
2;43;907;0;NO DETERMINADA;;;;;
2;43;999;0;NO DETERMINADA;;;;;
3;15;1;1;ABEGONDO (SANTA EULALIA);;;;;
3;15;1;2;CABANAS (SAN XULIÁN);;;;;
3;15;1;3;CERNEDA (SAN SALVADOR);;;;;
3;15;1;4;COS (SANTO ESTEVO);;;;;
3;15;1;5;CRENDES (SAN PEDRO);;;;;
3;15;1;6;CULLERGONDO (SANTA MARÍA);;;;;
3;15;1;7;FIGUEROA (SAN MIGUEL);;;;;
3;15;1;8;FOLGOSO (SANTA DOROTEA);;;;;
3;15;1;9;LEIRO (SANTA EULALIA);;;;;
3;15;1;10;LIMIÑÓN (SAN SALVADOR);;;;;
3;15;1;11;MABEGONDO (SANTISO);;;;;
3;15;1;12;MEANGOS (SANTIAGO);;;;;
3;15;1;13;MONTOUTO (SANTA CRISTINA);;;;;
3;15;1;14;ORTO (SAN MARTIÑO);;;;;
3;15;1;15;PRESEDO (SANTA MARÍA);;;;;
3;15;1;16;SARANDÓNS (SANTA MARÍA);;;;;
3;15;1;17;VILACOVA (SAN TOMÉ);;;;;
3;15;1;18;VIÓNS (SAN SALVADOR);;;;;
3;15;1;19;VIZOÑO (SAN PEDRO);;;;;
3;15;2;1;AGRÓN (SAN LOURENZO);;;;;
3;15;2;2;AMEIXENDA (SANTA MARÍA);;;;;
3;15;2;3;AMES (SAN TOMÉ);;;;;
3;15;2;4;BIDUÍDO (SANTA MARÍA);;;;;
3;15;2;5;BUGALLIDO (SAN PEDRO);;;;;
3;15;2;6;COVAS (SANTO ESTEVO);;;;;
3;15;2;7;LENS (SAN PAIO);;;;;
3;15;2;8;ORTOÑO (SAN XOÁN);;;;;
3;15;2;9;PIÑEIRO (SAN MAMEDE);;;;;
3;15;2;10;TAPIA (SAN CRISTOVO);;;;;
3;15;2;11;TRASMONTE (SANTA MARÍA);;;;;
3;15;3;1;ARANGA (SAN PELAYO);;;;;
3;15;3;2;CAMBÁS (SAN PEDRO);;;;;
3;15;3;3;FEÁS (SAN PEDRO);;;;;
3;15;3;4;FERVENZAS (SAN VICENTE);;;;;
3;15;3;5;MUNIFERRAL (SAN CRISTOVO);;;;;
3;15;3;6;VILLARRASO (SAN LORENZO);;;;;
3;15;4;1;ARES (SAN XOSÉ);;;;;
3;15;4;2;CAAMOUCO (SAN VICENTE);;;;;
3;15;4;3;CERVÁS (SAN PEDRO);;;;;
3;15;5;1;ARMENTÓN (SAN PEDRO);;;;;
3;15;5;2;ARTEIXO (SANTIAGO);;;;;
3;15;5;3;BARRAÑÁN (SAN XULIÁN);;;;;
3;15;5;4;CHAMÍN (SANTA EULALIA);;;;;
3;15;5;5;LAÑAS (SANTA MARÍA);;;;;
3;15;5;6;LARÍN (SANTO ESTEVO);;;;;
3;15;5;7;LOUREDA (SANTA MARÍA);;;;;
3;15;5;8;MONTEAGUDO (SAN TOMÉ);;;;;
3;15;5;9;MORÁS (SANTO ESTEVO);;;;;
3;15;5;10;OSEIRO (SANTISO);;;;;
3;15;5;11;PASTORIZA (SANTA MARÍA);;;;;
3;15;5;12;SORRIZO (SAN PEDRO);;;;;
3;15;5;13;SUEVOS (SAN MARTIÑO);;;;;
3;15;6;1;ARZÚA (SANTA MARÍA);;;;;
3;15;6;2;ARZÚA (SANTIAGO);;;;;
3;15;6;3;BOENTE (SANTIAGO);;;;;
3;15;6;4;BRANDESO (SAN LOURENZO);;;;;
3;15;6;5;BRANZÁ (SANTA LEOCADIA);;;;;
3;15;6;6;BURRES (SAN VICENTE);;;;;
3;15;6;7;CALVOS DE SOBRECAMIÑO (SAN MARTIÑO);;;;;
3;15;6;8;CAMPO (O) (SANTO ESTEVO);;;;;
3;15;6;9;CASTAÑEDA (A) (SANTA MARÍA);;;;;
3;15;6;10;DODRO (SANTA MARÍA);;;;;
3;15;6;11;DOMBODÁN (SAN CRISTOVO);;;;;
3;15;6;12;FIGUEROA (SAMPAIO);;;;;
3;15;6;13;LEMA (SAN PEDRO);;;;;
3;15;6;14;MAROXO (SANTA MARÍA);;;;;
3;15;6;15;MELLA (A) (SAN PEDRO);;;;;
3;15;6;16;OÍNS (SAN COSME);;;;;
3;15;6;17;PANTIÑOBRE (SANTO ESTEVO);;;;;
3;15;6;18;RENDAL (SANTA MARÍA);;;;;
3;15;6;19;TRONCEDA (SANTA MARÍA);;;;;
3;15;6;20;VILADAVIL (SANTA MARÍA);;;;;
3;15;6;21;VILLANTIME (SAN PEDRO);;;;;
3;15;6;22;VIÑÓS (SAN PEDRO);;;;;
3;15;7;1;BAÑA (A) (SAN VICENTE);;;;;
3;15;7;2;BARCALA (SAN CIBRÁN);;;;;
3;15;7;3;BARCALA (SAN XOÁN);;;;;
3;15;7;4;BARRO (SANTA MARÍA);;;;;
3;15;7;5;CABANAS (SAN MIGUEL);;;;;
3;15;7;6;CORNEIRA (SAN CRISTOVO);;;;;
3;15;7;7;ERMIDA (DIVINO SALVADOR);;;;;
3;15;7;8;FIOPÁNS (SAN PEDRO);;;;;
3;15;7;9;LAÑAS (SANTA EULALIA);;;;;
3;15;7;10;MARCELLE (SANTA CRISTINA);;;;;
3;15;7;11;MONTE (SAN MAMEDE);;;;;
3;15;7;12;ORDOESTE (SANTA MARÍA);;;;;
3;15;7;13;RIBA (A) (SAN XOÁN);;;;;
3;15;7;14;SUEVOS (SAN MAMEDE);;;;;
3;15;7;15;TROITOSENDE (SANTA MARÍA);;;;;
3;15;8;1;BABÍO (SANTA MARTA);;;;;
3;15;8;2;BERGONDO (DIVINO SALVADOR);;;;;
3;15;8;3;CORTIÑÁN (SANTA MARÍA);;;;;
3;15;8;4;GUÍSAMO (SANTA MARÍA);;;;;
3;15;8;5;LUBRE (SAN XOÁN BAUTISTA);;;;;
3;15;8;6;MORUXO (SAN VICENTE);;;;;
3;15;8;7;OUCES (SAN XOÁN BAUTISTA);;;;;
3;15;8;8;ROIS (SANTA MARÍA);;;;;
3;15;8;9;VIXOI (SAN FIZ);;;;;
3;15;9;1;BRABÍO (SAN MARTIÑO);;;;;
3;15;9;2;PIADELA (SANTO ESTEVO);;;;;
3;15;9;3;PONTELLAS (SANTA MARÍA);;;;;
3;15;9;4;REQUIÁN (SANTIAGO);;;;;
3;15;9;5;TIOBRE (SAN MARTIÑO);;;;;
3;15;9;6;SAN PEDRO DAS VIÑAS (SAN PEDRO);;;;;
3;15;9;99;BETANZOS N.U.;;;;;
3;15;10;1;ANDABAO (SAN MARTIÑO);;;;;
3;15;10;2;ÁNXELES (SANTA MARÍA);;;;;
3;15;10;3;ARCEO (SAN VICENTE);;;;;
3;15;10;4;BOIMIL (SAN MIGUEL);;;;;
3;15;10;5;BOIMORTO (SANTIAGO);;;;;
3;15;10;6;BRATES (SAN PEDRO);;;;;
3;15;10;7;BUAZO (SANTA MARÍA);;;;;
3;15;10;8;CARDEIRO (SAN PEDRO);;;;;
3;15;10;9;CORNEDA (SAN PEDRO);;;;;
3;15;10;10;DORMEÁ (SAN CRISTOVO);;;;;
3;15;10;11;MERCURÍN (SAN XOÁN);;;;;
3;15;10;12;RODIEIROS (SAN SIMÓN);;;;;
3;15;10;13;SENDELLE (SANTA MARÍA);;;;;
3;15;11;1;ABANQUEIRO (SAN CRISTOVO);;;;;
3;15;11;2;BEALO (SAN PEDRO);;;;;
3;15;11;3;BOIRO (SANTA EULALIA);;;;;
3;15;11;4;CASTRO (SANTA MARÍA);;;;;
3;15;11;5;CESPÓN (SAN VICENTE);;;;;
3;15;11;6;CURES (SANTO ANDRÉ);;;;;
3;15;11;7;LAMPÓN (SANTIAGO);;;;;
3;15;11;8;MACENDA (SAN XOÁN);;;;;
3;15;12;1;BOQUEIXÓN (SAN VICENTE);;;;;
3;15;12;2;CODESO (SANTA EULALIA);;;;;
3;15;12;3;DONAS (SAN PEDRO);;;;;
3;15;12;4;GASTRAR (SANTA MARIÑA);;;;;
3;15;12;5;GRANXA (SAN LOURENZO);;;;;
3;15;12;6;LAMAS (SANTA MARÍA);;;;;
3;15;12;7;LEDESMA (SAN SALVADOR);;;;;
3;15;12;8;LESTEDO (SANTA MARÍA);;;;;
3;15;12;9;LOUREDA (SAN PEDRO);;;;;
3;15;12;10;OURAL (SANTA MARÍA);;;;;
3;15;12;11;POUSADA (SAN LOURENZO);;;;;
3;15;12;12;SERGUDE (SAN BREIXO);;;;;
3;15;12;13;SUB-CIRA (SANTA MARIÑA);;;;;
3;15;12;14;VIGO (SANTA EULALIA);;;;;
3;15;13;1;ÁNXELES (OS) (SANTA MARÍA);;;;;
3;15;13;2;BASTAVALES (SAN XULIÁN);;;;;
3;15;13;3;SAN SALVADOR DE BASTAVALES (SAN SAL;;;;;
3;15;13;4;BOULLÓN (SAN MIGUEL);;;;;
3;15;13;5;BRIÓN (SAN FINS);;;;;
3;15;13;6;CORNANDA (SANTA MARÍA);;;;;
3;15;13;7;LUAÑA (SAN XIÁN);;;;;
3;15;13;8;ONS (SANTA MARÍA);;;;;
3;15;13;9;VICESO (SANTA MARÍA);;;;;
3;15;14;1;ANÓS (SANTO ESTEVO);;;;;
3;15;14;2;BORNEIRO (SAN XOÁN);;;;;
3;15;14;3;CANDUAS (SAN MARTIÑO);;;;;
3;15;14;4;CESULLAS (SANTO ESTEVO);;;;;
3;15;14;5;CORCOESTO (SAN PEDRO);;;;;
3;15;14;6;CUNDÍNS (SAMPAIO);;;;;
3;15;14;7;ESTO (SAN XOÁN BAUTISTA);;;;;
3;15;14;8;NANTÓN (SAN PEDRO);;;;;
3;15;14;9;RIOBO (SAN MARTIÑO);;;;;
3;15;14;10;SILVARREDONDA (SAN PEDRO);;;;;
3;15;15;1;CABANAS (SANTO ANDRÉ);;;;;
3;15;15;2;EIRINES (SANTO ESTEVO);;;;;
3;15;15;3;LARAXE (SAN MAMEDE);;;;;
3;15;15;4;SAN MARTIÑO DE PORTO (SAN MARTIÑO);;;;;
3;15;15;5;REGOELA (SAN VICENTE);;;;;
3;15;15;6;SANTA CRUZ DO SALTO (SANTA CRUZ);;;;;
3;15;15;7;SOASERRA (SANTA OLAIA);;;;;
3;15;16;1;CAMARÍÑAS (SAN XURXO);;;;;
3;15;16;2;CAMELLE (SAN PEDRO);;;;;
3;15;16;3;PONTE DO PORTO (SAN PEDRO);;;;;
3;15;16;4;XAVIÑA (SANTA MARÍA);;;;;
3;15;17;1;ANCEIS (SAN XOÁN);;;;;
3;15;17;2;ANDEIRO (SAN MARTIÑO);;;;;
3;15;17;3;BREXO (SAMPAIO);;;;;
3;15;17;4;BRIBES (SAN CIBRAO);;;;;
3;15;17;5;CAMBRE (SANTA MARÍA);;;;;
3;15;17;6;CECEBRE (SAN SALVADOR);;;;;
3;15;17;7;CELA (SAN XULIÁN);;;;;
3;15;17;8;MEIXIGO (SAN LOURENZO);;;;;
3;15;17;9;PRAVIO (SAN XOÁN);;;;;
3;15;17;10;SIGRAS (SANTIAGO);;;;;
3;15;17;11;TEMPLE (O) (SANTA MARÍA);;;;;
3;15;17;12;VIGO (SANTA MARÍA);;;;;
3;15;18;2;CAAVEIRO (SAN BOULO);;;;;
3;15;18;3;CABALAR (SANTA MARÍA);;;;;
3;15;18;4;CAPELA (A) (SANTIAGO);;;;;
3;15;19;1;ALDEMUNDE (SANTA MARÍA MADANELA);;;;;
3;15;19;2;ARDAÑA (SANTA MARÍA);;;;;
3;15;19;3;ARTES (SAN XURXO);;;;;
3;15;19;4;BERDILLO (SAN LOURENZO);;;;;
3;15;19;5;BÉRTOA (SANTA MARÍA);;;;;
3;15;19;6;CANCES (SAN MARTIÑO);;;;;
3;15;19;7;CARBALLO (SAN XOÁN);;;;;
3;15;19;8;ENTRECRUCES (SAN XES);;;;;
3;15;19;9;GOIÁNS (SAN ESTEVO);;;;;
3;15;19;10;LEMA (SAN CRISTOVO);;;;;
3;15;19;11;NOICELA (SANTA MARÍA);;;;;
3;15;19;12;OZA (SAN BREIXO);;;;;
3;15;19;13;RAZO (SAN MARTIÑO);;;;;
3;15;19;14;REBORDELOS (SAN SALVADOR);;;;;
3;15;19;15;RUS (SANTA MARÍA);;;;;
3;15;19;16;SÍSAMO (SANTIAGO);;;;;
3;15;19;17;SOFÁN (SAN SALVADOR);;;;;
3;15;19;18;VILELA (SAN MIGUEL);;;;;
3;15;20;1;CARNOTA (SAN MAMEDE);;;;;
3;15;20;2;CARNOTA (SANTA COMBA);;;;;
3;15;20;3;LARIÑO (SAN MARTIÑO);;;;;
3;15;20;4;LIRA (SANTA MARÍA);;;;;
3;15;20;5;PINDO (O) (SAN CLEMENTE);;;;;
3;15;21;1;CAÑAS (SANTA EULALIA);;;;;
3;15;21;2;PALEO (SANTO ESTEVO);;;;;
3;15;21;3;QUEMBRE (SAN PEDRO);;;;;
3;15;21;4;SERGUDE (SAN XULIÁN);;;;;
3;15;21;5;SUMIO (SANTIAGO);;;;;
3;15;21;6;TABEAIO (SAN MARTIÑO);;;;;
3;15;21;7;BEIRA (SANTA MARIÑA);;;;;
3;15;21;8;VIGO (SAN VICENTE);;;;;
3;15;22;1;CEDEIRA (SANTA MARÍA DO MAR);;;;;
3;15;22;2;CERVO (SANTA EULALIA);;;;;
3;15;22;3;ESTEIRO (SAN FIZ);;;;;
3;15;22;4;MONTOXO (SAN ROMÁN);;;;;
3;15;22;5;MONTOXO (SAN XULIÁN);;;;;
3;15;22;6;PIÑEIRO (SAN COSME);;;;;
3;15;22;7;RÉGOA (SANTA MARÍA);;;;;
3;15;23;1;AMEIXENDA (A) (SANTIAGO);;;;;
3;15;23;2;BRENS (SANTA BAIA);;;;;
3;15;23;3;CEE (SANTA MARÍA);;;;;
3;15;23;4;LIRES (SANTO ESTEVO);;;;;
3;15;23;5;PEREIRIÑA (A) (SAN XIÁN);;;;;
3;15;23;6;TOBA (SANTO ADRÁN);;;;;
3;15;24;1;CERCEDA (SAN MARTIÑO);;;;;
3;15;24;2;ENCROBAS (AS) (SAN ROMÁN);;;;;
3;15;24;3;XESTEDA (SANTA COMBA);;;;;
3;15;24;4;MEIRAMA (SANTO ANDRÉ);;;;;
3;15;24;5;QUEIXAS (SANTA MARÍA);;;;;
3;15;24;6;RODÍS (SAN MARTIÑO);;;;;
3;15;25;1;BARQUEIRA (A) (SANTO ANTONIO);;;;;
3;15;25;2;CASARES (SAN XOÁN);;;;;
3;15;25;3;CERDIDO (SAN MARTIÑO);;;;;
3;15;26;1;BARRANCA (FILGUEIRA DE) (SAN PEDRO);;;;;
3;15;26;2;BORRIFÁNS (SAN PEDRO);;;;;
3;15;26;3;BRAGADE (SAN MAMEDE);;;;;
3;15;26;4;CARRES (SAN VICENTE);;;;;
3;15;26;5;CUTIÁN (SANTA MARÍA);;;;;
3;15;26;6;DORDAÑO (SANTA MARÍA);;;;;
3;15;26;7;FIGUEREDO (SANTA MARÍA);;;;;
3;15;26;8;LOUREDA (SANTO ESTEVO);;;;;
3;15;26;9;MANDAIO (SAN XULIÁN);;;;;
3;15;26;10;PADERNE (SANTIAGO);;;;;
3;15;26;11;PROBAOS (SANTA EULALIA);;;;;
3;15;26;12;TRABA (FILGUEIRA DE) (SAN MIGUEL);;;;;
3;15;26;13;TRASANQUELOS (DIVINO SALVADOR);;;;;
3;15;27;1;ARMEÁ (SAN VICENTE);;;;;
3;15;27;2;COIRÓS (SAN XULIÁN);;;;;
3;15;27;3;COLANTRES (DIVINO SALVADOR);;;;;
3;15;27;4;LESA (SANTA MARIÑA);;;;;
3;15;27;5;OÍS (SANTA MARÍA);;;;;
3;15;27;6;OÍS (SANTIAGO);;;;;
3;15;28;1;CORCUBIÓN (SAN MARCOS);;;;;
3;15;28;2;REDONDA (SAN PEDRO);;;;;
3;15;29;1;AGUALADA (SAN LOURENZO);;;;;
3;15;29;2;CASTRO (SANTA EULALIA);;;;;
3;15;29;3;CEREO (SANTA MARÍA);;;;;
3;15;29;4;CORISTANCO (SAN PAIO);;;;;
3;15;29;5;COUSO (SAN MIGUEL);;;;;
3;15;29;6;CUNS (SAN VICENTE);;;;;
3;15;29;7;ERBECEDO (DIVINO SALVADOR);;;;;
3;15;29;8;FERREIRA (SANTA MARÍA);;;;;
3;15;29;9;OCA (SAN MARTIÑO);;;;;
3;15;29;10;SAN XUSTO (SAN XULIÁN);;;;;
3;15;29;11;SEAVIA (SAN MAMEDE);;;;;
3;15;29;12;TRABA (SANTA MARÍA);;;;;
3;15;29;13;VALENCIA (SAN PEDRO);;;;;
3;15;29;14;VERDES (SAN ADRIÁN);;;;;
3;15;29;15;XAVIÑA (SAN XULIÁN);;;;;
3;15;30;1;ELVIÑA (SAN VICENTE);;;;;
3;15;30;2;OZA (SANTA MARÍA);;;;;
3;15;30;4;VIÑAS (AS) (SAN CRISTOVO);;;;;
3;15;30;5;VISMA (SAN PEDRO);;;;;
3;15;30;99;CORUÑA (A) N.U.;;;;;
3;15;31;1;ALMEIRAS (SAN XULIÁN);;;;;
3;15;31;2;BURGO (O) (SANTIAGO);;;;;
3;15;31;3;CASTELO (SANTIAGO);;;;;
3;15;31;4;CELAS (SANTA MARÍA);;;;;
3;15;31;5;CULLEREDO (SANTO ESTEVO);;;;;
3;15;31;6;LEDOÑO (SAN PEDRO);;;;;
3;15;31;7;ORRO (SAN SALVADOR);;;;;
3;15;31;8;RUTIS (SANTA MARÍA);;;;;
3;15;31;9;SÉSAMO (SAN MARTIÑO);;;;;
3;15;31;10;SUEIRO (SANTO ESTEVO);;;;;
3;15;31;11;VEIGA (SAN SILVESTRE);;;;;
3;15;32;1;CURTIS (SANTA EULALIA);;;;;
3;15;32;2;FISTEUS (SANTA MARÍA);;;;;
3;15;32;3;FOJADO (SANTA MARÍA);;;;;
3;15;32;4;LOURDES (SANTA MARÍA);;;;;
3;15;33;1;DODRO (SANTA MARÍA);;;;;
3;15;33;2;SAN XOÁN DE LAÍÑO (SAN XOÁN);;;;;
3;15;33;3;LAÍÑO (SAN XIÁN);;;;;
3;15;34;1;BERDEOGAS (SANTIAGO);;;;;
3;15;34;2;BUXANTES (SAN PEDRO);;;;;
3;15;34;3;DUMBRÍA (SANTA EULALIA);;;;;
3;15;34;4;ÉZARO (SANTA UXÍA);;;;;
3;15;34;5;OLVEIRA (SAN MARTIÑO);;;;;
3;15;34;6;OLVEIROA (SANTIAGO);;;;;
3;15;34;7;SALGUEIROS (SAN MAMEDE);;;;;
3;15;35;1;BARALLOBRE (SANTIAGO);;;;;
3;15;35;2;FENE (SAN SALVADOR);;;;;
3;15;35;3;LIMODRE (SANTA EULALIA);;;;;
3;15;35;4;MAGALOFES (SAN XURXO);;;;;
3;15;35;5;MANIÑOS (SAN SALVADOR);;;;;
3;15;35;6;PERLÍO (SANTO ESTEVO);;;;;
3;15;35;7;SAN VALENTÍN (SAN VALENTÍN);;;;;
3;15;35;8;SILLOBRE (SANTA MARIÑA);;;;;
3;15;36;1;BRIÓN (SANTA MARÍA);;;;;
3;15;36;2;CABANA (A) (SANTO ANTONIO);;;;;
3;15;36;3;COVAS (SAN MARTIÑO);;;;;
3;15;36;4;DONIÑOS (SAN ROMÁN);;;;;
3;15;36;5;ESMELLE (SAN XOÁN);;;;;
3;15;36;6;GRAÑA (A) (SANTA ROSA DE VITERBO);;;;;
3;15;36;7;LEIXA (SAN PEDRO);;;;;
3;15;36;8;MANDIÁ (SANTA UXÍA);;;;;
3;15;36;9;SAN XURXO DA MARIÑA (SAN XURXO);;;;;
3;15;36;10;MARMANCÓN (SAN PEDRO);;;;;
3;15;36;11;SERANTES (SAN SALVADOR);;;;;
3;15;36;12;SANTA CECILIA DE TRASANCOS (SANTA C;;;;;
3;15;36;99;FERROL N.U.;;;;;
3;15;37;1;DUIO (SAN MARTIÑO);;;;;
3;15;37;2;DUIO (SAN VICENTE);;;;;
3;15;37;3;FISTERRA (SANTA MARÍA);;;;;
3;15;37;4;SARDIÑEIRO (SAN XOÁN);;;;;
3;15;38;1;ABELLÁ (SANTO ESTEVO);;;;;
3;15;38;2;AÑÁ (SANTA MARÍA);;;;;
3;15;38;3;AIAZO (SAN PEDRO);;;;;
3;15;38;4;CÉLTIGOS (SAN XULIÁN);;;;;
3;15;38;5;FRADES (SAN MARTIÑO);;;;;
3;15;38;6;GAFOI (SANTA MARIÑA);;;;;
3;15;38;7;GALEGOS (SAN MARTIÑO);;;;;
3;15;38;8;LEDOIRA (SAN MARTIÑO);;;;;
3;15;38;9;MESOS (SAN SALVADOR);;;;;
3;15;38;10;MOAR (SANTAIA);;;;;
3;15;38;11;PAPUCÍN (SANTA MARÍA);;;;;
3;15;38;12;VITRE (SAN XOÁN);;;;;
3;15;39;1;AMBROA (SANTISO);;;;;
3;15;39;2;CORUXOU (SAN SALVADOR);;;;;
3;15;39;3;CHURÍO (SAN MARTIÑO);;;;;
3;15;39;4;IRIXOA (SAN LOURENZO);;;;;
3;15;39;5;MÁNTARAS (SANTA MARÍA);;;;;
3;15;39;6;VERÍS (SANTA MARÍA);;;;;
3;15;39;7;VIÑA (SANTA EULALIA);;;;;
3;15;40;1;LAXE (SANTA MARÍA);;;;;
3;15;40;2;NANDE (SAN SIMÓN);;;;;
3;15;40;3;SARCES (SAN MAMEDE);;;;;
3;15;40;4;SERANTES (SANTA MARÍA);;;;;
3;15;40;5;SOESTO (SANTO ESTEVO);;;;;
3;15;40;6;TRABA (SANTIAGO);;;;;
3;15;41;1;CABOVILAÑO (SAN ROMÁN);;;;;
3;15;41;2;CAIÓN (NTRA.SRA.PERPETUO SOCORRO);;;;;
3;15;41;3;COIRO (SAN XULIÁN);;;;;
3;15;41;4;ERBOEDO (SANTA MARÍA);;;;;
3;15;41;5;GOLMAR (SAN BIEITO);;;;;
3;15;41;6;LEMAIO (SANTA MARÍA);;;;;
3;15;41;7;LENDO (SAN XULIÁN);;;;;
3;15;41;8;LESTÓN (SAN MARTIÑO);;;;;
3;15;41;9;MONTEMAIOR (SANTA MARÍA MADANELA);;;;;
3;15;41;10;SOANDRES (SAN PEDRO);;;;;
3;15;41;11;SOUTULLO (SANTA MARÍA);;;;;
3;15;41;12;TORÁS (SANTA MARÍA);;;;;
3;15;41;13;VILAÑO (SANTIAGO);;;;;
3;15;42;1;CAMBOÑO (SAN XOÁN);;;;;
3;15;42;2;FRUÍME (SAN MARTIÑO);;;;;
3;15;42;3;LESENDE (SAN MARTIÑO);;;;;
3;15;42;4;LOUSAME (SAN XOÁN);;;;;
3;15;42;5;TÁLLARA (SAN PEDRO);;;;;
3;15;42;6;TOXOS OUTOS (SAN XUSTO);;;;;
3;15;42;7;VILACOVA (SANTA EULALIA);;;;;
3;15;43;1;BARIZO (SAN PEDRO);;;;;
3;15;43;2;BUÑO (SAN ESTEVO);;;;;
3;15;43;3;CAMBRE (SAN MARTIÑO);;;;;
3;15;43;4;CERQUEDA (SAN CRISTOVO);;;;;
3;15;43;5;LEILOIO (SANTA MARÍA);;;;;
3;15;43;6;MALPICA DE BERGANTIÑOS (SAN XULIÁN);;;;;
3;15;43;7;MENS (SANTIAGO);;;;;
3;15;43;8;VILANOVA (SANTISO);;;;;
3;15;44;1;BARES (SANTA MARÍA);;;;;
3;15;44;2;GRAÑAS DO SOR (AS) (SAN MAMEDE);;;;;
3;15;44;3;MAÑÓN (SANTA MARÍA);;;;;
3;15;44;4;MOGOR (SANTA MARÍA);;;;;
3;15;44;5;RIBEIRAS DO SOR (AS) (SAN CRISTOVO);;;;;
3;15;45;1;ALBORÉS (SAN MAMEDE);;;;;
3;15;45;2;ANTES (SAN COSME);;;;;
3;15;45;3;ARCOS (SANTIAGO);;;;;
3;15;45;4;VAOS (SAN TOMÉ);;;;;
3;15;45;5;BEBA (SAN XULIÁN);;;;;
3;15;45;6;COIRO (SANTA MARÍA);;;;;
3;15;45;7;COLÚNS (SAN SALVADOR);;;;;
3;15;45;8;CORZÓN (SAN CRISTOVO);;;;;
3;15;45;9;CHACÍN (SANTA EULALIA);;;;;
3;15;45;10;EIRÓN (SAN FIZ);;;;;
3;15;45;11;MAROÑAS (SANTA MARIÑA);;;;;
3;15;45;12;MAZARICOS (SAN XOÁN);;;;;
3;15;46;1;ABEANCOS (SAN COSME);;;;;
3;15;46;2;ABEANCOS (SAN SALVADOR);;;;;
3;15;46;3;AGRÓN (SANTA EULALIA);;;;;
3;15;46;4;ÁNXELES (OS) (SANTA MARÍA);;;;;
3;15;46;5;BALTAR (SANTIAGO);;;;;
3;15;46;6;BARREIRO (SAN MAMEDE);;;;;
3;15;46;7;CAMPOS (SANTA MARÍA);;;;;
3;15;46;8;CASTRO (SAN TOMÉ);;;;;
3;15;46;9;FOLLADELA (SAN PEDRO);;;;;
3;15;46;10;FURELOS (SAN XOÁN);;;;;
3;15;46;11;GOLÁN (SAN XOÁN);;;;;
3;15;46;12;GONDOLLÍN (SAN MARTIÑO);;;;;
3;15;46;13;GROBAS (SANTA MARÍA);;;;;
3;15;46;14;XUBIAL (SANTIAGO);;;;;
3;15;46;15;LEBOREIRO (O) (SANTA MARÍA);;;;;
3;15;46;16;MACEDA (SAN PEDRO);;;;;
3;15;46;17;MEIRE (O) (SANTIAGO);;;;;
3;15;46;18;MELIDE (SAN PEDRO);;;;;
3;15;46;19;MELIDE (SANTA MARÍA);;;;;
3;15;46;20;MOLDES (SAN MARTIÑO);;;;;
3;15;46;21;OROIS (SANTA CRISTINA);;;;;
3;15;46;22;PEDROUZOS (SANTA MARIÑA);;;;;
3;15;46;23;SANCIBRAO (SAN XOÁN);;;;;
3;15;46;24;VARELAS (AS) (SAN MARTIÑO);;;;;
3;15;46;25;VITIRIZ (SAN VICENTE);;;;;
3;15;46;26;ZAS DE REI (SAN XULIÁN);;;;;
3;15;47;1;ALBIXOI (SANTA MARIÑA);;;;;
3;15;47;2;BASCOI (SANTIAGO);;;;;
3;15;47;3;BOADO (SANTIAGO);;;;;
3;15;47;4;BRUMA (SAN LOURENZO);;;;;
3;15;47;5;CABRUI (SAN MARTIÑO);;;;;
3;15;47;6;CASTRO (SAN SEBASTIÁN);;;;;
3;15;47;7;CUMBRAOS (SANTA MARÍA);;;;;
3;15;47;8;LANZÁ (SAN MAMEDE);;;;;
3;15;47;9;MESÍA (SAN CRISTOVO);;;;;
3;15;47;10;OLÁS (SAN LOURENZO);;;;;
3;15;47;11;VISANTOÑA (SAN MARTIÑO);;;;;
3;15;47;12;XANCEDA (SAN SALVADOR);;;;;
3;15;48;1;BEMANTES (SAN TOMÉ);;;;;
3;15;48;2;CALLOBRE (SAN XOÁN);;;;;
3;15;48;3;CARANTOÑA (SAN XULIÁN);;;;;
3;15;48;4;CASTRO (SANTA MARÍA);;;;;
3;15;48;5;LEIRO (SAN SALVADOR);;;;;
3;15;48;6;MIÑO (SANTA MARÍA);;;;;
3;15;48;7;PERBES (SAN PEDRO);;;;;
3;15;48;8;VILANOVA (SAN XOÁN);;;;;
3;15;49;1;ABADE (SANTIAGO);;;;;
3;15;49;2;LABACENGOS (SANTA MARÍA);;;;;
3;15;49;3;MOECHE (SAN XURXO);;;;;
3;15;49;4;MOECHE (SAN XOÁN);;;;;
3;15;49;5;MOECHE (SANTA CRUZ);;;;;
3;15;50;1;VAL DE XESTOSO (O) (SAN PEDRO);;;;;
3;15;50;2;ALTO DE XESTOSO (O) (SANTA MARÍA);;;;;
3;15;50;3;SAN FIZ DE MONFERO (SAN FIZ);;;;;
3;15;50;4;SANTA XIÁ DE MONFERO (SANTA XIÁ);;;;;
3;15;50;5;QUEIXEIRO (SAN XURXO);;;;;
3;15;50;6;TABOADA (SANTA MARIÑA);;;;;
3;15;50;7;VILACHÁ (SANTA MARÍA);;;;;
3;15;51;1;FRANZA (SANTIAGO);;;;;
3;15;51;2;MEÁ (SAN VICENTE);;;;;
3;15;51;3;MUGARDOS (SAN XULIÁN);;;;;
3;15;51;4;PIÑEIRO (SAN XOÁN);;;;;
3;15;52;1;BARDULLAS (SAN XOÁN);;;;;
3;15;52;2;SANTISO DE VUITURÓN (SAN TIRSO);;;;;
3;15;52;3;CABERTA (SAN FINS);;;;;
3;15;52;4;COUCIEIRO (SAN PEDRO);;;;;
3;15;52;5;FRIXE (SANTA LOCACIA);;;;;
3;15;52;6;LEIS DE NEMANCOS (SAN PEDRO);;;;;
3;15;52;7;MORAIME (SAN XULIÁN);;;;;
3;15;52;8;MORQUINTIÁN (SANTA MARÍA);;;;;
3;15;52;9;MUXÍA (SANTA MARÍA);;;;;
3;15;52;10;NEMIÑA (SAN CRISTOVO);;;;;
3;15;52;11;NOSA SEÑORA DA O (SANTA MARÍA);;;;;
3;15;52;12;SAN MARTIÑO DE OZÓN (SAN MARTIÑO);;;;;
3;15;52;13;TOURIÑÁN (SAN MARTIÑO);;;;;
3;15;52;14;VILASTOSE (SAN CIBRÁN);;;;;
3;15;53;1;ABELLEIRA (SANTO ESTEVO);;;;;
3;15;53;2;ESTEIRO (SANTA MARÍA);;;;;
3;15;53;3;LOURO (SANTIAGO);;;;;
3;15;53;4;MUROS (SAN PEDRO);;;;;
3;15;53;5;SERRES (SAN XOÁN);;;;;
3;15;53;6;SESTAIO (SAN MIGUEL);;;;;
3;15;53;7;TAL (SANTIAGO);;;;;
3;15;53;8;TOREA (SAN XIÁN);;;;;
3;15;54;1;CASTRO (SANTA MARÍA);;;;;
3;15;54;2;DOSO (SAN LOURENZO);;;;;
3;15;54;3;XUBIA (NOSA SEÑORA DOS DESAMPARADOS;;;;;
3;15;54;4;XUBIA (SAN XOSÉ OBREIRO);;;;;
3;15;54;5;XUBIA (SAN MARTIÑO);;;;;
3;15;54;6;XUBIA (SANTA CECILIA);;;;;
3;15;54;7;XUBIA (SANTA RITA);;;;;
3;15;54;8;XUBIA (SANTIAGO APÓSTOLO);;;;;
3;15;54;9;NARÓN (SAN XULIÁN);;;;;
3;15;54;10;PEDROSO (SAN SALVADOR);;;;;
3;15;54;11;SEDES (SANTO ESTEVO);;;;;
3;15;54;12;TRASANCOS (SAN MATEU);;;;;
3;15;54;13;VAL (SANTA MARÍA A MAIOR);;;;;
3;15;55;1;ANCA (SAN PEDRO);;;;;
3;15;55;2;NEDA (SAN NICOLÁS);;;;;
3;15;55;3;NEDA (SANTA MARÍA);;;;;
3;15;55;4;VILADONELLE (SANTO ANDRÉ);;;;;
3;15;56;1;ALVITE (SAN TOMÉ);;;;;
3;15;56;2;ARO (SAN VICENTE);;;;;
3;15;56;3;ARZÓN (SAN CRISTOVO);;;;;
3;15;56;4;BROÑO (SAN MARTIÑO);;;;;
3;15;56;5;BUGALLIDO (SAN PEDRO);;;;;
3;15;56;6;CAMPELO (SAN FELIX);;;;;
3;15;56;7;CAMPOLONGO (SANTA CRUZ);;;;;
3;15;56;8;COBAS (SANTA MARÍA);;;;;
3;15;56;9;GONTE (SAN PEDRO);;;;;
3;15;56;10;LANDEIRA (SANTO ESTEVO);;;;;
3;15;56;11;LIÑAIO (SAN MARTIÑO);;;;;
3;15;56;12;LUEIRO (SANTA EULALIA);;;;;
3;15;56;13;PENA (A) (SAN MAMEDE);;;;;
3;15;56;14;PORTOR (SANTA MARÍA);;;;;
3;15;56;15;XALLAS (SAN PEDRO);;;;;
3;15;56;16;ZAS (SAN MAMEDE);;;;;
3;15;56;17;LOGROSA (SAN ELEUTERIO);;;;;
3;15;56;99;NEGREIRA (SAN XULIÁN);;;;;
3;15;57;1;ARGALO (SANTA MARÍA);;;;;
3;15;57;2;BARRO (SANTA CRISTINA);;;;;
3;15;57;3;BOA (SAN PEDRO);;;;;
3;15;57;4;OBRE (SANTA MARIÑA);;;;;
3;15;57;5;ROO (SANTA MARÍA);;;;;
3;15;57;99;NOIA (SAN MARTIÑO);;;;;
3;15;58;1;DEXO (SANTA MARÍA);;;;;
3;15;58;2;DORNEDA (SAN MARTIÑO);;;;;
3;15;58;3;IÑÁS (SAN XURXO);;;;;
3;15;58;4;LIÁNS (SANTA EULALIA);;;;;
3;15;58;5;MAIANCA (SAN COSME);;;;;
3;15;58;6;NOS (SAN PEDRO);;;;;
3;15;58;7;OLEIROS (SANTA MARÍA);;;;;
3;15;58;8;PERILLO (SANTA LEOCADIA);;;;;
3;15;58;9;SERANTES (SAN XULIÁN);;;;;
3;15;59;1;ARDEMIL (SAN PEDRO);;;;;
3;15;59;2;BARBEIROS (SANTA MARÍA);;;;;
3;15;59;3;BEÁN (SANTA MARÍA);;;;;
3;15;59;4;BUSCÁS (SAN PAIO);;;;;
3;15;59;5;LEIRA (SANTA MARÍA);;;;;
3;15;59;6;LESTA (SANTO ANDRÉ);;;;;
3;15;59;7;MERCURÍN (SAN CLEMENTE);;;;;
3;15;59;8;SANTA CRUZ DE MONTAOS (SANTA CRUZ);;;;;
3;15;59;9;ORDES (SANTA MARÍA);;;;;
3;15;59;10;PARADA (SANTA MARIÑA);;;;;
3;15;59;11;PEREIRA (SANTAIA);;;;;
3;15;59;12;POULO (SAN XULIÁN);;;;;
3;15;59;13;VILAMAIOR (SANTIAGO);;;;;
3;15;60;1;ÁNXELES (SAN MAMEDE);;;;;
3;15;60;2;CALVENTE (SAN XOÁN);;;;;
3;15;60;3;CARDAMA (SANTA MARÍA);;;;;
3;15;60;4;DEIXEBRE (SANTA MARÍA);;;;;
3;15;60;5;GÁNDARA (SAN MIGUEL);;;;;
3;15;60;6;MARZOA (SAN MARTIÑO);;;;;
3;15;60;7;OROSO (SAN MARTIÑO);;;;;
3;15;60;8;PASARELOS (SAN ROMÁN);;;;;
3;15;60;9;SENRA (SANTA EULALIA);;;;;
3;15;60;10;TRASMONTE (SANTO ESTEVO);;;;;
3;15;60;11;VILLARROMARIZ (SAN TOMÉ);;;;;
3;15;61;1;BARBOS (SAN XULIÁN);;;;;
3;15;61;3;CÉLTIGOS (SAN XULIÁN);;;;;
3;15;61;4;COUZADOIRO (SAN CRISTOVO);;;;;
3;15;61;5;COUZADOIRO (SAN SALVADOR);;;;;
3;15;61;6;CUÍÑA (SANTIAGO);;;;;
3;15;61;7;DEVESOS (SAN SEBASTIÁN);;;;;
3;15;61;8;ESPASANTE (SAN XOÁN);;;;;
3;15;61;10;FREIRES (SAN PABLO);;;;;
3;15;61;11;INSUA (SAN XOÁN);;;;;
3;15;61;12;LADRIDO (SANTA EULALIA);;;;;
3;15;61;14;LOIBA (SAN XULIÁN);;;;;
3;15;61;15;LUAMA (SAN MARTIÑO);;;;;
3;15;61;16;LUIA (SANTA MARÍA);;;;;
3;15;61;17;MERA DE RIBA (SANTA MARÍA);;;;;
3;15;61;18;MERA DE BAIXO (SANTIAGO);;;;;
3;15;61;19;MOSTEIRO (SAN XOÁN);;;;;
3;15;61;20;NEVES (AS) (SANTA MARÍA);;;;;
3;15;61;21;ORTIGUEIRA (SANTA MARTA);;;;;
3;15;61;23;SAN CLAUDIO (SANTA MARÍA);;;;;
3;15;61;24;SENRA (SAN XULIÁN);;;;;
3;15;61;26;VEIGA (SAN ADRIÁN);;;;;
3;15;61;27;ERMO (O) (SAN XULIÁN);;;;;
3;15;62;1;CANDO (SAN TIRSO);;;;;
3;15;62;2;SANTO OURENTE DE ENTÍNS (SANTO OURE;;;;;
3;15;62;3;ENTÍNS (SANTA MARÍA);;;;;
3;15;62;4;MATASUEIRO (SAN LOURENZO);;;;;
3;15;62;5;SAN COSME DE OUTEIRO (SAN COSME);;;;;
3;15;62;6;OUTES (SAN PEDRO);;;;;
3;15;62;7;ROO (SAN XOÁN);;;;;
3;15;62;8;FREIXO DE SABARDES (O) (SAN XOÁN);;;;;
3;15;62;9;TARÁS (SAN XIÁN);;;;;
3;15;62;10;VALADARES (SAN MIGUEL);;;;;
3;15;63;1;BANDOXA (SAN MARTIÑO);;;;;
3;15;63;2;CINES (SAN NICOLÁS);;;;;
3;15;63;3;CUIÑA (SANTA MARÍA);;;;;
3;15;63;4;MONDOI (SANTA CRUZ);;;;;
3;15;63;5;OZA (SAN PEDRO);;;;;
3;15;63;6;PARADA (SANTO ESTEVO);;;;;
3;15;63;7;PORZOMILLOS (SAN PEDRO);;;;;
3;15;63;8;REBOREDO (SANTIAGO);;;;;
3;15;63;9;REGUEIRA (SANTA MARÍA);;;;;
3;15;63;10;RODEIRO (SANTA MARÍA);;;;;
3;15;63;11;SALTO (SAN TOMÉ);;;;;
3;15;63;12;VIVENTE (SANTO ESTEVO);;;;;
3;15;64;1;ADRAGONTE (SANTIAGO);;;;;
3;15;64;2;OBRE (SANTO ANDRÉ);;;;;
3;15;64;3;PADERNE (SAN XOÁN);;;;;
3;15;64;4;QUINTÁS (SANTO ESTEVO);;;;;
3;15;64;5;SOUTO (SANTA MARÍA);;;;;
3;15;64;6;VELOUZÁS (SAN SALVADOR);;;;;
3;15;64;7;VIGO (SAN XULIÁN);;;;;
3;15;64;8;VILAMOUREL (SAN XOÁN);;;;;
3;15;64;9;VIÑAS (AS) (SAN PANTALEÓN);;;;;
3;15;65;1;CARCACÍA (SAN PEDRO);;;;;
3;15;65;2;CRUCES (SANTA MARÍA);;;;;
3;15;65;3;HERBÓN (SANTA MARÍA);;;;;
3;15;65;4;IRIA FLAVIA (SANTA MARÍA);;;;;
3;15;65;5;PADRÓN (SANTIAGO APÓSTOLO);;;;;
3;15;66;1;ARCA (SANTA EULALIA);;;;;
3;15;66;2;BUDIÑO (SANTA MARÍA);;;;;
3;15;66;3;CASTROFEITO (SANTA MARÍA);;;;;
3;15;66;4;CEBREIRO (SAN XULIÁN);;;;;
3;15;66;5;CERCEDA (SAN MIGUEL);;;;;
3;15;66;6;FERREIROS (SAN MAMEDE);;;;;
3;15;66;7;FERREIROS (SAN BREIXO);;;;;
3;15;66;8;GONZAR (SANTA MARÍA);;;;;
3;15;66;9;LARDEIROS (SAN XULIÁN);;;;;
3;15;66;10;MEDÍN (SANTO ESTEVO);;;;;
3;15;66;11;PASTOR (SAN LOURENZO);;;;;
3;15;66;12;PEREIRA (SAN MIGUEL);;;;;
3;15;66;13;PINO (O) (SAN VICENTE);;;;;
3;15;67;1;XOBRE (SANTA MARÍA);;;;;
3;15;67;2;LESÓN (SANTA CRUZ);;;;;
3;15;67;3;POSMARCOS (SAN ISIDORO);;;;;
3;15;67;4;CARAMIÑAL (SANTA MARÍA LA ANTIGUA);;;;;
3;15;67;99;POBRA DO CARAMIÑAL (A) N.U.;;;;;
3;15;68;1;ANLLÓNS (SAN FELIX);;;;;
3;15;68;2;BRÁNTUAS (SAN XULIÁN);;;;;
3;15;68;3;CORES (SAN MARTIÑO);;;;;
3;15;68;4;CORME-ALDEA (SAN ADRIÁN);;;;;
3;15;68;5;CORME-PORTO (NOSA SEÑORA DOS REMEDI;;;;;
3;15;68;6;COSPINDO (SANTISO);;;;;
3;15;68;7;GRAÑA (A) (SAN VICENTE);;;;;
3;15;68;8;XORNES (SAN XOÁN);;;;;
3;15;68;9;LANGUEIRÓN (SAN XULIÁN);;;;;
3;15;68;10;NEMEÑO (SAN TOMÉ);;;;;
3;15;68;11;NIÑÓNS (SAN XOÁN);;;;;
3;15;68;12;PAZOS (DIVINO SALVADOR);;;;;
3;15;68;13;TALLO (SANTO ANDRÉ);;;;;
3;15;68;14;TELLA (SAN ELEUTERIO);;;;;
3;15;69;1;ANDRADE (SAN MARTIÑO);;;;;
3;15;69;2;BOEBRE (SANTIAGO);;;;;
3;15;69;3;BREAMO (SAN MIGUEL);;;;;
3;15;69;4;CENTROÑA (SANTA MARÍA);;;;;
3;15;69;5;NOGUEIROSA (SAN COSME);;;;;
3;15;69;6;OMBRE (SANTA MARÍA);;;;;
3;15;69;7;PONTEDEUME (SANTIAGO);;;;;
3;15;69;8;VILAR (SAN PEDRO);;;;;
3;15;70;1;APARRAL (SAN XOÁN);;;;;
3;15;70;2;DEVESO (SANTA MARÍA);;;;;
3;15;70;3;FREIXO (SAN XOÁN);;;;;
3;15;70;4;PONTES DE GARCÍA RODRÍGUEZ (AS) (SA;;;;;
3;15;70;5;PONTES DE GARCÍA RODRÍGUEZ (AS) (SA;;;;;
3;15;70;6;VILABELLA (SANTA MARÍA);;;;;
3;15;70;7;BERMUI (SANTIAGO);;;;;
3;15;70;8;ESPIÑAREDO (SANTA MARÍA);;;;;
3;15;70;9;EUME (SAN PEDRO);;;;;
3;15;70;10;FAEIRA (SAN PEDRO);;;;;
3;15;70;11;GOENTE (SAN MARTIÑO);;;;;
3;15;70;12;RIBADEUME (SANTA MARÍA);;;;;
3;15;70;13;SEOANE (SAN XOÁN);;;;;
3;15;71;1;BAROÑA (SAN PEDRO);;;;;
3;15;71;2;CAAMAÑO (SANTA MARÍA);;;;;
3;15;71;3;GOIÁNS (SAN SADURNIÑO);;;;;
3;15;71;4;XUÑO (SANTA MARIÑA);;;;;
3;15;71;5;MIÑORTOS (SAN MARTIÑO);;;;;
3;15;71;6;MURO (SAN PEDRO);;;;;
3;15;71;7;NEBRA (SANTA MARÍA);;;;;
3;15;71;8;NOAL (SAN VICENTE);;;;;
3;15;71;9;QUEIRUGA (SANTO ESTEVO);;;;;
3;15;71;10;RIBASIEIRA (SAN PEDRO FELIX);;;;;
3;15;72;1;ARAÑO (O) (SANTA EULALIA);;;;;
3;15;72;2;ASADOS (SANTA MARÍA);;;;;
3;15;72;3;ISORNA (SANTA MARÍA);;;;;
3;15;72;4;LEIRO (SANTA MARÍA);;;;;
3;15;72;5;RIANXO (SANTA COMBA);;;;;
3;15;72;6;TARAGOÑA (DIVINO SALVADOR);;;;;
3;15;73;1;AGUIÑO (NOSA SEÑORA DO CARME);;;;;
3;15;73;2;ARTES (SAN XULIÁN);;;;;
3;15;73;3;CARREIRA (SAN PAIO);;;;;
3;15;73;4;CASTIÑEIRAS (O BO PASTOR);;;;;
3;15;73;5;CORRUBEDO (SANTA MARÍA);;;;;
3;15;73;6;OLEIROS (SAN MARTIÑO);;;;;
3;15;73;7;OLVEIRA (SANTA MARÍA);;;;;
3;15;73;8;PALMEIRA (SAN PEDRO);;;;;
3;15;73;9;RIBEIRA (SANTA UXÍA);;;;;
3;15;74;1;AUGASANTAS (SAN VICENTE);;;;;
3;15;74;2;BUXÁN (SAN XOÁN);;;;;
3;15;74;3;COSTA (SAN MIGUEL);;;;;
3;15;74;4;ERMEDELO (SAN MARTIÑO);;;;;
3;15;74;5;HERBOGO (SAN PEDRO);;;;;
3;15;74;6;LEROÑO (SANTA MARÍA);;;;;
3;15;74;7;OÍN (SANTA MARÍA);;;;;
3;15;74;8;RIBASAR (SANTA MARIÑA);;;;;
3;15;74;9;ROIS (SAN MAMEDE);;;;;
3;15;74;10;SEIRA (SAN LOURENZO);;;;;
3;15;74;11;SORRIBAS (SAN TOMÉ);;;;;
3;15;74;12;URDILDE (SANTA MARÍA);;;;;
3;15;75;1;CARNOEDO (SANTO ANDRÉ);;;;;
3;15;75;2;MEIRÁS (SAN MARTIÑO);;;;;
3;15;75;3;MONDEGO (SAN XULIÁN);;;;;
3;15;75;4;MOSTEIRÓN (SAN NICOLÁS);;;;;
3;15;75;5;OSEDO (SAN XULIÁN);;;;;
3;15;75;6;SADA (SANTA MARÍA);;;;;
3;15;75;7;SOÑEIRO (SAN XULIÁN);;;;;
3;15;75;8;VEIGUE (SANTA COMBA);;;;;
3;15;76;1;BARDAOS (SANTA MARÍA);;;;;
3;15;76;2;FERREIRA (SAN PAIO);;;;;
3;15;76;3;IGREXAFEITA (SANTA MARÍA);;;;;
3;15;76;4;LAMAS (SAN XULIÁN);;;;;
3;15;76;5;MONTE (SANTA MARIÑA);;;;;
3;15;76;6;NARAÍO (SANTA MARÍA);;;;;
3;15;76;7;SAN SADURNIÑO (SANTA MARÍA A MAIOR;;;;;
3;15;77;1;ALÓN (SANTA MARÍA);;;;;
3;15;77;2;ARANTÓN (SAN VICENTE);;;;;
3;15;77;3;BAZAR (SAN MAMEDE);;;;;
3;15;77;4;XALLAS DE CASTRIZ (SAN PEDRO);;;;;
3;15;77;5;CÍCERE (SAN PEDRO);;;;;
3;15;77;6;GRIXOA DE ESTERNANDE (SANTA MARÍA);;;;;
3;15;77;7;FONTECADA (SAN MARTIÑO);;;;;
3;15;77;8;FREIXEIRO (SAN FINS);;;;;
3;15;77;9;GRIXOA (SAN XOÁN);;;;;
3;15;77;10;MALLÓN (SAN CRISTOVO);;;;;
3;15;77;11;MONTOUTO (SANTA MARÍA);;;;;
3;15;77;12;SAN SALVADOR DE PADREIRO (SAN SALVA;;;;;
3;15;77;13;PEREIRA (A) (SANTO ANDRÉ);;;;;
3;15;77;14;SANTA COMBA (SAN PEDRO);;;;;
3;15;77;15;SANTA SABIÑA (SAN XULIÁN);;;;;
3;15;77;16;SER (SAN PEDRO);;;;;
3;15;77;17;VILAMAIOR (SANTA MARÍA);;;;;
3;15;78;1;ARÍNS (SAN MARTIÑO);;;;;
3;15;78;2;BANDO (SANTA EULALIA);;;;;
3;15;78;3;BARCIELA (A) (SANTO ANDRÉ);;;;;
3;15;78;4;BUSTO (SAN PEDRO);;;;;
3;15;78;5;CARBALLAL (O) (SAN XULIÁN);;;;;
3;15;78;6;CASTIÑEIRIÑO (O) (NOSA SEÑORA DE FÁ;;;;;
3;15;78;7;CESAR (SANTA MARÍA);;;;;
3;15;78;8;CONXO (SANTA MARÍA);;;;;
3;15;78;9;EIXO (O) (SAN CRISTOVO);;;;;
3;15;78;10;ENFESTA (A) (SAN CRISTOVO);;;;;
3;15;78;11;FECHA (SAN XOÁN);;;;;
3;15;78;12;SANTA CRISTINA DE FECHA (SANTA CRIS;;;;;
3;15;78;13;FIGUEIRAS (SANTA MARÍA);;;;;
3;15;78;14;GRIXOA (SANTA MARÍA);;;;;
3;15;78;15;LARAÑO (SAN MARTIÑO);;;;;
3;15;78;16;MARANTES (SAN VICENTE);;;;;
3;15;78;17;MARROZOS (SANTA MARÍA);;;;;
3;15;78;18;NEMENZO (SANTA CRISTINA);;;;;
3;15;78;19;SABUGUEIRA (SAN PAIO);;;;;
3;15;78;20;VIDÁN (DIVINO SALVADOR);;;;;
3;15;78;21;SAN CAETANO (SANTIAGO);;;;;
3;15;78;22;SAN PAIO (SANTIAGO);;;;;
3;15;78;23;SAN LÁZARO (SANTIAGO);;;;;
3;15;78;25;VISTA ALEGRE (SAN XOÁN);;;;;
3;15;78;26;PEREGRINA (A) (SANTA MARÍA);;;;;
3;15;78;28;VERDÍA (SANTA MARIÑA);;;;;
3;15;78;29;VILLESTRO (SANTA MARÍA);;;;;
3;15;78;99;SANTIAGO DE COMPOSTELA N.U.;;;;;
3;15;79;1;ARCEDIAGO (SAN XOÁN);;;;;
3;15;79;2;BARAZÓN (SANTA MARÍA);;;;;
3;15;79;3;BEIGONDO (SAN COSME);;;;;
3;15;79;4;BELMIL (SAN PEDRO);;;;;
3;15;79;5;LIÑARES (SANTIAGO);;;;;
3;15;79;6;MOURAZOS (SAN XURXO);;;;;
3;15;79;7;NIÑODAGUIA (SAN PAIO);;;;;
3;15;79;8;NOVELA (SANTA MARÍA);;;;;
3;15;79;9;PEZOBRE (SAN CRISTOVO);;;;;
3;15;79;10;PEZOBRES (SAN ESTEVO);;;;;
3;15;79;11;RAIRIZ (SANTA EULALIA);;;;;
3;15;79;12;RIBADULLA (SAN VICENTE);;;;;
3;15;79;13;SAN ROMÁN (SAN PEDRO);;;;;
3;15;79;14;SANTISO (SANTA MARÍA);;;;;
3;15;79;15;SERANTES (SANTA EULALIA);;;;;
3;15;79;16;VIMIANZO (SANTA MARÍA);;;;;
3;15;79;17;VISANTOÑA (SAN XOÁN);;;;;
3;15;80;1;CARELLE (SAN LOURENZO);;;;;
3;15;80;2;CIDADELA (A) (SANTA MARÍA);;;;;
3;15;80;3;CODESOSO (SAN MIGUEL);;;;;
3;15;80;4;CUMBRAOS (SAN XULIÁN);;;;;
3;15;80;5;FOLGOSO (SANTA CRISTINA);;;;;
3;15;80;6;GRIXALBA (SAN XULIÁN);;;;;
3;15;80;7;NOGUEIRA (SAN XURXO);;;;;
3;15;80;8;PORTA (SAN PEDRO);;;;;
3;15;80;9;POUSADA (SAN MAMEDE);;;;;
3;15;80;10;ROADE (SANTO ANDRÉ);;;;;
3;15;81;1;ENCHOUSAS (AS) (SAN PEDRO);;;;;
3;15;81;2;RECEMEL (SANTA MARÍA);;;;;
3;15;81;3;SEIXAS (SANTA MARÍA);;;;;
3;15;81;4;SOMOZAS (AS) (SANTIAGO SERÉ);;;;;
3;15;82;1;CACHEIRAS (SAN SIMÓN DE ONS);;;;;
3;15;82;2;CALO (SAN XOÁN);;;;;
3;15;82;3;LAMPAI (SANTA MARÍA);;;;;
3;15;82;4;LUCÍ (SANTA MARÍA);;;;;
3;15;82;5;LUOU (SANTA MARÍA);;;;;
3;15;82;6;OZA (SANTA BAIA);;;;;
3;15;82;7;RARÍS (SAN MIGUEL);;;;;
3;15;82;8;RECESENDE (SAN XOÁN);;;;;
3;15;82;9;REIS (SAN CRISTOVO);;;;;
3;15;82;10;TEO (SANTA MARÍA);;;;;
3;15;82;11;BAAMONDE (SANTA MARÍA);;;;;
3;15;82;12;VILARIÑO (SAN TOMÉ);;;;;
3;15;83;1;BRAÑAS (SANTA MARIÑA);;;;;
3;15;83;2;CAPELA (A) (SANTA MARÍA);;;;;
3;15;83;3;MANGUEIRO (SAN TOMÉ);;;;;
3;15;83;4;MONTE (SAN XULIÁN);;;;;
3;15;83;5;MONTE (SANTA EUFEMIA);;;;;
3;15;83;6;OLEIROS (SAN MARTIÑO);;;;;
3;15;83;7;ORDES (SANTA MARÍA);;;;;
3;15;83;8;PARADELA (SAN PAIO);;;;;
3;15;83;9;VILOURIZ (SANTIAGO);;;;;
3;15;83;10;VILLAMOR (SAN ESTEVO);;;;;
3;15;84;1;ANDOIO (SAN MAMEDE);;;;;
3;15;84;2;ANXERIZ (SANTA MARIÑA);;;;;
3;15;84;3;BARDAOS (SANTA MARÍA);;;;;
3;15;84;4;CABALEIROS (SAN XULIÁN);;;;;
3;15;84;5;CASTENDA (SANTA MARÍA);;;;;
3;15;84;6;GORGULLOS (SANTA EULALIA);;;;;
3;15;84;7;LEOBALDE (SAN CRISTOVO);;;;;
3;15;84;8;NUMIDE (SANTIAGO);;;;;
3;15;84;9;TORDOIA (SAN XOÁN);;;;;
3;15;84;10;VILA DO ABADE (SAN CIBRAN);;;;;
3;15;85;1;ANDEADE (SANTIAGO);;;;;
3;15;85;2;BAMA (SAN VICENTE);;;;;
3;15;85;3;BENDAÑA (SANTA MARÍA);;;;;
3;15;85;4;BESEÑO (SAN CRISTOVO);;;;;
3;15;85;5;CALVOS (SAN MARTIÑO);;;;;
3;15;85;6;CIRCES (SANTA MARIÑA);;;;;
3;15;85;7;CORNADO (SANTISO);;;;;
3;15;85;8;ENQUERENTES (SAN MIGUEL);;;;;
3;15;85;9;FAO (SANTA UXÍA);;;;;
3;15;85;10;FOXÁNS (SAN BREIXO);;;;;
3;15;85;11;FONTES ROSAS (SAN XOÁN);;;;;
3;15;85;12;LOXO (SANTA MARÍA);;;;;
3;15;85;13;NOVEFONTES (SANTIAGO);;;;;
3;15;85;14;PREVEDIÑOS (SANTIAGO);;;;;
3;15;85;15;QUIÓN (SAN FELIX);;;;;
3;15;85;16;RIBEIRA (SAN PEDRO);;;;;
3;15;85;17;TOURO (SAN XOÁN);;;;;
3;15;85;18;TURCES (SANTA MARÍA);;;;;
3;15;85;19;VILAR (SAN MIGUEL);;;;;
3;15;86;1;BENZA (SAN PEDRO);;;;;
3;15;86;2;BERREO (SAN MAMEDE);;;;;
3;15;86;3;CAMPO (SAN XOÁN);;;;;
3;15;86;4;CASTELO (SANTA MARÍA);;;;;
3;15;86;5;CHAIÁN (SANTA MARÍA);;;;;
3;15;86;6;MONZO (SAN MARTIÑO);;;;;
3;15;86;7;MORLÁN (SANTA MARÍA);;;;;
3;15;86;8;RESTANDE (SANTA MARÍA);;;;;
3;15;86;9;TRAZO (SANTA MARÍA);;;;;
3;15;86;10;VILOUCHADA (SAN VICENTE);;;;;
3;15;86;11;XAVESTRE (SAN CRISTOVO);;;;;
3;15;87;1;LAGO (SANTIAGO);;;;;
3;15;87;2;LOIRA (SAN PEDRO);;;;;
3;15;87;4;MEIRÁS (SAN VICENTE);;;;;
3;15;87;5;PANTÍN (SANTIAGO);;;;;
3;15;87;6;SEQUEIRO (SANTA MARÍA);;;;;
3;15;87;7;VALDOVIÑO (SANTA EULALIA);;;;;
3;15;87;8;VILABOA (SAN VICENTE);;;;;
3;15;87;9;VILARRUBE (SAN MARTIÑO);;;;;
3;15;88;1;ARABEXO (SANTA MARÍA);;;;;
3;15;88;2;BEMBIBRE (SAN SALVADOR);;;;;
3;15;88;3;BUXÁN (SANTIAGO);;;;;
3;15;88;4;COUCIEIRO (SAN MARTIÑO);;;;;
3;15;88;5;ERVIÑOU (SAN CRISTOVO);;;;;
3;15;88;6;NIVEIRO (SAN VICENTE);;;;;
3;15;88;7;PARAMOS (SANTA MARÍA);;;;;
3;15;88;8;PORTOMEIRO (SAN COSME);;;;;
3;15;88;9;PORTOMOURO (SAN CRISTOVO);;;;;
3;15;88;10;RIAL (SAN VICENTE);;;;;
3;15;88;11;SAN ROMÁN (SANTA MARIÑA);;;;;
3;15;88;12;VILARIÑO (SAN PEDRO);;;;;
3;15;89;1;ILLOBRE (SANTO ANDRÉ);;;;;
3;15;89;2;MERÍN (SAN CRISTOVO);;;;;
3;15;89;3;PONTE-ULLA (A) (SANTA MARÍA MADANEL;;;;;
3;15;89;4;RIBADULLA (SAN MAMEDE);;;;;
3;15;89;5;RIBADULLA (SANTA CRUZ);;;;;
3;15;89;6;SALES (SAN FELIX);;;;;
3;15;89;7;SALES (SAN XULIÁN);;;;;
3;15;89;8;SARANDÓN (SAN MIGUEL);;;;;
3;15;89;9;SARANDÓN (SAN PEDRO);;;;;
3;15;89;10;TROBE (SANTO ANDRÉ);;;;;
3;15;89;11;VEDRA (SANTA EULALIA);;;;;
3;15;89;12;VILANOVA (SAN PEDRO);;;;;
3;15;90;1;ARMENTAL (SAN MARTIÑO);;;;;
3;15;90;2;BARBEITO (DIVINO SALVADOR);;;;;
3;15;90;3;CURTIS (SAN VICENTE);;;;;
3;15;90;4;MEZONZO (SANTA MARÍA);;;;;
3;15;90;5;PRÉSARAS (SAN PEDRO);;;;;
3;15;90;6;VILARIÑO (SANTA MARÍA);;;;;
3;15;90;7;VILASANTAR (SANTIAGO);;;;;
3;15;91;1;DOROÑA (SANTA MARÍA);;;;;
3;15;91;2;GRANDAL (SAN PEDRO);;;;;
3;15;91;3;GÜIMIL (SAN CRISTOVO);;;;;
3;15;91;4;TORRES (SAN XURXO);;;;;
3;15;91;5;VILAMATEO (SANTIAGO);;;;;
3;15;91;6;VILARMAIOR (SAN PEDRO);;;;;
3;15;92;1;BAÍÑAS (SAN ANTOLÍN);;;;;
3;15;92;2;BAMIRO (SAN MAMEDE);;;;;
3;15;92;3;BERDOIAS (SAN PEDRO);;;;;
3;15;92;4;CALO (SAN XOÁN);;;;;
3;15;92;5;CAMBEDA (SAN XOÁN);;;;;
3;15;92;6;CARANTOÑA (SAN MARTIÑO);;;;;
3;15;92;7;CARNÉS (SAN CRISTOVO);;;;;
3;15;92;8;CASTRELO (SAN MARTIÑO);;;;;
3;15;92;9;CEREIXO (SANTIAGO);;;;;
3;15;92;10;SALTO (SANTA MARÍA);;;;;
3;15;92;11;SERRAMO (SAN SEBASTIÁN);;;;;
3;15;92;12;TINES (SANTA EULALIA);;;;;
3;15;92;13;TREOS (SAN MIGUEL);;;;;
3;15;92;14;VIMIANZO (SAN VICENTE);;;;;
3;15;93;1;ALLO (O) (SAN PEDRO);;;;;
3;15;93;2;BAIO (SANTA MARÍA);;;;;
3;15;93;3;BRANDOMIL (SAN PEDRO);;;;;
3;15;93;4;BRANDOÑAS (SANTA MARÍA);;;;;
3;15;93;5;CARREIRA (SANTIAGO);;;;;
3;15;93;6;SANTO ADRIÁN DE CASTRO (SANTO ADRIÁ;;;;;
3;15;93;7;GÁNDARA (SANTA MARÍA);;;;;
3;15;93;8;LAMAS (SANTA MARÍA);;;;;
3;15;93;9;LOROÑO (SANTIAGO);;;;;
3;15;93;10;SAN MARTIÑO DE MEANOS (SAN MARTIÑO);;;;;
3;15;93;11;MIRA (SANTA MARÍA);;;;;
3;15;93;12;MUÍÑO (SAN TIRSO);;;;;
3;15;93;13;SAN CREMENZO DE PAZOS (SAN CREMENZO;;;;;
3;15;93;14;SANTA SÍA DE ROMA (SANTA SÍA);;;;;
3;15;93;15;VILAR (SAN PEDRO);;;;;
3;15;93;16;ZAS (SANTO ANDRÉ);;;;;
3;15;901;1;CARIÑO (SAN BARTOLOMEU);;;;;
3;15;901;2;FEÁS (SAN PEDRO);;;;;
3;15;901;3;LANDOI (SANTIAGO);;;;;
3;15;901;4;PEDRA (A) (SANTA MARÍA);;;;;
3;15;901;5;SISMUNDI (SANTO ESTEVO);;;;;
3;15;902;1;BANDOXA (SAN MARTIÑO);;;0;0;0
3;15;902;2;BORRIFÁNS (SAN PEDRO);;;0;0;0
3;15;902;3;BRAGADE (SAN MAMEDE);;;0;0;0
3;15;902;4;CARRES (SAN VICENZO);;;0;0;0
3;15;902;5;CIS (SAN NICOLAO);;;0;0;0
3;15;902;6;CUIÑA (SANTA MARIA);;;0;0;0
3;15;902;7;CUITÁN (SANTA MARIA);;;0;0;0
3;15;902;8;DORDAÑO (SANTA MARIA);;;0;0;0
3;15;902;9;FIGUEREDO (SANTA MARIA);;;0;0;0
3;15;902;10;FILGUEIRA DE BARRANCA (SAN PEDRO);;;0;0;0
3;15;902;11;FILGUEIRA DE TRABA (SAN MIGUEL);;;0;0;0
3;15;902;12;LOUREDA (SANTO ESTEVO);;;0;0;0
3;15;902;13;MANDAIO (SAN XIAO);;;0;0;0
3;15;902;14;MONDOI (SANTA CRUZ);;;0;0;0
3;15;902;15;OZA (SAN PEDRO);;;0;0;0
3;15;902;16;PADERNE (SANTIAGO);;;0;0;0
3;15;902;17;PARADA (SANTO ESTEVO);;;0;0;0
3;15;902;18;PORZOMILLOS (SAN PEDRO);;;0;0;0
3;15;902;19;PROBAOS (SANTAIA);;;0;0;0
3;15;902;20;REBOREDO (SANTIAGO);;;0;0;0
3;15;902;21;REGUEIRA (SANTA MARIA);;;0;0;0
3;15;902;22;RODEIRO (SANTA MARIA);;;0;0;0
3;15;902;23;SANTO (SANTO TOME);;;0;0;0
3;15;902;24;TRASANQUELOS (SAN SALVADOR);;;0;0;0
3;15;902;25;VIVIENTE (SANTO ESTEVO);;;0;0;0
3;15;999;0;NO DETERMINADA;;;;;
3;27;1;1;ABADÍN (SANTA MARÍA);;;;;
3;27;1;2;ABELEDO (SANTA MARÍA);;;;;
3;27;1;3;ALDIXE (SAN PEDRO);;;;;
3;27;1;4;BARONCELLE (SANTIAGO);;;;;
3;27;1;5;CABANEIRO (SAN BARTOLOMEU);;;;;
3;27;1;6;CANDÍA (SAN PEDRO);;;;;
3;27;1;7;CASTROMAIOR (SAN XOÁN);;;;;
3;27;1;8;CORVITE (SAN PEDRO);;;;;
3;27;1;9;FANOI (SANTA MARÍA MADANELA);;;;;
3;27;1;10;FRAIAS (SAN PEDRO);;;;;
3;27;1;11;GALGAO (SAN MARTIÑO);;;;;
3;27;1;12;GOÁS (SAN PEDRO);;;;;
3;27;1;13;GRAÑA (SANTA MARÍA MADANELA);;;;;
3;27;1;14;LABRADA (SAN PEDRO);;;;;
3;27;1;15;MONCELOS (SANTA MARÍA);;;;;
3;27;1;16;MONTOUTO (SANTA MARÍA);;;;;
3;27;1;17;QUENDE (SANTIAGO);;;;;
3;27;1;18;ROMARIZ (SAN XOÁN);;;;;
3;27;1;19;VILARENTE (SAN XOÁN);;;;;
3;27;2;1;ADELÁN (SANTIAGO);;;;;
3;27;2;2;BACOI (SANTA MARÍA);;;;;
3;27;2;3;CARBALLIDO (SAN SEBASTIÁN);;;;;
3;27;2;4;CASTRO DE OURO (O) (SAN SALVADOR);;;;;
3;27;2;5;LAGOA (SAN VICENTE);;;;;
3;27;2;6;SAN PEDRO DE MOR (SAN PEDRO);;;;;
3;27;2;7;OIRAS (AS) (SAN MAMEDE);;;;;
3;27;2;8;PEREIRO (O) (SANTA MARÍA);;;;;
3;27;2;9;REIRADO (O) (SANTA MARÍA);;;;;
3;27;3;1;AGUELA (SAN MAMEDE);;;;;
3;27;3;2;ALVIDRÓN (SANTA MARÍA);;;;;
3;27;3;3;AMARANTE (SAN FIZ);;;;;
3;27;3;4;AMARANTE (SAN MARTIÑO);;;;;
3;27;3;5;AMOEXA (SANTIAGO);;;;;
3;27;3;6;ANTAS (SAN XOÁN);;;;;
3;27;3;7;ÁRBOL (SANTA EULALIA);;;;;
3;27;3;8;ARCOS (SANTA MARÍA);;;;;
3;27;3;9;AREAS (SANTA CRISTINA);;;;;
3;27;3;10;BARREIRO (SAN CIBRAO);;;;;
3;27;3;11;CASADENAIA (SANTA MARÍA);;;;;
3;27;3;12;CASTRO DE AMARANTE (SANTA MARIÑA);;;;;
3;27;3;13;CASTRO DE AMARANTE (SANTO ESTEVO);;;;;
3;27;3;14;CERVELA (SAN MIGUEL);;;;;
3;27;3;15;CIBREIRO (SAN MIGUEL);;;;;
3;27;3;16;CUTIÁN (SAN XOÁN);;;;;
3;27;3;17;DORRA (SANTIAGO);;;;;
3;27;3;18;FACHA (SAN XULIÁN);;;;;
3;27;3;19;OLVEDA (SANTA MARÍA);;;;;
3;27;3;20;PEIBÁS (SAN LOURENZO);;;;;
3;27;3;21;QUEIXEIRO (SAN PEDRO);;;;;
3;27;3;22;REBOREDO (SANTIAGO);;;;;
3;27;3;23;RIAL (O) (SANTO ANDRÉ);;;;;
3;27;3;24;SANTISO (SANTABAIA);;;;;
3;27;3;25;SENANDE (SAN MIGUEL);;;;;
3;27;3;26;TERRACHÁ (SAN XURXO);;;;;
3;27;3;27;VILANUE (SAN SALVADOR);;;;;
3;27;3;28;VILAPOUPRE (SAN MARTIÑO);;;;;
3;27;4;1;BRAÑA (A) (SAN MIGUEL);;;;;
3;27;4;2;CÓRNEAS (SANTIAGO);;;;;
3;27;4;3;CUBILLEDO (SANTIAGO);;;;;
3;27;4;4;DEGOLADA (A) (SAN LOURENZO);;;;;
3;27;4;5;ESPERELA (A) (SAN PEDRO);;;;;
3;27;4;6;FONTANEIRA (A) (SANTIAGO);;;;;
3;27;4;7;FONTEO (SANTA MARÍA);;;;;
3;27;4;8;LASTRA (A) (SAN XOÁN);;;;;
3;27;4;9;LIBRÁN (SANTA MARIÑA);;;;;
3;27;4;10;MARTÍN (SANTIAGO);;;;;
3;27;4;11;POUSADA (SAN LOURENZO);;;;;
3;27;4;12;RETIZÓS (SANTA MARÍA MADANELA);;;;;
3;27;5;1;SAN COSME DE BARREIROS (SAN COSME);;;;;
3;27;5;2;SAN PEDRO DE BENQUERENCIA (SAN PEDR;;;;;
3;27;5;3;CABARCOS (SAN XULIÁN);;;;;
3;27;5;4;SAN XUSTO DE CABARCOS (SAN XUSTO);;;;;
3;27;5;5;CELEIRO DE MARIÑAOS (SANTA CRISTINA;;;;;
3;27;5;6;SAN MIGUEL DE REINANTE (SAN MIGUEL);;;;;
3;27;5;7;REINANTE (SANTIAGO);;;;;
3;27;5;8;VILAMARTÍN PEQUENO (SAN XOÁN DEGOLA;;;;;
3;27;6;1;AGUEIRA (SAN XOÁN);;;;;
3;27;6;2;ARMESTO (SAN ROMÁN);;;;;
3;27;6;3;BECERREA (SAN XOÁN);;;;;
3;27;6;4;CADOALLA (SAN PEDRO);;;;;
3;27;6;5;CASCALLÁ (SANTA MARÍA);;;;;
3;27;6;6;CEREIXAL (SAN XOSE);;;;;
3;27;6;7;CRUZUL (SAN MARTIÑO);;;;;
3;27;6;8;FERREIROS DE BALBOA (SANTA MARÍA);;;;;
3;27;6;9;FONTARÓN (SANCTI SPIRITUS);;;;;
3;27;6;10;FURCO (SAN XOÁN);;;;;
3;27;6;11;GUILFREI (SANTA EULALIA);;;;;
3;27;6;12;GUILLÉN (SAN PEDRO);;;;;
3;27;6;13;LIBER (SAN REMIXIO);;;;;
3;27;6;14;MORCELLE (SAN XULIÁN);;;;;
3;27;6;15;OUSELLE (SAN COSME);;;;;
3;27;6;16;OUSÓN (SAN ADRIÁN);;;;;
3;27;6;17;PANDO (SAN XOÁN);;;;;
3;27;6;18;PENAMAIOR (SANTA MARÍA DE SAN LOURE;;;;;
3;27;6;19;QUINTA (SANTA EULALIA);;;;;
3;27;6;20;SEVANE (SAN XOÁN);;;;;
3;27;6;21;TORTES (SAN PEDRO);;;;;
3;27;6;22;VEIGA (SANTA MARÍA);;;;;
3;27;6;23;VILACHÁ (SAN PEDRO);;;;;
3;27;6;24;VILAIZ (SANTIAGO);;;;;
3;27;6;25;VILAMANE (SANTA MARÍA);;;;;
3;27;6;26;VILOUTA (SANTA MARIÑA);;;;;
3;27;7;1;BAAMONDE (SANTIAGO);;;;;
3;27;7;2;VALDOMAR (SAN XOÁN);;;;;
3;27;7;3;BEGONTE (SAN PEDRO);;;;;
3;27;7;4;BÓVEDA (SANTA EULALIA);;;;;
3;27;7;5;CARRAL (SAN MARTIÑO);;;;;
3;27;7;6;CASTRO (SANTA MARÍA);;;;;
3;27;7;7;CERDEIRAS (SAN PEDRO FELIX);;;;;
3;27;7;8;DAMIL (EL SALVADOR);;;;;
3;27;7;9;DONALBAI (SAN CRISTOVO);;;;;
3;27;7;10;FELMIL (SANTIAGO);;;;;
3;27;7;11;GAIBOR (SAN XULIÁN);;;;;
3;27;7;12;ILLÁN (SANTIAGO);;;;;
3;27;7;13;PACIOS (SAN MARTIÑO);;;;;
3;27;7;14;PENA (SAN VICENTE);;;;;
3;27;7;15;PENA (SANTA EULALIA);;;;;
3;27;7;16;SAAVEDRA (SANTA MARÍA);;;;;
3;27;7;17;TROBO (SANTA MARÍA);;;;;
3;27;7;18;URIZ (SANTO ESTEVO);;;;;
3;27;7;19;VIRIS (SANTA ELENA);;;;;
3;27;8;1;BÓVEDA (SAN MARTIÑO);;;;;
3;27;8;2;FREITUXE (SANTIAGO);;;;;
3;27;8;3;GUNTÍN (SAN CRISTOVO);;;;;
3;27;8;4;MARTÍN (SAN CRISTOVO);;;;;
3;27;8;5;MOSTEIRO (SAN PAIO);;;;;
3;27;8;6;REMESAR (SAN XOÁN);;;;;
3;27;8;7;RIBAS PEQUENAS (SANTIAGO);;;;;
3;27;8;8;RUBIÁN (SAN FIZ);;;;;
3;27;8;9;RUBIÁN (SANTIAGO);;;;;
3;27;8;10;TEILÁN (SANTABAIA);;;;;
3;27;8;11;TUIMIL (SANTA MARÍA);;;;;
3;27;8;12;VER (SAN VICENTE);;;;;
3;27;8;13;VILALPAPE (SAN BARTOLOMEU);;;;;
3;27;8;14;VILARBUXÁN (SAN BARTOLOMEU);;;;;
3;27;9;1;AGUADA (SANTABAIA);;;;;
3;27;9;2;ASMA (SANTA CRISTINA);;;;;
3;27;9;3;BEASCÓS (SANTA MARIÑA);;;;;
3;27;9;4;BÚBAL (SAN SALVADOR DE);;;;;
3;27;9;5;BÚBAL (SANTABAIA);;;;;
3;27;9;6;BUCIÑOS (SAN MIGUEL);;;;;
3;27;9;7;CAMPOS (SAN ROMÁN);;;;;
3;27;9;8;CARBALLEDO (SANTA MARÍA);;;;;
3;27;9;9;CARTELOS (SAN ESTEVO);;;;;
3;27;9;10;CASTRO (SAN CRISTOVO);;;;;
3;27;9;11;CASTRO (O) (SANTA MARIÑA);;;;;
3;27;9;12;COVA (SAN XOÁN);;;;;
3;27;9;13;CHOUZÁN (SAN ESTEVO);;;;;
3;27;9;14;ERBEDEIRO (SAN PEDRO);;;;;
3;27;9;15;FURCO (SAN GREGORIO);;;;;
3;27;9;16;LOBELLE (SAN CRISTOVO);;;;;
3;27;9;17;LOUSADA (SAN MAMEDE);;;;;
3;27;9;18;LOUSADA (SANTIAGO);;;;;
3;27;9;19;MARZÁS (SANTA MARÍA);;;;;
3;27;9;20;MILLEIROS (SAN XOÁN);;;;;
3;27;9;21;OLEIROS (SAN MIGUEL);;;;;
3;27;9;22;PRADEDA (SANTIAGO);;;;;
3;27;9;23;TEMES (SANTA MARÍA);;;;;
3;27;9;24;VILAQUINTE (SANTA MARÍA);;;;;
3;27;10;1;ANSEMAR (O SALVADOR);;;;;
3;27;10;2;AZÚMARA (SAN XOÁN);;;;;
3;27;10;3;BALMONTE (EL SALVADOR);;;;;
3;27;10;4;BAZAR (SAN PEDRO);;;;;
3;27;10;5;BENDÍA (SAN PEDRO);;;;;
3;27;10;6;CASTRO DE REI (SAN XOÁN);;;;;
3;27;10;7;COEA (O SALVADOR);;;;;
3;27;10;8;DUANCOS (SANTA MARÍA);;;;;
3;27;10;9;DUARRÍA (SANTIAGO);;;;;
3;27;10;10;DUMPÍN (SANTA EULALIA);;;;;
3;27;10;11;GOBERNO (SAN MARTIÑO);;;;;
3;27;10;12;LOENTIA (SANTO ESTEVO);;;;;
3;27;10;13;LUDRIO (SANTA MARÍA);;;;;
3;27;10;14;MONDRIZ (SANTIAGO);;;;;
3;27;10;15;MOS (SAN XULIÁN);;;;;
3;27;10;16;ORIZÓN (SANTA COMBA);;;;;
3;27;10;17;OUTEIRO (SANTA MARÍA);;;;;
3;27;10;18;PACIOS (EL SALVADOR);;;;;
3;27;10;19;PREVESOS (SANTO ESTEVO);;;;;
3;27;10;20;QUINTELA (SANTA MARÍA);;;;;
3;27;10;21;RAMIL (SANTA MARIÑA);;;;;
3;27;10;22;RIBEIRAS DE LEA (SAN XOÁN);;;;;
3;27;10;23;SANTA LOCAIA (SAN PEDRO);;;;;
3;27;10;24;TRIABA (SAN PEDRO);;;;;
3;27;10;25;VILADONGA (SANTIAGO);;;;;
3;27;11;1;AGUSTÍN (SANTA MARÍA);;;;;
3;27;11;2;ARCOS (SAN PAIO);;;;;
3;27;11;3;BARREDO (SANTO ANDRÉ);;;;;
3;27;11;4;BARREDO (SAN XOÁN);;;;;
3;27;11;5;BARREIROS (SAN COSME);;;;;
3;27;11;6;BOLAÑO (SANTA BAIA);;;;;
3;27;11;7;SAN MIGUEL DO CAMIÑO (SAN MIGUEL);;;;;
3;27;11;8;CELLÁN DE CALVOS (SAN SALVADOR);;;;;
3;27;11;9;CELLÁN DE MOSTEIRO (SAN PEDRO);;;;;
3;27;11;10;COVELAS (SAN MIGUEL);;;;;
3;27;11;11;ESPASANDE (SANTIAGO);;;;;
3;27;11;12;FRAIRÍA (A) (SANTA MARÍA);;;;;
3;27;11;13;FURÍS (SANTO ESTEVO);;;;;
3;27;11;14;GOI (SANTA MARÍA MADANELA);;;;;
3;27;11;15;MASOUCOS (SANTIAGO);;;;;
3;27;11;16;MEDA (A) (SANTIAGO);;;;;
3;27;11;17;MIRANDA (SANTIAGO);;;;;
3;27;11;18;MIRANDELA (SANTO ANDRÉ);;;;;
3;27;11;19;MONTE (SANTA MARÍA);;;;;
3;27;11;20;MONTECUBEIRO (SAN CIBRAO);;;;;
3;27;11;21;MOREIRA (SANTA MARÍA);;;;;
3;27;11;22;PADERNE (SANTO ESTEVO);;;;;
3;27;11;23;PÁRAMO (SAN MIGUEL);;;;;
3;27;11;24;PENA (SANTA MARÍA MADANELA);;;;;
3;27;11;25;PEREIRAMÁ (SAN XULIÁN);;;;;
3;27;11;26;PUMAREGA (A) (SANTA MARIÑA);;;;;
3;27;11;27;REBORDAOS (SAN XURXO);;;;;
3;27;11;28;RECESENDE (SAN CIBRAO);;;;;
3;27;11;29;RIOMOL (SAN PEDRO);;;;;
3;27;11;30;SERÉS (SAN PEDRO);;;;;
3;27;11;31;SOUTO DE TORRES (SAN TOMÉ);;;;;
3;27;11;32;SOUTOMERILLE (SAN SALVADOR);;;;;
3;27;11;33;TÓRDEA (SAN TOMÉ);;;;;
3;27;11;34;URIZ (SANTA MARÍA);;;;;
3;27;11;35;VILABADE (SANTA MARÍA);;;;;
3;27;11;36;VILALLE (SAN PEDRO);;;;;
3;27;11;37;VILARIÑO (SANTIAGO);;;;;
3;27;12;1;AMBASVÍAS (SANTALLA);;;;;
3;27;12;2;SAN TOMÉ DE CANCELADA (SAN TOMÉ);;;;;
3;27;12;3;CASTELO (SAN PEDRO);;;;;
3;27;12;4;CASTRO (O) (SANTA MARÍA);;;;;
3;27;12;5;CEREIXEDO (SANTIAGO);;;;;
3;27;12;6;SAN PEDRO DE CERVANTES (SAN PEDRO);;;;;
3;27;12;7;SAN ROMÁN DE CERVANTES (SAN ROMÁN);;;;;
3;27;12;8;DONÍS (SAN FIZ);;;;;
3;27;12;9;DORNA (SANTA MARÍA);;;;;
3;27;12;10;LAMAS (SAN XIAO);;;;;
3;27;12;11;MOSTEIRO (O) (SAN XOÁN);;;;;
3;27;12;12;NOCEDA (SAN PEDRO);;;;;
3;27;12;13;PANDO (O) (SANTA MARÍA);;;;;
3;27;12;14;QUINDOUS (SAN XUSTO);;;;;
3;27;12;15;RIBEIRA (A) (SAN MARTÍN);;;;;
3;27;12;16;VILAPÚN (SANTA COMBA);;;;;
3;27;12;17;VILAQUINTE (SAN VREIXO);;;;;
3;27;12;18;VILARELLO (SANTA MARÍA);;;;;
3;27;12;19;VILASANTE (SANTIAGO);;;;;
3;27;12;20;VILASPASANTES (SAN XOÁN);;;;;
3;27;12;21;VILAVER (SAN XUSTO);;;;;
3;27;13;2;CASTELO (SAN XIAO);;;;;
3;27;13;3;CERVO (SANTA MARÍA);;;;;
3;27;13;4;LIEIRO (SANTA MARÍA);;;;;
3;27;13;5;RÚA (SANTA MARÍA);;;;;
3;27;13;6;SARGADELOS (SANTIAGO);;;;;
3;27;13;7;SAN ROMÁN DE VILAESTROFE (SAN ROMÁN;;;;;
3;27;14;1;ABRAGÁN (SAN BARTOLOMEU);;;;;
3;27;14;2;ADAI (SANTIAGO);;;;;
3;27;14;3;ALTO (SANTA EULALIA);;;;;
3;27;14;4;ANSEÁN (SANTA CATALINA);;;;;
3;27;14;5;ARXEMIL (SAN PEDRO);;;;;
3;27;14;6;BERGAZO (SAN PEDRO FELIX);;;;;
3;27;14;7;CABREIROS (SANTA MARIÑA);;;;;
3;27;14;8;CAMPELO (SAN XULIÁN);;;;;
3;27;14;9;CAMPOSO (SANTIAGO);;;;;
3;27;14;10;CASTRILLÓN (O SALVADOR);;;;;
3;27;14;11;CELA (SAN XOÁN);;;;;
3;27;14;12;CERCEDA (SAN PEDRO);;;;;
3;27;14;13;CORGO (O) (SAN XOÁN);;;;;
3;27;14;14;CHAMOSO (SANTO ANDRÉ);;;;;
3;27;14;15;CHAMOSO (SAN BARTOLOMEU);;;;;
3;27;14;16;CHAMOSO (SAN CRISTOVO);;;;;
3;27;14;17;ESCOUREDA (SANTA MARÍA);;;;;
3;27;14;18;FARNADEIROS (SANTO ESTEVO);;;;;
3;27;14;19;FARNADEIROS (SAN PEDRO);;;;;
3;27;14;20;FOLGOSA (SAN ESTEVO);;;;;
3;27;14;21;FOLGOSA (SAN MARTIÑO);;;;;
3;27;14;22;FONTEITA (SANTIAGO);;;;;
3;27;14;23;FRANQUEÁN (SANTA MARÍA);;;;;
3;27;14;24;GOMEÁN (SANTIAGO);;;;;
3;27;14;25;LAPIO (SAN MIGUEL);;;;;
3;27;14;26;LAXOSA (SANTIAGO);;;;;
3;27;14;27;MACEDA (SAN PEDRO);;;;;
3;27;14;28;MANÁN (SAN COSME);;;;;
3;27;14;29;MANÁN (SANTA MARÍA MADANELA);;;;;
3;27;14;30;MAREI (SANTA MARÍA);;;;;
3;27;14;31;PARADELA (SAN PEDRO);;;;;
3;27;14;32;PEDRAFITA (SAN MIGUEL);;;;;
3;27;14;33;PIÑEIRO (SANTA MARÍA);;;;;
3;27;14;34;QUEIZÁN (SANTA MARÍA);;;;;
3;27;14;35;QUINTE (SANTA EULALIA);;;;;
3;27;14;36;SABAREI (SANTA MARÍA MADANELA);;;;;
3;27;14;37;SEGOVIA (SAN XOÁN);;;;;
3;27;14;38;VILACHÁ (SAN XULIÁN);;;;;
3;27;15;1;ARCILLA (SAN PAIO);;;;;
3;27;15;2;BESTAR (SANTA MARÍA);;;;;
3;27;15;3;BEXÁN (SAN PAIO);;;;;
3;27;15;4;COSPEITO (SANTA MARÍA);;;;;
3;27;15;5;GOA (SAN XURXO);;;;;
3;27;15;6;LAMAS (SAN MARTIÑO);;;;;
3;27;15;7;MOMÁN (SAN PEDRO);;;;;
3;27;15;8;MUIMENTA (SANTA MARIÑA);;;;;
3;27;15;9;PINO (SAN MARTIÑO);;;;;
3;27;15;10;RIOAVESO (SANTA EULALIA);;;;;
3;27;15;11;ROÁS (SAN MIGUEL);;;;;
3;27;15;12;SANTA CRISTINA (SAN XULIÁN);;;;;
3;27;15;13;SEIXAS (SAN PEDRO);;;;;
3;27;15;14;SISOI (SANTA EULALIA);;;;;
3;27;15;15;SISTALLO (SAN XOÁN);;;;;
3;27;15;16;TAMOGA (SAN XULIÁN);;;;;
3;27;15;17;VILAR (SANTA MARÍA);;;;;
3;27;15;18;VILAPENE (SANTA MARÍA);;;;;
3;27;15;19;XERMAR (SANTA MARÍA);;;;;
3;27;15;20;XUSTÁS (SANTIAGO);;;;;
3;27;16;1;ADÁ (SANTA BAIA);;;;;
3;27;16;2;AGRADE (SAN VICENTE);;;;;
3;27;16;3;ARCOS (SANTA MARÍA);;;;;
3;27;16;4;ARGOZÓN (SAN VICENTE);;;;;
3;27;16;5;SANTIAGO DE RIBA;;;;;
3;27;16;6;ASMA (SAN FIZ);;;;;
3;27;16;7;ASMA (SAN SALVADOR);;;;;
3;27;16;8;ASMA (SANTA UXIA);;;;;
3;27;16;9;BELESAR (SAN BARTOLOMEU);;;;;
3;27;16;10;BERMÚN (SANTA MARÍA);;;;;
3;27;16;11;BRIGOS (SAN SALVADOR);;;;;
3;27;16;12;CAMPORRAMIRO (SANTA MARÍA);;;;;
3;27;16;13;CHANTADA (SANTA MARIÑA) (SANTA MARI;;;;;
3;27;16;14;ESMERIZ (SANTA MARÍA);;;;;
3;27;16;15;ESMORIZ (SAN XULIÁN);;;;;
3;27;16;16;FORNAS (SAN CRISTOVO);;;;;
3;27;16;17;LAXE (SAN XOÁN);;;;;
3;27;16;18;LÍNCORA (SAN PEDRO);;;;;
3;27;16;19;MARIZ (SAN MARTIÑO);;;;;
3;27;16;20;MATO (SAN XULIÁN);;;;;
3;27;16;21;MERLÁN (SANTO TOMÉ);;;;;
3;27;16;22;MONTE (SAN MIGUEL);;;;;
3;27;16;23;MOURICIOS (SAN CRISTOVO);;;;;
3;27;16;24;MURADELLE (SAN PAIO);;;;;
3;27;16;25;NOGUEIRA (SANTA MARÍA);;;;;
3;27;16;26;PEDRAFITA (SANTA BAIA);;;;;
3;27;16;27;PEREIRA (SAN MAMEDE);;;;;
3;27;16;28;PESQUEIRAS (SANTA MARÍA);;;;;
3;27;16;29;REQUEIXO (SANTIAGO);;;;;
3;27;16;30;SABADELLE (SANTA MARÍA);;;;;
3;27;16;31;VEIGA (SAN XOÁN);;;;;
3;27;16;32;VIANA (SAN PEDRO);;;;;
3;27;16;33;VIANA (SANTA CRUZ);;;;;
3;27;16;34;VILAÚXE (SAN SALVADOR);;;;;
3;27;16;35;SARIÑA (A) (SAN VICENTE);;;;;
3;27;17;1;ESPERANTE (SAN PEDRO);;;;;
3;27;17;2;FOLGOSO (SANTA MARÍA);;;;;
3;27;17;3;HÓRREOS (SAN PEDRO);;;;;
3;27;17;4;MEIRAOS (SANTA MARÍA);;;;;
3;27;17;5;NOCEDA (SAN PEDRO);;;;;
3;27;17;6;SECEDA (SAN SILVESTRE);;;;;
3;27;17;7;SEOANE (SAN XOÁN);;;;;
3;27;17;8;VILAMOR (SAN VICENTE);;;;;
3;27;17;9;VISUÑA (SANTA EUFEMIA);;;;;
3;27;18;1;ALLONCA (A) (SANTA MARÍA);;;;;
3;27;18;2;SAN MARTÍN DE ARROXO (SAN MARTÍN);;;;;
3;27;18;3;BASTIDA (A) (SAN MIGUEL);;;;;
3;27;18;4;BRUICEDO (SANTIAGO);;;;;
3;27;18;5;CARBALLIDO (SANTA MARÍA);;;;;
3;27;18;6;CEREIXIDO (SANTIAGO);;;;;
3;27;18;7;CUÍÑAS (SAN CRISTOVO);;;;;
3;27;18;8;FONFRÍA (SANTA MARÍA MADANELA);;;;;
3;27;18;9;FONSAGRADA (A) (SANTA MARÍA);;;;;
3;27;18;10;FREIXO (SAN XULIÁN);;;;;
3;27;18;11;LAMAS DE CAMPOS (SAN ROQUE);;;;;
3;27;18;12;LAMAS DE MOREIRA (SANTA MARÍA);;;;;
3;27;18;13;SANTO ANDRÉ DE LOGARES (SANTO ANDRÉ;;;;;
3;27;18;14;MADERNE (SAN PEDRO);;;;;
3;27;18;15;MONTESEIRO (SAN BARTOLO);;;;;
3;27;18;16;SAN PEDRO DE NEIRO (SAN PEDRO);;;;;
3;27;18;17;PACIOS (SANTA MARÍA);;;;;
3;27;18;18;PADRÓN (O) (SAN XOÁN);;;;;
3;27;18;19;PARADAVELLA (SAN XOÁN);;;;;
3;27;18;20;PIÑEIRA (SANTA MARÍA);;;;;
3;27;18;21;POBRA DE BURÓN (A)  (SANTA MARÍA MA;;;;;
3;27;18;22;SAN PEDRO DE RÍO (SAN PEDRO);;;;;
3;27;18;23;SAN MARTÍN DE SUARNA (SAN MARTIÑO);;;;;
3;27;18;24;TRAPA (A) (SAN CIBRÁN);;;;;
3;27;18;25;TROBO (O) (SANTA MARÍA);;;;;
3;27;18;26;VEIGA DE LOGARES (A) (SANTA MARÍA);;;;;
3;27;18;27;VIEIRO (SANTO ANTONIO);;;;;
3;27;18;28;VILABOL DE SUARNA (SANTA MARÍA);;;;;
3;27;18;29;VILAR DA CUÍÑA (O) (SANTA BÁRBARA);;;;;
3;27;19;1;CANGAS (SAN PEDRO);;;;;
3;27;19;2;CORDIDO (SAN XIAO);;;;;
3;27;19;3;FAZOURO (SANTIAGO);;;;;
3;27;19;4;FOZ (SANTIAGO);;;;;
3;27;19;5;SAN MARTIÑO DE MONDOÑEDO (SAN MARTI;;;;;
3;27;19;6;NOIS (SAN XIAO);;;;;
3;27;19;7;SAN ACISCLO DO VALADOURO (SAN ACISC;;;;;
3;27;19;8;SANTA CILLA DO VALADOURO (SANTA CIL;;;;;
3;27;19;9;VILARONTE (SAN XOÁN);;;;;
3;27;20;1;ANAFREITA (SAN PEDRO);;;;;
3;27;20;2;ANXERIZ (SANTA MARÍA);;;;;
3;27;20;3;BRA (SAN MARTIÑO);;;;;
3;27;20;4;CARBALLO (SAN XULIÁN);;;;;
3;27;20;5;CARLÍN (SANTA MARÍA);;;;;
3;27;20;6;CONDES (OS) (SAN MARTIÑO);;;;;
3;27;20;7;COTA (SAN MARTIÑO);;;;;
3;27;20;8;DEVESA (SANTA EULALIA);;;;;
3;27;20;9;FRIOL (SAN XULIÁN);;;;;
3;27;20;10;GUIMAREI (SANTA MARÍA);;;;;
3;27;20;11;GULDRIZ (SANTIAGO);;;;;
3;27;20;12;LAMAS (SANTA MARÍA);;;;;
3;27;20;13;LEA (SAN XURXO);;;;;
3;27;20;14;MADELOS (SANTA EULALIA);;;;;
3;27;20;15;MIRAZ (SANTIAGO);;;;;
3;27;20;16;NARLA (SAN PEDRO);;;;;
3;27;20;17;NODAR (SAN MAMEDE);;;;;
3;27;20;18;OUSA (SAN XULIÁN);;;;;
3;27;20;19;PACIO (O) (SANTA MARÍA);;;;;
3;27;20;20;PRADO (SAN MARTIÑO);;;;;
3;27;20;21;RAMELLE (SANTA MARÍA);;;;;
3;27;20;22;ROCHA (A) (SAN COSME);;;;;
3;27;20;23;ROIMIL (SAN XULIÁN);;;;;
3;27;20;24;APREGACIÓN (SAN CIBRAO);;;;;
3;27;20;25;SEIXÓN (SAN PAIO);;;;;
3;27;20;26;SEOANE DE APREGACIÓN (SAN XOÁN);;;;;
3;27;20;27;SERÉN (SANTA CRUZ);;;;;
3;27;20;28;SILVELA (SANTA MARÍA);;;;;
3;27;20;29;TRASMONTE (SANTIAGO);;;;;
3;27;20;30;VILAFIZ (SANTA MARÍA);;;;;
3;27;20;31;VILALVITE (SAN PEDRO);;;;;
3;27;20;32;XÍA (SANTA MARÍA);;;;;
3;27;21;1;BURGAS (SANTA OLAIA);;;;;
3;27;21;2;CABREIROS (SANTA MARIÑA);;;;;
3;27;21;3;CANDAMIL (SAN MIGUEL);;;;;
3;27;21;4;CAZÁS (SAN XULIÁN);;;;;
3;27;21;5;LOUSADA (SANTO ANDRÉ);;;;;
3;27;21;6;MIRAZ (SAN PEDRO);;;;;
3;27;21;7;MOMÁN (SAN MAMEDE);;;;;
3;27;21;8;PIÑEIRO (SAN MARTIÑO);;;;;
3;27;21;9;ROUPAR (SAN PEDRO FIZ);;;;;
3;27;21;10;XERMADE (SANTA MARÍA);;;;;
3;27;22;1;BECÍN (SAN XULIÁN);;;;;
3;27;22;2;BURIZ (SAN PEDRO);;;;;
3;27;22;3;LABRADA (SANTA MARÍA);;;;;
3;27;22;4;LAGOSTELLE (SAN XOÁN);;;;;
3;27;22;5;LAGOSTELLE (SANTA MARIÑA);;;;;
3;27;22;6;MARIZ (SANTA EULALIA);;;;;
3;27;22;7;NEGRADAS (SAN VICENTE);;;;;
3;27;22;8;PARGA (SAN ESTEVO);;;;;
3;27;22;9;PEDRAFITA (SAN MAMEDE);;;;;
3;27;22;10;PÍGARA (SAN PEDRO);;;;;
3;27;22;11;ROCA (SAN XULIÁN);;;;;
3;27;22;12;PARGA (SAN BREIXO);;;;;
3;27;22;13;PARGA (SAN SALVADOR);;;;;
3;27;22;14;PARGA (SANTA CRUZ);;;;;
3;27;22;15;PARGA (SANTA LEOCADIA);;;;;
3;27;22;16;TRASPARGA (SANTIAGO);;;;;
3;27;22;17;VILAR (SANTA MARÍA);;;;;
3;27;22;18;VILARES (SAN VICENTE);;;;;
3;27;23;1;CASTELO (O SALVADOR);;;;;
3;27;23;2;COSTANTE (SAN MIGUEL);;;;;
3;27;23;3;ENTRAMBASAGUAS (SANTIAGO);;;;;
3;27;23;4;FERREIRA (SANTA MARÍA);;;;;
3;27;23;5;FERROI (SANTA MARÍA);;;;;
3;27;23;6;FERROI (SANTIAGO);;;;;
3;27;23;7;FRANCOS (O SALVADOR);;;;;
3;27;23;8;GOMELLE (SANTIAGO);;;;;
3;27;23;9;GROLOS (SANTA CRUZ);;;;;
3;27;23;10;GUNTÍN DE PALLARES (O SALVADOR);;;;;
3;27;23;11;LAMELA (SANTA MARÍA);;;;;
3;27;23;12;LOUSADA (SAN MAMEDE);;;;;
3;27;23;13;LOUSADA (SANTA EULALIA);;;;;
3;27;23;14;MONTE DE MEDA (SAN CIBRAO);;;;;
3;27;23;15;MONTE DE MEDA (SAN MARTIÑO);;;;;
3;27;23;16;MOSTEIRO (SANTA MARÍA);;;;;
3;27;23;17;MONTA (SANTO ESTEVO);;;;;
3;27;23;18;MOUGÁN (SANTA MARÍA MADANELA);;;;;
3;27;23;19;NAVALLOS (SAN PEDRO);;;;;
3;27;23;20;OUROL (SAN XULIÁN);;;;;
3;27;23;21;PIÑEIRAS (SAN MAMEDE);;;;;
3;27;23;22;PARADERA (SANTA EULALIA);;;;;
3;27;23;23;RETORTA (SAN ROMÁN);;;;;
3;27;23;24;RETORTA (SANTA CRUZ);;;;;
3;27;23;25;SANTA EUXEA (SAN XOÁN);;;;;
3;27;23;26;SIRVIÁN (SANTA MARÍA);;;;;
3;27;23;27;VILAMAIOR DE NEGRAL (SAN LOURENZO);;;;;
3;27;23;28;VILAMEÁ (SAN MARTIÑO);;;;;
3;27;23;29;VILAMERELLE (SAN VICENTE);;;;;
3;27;23;30;VILERMAO (SAN MIGUEL);;;;;
3;27;23;31;ZOLLE (SANTA MARÍA);;;;;
3;27;24;1;BARDAOS (SAN XOÁN);;;;;
3;27;24;2;BARDAOS (SAN XULIÁN);;;;;
3;27;24;3;CASTELO (SANTO TOMÉ);;;;;
3;27;24;4;CERVELA (SAN CRISTOVO);;;;;
3;27;24;5;CUVELA (SAN PEDRO);;;;;
3;27;24;6;EIREXALBA (SAN ESTEVO);;;;;
3;27;24;7;FOILEBAR (SANTA MARÍA);;;;;
3;27;24;8;GOO (SANTA MARÍA);;;;;
3;27;24;9;HOSPITAL (SAN PEDRO FIZ);;;;;
3;27;24;10;INCIO (O) (SAN PEDRO);;;;;
3;27;24;11;INCIO (O) (SANTA CRUZ);;;;;
3;27;24;12;INCIO (O) (SANTA MARIÑA);;;;;
3;27;24;13;LAIOSA (SAN MARTIÑO);;;;;
3;27;24;14;MAO (SAN ROMÁN);;;;;
3;27;24;15;MAO (SAN SALVADOR);;;;;
3;27;24;16;MAO (SANTA MARÍA);;;;;
3;27;24;17;NOCEDA (SAN XOÁN);;;;;
3;27;24;18;PACIOS (SANTA MARÍA);;;;;
3;27;24;19;REBOIRO (SANTA MARÍA);;;;;
3;27;24;20;RENDAR (SANTA MARÍA);;;;;
3;27;24;21;RUBIÁN DE CIMA (SAN VICENTE);;;;;
3;27;24;22;SIRGUEIROS (SAN XOÁN);;;;;
3;27;24;23;TOLDAOS (SANTIAGO);;;;;
3;27;24;24;TRASCASTRO (SANTA EULALIA);;;;;
3;27;24;25;VILA DE MOUROS (SAN MIGUEL);;;;;
3;27;24;26;VILARXOÁN (SAN LOURENZO);;;;;
3;27;24;27;VILASOUTO (SAN MAMEDE);;;;;
3;27;24;28;VISO (SANTA CRISTINA);;;;;
3;27;25;1;LAGO (SANTA EULALIA);;;;;
3;27;25;2;MONTE (O) (SAN ISIDORO);;;;;
3;27;25;3;MORÁS (SAN CLEMENTE);;;;;
3;27;25;4;PORTOCELO (SAN TIRSO);;;;;
3;27;25;5;RIGUEIRA (A) (SAN MIGUEL);;;;;
3;27;25;6;SUMOAS (SANTO ESTEVO);;;;;
3;27;25;7;XOVE (SAN BARTOLO);;;;;
3;27;25;8;XUANCES (SAN PEDRO);;;;;
3;27;26;1;ARMEÁ (SAN PEDRO);;;;;
3;27;26;2;BANDE (SAN PEDRO);;;;;
3;27;26;3;CARRACEDO (SAN VICENTE);;;;;
3;27;26;4;CEDRÓN (SANTIAGO);;;;;
3;27;26;5;GALEGOS (SANTA MARÍA);;;;;
3;27;26;6;LAGOS (SANTA EULALIA);;;;;
3;27;26;7;LAMA (SANTA MARÍA);;;;;
3;27;26;8;LÁNCARA (SAN PEDRO);;;;;
3;27;26;9;LARÍN (O SALVADOR);;;;;
3;27;26;10;MONSEIRO (SAN MIGUEL);;;;;
3;27;26;11;MURO (SAN XOÁN);;;;;
3;27;26;12;NEIRA (SANTA MARÍA);;;;;
3;27;26;13;OLEIROS (SAN MARTIÑO);;;;;
3;27;26;14;POBRA DE SAN XULIÁN (SAN XULIÁN);;;;;
3;27;26;15;RÍO (SAN MARTIÑO);;;;;
3;27;26;16;RONFE (SAN PEDRO);;;;;
3;27;26;17;SOUTO (SANTIAGO);;;;;
3;27;26;18;TOIRÁN (O SALVADOR);;;;;
3;27;26;19;TOLDAOS (SAN VICENTE);;;;;
3;27;26;20;TOUVILLE (SANTA MARÍA);;;;;
3;27;26;21;TRASLISTE (SAN XOÁN);;;;;
3;27;26;22;VILAESTEVA (SANTA MARÍA);;;;;
3;27;26;23;VILALEO (SANTA MARÍA);;;;;
3;27;26;24;VILAMBRÁN (SANTA MARÍA);;;;;
3;27;26;25;VILARELLO (SAN PEDRO);;;;;
3;27;26;26;VILOUZÁN (SANTO ESTEVO);;;;;
3;27;27;1;SANTO ADRAO DE LOURENZÁ (SANTO ADRA;;;;;
3;27;27;2;SAN XURXO DE LOURENZÁ (SAN XURXO);;;;;
3;27;27;3;LOURENZÁ (SANTA MARÍA);;;;;
3;27;27;4;SAN TOMÉ DE LOURENZÁ (SAN TOMÉ);;;;;
3;27;28;1;ADAI (SANTA MARÍA MADANELA);;;;;
3;27;28;2;ALTA (SANTA MARÍA);;;;;
3;27;28;3;ALTO (SAN XOÁN);;;;;
3;27;28;4;ÁNXELES (OS) (SAN MAMEDE);;;;;
3;27;28;5;BACURÍN (SAN MIGUEL);;;;;
3;27;28;6;BASCUAS (SANTA MARÍA);;;;;
3;27;28;7;BAZAR (SAN REMIXIO);;;;;
3;27;28;8;BENADE (SANTO ESTEVO);;;;;
3;27;28;9;BOCAMAOS (SAN XULIÁN);;;;;
3;27;28;10;BÓVEDA (SANTA EULALIA);;;;;
3;27;28;11;BÓVEDA (SANTA MARÍA);;;;;
3;27;28;12;BURGO (SAN VICENTE);;;;;
3;27;28;13;CALDE (SAN PEDRO);;;;;
3;27;28;14;CAMOIRA (SANTO ESTEVO);;;;;
3;27;28;15;CAMPO (SAN XOÁN);;;;;
3;27;28;16;CARBALLIDO (SAN MARTIÑO);;;;;
3;27;28;17;CASTRO (SANTO ANDRÉ);;;;;
3;27;28;18;COEO (SAN VICENTE);;;;;
3;27;28;19;COESES (SANTA MARÍA MADANELA);;;;;
3;27;28;20;CUIÑA (SANTA EULALIA);;;;;
3;27;28;21;ESPERANTE (SANTA EULALIA);;;;;
3;27;28;22;FIXOS (SANTA MARTA);;;;;
3;27;28;23;GONDAR (SANTA MARÍA);;;;;
3;27;28;24;OMBREIRO (SAN MARTIÑO);;;;;
3;27;28;25;LABIO (SAN PEDRO);;;;;
3;27;28;26;LAMAS (SANTA EULALIA);;;;;
3;27;28;27;LUGO;;;;;
3;27;28;28;MAZOI (SANTA EULALIA);;;;;
3;27;28;29;MEILÁN (SANTIAGO);;;;;
3;27;28;30;MERA (SAN PEDRO);;;;;
3;27;28;31;MONTE DE MEDA (SANTA MARÍA MADANELA;;;;;
3;27;28;32;MUXA (SAN SALVADOR);;;;;
3;27;28;33;MUXA (SANTA MARÍA);;;;;
3;27;28;34;ORBAZAI (SAN MIGUEL);;;;;
3;27;28;35;OUTEIRO (SAN SALVADOR);;;;;
3;27;28;36;PEDREDA (SAN VICENTE);;;;;
3;27;28;37;PENA (SAN XOÁN);;;;;
3;27;28;38;PÍAS (SAN VICENTE);;;;;
3;27;28;39;PIÑEIRO (SAN MARTIÑO);;;;;
3;27;28;40;PIUGOS (SANTIAGO);;;;;
3;27;28;41;POUTOMILLOS (SAN MARTIÑO);;;;;
3;27;28;42;PROGALO (SANTIAGO);;;;;
3;27;28;43;RECIMIL (SAN LOURENZO);;;;;
3;27;28;44;RIBAS DE MIÑO (SAN MAMEDE);;;;;
3;27;28;45;ROMEÁN (SAN PEDRO);;;;;
3;27;28;46;RUBIÁS (SAN XULIÁN);;;;;
3;27;28;47;SAA (SANTIAGO);;;;;
3;27;28;48;SAN ROMÁN (SANTA CRISTINA);;;;;
3;27;28;49;SANTA COMBA (SAN PEDRO);;;;;
3;27;28;50;SOÑAR (SAN PEDRO);;;;;
3;27;28;51;TEIXEIRO (SANTA MARÍA);;;;;
3;27;28;52;TIRIMOL (SAN XOÁN);;;;;
3;27;28;53;TORIBLE (SANTA MARIÑA);;;;;
3;27;28;54;VERAL (SAN VICENTE);;;;;
3;27;28;55;VILACHÁ DE MERA (SAN XULIÁN);;;;;
3;27;29;1;MEIRA (SANTA MARÍA);;;;;
3;27;29;2;SEIXOSMIL (SAN ISIDRO);;;;;
3;27;30;1;ARGOMOSO (SAN PEDRO);;;;;
3;27;30;2;COUBOEIRA (A) (SANTA MARÍA MADANELA;;;;;
3;27;30;3;FIGUEIRAS (SAN MARTIÑO);;;;;
3;27;30;4;LINDÍN (SANTIAGO);;;;;
3;27;30;5;MASMA (SANTO ANDRÉ);;;;;
3;27;30;6;SANTA MARÍA MAIOR (SANTA MARÍA);;;;;
3;27;30;7;REMEDIOS (OS) (NOSA SEÑORA DOS REME;;;;;
3;27;30;8;CARME (O) (NOSA SEÑORA DO CARME);;;;;
3;27;30;9;MONDOÑEDO (NOSA SEÑORA DO CARME);;;;;
3;27;30;10;SAN VICENTE DE TRIGÁS (SAN VICENTE);;;;;
3;27;30;11;SANTIAGO DE MONDOÑEDO (SANTIAGO);;;;;
3;27;30;12;OIRÁN (SANTO ESTEVO);;;;;
3;27;30;13;SASDÓNIGAS (SAN LOURENZO);;;;;
3;27;30;14;VILOALLE (SANTA MARÍA);;;;;
3;27;30;15;VILAMOR (SANTA MARÍA);;;;;
3;27;31;1;BAAMORTO (SANTA MARÍA);;;;;
3;27;31;2;BASCOS (SAN MARTIÑO);;;;;
3;27;31;3;CANEDA (SANTA EULALIA);;;;;
3;27;31;4;CHAO DE FABEIRO (SAN ROMÁN);;;;;
3;27;31;5;CHAVAGA (SAN XOÁN);;;;;
3;27;31;6;DISTRIZ (SANTO ANDRÉ);;;;;
3;27;31;7;FIOLLEDA (SAN COSME);;;;;
3;27;31;8;GULLADE (SAN ACISCLO);;;;;
3;27;31;9;GUNTÍN (SANTA LUCÍA);;;;;
3;27;31;10;MARCELLE (SAN MIGUEL);;;;;
3;27;31;11;MONFORTE DE LEMOS;;;;;
3;27;31;12;MONTE (SANTA MARIÑA);;;;;
3;27;31;13;MOREDA (SAN SALVADOR);;;;;
3;27;31;14;NOCEDAS (AS) (SAN ESTEVO);;;;;
3;27;31;15;PARTE (A) (SANTA MARÍA);;;;;
3;27;31;16;PENELA (A) (SANTA MARÍA);;;;;
3;27;31;17;PIÑEIRA (SAN MARTIÑO);;;;;
3;27;31;18;REIGADA (SAN SALVADOR);;;;;
3;27;31;19;RIBASALTAS (SAN PEDRO DE FÓRA);;;;;
3;27;31;20;ROZAVALES (SANTA MARÍA);;;;;
3;27;31;21;SEOANE (SAN SALVADOR);;;;;
3;27;31;22;SINDRÁN (SAN PEDRO);;;;;
3;27;31;23;TOR (SAN XOÁN);;;;;
3;27;31;24;TOR (SAN XULIÁN);;;;;
3;27;31;25;VALVERDE (SAN PEDRO);;;;;
3;27;31;26;VIDE (A) (SAN CIBRAO);;;;;
3;27;31;27;VILAMARÍN (SAN FIZ);;;;;
3;27;32;1;ARADA (SANTA MARÍA);;;;;
3;27;32;2;BIDOUREDO (SANTIAGO);;;;;
3;27;32;3;CUMBRAOS (SAN MARTIÑO);;;;;
3;27;32;4;FENTE (SAN MARTIÑO);;;;;
3;27;32;5;FERREIROS (SAN CIBRÁN);;;;;
3;27;32;6;FRAMEÁN (SAN PEDRO);;;;;
3;27;32;7;FUFÍN (SAN MARTIÑO);;;;;
3;27;32;8;GUNDÍN (SAN CRISTOVO);;;;;
3;27;32;9;LAVANDELO (SANTIAGO);;;;;
3;27;32;10;LEBOREI (SANTA MARÍA);;;;;
3;27;32;11;LIGONDE (SANTIAGO);;;;;
3;27;32;12;LODOSO (SAN XOÁN);;;;;
3;27;32;13;MARZÁN (SANTA MARÍA);;;;;
3;27;32;14;MILLEIROS (SAN PEDRO);;;;;
3;27;32;15;MONTERROSO (SAN MIGUEL);;;;;
3;27;32;16;NOVELÚA (SAN CRISTOVO);;;;;
3;27;32;17;PEDRAZA (SAN LOURENZO);;;;;
3;27;32;18;PEDRAZA (SANTA MARÍA);;;;;
3;27;32;19;PENAS (SAN MIGUEL);;;;;
3;27;32;20;POL (SAN CIBRÁN);;;;;
3;27;32;21;SALGUEIROS (SANTA MARÍA);;;;;
3;27;32;22;SAMBREIXO (SAN SALVADOR);;;;;
3;27;32;23;BISPO (SAN BIEITO);;;;;
3;27;32;24;SATREXAS (SANTA EUFEMIA);;;;;
3;27;32;25;SIRGAL (SANTO ANDRÉ);;;;;
3;27;32;26;SUCASTRO (SANTA MARIÑA);;;;;
3;27;32;27;TARRÍO (SANTA MARÍA);;;;;
3;27;32;28;VALVOA (SAN SALVADOR);;;;;
3;27;32;29;VILANOVA (SAN PEDRO);;;;;
3;27;32;30;VILOIDE (SAN CRISTOVO);;;;;
3;27;33;1;AMBOSORES (SANTA MARÍA);;;;;
3;27;33;2;BALSA (A) (SANTA MARÍA);;;;;
3;27;33;3;BURGO (O) (SANTA MARÍA);;;;;
3;27;33;4;IRIXOA (SAN XILLAO);;;;;
3;27;33;5;MURAS (SAN PEDRO);;;;;
3;27;33;6;SILÁN (SANTO ESTEVO);;;;;
3;27;33;7;SISTO (O) (SANTA MARÍA);;;;;
3;27;33;8;VIVEIRÓN (O) (SANTA MARÍA);;;;;
3;27;34;1;BARCIA (SAN MIGUEL);;;;;
3;27;34;2;CABANELA (SANTA MARÍA);;;;;
3;27;34;3;CASTAÑEDO (SANTIAGO);;;;;
3;27;34;4;FOLGUEIRAS (SANTA EUFEMIA);;;;;
3;27;34;5;FREIXíS (SAN PEDRO);;;;;
3;27;34;6;GALEGOS (SANTIAGO);;;;;
3;27;34;7;MOIA (SANTIAGO);;;;;
3;27;34;8;MOSTEIRO (O SALVADOR);;;;;
3;27;34;9;MUÑÍS (SAN XOSÉ);;;;;
3;27;34;10;PENAMIL (SANTIAGO);;;;;
3;27;34;11;PÍN (SANTA MARÍA);;;;;
3;27;34;12;POBRA DE NAVIA (A) (SANTA MARÍA MAD;;;;;
3;27;34;13;QUEIZÁN (SANTIAGO);;;;;
3;27;34;14;RAO (SANTA MARÍA);;;;;
3;27;34;15;RIBEIRA (A) (SANTO ESTEVO);;;;;
3;27;34;16;RIBÓN (SANTA MARIÑA);;;;;
3;27;34;17;SEVANE (SAN XOÁN);;;;;
3;27;34;18;SON (SANTA MARÍA);;;;;
3;27;34;19;VALLO (SANTA MARIÑA);;;;;
3;27;34;20;VILARPANDÍN (SANTO ESTEVO);;;;;
3;27;35;1;BARCELA (SAN MIGUEL);;;;;
3;27;35;2;SAN PEDRO DE ERNES (SAN PEDRO);;;;;
3;27;35;3;MARENTES (SANTA MARÍA MADANELA);;;;;
3;27;35;4;NEGUEIRA (SAN SALVADOR);;;;;
3;27;35;5;OUVIAÑO (SANTIAGO);;;;;
3;27;35;6;RÍO DE PORTO (SAN BRAIS DA BARQUEIR;;;;;
3;27;36;0;NO DETERMINADA;;;;;
3;27;37;1;ALENCE (A) (SANTA LUCÍA);;;;;
3;27;37;2;DONCOS (SANTIAGO);;;;;
3;27;37;3;NOCEDA (SAN XOÁN);;;;;
3;27;37;4;NOGAIS (AS) (SANTA MARÍA MADANELA);;;;;
3;27;37;5;NULLÁN (SAN COSMEDE);;;;;
3;27;37;6;QUINTÁ (SAN PEDRO);;;;;
3;27;37;7;AS NOGAIS (SANTO ANDRÉ);;;;;
3;27;37;8;TORÉS (SAN XOÁN);;;;;
3;27;37;9;VILAICENTE (SAN XOÁN);;;;;
3;27;38;1;AMBOSORES (SANTA MARÍA);;;;;
3;27;38;2;BRAVOS (SANTIAGO);;;;;
3;27;38;3;SAN PANTALEÓN DE CABANAS (SAN PANTA;;;;;
3;27;38;4;MERILLE (SANTA EULALIA);;;;;
3;27;38;5;MIÑOTOS (SAN PEDRO);;;;;
3;27;38;6;OUROL (SANTA MARÍA);;;;;
3;27;38;7;SISTO (O) (SANTA MARÍA);;;;;
3;27;38;8;XERDIZ (SANTA MARÍA);;;;;
3;27;39;1;AGUIAR (SAN CLAUDIO);;;;;
3;27;39;2;AGUIAR (SAN LOURENZO);;;;;
3;27;39;3;ARCOS (SAN PEDRO);;;;;
3;27;39;4;ASPAI (SAN CIBRAO);;;;;
3;27;39;5;BONXE (SAN MAMEDE);;;;;
3;27;39;6;CABOI (SAN MARTIÑO);;;;;
3;27;39;7;CANDAI (SAN VICENTE);;;;;
3;27;39;8;CASTELO (O SALVADOR);;;;;
3;27;39;9;CELA (SANTA MARÍA);;;;;
3;27;39;10;FELPAS (SANTA MARIÑA);;;;;
3;27;39;11;FOLGUEIRA (SAN NICOLÁS);;;;;
3;27;39;12;FRANCOS (SANTIAGO);;;;;
3;27;39;13;GAIOSO (SANTIAGO);;;;;
3;27;39;14;GAIOSO (SANTO TOMÉ);;;;;
3;27;39;15;GUILLAR (SAN MARTIÑO);;;;;
3;27;39;16;MARTUL (SAN PEDRO);;;;;
3;27;39;17;MATELA (SANTA MARÍA MADANELA);;;;;
3;27;39;18;MOSTEIRO (O SALVADOR);;;;;
3;27;39;19;OUTEIRO DE REI (SAN XOÁN);;;;;
3;27;39;20;PARADA (SAN XOÁN);;;;;
3;27;39;21;PAZ (SAN FIZ);;;;;
3;27;39;22;ROBRA (SAN PEDRO FELIX);;;;;
3;27;39;23;SILVARREI (SAN XOÁN);;;;;
3;27;39;24;SOBRADA (SANTA MARÍA MADANELA);;;;;
3;27;39;25;TABOI (SAN PEDRO);;;;;
3;27;39;26;VICINTE (SANTA MARÍA);;;;;
3;27;39;27;VILELA (SANTIAGO);;;;;
3;27;40;1;AGUAS SANTAS (SAN XURXO);;;;;
3;27;40;2;ALBA (SANTIAGO);;;;;
3;27;40;3;AMBREIXO (SAN VICENTE);;;;;
3;27;40;4;BERBETOUROS (SAN MIGUEL);;;;;
3;27;40;5;CABANA (SANTIAGO);;;;;
3;27;40;6;CAMIÑO (SAN XULIÁN);;;;;
3;27;40;7;CARBALLAL (SAN MAMEDE);;;;;
3;27;40;8;CARBALLAL (SAN SEBASTIÁN);;;;;
3;27;40;9;CARTEIRE (SANTA MARÍA);;;;;
3;27;40;10;COENCE (SAN MAMEDE);;;;;
3;27;40;11;COENCE (SAN MIGUEL);;;;;
3;27;40;12;CUVELO (SAN XOÁN);;;;;
3;27;40;13;CUÍÑA (SANTA MARÍA);;;;;
3;27;40;14;CURVIÁN (SAN MARTIÑO);;;;;
3;27;40;15;FELPÓS (SANTO TOMÉ);;;;;
3;27;40;16;FERREIRA (SAN MARTIÑO);;;;;
3;27;40;17;FILGUEIRA (SANTO TOMÉ);;;;;
3;27;40;18;FONTECUBERTA (SANTA MARIÑA);;;;;
3;27;40;19;LAIA (SAN XOÁN);;;;;
3;27;40;20;LESTEDO (SANTIAGO);;;;;
3;27;40;21;MACEDA (SAN MIGUEL);;;;;
3;27;40;22;MARZÁ (SANTA MARÍA);;;;;
3;27;40;23;MATO (SAN XOÁN);;;;;
3;27;40;24;MEIXIDE (SAN PEDRO);;;;;
3;27;40;25;MERLÁN (SAN SALVADOR);;;;;
3;27;40;26;MOREDO (SAN FIZ);;;;;
3;27;40;27;MOSTEIRO (SANTIAGO);;;;;
3;27;40;28;OROSA (SANTO ANDRÉ);;;;;
3;27;40;29;PALAS DE REI (SANTISO);;;;;
3;27;40;30;PAMBRE (SAN PEDRO);;;;;
3;27;40;31;PIDRE (SANTA MARÍA);;;;;
3;27;40;32;PUXEDA (SANTA MARÍA);;;;;
3;27;40;33;QUINDIMIL (SAN MIGUEL);;;;;
3;27;40;34;RAMIL (SAN MARTIÑO);;;;;
3;27;40;35;REMONDE (SAN MIGUEL);;;;;
3;27;40;36;REPOSTERÍA (SAN CIBRÁN);;;;;
3;27;40;37;REPOSTERÍA (SAN XUSTO);;;;;
3;27;40;38;RIBEIRA;;;;;
3;27;40;39;SALAIA (SAN PEDRO);;;;;
3;27;40;40;SAMBREIXO (SANTA MARÍA);;;;;
3;27;40;41;ULLOA (SAN VICENTE);;;;;
3;27;40;42;VILAR DE DONAS (SAN SALVADOR);;;;;
3;27;40;43;VILAREDA (SAN PEDRO);;;;;
3;27;41;1;ACEDRE (SAN ROMAO);;;;;
3;27;41;2;ATÁN (SANTO ESTEVO);;;;;
3;27;41;3;SAN FIZ DE CANGAS (SAN FIZ);;;;;
3;27;41;4;CANGAS (SANTIAGO);;;;;
3;27;41;5;SAN VICENTE DE CASTILLÓN (SAN VICEN;;;;;
3;27;41;6;CASTILLÓN (SANTIAGO);;;;;
3;27;41;7;DEADE (SAN VICENTE);;;;;
3;27;41;8;EIRÉ (SAN XULIÁN);;;;;
3;27;41;9;ESPASANTES (SANTO ESTEVO);;;;;
3;27;41;10;FERREIRA DE PANTÓN (SANTA MARÍA);;;;;
3;27;41;11;FRONTÓN (SAN XOÁN);;;;;
3;27;41;12;MAÑENTE (SAN MAMEDE);;;;;
3;27;41;13;SANTO ESTEVO DE MATO (SANTO ESTEVO);;;;;
3;27;41;14;MOREDA (SAN ROMAO);;;;;
3;27;41;15;PANTÓN (SAN MARTIÑO);;;;;
3;27;41;16;POMBEIRO (SAN VICENTE);;;;;
3;27;41;17;RIBEIRAS DE MIÑO (SANTO ANDRÉ);;;;;
3;27;41;18;SEGÜÍN (SANTO ANDRÉ);;;;;
3;27;41;19;SERODE (SAN XULIÁN);;;;;
3;27;41;20;SIÓS (SAN MARTIÑO);;;;;
3;27;41;21;TOLDAOS (SAN XOÁN);;;;;
3;27;41;22;TRIBÁS (SAN MARTIÑO);;;;;
3;27;41;23;TOIRIZ (SANTA MARÍA);;;;;
3;27;41;24;SANTALLA DE TOIRIZ (SANTALLA);;;;;
3;27;41;25;VILAMELLE (SAN CIBRAO);;;;;
3;27;41;26;VILAR DE ORTELLE (SANTIAGO);;;;;
3;27;42;1;ALDOSENDE (SANTIAGO);;;;;
3;27;42;2;ANDREADE (SANTIAGO);;;;;
3;27;42;3;BARÁN (SAN PEDRO);;;;;
3;27;42;4;CASTRO (SAN MAMEDE);;;;;
3;27;42;5;CASTRO (SAN MARTIÑO);;;;;
3;27;42;6;CASTRO DE REI (SANTA MARÍA);;;;;
3;27;42;7;CORTES (SAN SALVADOR);;;;;
3;27;42;8;FERREIROS (SANTA MARÍA);;;;;
3;27;42;9;FRANCOS (SANTA MARÍA);;;;;
3;27;42;10;LAXE (SANTIAGO);;;;;
3;27;42;11;LOIO (SAN XOÁN);;;;;
3;27;42;12;PARADELA (SAN MIGUEL);;;;;
3;27;42;13;PARADELA (SAN VICENTE);;;;;
3;27;42;14;PARADELA (SANTA CRISTINA);;;;;
3;27;42;15;PARADELA (SANTALLA);;;;;
3;27;42;16;RIBAS DE MIÑO (SAN FACUNDO);;;;;
3;27;42;17;SUAR (SAN LOURENZO);;;;;
3;27;42;18;VILARAGUNTE (SANTA MARÍA);;;;;
3;27;43;1;ADAI (SANTA MARIÑA);;;;;
3;27;43;2;FRIOLFE (SAN XOÁN);;;;;
3;27;43;3;GONDRAME (SAN VICENTE);;;;;
3;27;43;4;GONDRAME (SANTA MARÍA);;;;;
3;27;43;5;GRALLAS (SANTO ESTEVO);;;;;
3;27;43;6;MOSCÁN (SANTA MARÍA MADANELA);;;;;
3;27;43;7;NEIRA (SANTA MARÍA MADANELA);;;;;
3;27;43;8;PIÑEIRO (SAN SALVADOR);;;;;
3;27;43;9;REASCÓS (SANTA MARÍA);;;;;
3;27;43;10;RIBAS DE MIÑO (SANTIAGO);;;;;
3;27;43;11;RIBEIRA (SAN MAMEDE);;;;;
3;27;43;12;SAA (SANTIAGO);;;;;
3;27;43;13;SANTO ANDRÉ DA RIBEIRA (SAN PEDRO);;;;;
3;27;43;14;TORRE (SAN MARTIÑO);;;;;
3;27;43;15;VILAFIZ (SANTA MARÍA);;;;;
3;27;43;16;VILARMOSTEIRO (SANTA EUFEMIA);;;;;
3;27;43;17;VILASANTE (SANTA CRUZ);;;;;
3;27;43;18;VILEIRIZ (SAN SALVADOR);;;;;
3;27;44;1;AGUARDA (A) (SAN MARTIÑO);;;;;
3;27;44;2;ÁLVARE (SANTA MARÍA);;;;;
3;27;44;3;BALTAR (SAN PEDRO FIZ);;;;;
3;27;44;4;BRETOÑA (SANTA MARÍA);;;;;
3;27;44;5;CADAVEDO (SAN BARTOLOMEU);;;;;
3;27;44;6;SAN MARTIÑO DE CORVELLE (SAN MARTIÑ;;;;;
3;27;44;7;CRECENTE (O SALVADOR);;;;;
3;27;44;8;FONMIÑÁ (O SALVADOR);;;;;
3;27;44;9;GUEIMONDE (SAN MAMEDE);;;;;
3;27;44;10;LAGOA (SAN XOÁN);;;;;
3;27;44;11;LOBOSO (SANTO ANDRÉ);;;;;
3;27;44;12;PASTORIZA (O SALVADOR);;;;;
3;27;44;13;SAN COSME DE PIÑEIRO (SAN COSME);;;;;
3;27;44;14;POUSADA (SANTA CATARINA);;;;;
3;27;44;15;REIGOSA (SANTIAGO);;;;;
3;27;44;16;REGUEIRA (A) (SAN VICENTE);;;;;
3;27;44;17;SALDANXE (SAN MIGUEL);;;;;
3;27;44;18;ÚBEDA (SAN XOÁN);;;;;
3;27;44;19;VIÁN (SANTA MARÍA);;;;;
3;27;45;1;CEBREIRO (O) (SANTA MARÍA);;;;;
3;27;45;2;FONFRÍA (SAN XOÁN);;;;;
3;27;45;3;HOSPITAL (SAN XOÁN);;;;;
3;27;45;4;LIÑARES (SANTO ESTEVO);;;;;
3;27;45;5;LOUSADA (SAN VICENTE);;;;;
3;27;45;6;LOUZARELA (SAN XOÁN);;;;;
3;27;45;7;PACIOS (SAN LOURENZO);;;;;
3;27;45;8;PADORNELO (SAN XOÁN);;;;;
3;27;45;9;PEDRAFITA DO CEBREIRO (SANTO ANTÓN);;;;;
3;27;45;10;RIOCEREIXA (SANTA MARÍA MADANELA);;;;;
3;27;45;11;VEIGA DE FORCAS (SANTA MARÍA);;;;;
3;27;45;12;ZANFOGA (SAN MARTIÑO);;;;;
3;27;46;1;ARCOS (SANTIAGO);;;;;
3;27;46;2;VALONGA (SANTA MARÍA);;;;;
3;27;46;3;CARAÑO (SAN MARTIÑO);;;;;
3;27;46;4;CARAZO (SAN PEDRO);;;;;
3;27;46;5;CIRIO (SANTA MARÍA);;;;;
3;27;46;6;FERREIROS (SANTO ANDRÉ);;;;;
3;27;46;7;SAN MARTIÑO DE FERREIROS (SAN MARTI;;;;;
3;27;46;8;FRAIALDE (SANTA MARÍA);;;;;
3;27;46;9;GONDEL (SAN COSME);;;;;
3;27;46;10;HERMUNDE (SAN PEDRO);;;;;
3;27;46;11;LEA (SAN BARTOLOMEU);;;;;
3;27;46;12;SAN MARTÍN DE LÚA (SAN MARTIÑO);;;;;
3;27;46;13;LUACES (SANTA MARÍA);;;;;
3;27;46;14;MILLEIRÓS (SANTIAGO);;;;;
3;27;46;15;MOSTEIRO (SAN SALVADOR);;;;;
3;27;46;16;POL (SANTO ESTEVO);;;;;
3;27;46;17;SILVA (SANTIAGO);;;;;
3;27;46;18;SUEGOS (SANTA EULALIA);;;;;
3;27;46;19;TORNEIROS (SAN LOURENZO);;;;;
3;27;47;1;BARXA DE LOR (SANTA MARIÑA);;;;;
3;27;47;2;BRENCE (SAN XOÁN);;;;;
3;27;47;3;CANEDO (SAN MIGUEL);;;;;
3;27;47;4;CASTRONCELOS (SANTIAGO);;;;;
3;27;47;5;CASTROSANTE (SANTA MARÍA);;;;;
3;27;47;6;CEREIXA (SAN PEDRO);;;;;
3;27;47;7;EIXÓN (SAN XURXO);;;;;
3;27;47;8;FERREIROS (SAN SALVADOR);;;;;
3;27;47;9;FERREIRÚA (SAN MARTIÑO);;;;;
3;27;47;10;FORNELAS (SANTA COMBA);;;;;
3;27;47;11;LAMAIGREXA (SAN PEDRO);;;;;
3;27;47;12;LIÑARES (SAN COSME);;;;;
3;27;47;13;OUTARA (SANTA MARÍA);;;;;
3;27;47;14;PARADA DOS MONTES (SANTA INÉS);;;;;
3;27;47;15;PINEL (SANTA MARÍA);;;;;
3;27;47;16;PINO (SANTA MARÍA);;;;;
3;27;47;17;POBRA DE BROLLÓN (A) (SAN PEDRO);;;;;
3;27;47;18;REI (SANTABAIA);;;;;
3;27;47;19;SAA (SANTA MARÍA);;;;;
3;27;47;20;SALCEDO (SAN XOÁN);;;;;
3;27;47;21;VEIGA (SAN XIÁN);;;;;
3;27;47;22;VILACHÁ (SAN MAMEDE);;;;;
3;27;48;1;BOGO (SAN PEDRO);;;;;
3;27;48;2;CONFORTO (SANTA MARÍA);;;;;
3;27;48;3;PONTENOVA (A) (SAGRADO CORAZÓN);;;;;
3;27;48;4;RECECENDE (SANTO ESTEVO);;;;;
3;27;48;5;RECECENDE (SAN XOÁN);;;;;
3;27;48;6;VILABOA (SAN XULIÁN);;;;;
3;27;48;7;VILAMEÁ (SAN VICENTE);;;;;
3;27;48;8;VILAOUDRIZ (SANTIAGO);;;;;
3;27;48;9;VILAOURUZ (SAN MARTIÑO);;;;;
3;27;48;10;VILARMIDE (O SALVADOR);;;;;
3;27;48;11;XUDÁN (SANTA MARÍA MADANELA);;;;;
3;27;49;1;BAGUDE (SAN BARTOLOMEU);;;;;
3;27;49;2;VELADE (SAN MAMEDE);;;;;
3;27;49;3;CABORRECELLE (SAN XULIÁN);;;;;
3;27;49;4;CASTRO DE SOENGAS (SAN MARTIÑO);;;;;
3;27;49;5;CASTROMAIOR (SANTA MARÍA);;;;;
3;27;49;6;CORTAPEZAS (SANTA MARÍA);;;;;
3;27;49;7;FIZ DE ROZAS (SAN LOURENZO);;;;;
3;27;49;8;GONZAR (SANTA MARÍA);;;;;
3;27;49;9;LEÓN (SAN MARTIÑO);;;;;
3;27;49;10;NARÓN (SANTA MARÍA);;;;;
3;27;49;11;NESPEREIRA (SAN CIBRÁN);;;;;
3;27;49;12;PORTOMARÍN (SAN NICOLÁS);;;;;
3;27;49;14;RECELLE (SAN PEDRO);;;;;
3;27;49;15;RÍO (O) (SAN MAMEDE);;;;;
3;27;49;16;SABADELLE (SAN SALVADOR);;;;;
3;27;49;17;SOENGAS (SANTIAGO);;;;;
3;27;49;18;VEDRO (SAN MARTIÑO);;;;;
3;27;49;19;VILARBASÍN (SAN PEDRO);;;;;
3;27;49;20;VILAXUSTE (SAN PEDRO);;;;;
3;27;50;1;AUGASMESTAS (SANTIAGO);;;;;
3;27;50;2;BENDILLO (SANTA MARÍA);;;;;
3;27;50;3;BENDOLLO (SANTA BAIA);;;;;
3;27;50;4;BUSTELO DE FISTEUS (SANTA BÁRBARA);;;;;
3;27;50;5;CEREIXIDO (SANTA MARÍA);;;;;
3;27;50;6;ENCIÑEIRA (SANTA ISABEL);;;;;
3;27;50;7;FISTEUS (SAN MAMEDE);;;;;
3;27;50;8;HERMIDA (SANTA MARÍA);;;;;
3;27;50;9;HOSPITAL (SAN SALVADOR);;;;;
3;27;50;10;MONTEFURADO (SAN MIGUEL);;;;;
3;27;50;11;NOCEDO (SAN LOURENZO);;;;;
3;27;50;12;OUTEIRO (SANTA MARÍA);;;;;
3;27;50;13;PACIOS DA SERRA (SAN SALVADOR);;;;;
3;27;50;14;PARADASECA (SAN MARCOS);;;;;
3;27;50;15;QUINTA DO LOR (SANTA MARÍA);;;;;
3;27;50;16;QUIROGA (SAN MARTIÑO);;;;;
3;27;50;17;SEARA (A) (SANTA MARÍA MADANELA);;;;;
3;27;50;18;SEQUEIROS (SANTA MARIÑA);;;;;
3;27;50;19;VILANUIZ (SANTO ANTÓN);;;;;
3;27;50;20;VILAR DE LOR (SAN XOSÉ);;;;;
3;27;50;21;VILARMEL (SAN LOURENZO);;;;;
3;27;50;22;VILASTER (SANTA MARÍA);;;;;
3;27;51;1;ARANTE (SAN PEDRO);;;;;
3;27;51;2;CEDOFEITA (SANTA MARÍA MADANELA);;;;;
3;27;51;3;COUXELA (SANTIAGO);;;;;
3;27;51;4;COVELAS (SAN VICENTE);;;;;
3;27;51;5;DEVESA (A) (SANTALLA);;;;;
3;27;51;6;OVE (SAN XOÁN);;;;;
3;27;51;7;PIÑEIRA (SAN XOÁN);;;;;
3;27;51;8;RIBADEO (SANTA MARÍA);;;;;
3;27;51;9;RINLO (SAN PEDRO);;;;;
3;27;51;10;VILAFRAMIL (SAN LOURENZO);;;;;
3;27;51;11;SANTALLA DE VILAUSENDE (SANTALLA);;;;;
3;27;51;12;VILASELÁN (SANTA MARÍA);;;;;
3;27;52;1;NOGUEIRA (NOSA SEÑORA DAS NEVES);;;;;
3;27;52;2;PEITES (SAN MARTIÑO);;;;;
3;27;52;3;PIÑEIRA (SAN CRISTOVO);;;;;
3;27;52;4;RAIRÓS (SANTA LUCÍA);;;;;
3;27;52;5;SAN CLODIO;;;;;
3;27;52;6;SOUTORDEI (SANTIAGO);;;;;
3;27;52;7;TORBEO (SANTA MARÍA);;;;;
3;27;53;1;SANTIAGO DE ACEVO (SANTIAGO);;;;;
3;27;53;2;VAOS (OS) (SAN XOÁN);;;;;
3;27;53;3;NAVALLOS (SAN PEDRO);;;;;
3;27;53;4;SAN XURXO DE PIQUÍN (SAN XURXO);;;;;
3;27;53;5;SANTALLA (SANTALLA);;;;;
3;27;54;1;ALDURFE (SAN PEDRO);;;;;
3;27;54;2;ESPASANDE DE BAIXO (SANTA MARÍA);;;;;
3;27;54;3;FERREIRAVELLA (SAN XILLAO);;;;;
3;27;54;4;GALEGOS (SANTA MARÍA);;;;;
3;27;54;5;SANTA MARTA DE MEILÁN (SANTA MARTA);;;;;
3;27;54;6;MUXUEIRA (A) (SAN LOURENZO);;;;;
3;27;54;7;ÓRREA (A) (SANTA COMBA);;;;;
3;27;54;8;RIOTORTO (SAN PEDRO);;;;;
3;27;55;1;CARBALLO (SAN XIL);;;;;
3;27;55;2;CASTRONCÁN (SANTA MARTA);;;;;
3;27;55;3;COUTO (SAN MAMEDE);;;;;
3;27;55;4;ESTRAXIZ (SANTIAGO);;;;;
3;27;55;5;FORMIGUEIROS (SANTIAGO);;;;;
3;27;55;6;FREIXO (SAN SILVESTRE);;;;;
3;27;55;7;FROLLAIS (SAN MIGUEL);;;;;
3;27;55;8;GUNDRIZ (SANTO ANDRÉ);;;;;
3;27;55;9;LOUREIRO (SANTA MARÍA);;;;;
3;27;55;10;LOUSADA (SAN MARTIÑO);;;;;
3;27;55;11;LÓUZARA (SAN CRISTOVO);;;;;
3;27;55;12;LÓUZARA (SAN XOÁN);;;;;
3;27;55;13;MONTÁN (SANTA MARÍA);;;;;
3;27;55;14;PASCAIS (SANTA EULALIA);;;;;
3;27;55;15;REAL (O) (SAN CRISTOVO);;;;;
3;27;55;16;REAL (O) (SAN MARTIÑO);;;;;
3;27;55;17;REIRIZ (SANTO ESTEVO);;;;;
3;27;55;18;RENCHE (SANTIAGO);;;;;
3;27;55;19;ROMELLE (SAN MARTIÑO);;;;;
3;27;55;20;SAMOS (SANTA XERTRUDE);;;;;
3;27;55;21;SANTALLA (SAN XOSÉ);;;;;
3;27;55;22;SUÑIDE (SANTA MARÍA);;;;;
3;27;55;23;TEIVILIDE (SAN XIAO);;;;;
3;27;55;24;ZOO (SANTIAGO);;;;;
3;27;56;1;RÁBADE (SAN VICENTE);;;;;
3;27;57;1;ALBÁN (SANTA MARÍA);;;;;
3;27;57;2;ARXEMIL (SANTA EULALIA);;;;;
3;27;57;3;BARBADELO (SANTIAGO);;;;;
3;27;57;4;BELANTE (SANTA MARÍA);;;;;
3;27;57;5;BETOTE (SAN VICENTE);;;;;
3;27;57;6;BIVILLE (SAN MIGUEL);;;;;
3;27;57;7;CALVOR (SANTO ESTEVO);;;;;
3;27;57;8;CAMIÑO (SAN MAMEDE);;;;;
3;27;57;9;CASTELO DOS INFANTES (SANTIAGO);;;;;
3;27;57;10;CESAR (SAN SALVADOR);;;;;
3;27;57;11;CORVELLE (SANTA MARÍA);;;;;
3;27;57;12;CHANCA (SAN MAMEDE);;;;;
3;27;57;13;CHORENTE (SAN XULIÁN);;;;;
3;27;57;14;FAFIÁN (SAN XOÁN);;;;;
3;27;57;15;FERREIROS (SAN SADURNIÑO);;;;;
3;27;57;16;FONTAO (SAN MARTIÑO);;;;;
3;27;57;17;FRADES (SAN XULIÁN);;;;;
3;27;57;18;FROIÁN (SAN PEDRO);;;;;
3;27;57;19;FROIÁN (SAN SADURNIÑO);;;;;
3;27;57;20;FROIÁN (SAN VICENTE);;;;;
3;27;57;21;GOIÁN (SAN MIGUEL);;;;;
3;27;57;22;LIER (SANTA MARÍA);;;;;
3;27;57;23;LOUSEIRO (SAN MARTIÑO);;;;;
3;27;57;24;LOUREIRO (SAN MARTIÑO);;;;;
3;27;57;25;LOUSADELA (SANTO ESTEVO);;;;;
3;27;57;26;MASIDE (SAN PEDRO);;;;;
3;27;57;27;MATO (SANTO ESTEVO);;;;;
3;27;57;28;MATO (SAN SALVADOR);;;;;
3;27;57;29;MEIXENTE (SAN XULIÁN);;;;;
3;27;57;30;NESPEREIRA (SANTIAGO);;;;;
3;27;57;31;ORTOÁ (SANTA MARÍA);;;;;
3;27;57;32;PARADELA (SANTO ANDRÉ);;;;;
3;27;57;33;PENA (A) (SAN SALVADOR);;;;;
3;27;57;34;PENA (A) (SANTA MARÍA);;;;;
3;27;57;35;PINZÁ (SAN SALVADOR);;;;;
3;27;57;36;PIÑEIRA (SAN MIGUEL);;;;;
3;27;57;37;REIMÓNDEZ (SAN FIZ);;;;;
3;27;57;38;REQUEIXO (SAN MARTIÑO);;;;;
3;27;57;39;RUBÍN (SANTA MARIÑA);;;;;
3;27;57;40;SAN ANTOLÍN (SANTA EUFEMIA);;;;;
3;27;57;41;SARRIA N.U. (FARBAN SANTIAGO SAN SA;;;;;
3;27;57;42;SETEVENTOS (SAN PEDRO);;;;;
3;27;57;43;VEIGA (SAN XULIÁN);;;;;
3;27;57;44;VEIGA (SANTIAGO);;;;;
3;27;57;45;VILAMAIOR (SANTA MARÍA);;;;;
3;27;57;46;VILAPEDRE (SAN FIZ);;;;;
3;27;57;47;VILAPEDRE (SAN MIGUEL);;;;;
3;27;57;48;VILAR (SANTA MARÍA);;;;;
3;27;57;49;VILAR DE SARRIA (SAN SALVADOR);;;;;
3;27;58;1;ABUIME (SAN XOÁN);;;;;
3;27;58;2;BROZA (A) (SANTO TOMÉ);;;;;
3;27;58;3;COBA (A) (SAN MARTIÑO);;;;;
3;27;58;4;CHAVE (SAN SADURNIÑO);;;;;
3;27;58;5;DIOMONDI (SAN PAIO);;;;;
3;27;58;6;EIREXAFEITA (SAN VICENTE);;;;;
3;27;58;7;FIÓN (SAN LOURENZO);;;;;
3;27;58;8;FREÁN (SANTA CECILIA);;;;;
3;27;58;9;LAXE (SAN FIZ);;;;;
3;27;58;10;LICÍN (SANTA EULALIA);;;;;
3;27;58;11;LOUREDO (SANTIAGO);;;;;
3;27;58;12;MARRUBE (SANTA MARÍA);;;;;
3;27;58;13;MOURELOS (SAN XULIÁN);;;;;
3;27;58;14;OUSENDE (SANTA MARÍA);;;;;
3;27;58;15;PIÑEIRO (SAN SADURNIÑO);;;;;
3;27;58;16;REBORDAOS (SANTA EULALIA);;;;;
3;27;58;17;REIRIZ (SANTA MARÍA);;;;;
3;27;58;18;RIBAS DE MIÑO (SANTO ESTEVO);;;;;
3;27;58;19;RIBAS DE MIÑO (SAN VITOIRO);;;;;
3;27;58;20;ROSENDE (SANTA MARIÑA);;;;;
3;27;58;21;SEGÁN (SANTA MARÍA);;;;;
3;27;58;22;SETEVENTOS (SANTA MARÍA);;;;;
3;27;58;23;SOBREDA (SAN XOÁN);;;;;
3;27;58;24;VILACAIZ (SAN XULIÁN);;;;;
3;27;58;25;VILAESTEVA (SAN SALVADOR);;;;;
3;27;58;26;VILASANTE (SAN SALVADOR);;;;;
3;27;58;27;VILATÁN (SAN XOÁN);;;;;
3;27;58;28;VILELOS (SAN MARTIÑO);;;;;
3;27;58;29;XUVENCOS (SANTIAGO);;;;;
3;27;59;1;AMANDI (SANTA MARÍA);;;;;
3;27;59;2;ANLLO (SANTO ESTEVO);;;;;
3;27;59;3;SAN MARTIÑO DE ANLLO (SAN MARTIÑO);;;;;
3;27;59;4;ARROXO (SAN MARTIÑO);;;;;
3;27;59;5;BARANTES (SAN XOÁN);;;;;
3;27;59;6;BOLMENTE (SANTA MARÍA);;;;;
3;27;59;7;BROSMOS (SANTA CRUZ);;;;;
3;27;59;8;BULSO (SAN PEDRO);;;;;
3;27;59;9;CANAVAL (SAN PEDRO);;;;;
3;27;59;10;DOADE (SAN MARTIÑO);;;;;
3;27;59;11;FIGUEIROÁ (SAN SALVADOR);;;;;
3;27;59;12;GUNDIVÓS (SANTIAGO);;;;;
3;27;59;13;LIÑARÁN (SAN MARTIÑO);;;;;
3;27;59;14;LOBIOS (SAN XILLAO);;;;;
3;27;59;15;MILLÁN (SAN NICOLAO);;;;;
3;27;59;16;NEIRAS (SAN SALVADOR);;;;;
3;27;59;17;PINOL (SAN VICENTE);;;;;
3;27;59;18;PROENDOS (SANTA MARÍA);;;;;
3;27;59;19;REFOXO (SANTO ESTEVO);;;;;
3;27;59;20;ROSENDE (SAN MIGUEL);;;;;
3;27;59;21;SANTIORXO (SAN XURXO);;;;;
3;27;59;22;VILAESCURA (SANTA MARÍA);;;;;
3;27;60;1;ANSAR (SANTO ESTEVO);;;;;
3;27;60;2;ARXIZ (SAN PAIO);;;;;
3;27;60;3;BEMBIBRE (SAN PEDRO);;;;;
3;27;60;4;BOUZOA (SAN XOÁN);;;;;
3;27;60;5;CAMPO (SAN XULIÁN);;;;;
3;27;60;6;CARBALLO (SANTO TOMÉ);;;;;
3;27;60;7;CASTELO (SANTA MARÍA);;;;;
3;27;60;8;CERDEDA (SANTA MARÍA);;;;;
3;27;60;9;CICILLÓN (SANTIAGO);;;;;
3;27;60;10;COUTO (SAN MARTIÑO);;;;;
3;27;60;11;ESPERANTE (SANTIAGO);;;;;
3;27;60;12;FRADE (SANTIAGO);;;;;
3;27;60;13;GONDULFE (SAN LOURENZO);;;;;
3;27;60;14;INSUA (SAN SALVADOR);;;;;
3;27;60;15;INSUA (SAN XULIÁN);;;;;
3;27;60;16;MATO (SAN MARTIÑO);;;;;
3;27;60;17;MEIXONFRÍO (SANTA MARÍA);;;;;
3;27;60;18;MOREDA (SANTA MARÍA);;;;;
3;27;60;19;MOURULLE (SAN VICENTE);;;;;
3;27;60;20;PIÑEIRA (SANTA MARÍA);;;;;
3;27;60;21;SOBRECEDO (SANTIAGO);;;;;
3;27;60;22;TABOADA DOS FREIRES (SANTA MARÍA);;;;;
3;27;60;23;TORRE (SAN MAMEDE);;;;;
3;27;60;24;VILAMEÑE (SANTA MARIÑA);;;;;
3;27;60;25;VILAR DE CABALOS (SANTA EULALIA);;;;;
3;27;60;26;VILELA (SAN MIGUEL);;;;;
3;27;60;27;XIÁN (SANTA MARÍA);;;;;
3;27;61;1;VALVOA (A) (SANTA MARÍA MADANELA);;;;;
3;27;61;2;FÓRNEA (A) (SANTO ESTEVO);;;;;
3;27;61;3;RÍA DE ABRES (A) (SANTIAGO);;;;;
3;27;61;4;SANTE (SAN XIAO);;;;;
3;27;61;5;TRABADA (SANTA MARÍA);;;;;
3;27;61;6;VIDAL (SAN MATEO);;;;;
3;27;61;7;VILAFORMÁN (SAN XOÁN);;;;;
3;27;61;8;VILAPENA (SANTIAGO);;;;;
3;27;62;1;ALFOZ (SANTA EULALIA);;;;;
3;27;62;2;BALSA (SAN BREIXO);;;;;
3;27;62;3;CANCELO (SAN CRISTOVO);;;;;
3;27;62;4;LAMAS (SAN ISIDRO);;;;;
3;27;62;5;MONTE (SANTA MARÍA);;;;;
3;27;62;6;TOLDAOS (SAN SALVADOR);;;;;
3;27;62;7;TRIACASTELA (SANTIAGO);;;;;
3;27;62;8;VILAVELLA (SANTA MARÍA);;;;;
3;27;63;1;BUDIÁN (SANTA EULALIA);;;;;
3;27;63;2;CADRAMÓN (O) (SAN XURXO);;;;;
3;27;63;3;FERREIRA (SANTA MARÍA);;;;;
3;27;63;4;FREXULFE (SANTA EULALIA);;;;;
3;27;63;5;LAXE (A) (SAN XOÁN);;;;;
3;27;63;6;MOUCIDE (SANTO ESTEVO);;;;;
3;27;63;7;SAN TOMÉ DE RECARÉ (SAN TOMÉ);;;;;
3;27;63;8;RECARÉ (SAN XIAO);;;;;
3;27;63;9;SANTA CRUZ DO VALADOURO (SANTRA CRU;;;;;
3;27;63;10;VILACAMPA (SANTA MARÍA);;;;;
3;27;64;1;CABANAS (SANTA MARÍA);;;;;
3;27;64;2;MOSENDE (SAN PEDRO);;;;;
3;27;64;3;SAN MIGUEL DE NEGRADAS (SAN MIGUEL);;;;;
3;27;64;4;RÍO BARBA (SAN PAULO);;;;;
3;27;64;5;SUEGOS (SANTA MARÍA);;;;;
3;27;64;6;SAN ROMÁN DE VALE (SAN ROMÁN);;;;;
3;27;64;7;VICEDO (O) (SANTO ESTEVO);;;;;
3;27;65;1;ALBA (SAN XOÁN);;;;;
3;27;65;2;ÁRBOL (SAN LOURENZO);;;;;
3;27;65;3;BELESAR (SAN MARTIÑO);;;;;
3;27;65;4;BOIZÁN (SANTIAGO);;;;;
3;27;65;5;CARBALLIDO (SANTA MARÍA);;;;;
3;27;65;6;CODESIDO (SAN MARTIÑO);;;;;
3;27;65;7;CORVELLE (SAN BARTOLOME);;;;;
3;27;65;8;COSTA (SAN SIMÓN);;;;;
3;27;65;9;DISTRIZ (SAN MARTIÑO);;;;;
3;27;65;10;GOIRIZ (SANTIAGO);;;;;
3;27;65;11;GONDAISQUE (SANTA MARÍA);;;;;
3;27;65;12;INSUA (SAN BERTOLAMEU);;;;;
3;27;65;13;LADRA (O SALVADOR);;;;;
3;27;65;14;LANZÓS (SAN MARTIÑO);;;;;
3;27;65;15;LANZÓS (SAN SALVADOR);;;;;
3;27;65;16;MOURENCE (SAN XULIÁN);;;;;
3;27;65;17;NETE (SAN COSME);;;;;
3;27;65;18;NOCHE (SAN MARTIÑO);;;;;
3;27;65;19;OLEIROS (SAN MAMEDE);;;;;
3;27;65;20;RIOAVESO (SAN XURXO);;;;;
3;27;65;21;ROMÁN (SANTA EULALIA);;;;;
3;27;65;22;SAMARUGO (SANTIAGO);;;;;
3;27;65;23;SANCOBADE (SANTIAGO);;;;;
3;27;65;24;SANTABALLA (SAN PEDRO);;;;;
3;27;65;25;SOAXE (SANTA MARÍA);;;;;
3;27;65;26;TARDADE (SANTA MARÍA);;;;;
3;27;65;27;TORRE (SANTA MARÍA);;;;;
3;27;65;28;VILALBA (SANTA MARÍA);;;;;
3;27;65;29;VILAPEDRE (SAN MAMEDE);;;;;
3;27;65;30;XOIBÁN (SAN SALVADOR);;;;;
3;27;66;1;SANTO ANDRÉ DE BOIMENTE (SANTO ANDR;;;;;
3;27;66;2;CELEIRO (SANTIAGO);;;;;
3;27;66;3;COVAS (SAN XOÁN);;;;;
3;27;66;4;CHAVÍN (SANTA MARÍA);;;;;
3;27;66;5;FARO (SAN XIAO);;;;;
3;27;66;6;GALDO (SANTA MARÍA);;;;;
3;27;66;7;LANDROVE (SAN XIAO);;;;;
3;27;66;8;MAGAZOS (SANTA MARÍA);;;;;
3;27;66;9;VALCARRÍA (SANTO ESTEVO);;;;;
3;27;66;10;VIEIRO (SAN CIBRAO);;;;;
3;27;66;11;SAN PEDRO DE VIVEIRO (SAN PEDRO);;;;;
3;27;66;12;VIVEIRO (SANTA MARÍA E SANTIAGO);;;;;
3;27;901;1;ARANZA (SANTIAGO);;;;;
3;27;901;2;ARROXO (SAN XOÁN);;;;;
3;27;901;3;BARALLA (SANTA MARÍA MADANELA);;;;;
3;27;901;4;BERSELOS (SAN MARTIÑO);;;;;
3;27;901;5;CONSTANTÍN (SANTA MARÍA);;;;;
3;27;901;6;COVAS (SANTIAGO);;;;;
3;27;901;7;FERREIROS (SAN PEDRO);;;;;
3;27;901;8;FRANCOS (SAN SALVADOR);;;;;
3;27;901;9;GUIMAREI (SANTO TOMÉ);;;;;
3;27;901;10;LAXES (SAN PEDRO);;;;;
3;27;901;11;LEBRUXO (SANTO TOMÉ);;;;;
3;27;901;12;LEXO (SAN XOÁN);;;;;
3;27;901;13;NEIRA DE REI (SAN MARTIÑO);;;;;
3;27;901;14;NEIRA DE REI (SAN MIGUEL);;;;;
3;27;901;15;PACIOS (SANTA MARÍA);;;;;
3;27;901;16;PEDRAFITA DE CAMPORREDONDO (SAN XOÁ;;;;;
3;27;901;17;PENARRUBIA (SANTA MARÍA);;;;;
3;27;901;18;PICATO (O) (SANTA CRUZ);;;;;
3;27;901;19;PIÑEIRA (SAN SALVADOR);;;;;
3;27;901;20;POL (SANTA MARÍA);;;;;
3;27;901;21;POUSADA (SANTIAGO);;;;;
3;27;901;22;RECESENDE (SAN CIRILO);;;;;
3;27;901;23;RIVA DE NEIRA (SANTA EULALIA);;;;;
3;27;901;24;SANTO ESTEVO (SANTO ESTEVO);;;;;
3;27;901;25;SIXIREI (SAN PEDRO);;;;;
3;27;901;26;TEIXEIRA (SAN PEDRO);;;;;
3;27;901;27;VALE (SAN XURXO);;;;;
3;27;901;28;VILACHAMBRE (SANTA MARÍA);;;;;
3;27;901;29;VILARPUNTEIRO (SANTA MARTA);;;;;
3;27;901;30;VILARTELÍN (SANTA EUFEMIA);;;;;
3;27;902;1;BURELA (SANTA MARÍA);;;;;
3;27;999;0;NO DETERMINADA;;;;;
3;32;1;1;AUGAS SANTAS (SANTA MARIÑA);;;;;
3;32;1;2;ALLARIZ (SANTO ESTEVO);;;;;
3;32;1;3;ALLARIZ (SANTIAGO);;;;;
3;32;1;4;COEDO (SANTIAGO);;;;;
3;32;1;5;ESPIÑEIROS (OS) (SAN BREIXO);;;;;
3;32;1;6;FOLGOSO (SANTIAGO);;;;;
3;32;1;7;SAN VITOIRO DA MEZQUITA (SAN VITOIR;;;;;
3;32;1;8;SAN MARTIÑO DE PAZÓ (SAN MARTIÑO);;;;;
3;32;1;9;QUEIROÁS (SAN BREIXO);;;;;
3;32;1;10;REQUEIXO DE VALVERDE (SANTA MARÍA);;;;;
3;32;1;11;SAN TROCADO (SAN TROCADO);;;;;
3;32;1;12;SEOANE (SAN XOÁN);;;;;
3;32;1;13;TORNEIROS (SAN MIGUEL);;;;;
3;32;1;14;SAN MAMEDE DE URRÓS (SAN MAMEDE);;;;;
3;32;1;15;SANTA BAIA DE URRÓS (SANTA BAIA);;;;;
3;32;1;16;MEIRE (SANTA MARÍA);;;;;
3;32;2;1;ABRUCIÑOS (SAN XOÁN);;;;;
3;32;2;2;AMOEIRO (SANTA MARÍA);;;;;
3;32;2;3;BÓVEDA DE AMOEIRO (SAN PAIO);;;;;
3;32;2;4;CORNOCES (SAN MARTIÑO);;;;;
3;32;2;5;FONTEFRÍA (SANTA MARIÑA);;;;;
3;32;2;6;PARADA DE AMOEIRO (SANTIAGO);;;;;
3;32;2;7;ROUZÓS (SAN CIBRAO);;;;;
3;32;2;8;TRASALBA (SAN PEDRO);;;;;
3;32;3;1;ARNOIA (A) (SAN SALVADOR);;;;;
3;32;4;1;ABELENDA (SANTA MARIÑA);;;;;
3;32;4;2;AMIUDAL (SANTIAGO);;;;;
3;32;4;3;AVIÓN (SANTOS XUSTO E PASTOR);;;;;
3;32;4;4;BAÍSTE (SANTA MARÍA);;;;;
3;32;4;5;BARROSO (SANTA BAIA);;;;;
3;32;4;6;CÓRCORES (SANTA MARIÑA);;;;;
3;32;4;7;CORTEGAZAS (SANTO ANTONIO);;;;;
3;32;4;8;COUSO (SANTA MARÍA);;;;;
3;32;4;9;NIEVA (SANTA MARÍA);;;;;
3;32;5;1;ABADES (SAN PAIO);;;;;
3;32;5;2;BALTAR (SAN BARTOLOMEU);;;;;
3;32;5;3;GARABELOS DO BOUZO (SANTIAGO);;;;;
3;32;5;4;NIÑODAGUIA (SAN LOURENZO);;;;;
3;32;5;5;TEXÓS (SANTA MARÍA);;;;;
3;32;5;6;TOSENDE (SAN LOURENZO);;;;;
3;32;5;7;VILAMAIOR DA BOULLOSA (SANTA MARÍA);;;;;
3;32;6;1;BANDE (SAN PEDRO);;;;;
3;32;6;2;BAÑOS (OS) (SAN XOÁN);;;;;
3;32;6;3;CADÓS (SANTIAGO);;;;;
3;32;6;4;CALVOS (SANTIAGO);;;;;
3;32;6;5;CARPAZÁS (SAN PEDRO);;;;;
3;32;6;6;CORVELLE (SANTA MARÍA);;;;;
3;32;6;7;GARABELOS (SAN XOÁN);;;;;
3;32;6;8;GÜÍN (SANTIAGO);;;;;
3;32;6;9;NIGUEIROÁ (SANTIAGO);;;;;
3;32;6;10;RIBEIRO (O) (SAN PEDRO FIZ);;;;;
3;32;6;11;SANTA COMBA (SAN TROCADO);;;;;
3;32;6;12;VILAR (SAN PEDRO FIZ);;;;;
3;32;7;1;ALMOITE (SANTA MARÍA);;;;;
3;32;7;2;AMBÍA (SANTO ESTEVO);;;;;
3;32;7;3;BAÑOS DE MOLGAS (SAN SALVADOR);;;;;
3;32;7;4;BETÁN (SAN MARTIÑO);;;;;
3;32;7;5;CANTOÑA (SAN MAMEDE);;;;;
3;32;7;6;COUCIEIRO (SAN VICENTE);;;;;
3;32;7;7;GUAMIL (SANTA MARÍA);;;;;
3;32;7;8;LAMA MÁ (SAN CIBRAO);;;;;
3;32;7;9;POEDO (SANTA MARÍA);;;;;
3;32;7;10;PRESQUEIRA (SAN MARTIÑO);;;;;
3;32;7;11;PONTE AMBÍA (SANTA MARÍA);;;;;
3;32;7;12;RIBEIRA (SAN PEDRO);;;;;
3;32;7;13;VIDE (SAN XOÁN);;;;;
3;32;8;1;BARBADÁS (SAN XOÁN);;;;;
3;32;8;2;BENTRACES (SAN XOÁN);;;;;
3;32;8;3;LOIRO (SAN MARTIÑO);;;;;
3;32;8;4;PIÑOR (SAN LOURENZO);;;;;
3;32;8;5;SOBRADO DO BISPO (SANTA MARÍA);;;;;
3;32;8;6;VALENZÁ (A) (SAN BERNABEU);;;;;
3;32;9;1;ALIXO (SAN MARTIÑO);;;;;
3;32;9;2;BARCO (O) (SAN AMARO);;;;;
3;32;9;3;CASTRO DE VALDEORRAS (O) (SANTA MAR;;;;;
3;32;9;4;CESURES (SAN CLEMENTE);;;;;
3;32;9;5;ÉNTOMA (SAN XOÁN);;;;;
3;32;9;6;FORCADELA E NOGALEDO (SANTIAGO);;;;;
3;32;9;7;XAGOAZA (SAN MIGUEL);;;;;
3;32;9;8;MILLAROUSO E SANTURXO (A CONCEPCIÓN;;;;;
3;32;9;9;POBRA (A) (SANTA MARÍA);;;;;
3;32;9;11;SANTA MARIÑA DO MONTE (SANTA MARIÑA;;;;;
3;32;9;12;SANTIGOSO (SAN MIGUEL);;;;;
3;32;9;13;VILANOVA DE VALDEORRAS (SANTA MARÍA;;;;;
3;32;9;14;COEDO (SANTO ANTONIO);;;;;
3;32;9;15;VILOIRA (SAN MARTIÑO);;;;;
3;32;10;1;BEADE (SANTA MARÍA);;;;;
3;32;10;2;REGADAS (AS) (SAN AMARO);;;;;
3;32;11;1;BEARIZ (SANTA MARÍA);;;;;
3;32;11;2;XIRAZGA (SAN SALVADOR);;;;;
3;32;11;3;LEBOZÁN (SANTA CRUZ);;;;;
3;32;12;1;AGUÍS (SAN MARTIÑO);;;;;
3;32;12;2;BLANCOS (OS) (SAN BREIXO);;;;;
3;32;12;3;COVAS (SANTIAGO);;;;;
3;32;12;4;COVELAS (SANTA MARÍA);;;;;
3;32;12;5;GUNTÍN (SANTA MARÍA);;;;;
3;32;12;6;NOCEDO (SAN CIBRAO);;;;;
3;32;12;7;PEXEIROS (SANTA MARÍA);;;;;
3;32;13;1;ALBARELLOS (SAN MIGUEL);;;;;
3;32;13;2;ASTURESES (SAN XULIÁN);;;;;
3;32;13;3;BRUÉS (SAN FIZ);;;;;
3;32;13;4;CAMEIXA (SAN MARTIÑO);;;;;
3;32;13;5;CARDELLE (SAN SILVESTRE);;;;;
3;32;13;6;FEÁS (SANTO ANTÓN);;;;;
3;32;13;7;XENDIVE (SAN MAMEDE);;;;;
3;32;13;8;XURENZÁS (SAN PEDRO);;;;;
3;32;13;9;XUVENCOS (SANTA MARÍA);;;;;
3;32;13;10;LAXAS (SAN XOÁN);;;;;
3;32;13;12;MOLDES (SAN MAMEDE);;;;;
3;32;13;13;MOREIRAS (SANTA MARIÑA);;;;;
3;32;13;14;PAZOS DE ARENTEIRO (SAN SALVADOR);;;;;
3;32;13;15;REGUEIRO (O) (SAN PEDRO);;;;;
3;32;14;1;SAN MARTIÑO DE BERREDO (SAN MARTIÑO;;;;;
3;32;14;2;BERREDO (SAN MIGUEL);;;;;
3;32;14;3;SANTA BAIA DE BERREDO (SANTA BAIA);;;;;
3;32;14;4;PARDAVEDRA (SANTIAGO);;;;;
3;32;14;5;PODENTES (SANTA MARÍA);;;;;
3;32;14;6;SORGA (SAN MAMEDE);;;;;
3;32;14;7;SOUTOMEL (SANTA LOCAIA);;;;;
3;32;14;8;VEIGA (A) (SAN MUNIO);;;;;
3;32;15;1;BOLO (O) (SANTA MARÍA);;;;;
3;32;15;2;BUXÁN (SANTA MARÍA);;;;;
3;32;15;3;CAMBELA (SANTA MARÍA);;;;;
3;32;15;4;CELAVENTE (SAN XOÁN);;;;;
3;32;15;5;CHANDOIRO (SAN RAMÓN);;;;;
3;32;15;6;CHAO DE CASTRO (SAN MARTIÑO);;;;;
3;32;15;7;FORNELOS (SAN BARTOLOMEU);;;;;
3;32;15;8;ERMIDAS (AS) (SANTA MARÍA);;;;;
3;32;15;9;XAVA (SAN SALVADOR);;;;;
3;32;15;10;LENTELLAIS (SAN SIMÓN);;;;;
3;32;15;11;PARADELA (SAN SEBASTIÁN);;;;;
3;32;15;12;SAN MARTIÑO (SAN MARTIÑO);;;;;
3;32;15;13;SANTA CRUZ (SANTA CRUZ);;;;;
3;32;15;14;SEIXO (O) (SANTO ANXO);;;;;
3;32;15;15;TEIXIDO (SAN MARCOS);;;;;
3;32;15;16;TUXE (SAN PEDRO);;;;;
3;32;15;17;VALDANTA (SANTA MARÍA);;;;;
3;32;15;18;VILASECO (SAN DONATO);;;;;
3;32;16;1;CALVOS (SANTIAGO);;;;;
3;32;16;2;CASTELAUS (SAN MARTIÑO);;;;;
3;32;16;3;FEÁS (SAN MIGUEL);;;;;
3;32;16;4;GOLPELLÁS (SAN XOÁN);;;;;
3;32;16;5;LOBÁS (SAN VICENTE);;;;;
3;32;16;6;RANDÍN (SAN XOÁN);;;;;
3;32;16;7;RIOSECO (SANTA MARIÑA);;;;;
3;32;16;8;RUBIÁS DOS MIXTOS (SANTIAGO);;;;;
3;32;16;9;VILA (SANTA MARÍA);;;;;
3;32;17;1;CANDEDA (SAN BERNABEU);;;;;
3;32;17;2;CARBALLEDA (SAN VICENZO);;;;;
3;32;17;3;CASAIO (SANTA MARÍA);;;;;
3;32;17;4;CASOIO (SAN XULIÁN);;;;;
3;32;17;5;DOMIZ (SAN BERNABEU);;;;;
3;32;17;6;LARDEIRA (SAN TIRSO);;;;;
3;32;17;7;PORTELA DO TRIGAL (A) (SANTA ANA);;;;;
3;32;17;8;PUMARES (SAN MARTIÑO);;;;;
3;32;17;9;PUSMAZÁN (SAN MATEO);;;;;
3;32;17;10;RIODOLAS (SANTA MARÍA);;;;;
3;32;17;11;ROBLEDO (SANTA MARÍA);;;;;
3;32;17;12;SAN XUSTO (SAN XUSTO);;;;;
3;32;17;13;SANTA CRUZ (SANTA CRUZ);;;;;
3;32;17;14;SOBRADELO (SANTA MARÍA);;;;;
3;32;17;15;SOUTADOIRO (SANTA ISABEL);;;;;
3;32;17;16;VILA (SANTA MARÍA MADANELA);;;;;
3;32;17;17;VILADEQUINTA (SAN PEDRO);;;;;
3;32;18;1;ABELENDA DAS PENAS (SANTO ANDRÉ);;;;;
3;32;18;2;BALDE (SAN MARTIÑO);;;;;
3;32;18;3;BEIRO (SAN PEDRO);;;;;
3;32;18;4;CARBALLEDA (SAN MIGUEL);;;;;
3;32;18;5;FARAMONTAOS (SAN COSMEDE);;;;;
3;32;18;6;MUIMENTA (SAN XIAO);;;;;
3;32;18;7;SANTO ESTEVO DE NÓVOA (SANTO ESTEVO;;;;;
3;32;18;8;VILAR DE CONDES (SANTA MARÍA);;;;;
3;32;19;1;SEOANE DE ARCOS (SAN XOÁN);;;;;
3;32;19;2;ARCOS (SANTA MARÍA);;;;;
3;32;19;3;BANGA (SANTA BAIA);;;;;
3;32;19;4;CABANELAS (SAN XOÁN);;;;;
3;32;19;5;CARBALLIÑO (O) (SAN CIBRAO);;;;;
3;32;19;6;LOBÁS (SANTA OUXEA);;;;;
3;32;19;7;LONGOSEIROS (SANTA MARIÑA);;;;;
3;32;19;8;MADARNÁS (SANTO TOMÉ);;;;;
3;32;19;9;MESEGO (SANTA MARÍA);;;;;
3;32;19;10;MUDELOS (SANTIAGO);;;;;
3;32;19;11;PARTOVIA (SANTIAGO);;;;;
3;32;19;12;PITEIRA (A) (SAN MIGUEL);;;;;
3;32;19;13;PONTE VEIGA (SAN LOURENZO);;;;;
3;32;19;14;SAGRA (SAN MARTIÑO);;;;;
3;32;19;15;SEÑORÍN (SAN ROQUE);;;;;
3;32;19;16;BARÓN (O) (SAN FIZ);;;;;
3;32;20;1;ANFEOZ (SANTA BAIA);;;;;
3;32;20;2;CARTELLE (SANTA MARÍA);;;;;
3;32;20;3;COUXIL (SANTA MARÍA);;;;;
3;32;20;4;ESPIÑOSO (SAN MIGUEL);;;;;
3;32;20;5;MARABILLAS (AS) (NOSA SEÑORA DAS MA;;;;;
3;32;20;6;MUNDIL (O) (SANTA MARÍA);;;;;
3;32;20;7;PENELA (SANTIAGO);;;;;
3;32;20;8;SABUCEDO DE MONTES (SAN PEDRO);;;;;
3;32;20;9;SANDE (SAN SALVADOR);;;;;
3;32;20;10;SAN TOMÉ (SANTA MARÍA);;;;;
3;32;20;11;SEIXADAS (AS) (SAN XOÁN);;;;;
3;32;20;12;VILAR DE VACAS (SANTA MARÍA);;;;;
3;32;21;1;CAMPOBECERROS (SANTIAGO);;;;;
3;32;21;2;CASTRELO DO VAL (SANTA MARÍA);;;;;
3;32;21;3;GONDULFES (SANTA CRUZ);;;;;
3;32;21;4;NOCEDO DO VAL (SAN SALVADOR);;;;;
3;32;21;5;PARADA DA SERRA (SAN LUCAS);;;;;
3;32;21;6;PEPÍN (SAN VICENTE);;;;;
3;32;21;7;PIORNEDO (SANTA EUFEMIA);;;;;
3;32;21;8;PORTOCAMBA (SAN MIGUEL);;;;;
3;32;21;9;SERVOI (SANTA MARÍA);;;;;
3;32;22;1;ASTARIZ (SANTA MARÍA);;;;;
3;32;22;2;BARRAL (NOSA SEÑORA DAS NEVES);;;;;
3;32;22;3;CASTRELO DE MIÑO (SANTA MARÍA);;;;;
3;32;22;4;MACENDO (SANTA MARÍA);;;;;
3;32;22;5;PRADO DE MIÑO (SANTA MARÍA);;;;;
3;32;22;6;PONTE CASTRELO (SANTO ESTEVO);;;;;
3;32;22;7;VIDE DE MIÑO (SAN SALVADOR);;;;;
3;32;23;1;ALAIS (SAN PEDRO);;;;;
3;32;23;2;BURGO (O) (SAN PEDRO);;;;;
3;32;23;3;CAMBA (SAN XOÁN);;;;;
3;32;23;4;CASTRO CALDELAS (SAN SEBASTIÁN);;;;;
3;32;23;5;FOLGOSO (SANTIAGO);;;;;
3;32;23;6;MAZAIRA (SANTA MARÍA);;;;;
3;32;23;7;PARADELA (SAN VICENZO);;;;;
3;32;23;8;PEDROUZOS (SAN MAMEDE);;;;;
3;32;23;9;POBOEIROS (SAN XOÁN);;;;;
3;32;23;10;SAN PAIO DE ABELEDA (SAN PAIO);;;;;
3;32;23;11;TRABAZOS (SANTA OLAIA);;;;;
3;32;23;12;SANTA TEGRA DE ABELEDA (SANTA TEGRA;;;;;
3;32;23;13;SAS DE PENELAS (SAN FIZ);;;;;
3;32;23;14;TRONCEDA (SANTIAGO);;;;;
3;32;23;15;VILAMAIOR DE CALDELAS (SANTA MARÍA);;;;;
3;32;23;16;VIMIEIRO (SAN XOÁN);;;;;
3;32;24;1;ACEVEDO DO RÍO (SAN XURXO);;;;;
3;32;24;2;AMOROCE (SANTIAGO);;;;;
3;32;24;3;ANSEMIL (SANTA MARÍA);;;;;
3;32;24;4;BARXA (SAN TOMÉ);;;;;
3;32;24;5;BOBADELA (SANTA MARÍA);;;;;
3;32;24;6;CAÑÓN (SAN LOURENZO);;;;;
3;32;24;7;CASARDEITA (SANTIAGO);;;;;
3;32;24;8;CASTROMAO (SANTA MARÍA);;;;;
3;32;24;9;CELANOVA (SAN ROSENDO);;;;;
3;32;24;10;FECHAS (SANTA MARÍA);;;;;
3;32;24;11;FREIXO (SANTA CRISTINA);;;;;
3;32;24;12;MILMANDA (SANTA EUFEMIA);;;;;
3;32;24;13;ALCÁZAR DE MILMANDA (SANTA MARÍA);;;;;
3;32;24;14;MOURILLÓS (SAN PEDRO);;;;;
3;32;24;15;ORGA (SAN MIGUEL);;;;;
3;32;24;16;RABAL (SAN SALVADOR);;;;;
3;32;24;17;VEIGA (A) (SAN PAIO);;;;;
3;32;24;18;VILANOVA DOS INFANTES (SAN SALVADOR;;;;;
3;32;24;19;VIVEIRO (SAN XOÁN);;;;;
3;32;25;1;CENLLE (SANTA MARÍA);;;;;
3;32;25;2;ESPOSENDE (SANTA MARIÑA);;;;;
3;32;25;3;LAIAS (SANTA BAIA);;;;;
3;32;25;4;OSMO (SAN MIGUEL);;;;;
3;32;25;5;PENA (A) (SAN LOURENZO);;;;;
3;32;25;6;RAZAMONDE (SANTA MARÍA);;;;;
3;32;25;7;SADURNÍN (SAN XOÁN);;;;;
3;32;25;8;TRASARIZ (SANTIAGO);;;;;
3;32;25;9;VILAR DE REI (SAN MIGUEL);;;;;
3;32;25;10;BARCA DE BARBANTES (A) (SANTO ANTON;;;;;
3;32;26;1;ALBÁN (SAN PAIO);;;;;
3;32;26;2;SANTA MARIÑA DE ALBÁN (SANTA MARIÑA;;;;;
3;32;26;3;BARRA (A) (SANTA MARÍA);;;;;
3;32;26;4;CAMBEO (SANTO ESTEVO);;;;;
3;32;26;5;COLES (SAN XOÁN);;;;;
3;32;26;6;GUERAL (SAN MARTIÑO);;;;;
3;32;26;7;GUSTEI (SANTIAGO);;;;;
3;32;26;8;MELIAS (SAN MIGUEL);;;;;
3;32;26;9;SANTO EUSEBIO DA PEROXA (SANTO EUSE;;;;;
3;32;26;10;RIBELA (SAN XILLAO);;;;;
3;32;26;11;UCELLE (SANTA MARÍA);;;;;
3;32;27;1;VALONGO (SAN MARTIÑO);;;;;
3;32;27;2;CORTEGADA (SANTA MARÍA);;;;;
3;32;27;3;LOUREDO (SAN XOÁN);;;;;
3;32;27;4;MERÉNS (SAN CIBRÁN);;;;;
3;32;27;5;RABIÑO (SAN BIEITO);;;;;
3;32;27;6;REFOXOS (SAN BREIXO);;;;;
3;32;27;7;ZAPARÍN (SAN MARTIÑO);;;;;
3;32;28;1;ATÁS (SANTA MARÍA);;;;;
3;32;28;2;BALDRIZ (SAN BARTOLOMEU);;;;;
3;32;28;3;CARZOÁ (SAN ROQUE);;;;;
3;32;28;4;CUALEDRO (SANTA MARÍA);;;;;
3;32;28;5;XIRONDA (A) (SAN SALVADOR);;;;;
3;32;28;6;LUCENZA (SANTA MARÍA);;;;;
3;32;28;7;MONTES (SANTA BAIA);;;;;
3;32;28;8;REBORDONDO (SAN MARTIÑO);;;;;
3;32;28;9;SAN MILLAO (SANTA MARÍA);;;;;
3;32;28;10;VILELA (SANTIAGO);;;;;
3;32;29;1;CADELIÑA (SAN PEDRO);;;;;
3;32;29;2;CANDEDO (O) (SANTA MARÍA);;;;;
3;32;29;3;CASTELIGO (SAN MARTIÑO);;;;;
3;32;29;4;CASTELOAIS (SAN PEDRO);;;;;
3;32;29;5;CELEIROS (SAN MARTIÑO);;;;;
3;32;29;6;CHANDREXA (SAN PEDRO);;;;;
3;32;29;7;CHAVEÁN (SAN BARTOLOMEU);;;;;
3;32;29;8;DRADOS (SAN ISIDORO);;;;;
3;32;29;9;FITOIRO (SAN PAIO);;;;;
3;32;29;10;FONTEITA (SANTO ANDRÉ);;;;;
3;32;29;11;FORCADAS (SANTA MARÍA);;;;;
3;32;29;12;PARADA SECA (SANTA MARÍA);;;;;
3;32;29;13;PARAFITA (SAN BARTOLOMEU);;;;;
3;32;29;14;QUEIXA (SANTA CRUZ);;;;;
3;32;29;15;RABAL (SANTA MARÍA);;;;;
3;32;29;16;REQUEIXO (SANTA MARÍA MADANELA);;;;;
3;32;29;17;SAN CRISTOVO (SAN CRISTOVO);;;;;
3;32;29;18;VILAR (SAN COSME);;;;;
3;32;30;1;ENTRIMO (SANTA MARÍA A REAL);;;;;
3;32;30;2;GALEZ (SAN FIZ);;;;;
3;32;30;3;ILLA (A) (SAN LOURENZO);;;;;
3;32;30;4;PEREIRA (A) (SAN FACUNDO);;;;;
3;32;30;5;VENCEÁNS (SAN TOMÉ);;;;;
3;32;31;1;SANTA OLAIA DE ESGOS (SANTA OLAIA);;;;;
3;32;31;2;ESGOS (SANTA MARÍA);;;;;
3;32;31;3;LOÑA DO MONTE (SAN SALVADOR);;;;;
3;32;31;4;PENSOS (OS) (SAN PEDRO);;;;;
3;32;31;5;ROCAS (SAN PEDRO);;;;;
3;32;31;6;TRIÓS (SAN PEDRO);;;;;
3;32;31;7;VILAR DE ORDELLES (SANTA MARÍA);;;;;
3;32;32;1;BOADO (SAN PEDRO);;;;;
3;32;32;2;CIMA DE RIBEIRA (SAN MIGUEL);;;;;
3;32;32;3;DAMIL (SAN SALVADOR);;;;;
3;32;32;4;FARAMONTAOS (SAN SALVADOR);;;;;
3;32;32;5;GANADE (SAN BARTOLOMEU);;;;;
3;32;32;6;GUDÍN (SAN MIGUEL);;;;;
3;32;32;7;GUNTIMIL (SAN XOÁN);;;;;
3;32;32;8;LAMAS (SANTA MARÍA);;;;;
3;32;32;9;SAN PEDRO DE LAROÁ (SAN PEDRO);;;;;
3;32;32;10;LAROÁ (SANTA MARÍA);;;;;
3;32;32;11;MOREIRAS (SAN TOMÉ);;;;;
3;32;32;12;MORGADE (SAN TOMÉ);;;;;
3;32;32;13;MOSTEIRO DE RIBEIRA (SANTA MARÍA);;;;;
3;32;32;14;NOVÁS (SAN NICOLAO);;;;;
3;32;32;15;PARADA DE RIVEIRA (SAN SALVADOR);;;;;
3;32;32;16;PENA (A) (SAN PEDRO);;;;;
3;32;32;17;PIÑEIRA SECA (SANTO ANDRÉ);;;;;
3;32;32;18;SEOANE DE OLEIROS (SAN XOÁN);;;;;
3;32;32;19;SOLBEIRA DE LIMIA (SAN PEDRO);;;;;
3;32;32;20;XINZO DE LIMIA (SANTA MARIÑA);;;;;
3;32;33;1;SAN LOURENZO DE FUSTÁNS (SAN LOUREN;;;;;
3;32;33;2;PAO (O) (SANTA MARÍA);;;;;
3;32;33;3;PENOSIÑOS (SAN SALVADOR);;;;;
3;32;33;4;POULO (SAN PEDRO);;;;;
3;32;33;5;GUÍA (A) (SANTA MARÍA);;;;;
3;32;33;6;VAL (O) (SANTA MARÍA);;;;;
3;32;34;1;BARXA (SAN XOÁN);;;;;
3;32;34;2;CANIZO (O) (SANTA MARÍA);;;;;
3;32;34;3;CARRACEDO DA SERRA (SANTIAGO);;;;;
3;32;34;4;GUDIÑA (A) (SAN MARTIÑO E SAN PEDRO;;;;;
3;32;34;5;PARADA DA SERRA (SAN LUCAS);;;;;
3;32;34;6;SAN LOURENZO DE PENTES (SAN LOURENZ;;;;;
3;32;34;7;PENTES (SAN MAMEDE);;;;;
3;32;34;8;TAMEIRÓN (O) (SANTA MARÍA);;;;;
3;32;35;1;CAMPO (SANTA MARÍA);;;;;
3;32;35;2;CANGUES (SANTO ESTEVO);;;;;
3;32;35;3;CIDÁ (A) (SANTA MARIÑA);;;;;
3;32;35;4;CORNEDA (SANTIAGO);;;;;
3;32;35;5;SAN COSMEDE DE CUSANCA (SAN COSMEDE;;;;;
3;32;35;6;DADÍN (SAN PEDRO);;;;;
3;32;35;7;ESPIÑEIRA (SAN PEDRO);;;;;
3;32;35;8;FROUFE (SAN XOÁN);;;;;
3;32;35;9;LOUREIRO (SANTA MARIÑA);;;;;
3;32;35;10;PARADA DE LABIOTE (SAN XULIÁN);;;;;
3;32;35;11;REÁDIGOS (SANTA BAIA);;;;;
3;32;35;12;REGUEIRO (O) (SAN PEDRO);;;;;
3;32;36;1;ABELEDA (A) (SAN VICENTE);;;;;
3;32;36;2;ARMARIZ (SAN SALVADOR);;;;;
3;32;36;3;BOBADELA A PINTA (SANTA MARIÑA);;;;;
3;32;36;4;GRAÑA (A) (SANTIAGO);;;;;
3;32;36;5;XUNQUEIRA DE AMBÍA (SANTA MARÍA A R;;;;;
3;32;36;6;SOBRADELO (SAN ROMÁN);;;;;
3;32;37;1;NIÑODAGUIA (SANTA MARÍA);;;;;
3;32;37;2;PENSOS (OS) (SAN PEDRO);;;;;
3;32;37;3;RAMIL (SAN MIGUEL);;;;;
3;32;37;4;XUNQUEIRA DE ESPADANEDO (SANTA MARÍ;;;;;
3;32;38;1;FREIXIDO (SAGRADO CORAZÓN DE XESÚS);;;;;
3;32;38;2;LAROUCO (SANTA MARÍA);;;;;
3;32;38;3;PORTOMOURISCO (SAN VÍCTOR);;;;;
3;32;38;4;SEADUR (SANTA MARIÑA);;;;;
3;32;39;1;ALBERGUERÍA (A) (SANTA MARÍA);;;;;
3;32;39;2;CAMBA (SAN SALVADOR);;;;;
3;32;39;3;CARRAXO (SAN BIEITO);;;;;
3;32;39;4;CASTRO DE LAZA (O) (SAN PEDRO);;;;;
3;32;39;5;CERDEDELO (SANTA MARÍA);;;;;
3;32;39;6;LAZA (SAN XOÁN);;;;;
3;32;39;7;MATAMÁ (SANTA MARÍA);;;;;
3;32;39;8;RETORTA (SANTA MARÍA);;;;;
3;32;39;9;TORO (SAN LOURENZO);;;;;
3;32;39;10;TREZ (SANTIAGO);;;;;
3;32;40;1;BERÁN (SAN BREIXO);;;;;
3;32;40;2;GOMARIZ (SANTA MARÍA);;;;;
3;32;40;3;LAMAS (SANTA MARÍA);;;;;
3;32;40;4;LEBOSENDE (SAN MIGUEL);;;;;
3;32;40;5;LEIRO (SAN PEDRO);;;;;
3;32;40;6;OREGA (SAN XOÁN);;;;;
3;32;40;7;SAN CLODIO (SANTA MARÍA);;;;;
3;32;40;8;SERANTES (SAN TOMÉ);;;;;
3;32;40;9;BIEITE (SANTO ADRAO);;;;;
3;32;41;1;FRAGA (A) (SAN BARTOLOMEU);;;;;
3;32;41;2;SAN MARTIÑO DE GROU (SAN MARTIÑO);;;;;
3;32;41;3;SANTA CRUZ DE GROU (SANTA CRUZ);;;;;
3;32;41;4;LOBEIRA (SAN VICENTE);;;;;
3;32;41;5;MONTE LONGO (SANTA CRISTINA);;;;;
3;32;41;6;PARADA (SANTA EUFEMIA);;;;;
3;32;41;7;SANTA COMBA (SAN TROCADO);;;;;
3;32;41;8;SAN XES DE VILARIÑO (SAN XES);;;;;
3;32;42;1;ARAÚXO (SAN MARTIÑO);;;;;
3;32;42;2;SAN PAIO DE ARAÚXO (SAN PAIO);;;;;
3;32;42;3;CELA (A) (SANTA MARÍA);;;;;
3;32;42;4;GROU (SAN MAMEDE);;;;;
3;32;42;5;SAN MARTIÑO DE GROU (SAN MARTIÑO);;;;;
3;32;42;6;ILLA (A) (SAN LOURENZO);;;;;
3;32;42;7;LOBIOS (SAN MIGUEL);;;;;
3;32;42;8;MANÍN (SAN SALVADOR);;;;;
3;32;42;9;RÍO CALDO (SANTA MARÍA);;;;;
3;32;42;10;TORNO (SAN SALVADOR);;;;;
3;32;43;1;ASADUR (SANTA MARIÑA);;;;;
3;32;43;2;CASTRO DE ESCUADRO (SANTA BAIA);;;;;
3;32;43;4;COSTA (A) (SANTIAGO);;;;;
3;32;43;5;CHÁS (AS) (SAN XOÁN);;;;;
3;32;43;6;FONCUBERTA (SANTA MARÍA);;;;;
3;32;43;7;MACEDA (SAN PEDRO);;;;;
3;32;43;8;PIÚCA OU ARAÚXO (SANTA MARÍA);;;;;
3;32;43;9;SANTISO (SANTA MARÍA);;;;;
3;32;43;10;TIOIRA (SANTA MARÍA);;;;;
3;32;43;11;VILARDECÁS (SAN XOÁN);;;;;
3;32;43;12;ZORELLE (SANTIAGO);;;;;
3;32;44;1;CERNADO (SANTA MARÍA);;;;;
3;32;44;2;CESURIS (SANTA MARÍA);;;;;
3;32;44;3;MANZANEDA (SAN MARTIÑO);;;;;
3;32;44;4;SAN MARTIÑO DE MANZANEDA (SAN MARTI;;;;;
3;32;44;5;PARADELA (SANTO ANTONIO);;;;;
3;32;44;6;PLACÍN (SANTIAGO);;;;;
3;32;44;7;REIGADA (SANTA MARÍA MADANELA);;;;;
3;32;44;8;REQUEIXO (SAN BARTOLOMEU);;;;;
3;32;44;9;SOUTIPEDRE (SAN MARCOS);;;;;
3;32;44;10;SAN MIGUEL DE BIDUEIRA (SAN MIGUEL);;;;;
3;32;45;1;AMARANTE (SANTA MARÍA);;;;;
3;32;45;2;ARMESES (SAN MIGUEL);;;;;
3;32;45;3;GARABÁS (SAN PEDRO);;;;;
3;32;45;4;LAGO (O) (SAN MARTIÑO);;;;;
3;32;45;5;LOUREDO (SANTA MARÍA);;;;;
3;32;45;6;MASIDE (SAN TOMÉ);;;;;
3;32;45;7;PIÑEIRO (SAN XOÁN);;;;;
3;32;45;8;RAÑESTRES (SAN MAMEDE);;;;;
3;32;45;9;SANTA COMBA DO TREVOEDO (SANTA COMB;;;;;
3;32;46;1;MELÓN (SANTA MARÍA);;;;;
3;32;46;2;QUINS (SANTA MARÍA);;;;;
3;32;47;1;CORVILLÓN (SANTA MARÍA);;;;;
3;32;47;2;ENTRAMBOSRÍOS (SANTA MARIÑA);;;;;
3;32;47;3;FARAMONTAOS (SAN XES);;;;;
3;32;47;4;MANCHICA (A) (NOSA SEÑORA DE LOURDE;;;;;
3;32;47;5;MERCA (A) (SANTA MARÍA);;;;;
3;32;47;6;MEZQUITA (A) (SAN PEDRO);;;;;
3;32;47;7;SAN VITOIRO DA MEZQUITA (SAN VITOIR;;;;;
3;32;47;8;OLÁS DE VILARIÑO (SANTA MARÍA);;;;;
3;32;47;9;PARDERRUBIAS (SANTA OLAIA);;;;;
3;32;47;10;PEREIRA DE MONTES (SANTA MARÍA);;;;;
3;32;47;11;PROENTE (SANTO ANDRÉ);;;;;
3;32;47;12;ZARRACÓS (SANTO ANDRÉ);;;;;
3;32;48;1;CÁDAVOS (SANTA MARÍA MADANELA);;;;;
3;32;48;2;CASTROMIL (NOSA SEÑORA DA ENCARNACI;;;;;
3;32;48;3;CHAGUAZOSO (SANTIAGO);;;;;
3;32;48;4;ESCULQUEIRA (A) (SANTA EUFEMIA);;;;;
3;32;48;5;MANZALVOS (SANTA MARÍA);;;;;
3;32;48;6;MEZQUITA (A) (SAN MARTIÑO);;;;;
3;32;48;7;PEREIRO (O) (SAN PEDRO);;;;;
3;32;48;8;SANTIGOSO (SAN SIMÓN);;;;;
3;32;48;9;VILAVELLA (A) (SANTA MARÍA DA CABEZ;;;;;
3;32;49;1;ABELEDOS (OS) (SAN VICENTE);;;;;
3;32;49;2;COVAS (SAN XOÁN);;;;;
3;32;49;3;CHÁS (AS) (SAN XOÁN);;;;;
3;32;49;4;GABÍN (SAN PEDRO);;;;;
3;32;49;5;MARRUBIO (SANTO ANDRÉ);;;;;
3;32;49;6;MEDORRA (A) (SANTIAGO);;;;;
3;32;49;7;SAN COSME DE MONTEDERRAMO (SAN COSM;;;;;
3;32;49;8;NOGUEIRA (SANTA MARÍA);;;;;
3;32;49;9;PAREDES (SANTA MARÍA);;;;;
3;32;49;10;SAS DO MONTE (SAN PEDRO);;;;;
3;32;49;11;SEOANE VELLO (SAN XOÁN);;;;;
3;32;49;12;VILARIÑO FRÍO (SANTA MARÍA);;;;;
3;32;49;13;MONTEDERRAMO (SANTA MARÍA);;;;;
3;32;50;1;ALBARELLOS (SANTIAGO);;;;;
3;32;50;2;ESTEVESIÑOS (SAN MAMEDE);;;;;
3;32;50;3;FLARIZ (SAN PEDRO);;;;;
3;32;50;4;INFESTA (SAN VICENZO);;;;;
3;32;50;5;MADANELA (A) (SANTA MARÍA);;;;;
3;32;50;6;MEDEIROS (SANTA MARÍA);;;;;
3;32;50;7;MONTERREI (SANTA MARÍA);;;;;
3;32;50;8;REBORDONDO (SAN MARTIÑO);;;;;
3;32;50;9;SAN CRISTOVO (SAN CRISTOVO);;;;;
3;32;50;10;VENCES (SANTA BAIA);;;;;
3;32;50;11;VILAZA (SAN SALVADOR);;;;;
3;32;51;1;BARXÉS (SANTA MARÍA);;;;;
3;32;51;2;CADOS (SANTA MARÍA);;;;;
3;32;51;3;COUSO DE SALAS (SANTIAGO);;;;;
3;32;51;4;FARNADEIROS (SAN PEDRO);;;;;
3;32;51;5;XERMEADE (SAN MIGUEL);;;;;
3;32;51;6;MAUS DE SALAS (AS) (SANTA BAIA);;;;;
3;32;51;7;MUÍÑOS (SAN PEDRO);;;;;
3;32;51;8;PARADA DE VENTOSA (SAN PEDRO);;;;;
3;32;51;9;PORQUEIRÓS (SANTO ANDRÉ);;;;;
3;32;51;10;PRADO DE LIMIA (SAN SALVADOR);;;;;
3;32;51;11;REQUIÁS (SANTIAGO);;;;;
3;32;51;12;SOUTO DE LIMIA (SANTA MARÍA);;;;;
3;32;52;1;ARMARIZ (SAN CRISTOVO);;;;;
3;32;52;2;SAN MIGUEL DO CAMPO (SAN MIGUEL);;;;;
3;32;52;3;CARBALLEIRA (A) (SAN XOSÉ);;;;;
3;32;52;4;CERREDA (SANTIAGO);;;;;
3;32;52;5;FARAMONTAOS (SANTA MARÍA);;;;;
3;32;52;6;LOÑA DO MONTE (SAN SALVADOR);;;;;
3;32;52;7;MOURA (SAN XOÁN);;;;;
3;32;52;8;NOGUEIRA DE RAMUÍN (SAN MARTIÑO);;;;;
3;32;52;9;SANTO ESTEVO DE RIBAS DE SIL (SANTO;;;;;
3;32;52;10;SANTA CRUZ DE RUBIACÓS (SANTA CRUZ);;;;;
3;32;52;11;VILAR DE CERREDA (SANTA BAIA);;;;;
3;32;52;12;VIÑOÁS (SANTA MARÍA);;;;;
3;32;52;13;LUÍNTRA (SANTA BAIA);;;;;
3;32;53;1;BOUSÉS (SANTA BAIA);;;;;
3;32;53;2;CHÁS (AS) (SANTA MARÍA DAS NEVES);;;;;
3;32;53;3;GRANXA (A) (SAN XOÁN);;;;;
3;32;53;4;OÍMBRA (SANTA MARÍA);;;;;
3;32;53;5;RABAL (SANTO ANDRÉ);;;;;
3;32;53;6;SAN CIBRAO (SANTA CRUZ);;;;;
3;32;53;7;VIDEFERRE (SANTA MARÍA);;;;;
3;32;54;1;ARRABALDO (SANTA CRUZ);;;;;
3;32;54;2;BEIRO (SANTA BAIA);;;;;
3;32;54;3;CABEZA DE VACA (SAN BIEITO);;;;;
3;32;54;4;CASTRO DE BEIRO (O) (SANTO ANDRÉ);;;;;
3;32;54;5;CEBOLIÑO (BO XESÚS);;;;;
3;32;54;6;CUDEIRO (SAN PEDRO);;;;;
3;32;54;7;SANTA MARIÑA DO MONTE (SANTA MARIÑA;;;;;
3;32;54;8;MONTEALEGRE (A MILAGROSA);;;;;
3;32;54;11;PALMÉS (SAN MAMEDE);;;;;
3;32;54;12;RAIRO (SANTA LUCÍA);;;;;
3;32;54;13;REZA (SANTA MARÍA);;;;;
3;32;54;14;SEIXALBO (SAN BREIXO);;;;;
3;32;54;15;TRAS DO HOSPITAL (A ASUNCIÓN);;;;;
3;32;54;16;TRASALBA (SAN PEDRO);;;;;
3;32;54;17;UNTES (SANTO ESTEVO);;;;;
3;32;54;18;VELLE (SANTA MARTA);;;;;
3;32;54;19;VILAR DE ASTRÉS (PURÍSIMA CONCEPCIÓ;;;;;
3;32;54;20;VISTA FERMOSA (SAN XOSÉ);;;;;
3;32;54;21;SANTIAGO DAS CALDAS (SANTIAGO);;;;;
3;32;54;22;CANEDO (SAN MIGUEL);;;;;
3;32;54;99;OURENSE N.U.;;;;;
3;32;55;1;CANTOÑA (SAN MAMEDE);;;;;
3;32;55;2;COUCIEIRO (SAN VICENTE);;;;;
3;32;55;3;FIGUEIREDO (SAN PEDRO);;;;;
3;32;55;4;FIGUEIROÁ (SAN XILLAO);;;;;
3;32;55;5;GOLPELLÁS (SANTA BAIA);;;;;
3;32;55;6;SAN SALVADOR DE MOURISCO (SAN SALVA;;;;;
3;32;55;7;PADERNE (SAN CIBRAO);;;;;
3;32;55;8;SAN XES (SAN XES);;;;;
3;32;55;9;SAN LOURENZO DE SIABAL (SAN LOURENZ;;;;;
3;32;55;10;SOLBEIRA (SAN SALVADOR);;;;;
3;32;56;1;CONDADO (O) (SANTA MARÍA);;;;;
3;32;56;2;CRESPOS (SAN XOÁN);;;;;
3;32;56;3;DESTERIZ (SAN MIGUEL);;;;;
3;32;56;4;MONTE REDONDO (SAN XOÁN);;;;;
3;32;56;5;PADRENDA (SAN CIBRÁN);;;;;
3;32;56;6;SAN PEDRO DA TORRE (SAN PEDRO);;;;;
3;32;57;1;CAXIDE (SANTA CRISTINA);;;;;
3;32;57;2;CHANDREXA (SANTA MARÍA);;;;;
3;32;57;3;HEDRADA (A) (SANTIAGO);;;;;
3;32;57;4;FORCAS (SAN MAMEDE);;;;;
3;32;57;5;PARADA DE SIL (SANTA MARIÑA);;;;;
3;32;57;6;PARADELLAS (AS) (SANTA MARÍA);;;;;
3;32;57;7;PRADOMAO (SAN XIAO);;;;;
3;32;57;8;SACARDEBOIS (SAN MARTIÑO);;;;;
3;32;57;9;SAN LOURENZO DE BARXACOVA (SAN LOUR;;;;;
3;32;58;1;CALVELLE (SAN MIGUEL);;;;;
3;32;58;2;COVAS (SAN CIBRAO);;;;;
3;32;58;3;CHAODARCAS (SANTA ANA);;;;;
3;32;58;4;LAMELA (A) (SANTA MARÍA);;;;;
3;32;58;5;MELIAS (SANTA MARÍA);;;;;
3;32;58;6;SAN XOÁN DE MOREIRAS (SAN XOÁN);;;;;
3;32;58;7;SAN MARTIÑO DE MOREIRAS (SAN MARTIÑ;;;;;
3;32;58;8;SANTA MARTA DE MOREIRAS (SANTA MART;;;;;
3;32;58;9;PREXIGUEIRÓ (SAN SALVADOR);;;;;
3;32;58;10;SABADELLE (SAN MARTIÑO);;;;;
3;32;58;11;TIBIÁS (SAN BERNALDO);;;;;
3;32;58;12;TRIÓS (SAN PEDRO);;;;;
3;32;58;13;VILARIÑO (SANTA CRISTINA);;;;;
3;32;59;1;SAN CIBRAO DE ARMENTAL (SAN CIBRAO);;;;;
3;32;59;2;ARMENTAL (SAN SALVADOR);;;;;
3;32;59;3;BEACÁN (SANTA MARÍA);;;;;
3;32;59;4;CARRACEDO (SANTIAGO);;;;;
3;32;59;5;CELAGUANTES (SAN XULIÁN);;;;;
3;32;59;6;GRAÍCES (SAN VICENTE);;;;;
3;32;59;7;GUERAL (SAN MARTIÑO);;;;;
3;32;59;8;MIRALLOS (SANTA MARÍA);;;;;
3;32;59;9;PEARES (OS) (NOSA SEÑORA DO PILAR);;;;;
3;32;59;10;PEROXA (A) (SANTIAGO);;;;;
3;32;59;11;SAN XES DA PEROXA (SAN XES);;;;;
3;32;59;12;SOUTO (O) (SAN CRISTOVO);;;;;
3;32;59;13;TOUBES (SANTIAGO);;;;;
3;32;59;14;VILARRUBÍN (SAN MARTIÑO);;;;;
3;32;60;1;FREIXIDO (SAGRADO CORAZÓN DE XESÚS);;;;;
3;32;60;2;MONES (SAN MIGUEL);;;;;
3;32;60;3;SANTA MARÍA DE MONES (SANTA MARÍA);;;;;
3;32;60;4;SANTOALLA DO MONTE  (SANTA OALLA);;;;;
3;32;60;5;PETÍN (SANTIAGO);;;;;
3;32;60;6;PORTOMOURISCO (SAN VÍCTOR);;;;;
3;32;61;1;BARRÁN (SAN XOÁN);;;;;
3;32;61;2;CANDA (A) (SAN MAMEDE);;;;;
3;32;61;3;CARBALLEDA (SANTA MARÍA);;;;;
3;32;61;4;CORNA (A) (SANTA MARÍA DO DESTERRO);;;;;
3;32;61;5;LOEDA (SAN PAIO);;;;;
3;32;61;6;COIRAS (SAN XOÁN);;;;;
3;32;61;7;TORCELA (SANTIAGO);;;;;
3;32;62;1;SAN LOURENZO DE ABELEDA (SAN LOUREN;;;;;
3;32;62;2;PARADELA DE ABELEDA (SAN XOÁN);;;;;
3;32;62;3;SAN MARTIÑO DE PORQUEIRA (SAN MARTI;;;;;
3;32;62;4;PORQUEIRA (SANTA MARÍA);;;;;
3;32;62;5;SABUCEDO (SAN SALVADOR);;;;;
3;32;62;6;SOBREGANADE (SAN MAMEDE);;;;;
3;32;63;1;BARRIO (SAN XOÁN);;;;;
3;32;63;2;CASTRO (O) (SAN NICOLAO);;;;;
3;32;63;3;COVA (SANTA MARÍA);;;;;
3;32;63;4;COTARÓS (SANTIAGO);;;;;
3;32;63;5;ENCOMENDA (A) (SANTO ANTONIO);;;;;
3;32;63;6;XUNQUEIRA (SAN PEDRO);;;;;
3;32;63;7;MENDOIA (NOSA SEÑORA DA CONCEPCIÓN);;;;;
3;32;63;8;NAVEA (SAN MIGUEL);;;;;
3;32;63;9;PAREISÁS (SANTO ANTONIO);;;;;
3;32;63;10;PENA PETADA (SANTO ESTEVO);;;;;
3;32;63;11;PENA FOLENCHE (SANTA MARÍA);;;;;
3;32;63;12;PIÑEIRO (SAN SEBASTIÁN);;;;;
3;32;63;13;POBRA DE TRIVES (A) (SANTO CRISTO D;;;;;
3;32;63;14;SOBRADO (SAN SALVADOR);;;;;
3;32;63;15;SOMOZA (SAN MIGUEL);;;;;
3;32;63;16;SAN LOURENZO DE TRIVES (SAN LOURENZ;;;;;
3;32;63;17;SAN MAMEDE DE TRIVES (SAN MAMEDE);;;;;
3;32;63;18;TRIVES (SANTA MARÍA);;;;;
3;32;63;19;VILANOVA (SANTA MARÍA);;;;;
3;32;64;1;PONTEDEVA (SAN BREIXO);;;;;
3;32;64;2;TRADO (SAN PAIO);;;;;
3;32;65;1;BARBANTES (SANTIAGO);;;;;
3;32;65;2;FREÁS (SANTA MARÍA);;;;;
3;32;65;3;OURANTES (SAN XOÁN);;;;;
3;32;65;4;PUNXÍN (SANTA MARÍA);;;;;
3;32;65;5;VILELA (SANTA MARÍA);;;;;
3;32;65;6;VILAMOURE (SANTO ESTEVO);;;;;
3;32;66;1;XACEBÁNS (SANTIAGO);;;;;
3;32;66;2;LEIRADO (SAN PEDRO);;;;;
3;32;66;3;MOCIÑOS (SANTA MARÍA);;;;;
3;32;66;4;QUINTELA DE LEIRADO (SAN PAULO);;;;;
3;32;66;5;REDEMUÍÑOS (SAN SALVADOR);;;;;
3;32;67;1;CANDÁS (SAN MARTIÑO);;;;;
3;32;67;2;CONGOSTRO (SANTA MARIÑA);;;;;
3;32;67;3;GUILLAMIL (SANTO ANDRÉ);;;;;
3;32;67;4;LAMPAZA (SANTA MARÍA);;;;;
3;32;67;5;ORDES (SANTA MARÍA);;;;;
3;32;67;6;RAIRIZ DE VEIGA (SAN XOÁN);;;;;
3;32;67;7;SABARIZ (SAN PEDRO);;;;;
3;32;67;8;ZAPEAUS (SANTO ADRAO);;;;;
3;32;68;1;CASARDEITA (SANTIAGO);;;;;
3;32;68;2;ESCUDEIROS (SAN XOÁN);;;;;
3;32;68;3;FREÁS DE EIRAS (SANTA MARÍA);;;;;
3;32;68;4;GRIXÓ (SANTA ISABEL);;;;;
3;32;68;5;MOSTEIRO (SAN PEDRO);;;;;
3;32;68;6;PAIZÁS (SAN SALVADOR);;;;;
3;32;68;7;SANTO ANDRÉ DE PENOSIÑOS (SANTO AND;;;;;
3;32;68;8;PENOSIÑOS (SAN SALVADOR);;;;;
3;32;68;9;RUBIÁS (SANTIAGO);;;;;
3;32;68;10;VILAMEÁ DE RAMIRÁS (SANTA MARÍA);;;;;
3;32;69;1;CAMPO REDONDO (SANTO ANDRÉ);;;;;
3;32;69;2;ESPOSENDE (SANTIAGO);;;;;
3;32;69;4;SAN CRISTOVO DE REGODEIGÓN (SAN CRI;;;;;
3;32;69;5;RIBADAVIA (SAN DOMINGOS DE FÓRA);;;;;
3;32;69;6;RIBADAVIA (SAN DOMINGOS);;;;;
3;32;69;7;SANÍN (SAN PEDRO);;;;;
3;32;69;8;VENTOSELA (SAN PAIO);;;;;
3;32;69;9;FRANCELOS (SANTA MARÍA MADANELA);;;;;
3;32;70;1;SEOANE DE ARGAS (SAN XOÁN);;;;;
3;32;70;2;SAN SILVESTRE DE ARGAS (SAN SILVEST;;;;;
3;32;70;3;CABANAS (AS) (SAN PAIO);;;;;
3;32;70;4;CASTRELO (SANTA MARÍA);;;;;
3;32;70;5;CERDEIRA (SANTA MARÍA MADANELA);;;;;
3;32;70;6;MEDOS (SANTA MARIÑA);;;;;
3;32;70;7;SAN XOÁN DE RÍO (SAN XOÁN);;;;;
3;32;70;8;SAN XURXO (SANTA MARÍA DA O);;;;;
3;32;70;9;VILARDÁ (SANTA MARÍA);;;;;
3;32;71;1;CASTRELO DE ABAIXO (SANTA MARÍA);;;;;
3;32;71;2;CASTRELO DE CIMA (SANTA MARÍA);;;;;
3;32;71;3;NAVALLO (O) (SAN VICENTE);;;;;
3;32;71;4;PROGO (SAN MIGUEL);;;;;
3;32;71;5;RIÓS (SANTA MARÍA);;;;;
3;32;71;6;RUBIÓS (SAN PEDRO);;;;;
3;32;71;7;TRASESTRADA (SANTO ESTEVO);;;;;
3;32;71;8;FUMACES E A TREPA (SANTA MARÍA);;;;;
3;32;72;1;ROBLIDO (SAN XOÁN);;;;;
3;32;72;2;RÚA DE VALDEORRAS (A) (SANTO ESTEVO;;;;;
3;32;72;3;SAN XULIÁN (SAN XULIÁN);;;;;
3;32;73;1;BARRIO DE CASCALLÁ (O) (NOSA SEÑORA;;;;;
3;32;73;2;BIOBRA (SAN MIGUEL);;;;;
3;32;73;3;COVAS (SAN SALVADOR);;;;;
3;32;73;4;OULEGO (SAN MIGUEL);;;;;
3;32;73;5;PARDOLLÁN (SANTO ESTEVO);;;;;
3;32;73;6;PORTO (O) (SAN CRISTOVO);;;;;
3;32;73;7;QUEREÑO (SAN CRISTOVO);;;;;
3;32;73;8;ROBLEDO DA LASTRA (O) (NOSA SEÑORA;;;;;
3;32;73;9;RUBIÁ (SANTA MARIÑA);;;;;
3;32;73;10;VEIGA DE CASCALLÁ (A) (SANTA CRUZ);;;;;
3;32;74;1;ANLLO (SANTIAGO);;;;;
3;32;74;2;BEARIZ (SAN MARTIÑO);;;;;
3;32;74;3;EIRAS (SANTA OUXEA);;;;;
3;32;74;4;GRIXOA (SANTA MARÍA DAS NEVES);;;;;
3;32;74;5;LAS (SAN CIBRAO);;;;;
3;32;74;6;NAVÍO (SAN FIZ);;;;;
3;32;74;7;SALAMONDE (SANTA MARÍA);;;;;
3;32;74;8;BARÓN (O) (SAN FIZ);;;;;
3;32;75;1;GARGANTÓS (SANTA COMBA);;;;;
3;32;75;2;NOALLA (SAN SALVADOR);;;;;
3;32;75;3;PAZOS DE SAN CLODIO (SAN CLODIO);;;;;
3;32;75;4;SANTA CRUZ DA RABEDA (SANTA CRUZ);;;;;
3;32;75;5;RANTE (SANTO ANDRÉ);;;;;
3;32;75;6;SAN CIBRAO DAS VIÑAS (SANTO ILDEFON;;;;;
3;32;75;7;SOUTOPENEDO (SAN MIGUEL);;;;;
3;32;76;1;CASTRELO (SAN CIBRAO);;;;;
3;32;76;2;CEA (SAN CRISTOVO);;;;;
3;32;76;3;COVAS (SANTA MARÍA);;;;;
3;32;76;4;LAMAS (SAN MARTIÑO);;;;;
3;32;76;5;LONGOS (SANTA BAIA);;;;;
3;32;76;6;MANDRÁS (SAN PEDRO);;;;;
3;32;76;7;OSEIRA (SANTA MARÍA A REAL);;;;;
3;32;76;8;PEREDA (SANTA BAIA);;;;;
3;32;76;9;SAN FAGUNDO (SAN FAGUNDO);;;;;
3;32;76;10;SOUTO (SAN SALVADOR);;;;;
3;32;76;11;VALES (SAN PEDRO);;;;;
3;32;76;12;VILASECO (SAN MIGUEL);;;;;
3;32;76;13;VIÑA (SAN ROMÁN);;;;;
3;32;77;1;COUSO DE LIMIA (SANTA MARÍA);;;;;
3;32;77;2;PIÑEIRA DE ARCOS (SAN XOÁN);;;;;
3;32;77;3;SANDIÁS (SANTO ESTEVO);;;;;
3;32;78;1;BRESMAUS (SAN BARTOLOMEU);;;;;
3;32;78;2;CODOSEDO (SANTA MARÍA);;;;;
3;32;78;3;CORTEGADA (SAN XOÁN);;;;;
3;32;78;4;FREIXO (O) (SANTIAGO);;;;;
3;32;78;5;LODOSELO (SANTA MARÍA);;;;;
3;32;78;6;NOCELO DA PENA (SAN LOURENZO);;;;;
3;32;78;7;PARADIÑA (SANTA MARÍA MADANELA);;;;;
3;32;78;8;PERRELOS (SANTA MARÍA);;;;;
3;32;78;9;SARREAUS (SAN SALVADOR);;;;;
3;32;79;1;MESÓN DE CALVOS (O) (SANTA MARÍA);;;;;
3;32;79;3;SANTIAGO DA RABEDA (SANTIAGO);;;;;
3;32;79;4;SOUTOMAIOR (SANTIAGO);;;;;
3;32;79;5;TABOADELA (SAN MIGUEL);;;;;
3;32;79;6;TOUZA (A) (SAN XURXO);;;;;
3;32;79;7;TORÁN (SANTA MARÍA);;;;;
3;32;80;1;ABELEDA (A) (SANTA MARÍA);;;;;
3;32;80;2;BOAZO (SANTA MARÍA);;;;;
3;32;80;3;CRISTOSENDE (SANTA MARÍA);;;;;
3;32;80;4;FONTAO (SAN BARTOLOMEU);;;;;
3;32;80;5;LUMEARES (SAN SALVADOR);;;;;
3;32;80;6;MONTOEDO (SANTA MARIÑA);;;;;
3;32;80;7;PEDRAFITA (SAN MARTIÑO);;;;;
3;32;80;8;SISTÍN (SANTA MARÍA);;;;;
3;32;81;1;ALONGOS (SAN MARTIÑO);;;;;
3;32;81;2;FEÁ (SANTA MARÍA);;;;;
3;32;81;3;MOREIRAS (SAN PEDRO);;;;;
3;32;81;4;MUGARES (SANTA MARÍA);;;;;
3;32;81;5;PUGA (SAN MAMEDE);;;;;
3;32;81;6;TOÉN (SANTA MARÍA);;;;;
3;32;81;7;TRELLE (NOSA SEÑORA DOS ANXOS);;;;;
3;32;81;8;XESTOSA (SANTA MARÍA);;;;;
3;32;82;1;ABAVIDES (SAN MARTIÑO);;;;;
3;32;82;2;CHAMOSIÑOS (SANTA BAIA);;;;;
3;32;82;3;ESCORNABOIS (SANTA MARÍA);;;;;
3;32;82;4;LOBACES (SANTA MARÍA);;;;;
3;32;82;5;TRASMIRAS (SAN XOÁN);;;;;
3;32;82;6;VILA DE REI (SAN SALVADOR);;;;;
3;32;82;7;VILAR DE LEBRES (SAN SALVADOR);;;;;
3;32;82;8;VILASECA (SAN ROMÁN);;;;;
3;32;82;9;ZOS (SANTA MARÍA);;;;;
3;32;83;1;BAÑOS (SAN FIZ);;;;;
3;32;83;2;CANDEDA (SAN MIGUEL);;;;;
3;32;83;3;CARRACEDO (SAN MIGUEL);;;;;
3;32;83;4;CASDENODRES (SAN SALVADOR);;;;;
3;32;83;5;CASTROMAO (SANTA MARÍA);;;;;
3;32;83;6;CASTROMARIGO (SAN MIGUEL);;;;;
3;32;83;7;COREXIDO (SANTO ESTEVO);;;;;
3;32;83;8;CORZOS (SANTIAGO);;;;;
3;32;83;9;CURRA (SAN MIGUEL);;;;;
3;32;83;10;HEDREIRA (SANTA COMBA);;;;;
3;32;83;11;ESPIÑO (SAN VICENZO);;;;;
3;32;83;12;XARES (SANTA MARÍA);;;;;
3;32;83;13;LAMALONGA (SANTA MARÍA);;;;;
3;32;83;14;MEDA (SANTA MARÍA);;;;;
3;32;83;15;MEIXIDE (SANTA MARÍA);;;;;
3;32;83;16;PRADA (SANTO ANDRÉ);;;;;
3;32;83;17;PRADO (SANTO ESTEVO);;;;;
3;32;83;18;PRADOLONGO (SAN PEDRO);;;;;
3;32;83;19;PONTE (A) (SANTA MARÍA MADANELA);;;;;
3;32;83;20;REQUEIXO (SANTO ANDRÉ);;;;;
3;32;83;21;RIOMAO (SAN TOMÉ);;;;;
3;32;83;22;SAN FIZ (SANTA CATALINA);;;;;
3;32;83;23;SAN LOURENZO (SAN LOURENZO);;;;;
3;32;83;24;SANTA CRISTINA (SAN TIRSO);;;;;
3;32;83;25;SEOANE (SAN XOÁN);;;;;
3;32;83;26;VALDÍN (SANTA MARÍA);;;;;
3;32;83;27;VEIGA (A) (SANTA MARÍA);;;;;
3;32;83;28;VILABOA (SANTA LUCÍA);;;;;
3;32;83;29;VILANOVA (SAN PEDRO);;;;;
3;32;84;1;ALBOS (SAN MAMEDE);;;;;
3;32;84;2;BANGUESES (SAN MIGUEL);;;;;
3;32;84;3;CEXO (SANTO ADRAO);;;;;
3;32;84;4;SANTA MARÍA DE CEXO (SANTA MARÍA);;;;;
3;32;84;5;DOMÉS (SAN MARTIÑO);;;;;
3;32;84;6;GONTÁN (SANTO ANDRÉ);;;;;
3;32;84;7;OURILLE (SAN PEDRO);;;;;
3;32;84;8;PITELOS (SANTA MARÍA);;;;;
3;32;84;9;PORTELA (SANTA BAIA);;;;;
3;32;84;10;SANGUÑEDO (SAN SALVADOR);;;;;
3;32;84;11;VEREA (SANTIAGO);;;;;
3;32;85;1;ÁBEDES (SANTA MARÍA);;;;;
3;32;85;2;CABREIROÁ (SAN SALVADOR);;;;;
3;32;85;3;FECES DE ABAIXO (SANTA MARÍA);;;;;
3;32;85;4;FECES DE CIMA (SANTA MARÍA);;;;;
3;32;85;5;MANDÍN (SANTA MARÍA);;;;;
3;32;85;6;MOURAZOS (SAN MARTIÑO);;;;;
3;32;85;7;PAZOS (SAN FIZ);;;;;
3;32;85;8;QUEIRUGÁS (SAN BARTOLOMEU);;;;;
3;32;85;9;QUEIZÁS (SAN PEDRO);;;;;
3;32;85;10;RASELA (A) (SANTA MARÍA);;;;;
3;32;85;11;TAMAGOS (SANTA MARÍA);;;;;
3;32;85;12;TAMAGUELOS (SANTA MARÍA);;;;;
3;32;85;13;TINTORES (SANTA CRISTINA);;;;;
3;32;85;14;VERÍN (SANTA MARÍA A MAIOR);;;;;
3;32;85;15;VILAMAIOR DO VAL (SANTIAGO);;;;;
3;32;86;1;BEMBIBRE (SANTO ANDRÉ);;;;;
3;32;86;2;CALDESIÑOS (SANTA CRISTINA);;;;;
3;32;86;3;CEPEDELO (SANTA MARÍA);;;;;
3;32;86;4;COVELO (SAN LOURENZO);;;;;
3;32;86;5;FORNELOS DE FILLOÁS (SANTA MARÍA);;;;;
3;32;86;6;FRADELO (SAN VICENZO);;;;;
3;32;86;7;FROXAIS (SAN BRAIS);;;;;
3;32;86;8;GRIXOA (SAN PEDRO);;;;;
3;32;86;9;HEDROSO (SAN ROMÁN);;;;;
3;32;86;10;LOUZAREGOS (SANTA MARÍA);;;;;
3;32;86;11;MOURISCA (SANTA MARÍA);;;;;
3;32;86;12;PARADELA (SAN PEDRO);;;;;
3;32;86;13;PENOUTA (SAN BARTOLOMEU);;;;;
3;32;86;14;PEXEIROS (SANTA MARÍA);;;;;
3;32;86;15;PINZA (SANTA MARÍA);;;;;
3;32;86;16;PRADOCABALOS (SANTA MARÍA);;;;;
3;32;86;17;PRADORRAMISQUEDO (SAN SEBASTIÁN);;;;;
3;32;86;18;PUNXEIRO (SAN MARCOS);;;;;
3;32;86;19;QUINTELA DE HEDROSO (SAN COSMEDE);;;;;
3;32;86;20;QUINTELA DE UMOSO (PADRE ETERNO);;;;;
3;32;86;21;QUINTELA DO PANDO (SANTA ISABEL);;;;;
3;32;86;22;RAMILO (SAN PEDRO);;;;;
3;32;86;23;RUBIAIS (SAN CIBRAO);;;;;
3;32;86;24;SAN CIBRAO (SAN CIBRAO);;;;;
3;32;86;25;SAN MAMEDE (SANTIAGO);;;;;
3;32;86;26;SAN MARTIÑO (SAN XOÁN);;;;;
3;32;86;27;SANTA MARIÑA DA PONTE (SANTA MARIÑA;;;;;
3;32;86;28;SEVER (SAN LOURENZO);;;;;
3;32;86;29;SOLVEIRA (SANTO ADRAO);;;;;
3;32;86;30;TABAZOA DE HEDROSO (SANTA MARÍA);;;;;
3;32;86;31;TABAZOA DE UMOSO (SAN SEBASTIÁN);;;;;
3;32;86;32;VIANA DO BOLO (SANTA MARÍA);;;;;
3;32;86;33;VILARDEMILO (SANTA MARÍA MADANELA);;;;;
3;32;86;34;VILARMEAO (SANTO ANTÓN);;;;;
3;32;86;35;VILASECO DA SERRA (SAN VICENZO);;;;;
3;32;87;1;BOIMORTO (SANTA BAIA);;;;;
3;32;87;2;LEÓN (SANTA BAIA);;;;;
3;32;87;3;ORBÁN (SANTA MARÍA);;;;;
3;32;87;4;REÁDEGOS (SAN VICENTE);;;;;
3;32;87;5;RÍO (O) (SAN SALVADOR);;;;;
3;32;87;6;SOBREIRA (SAN XOÁN);;;;;
3;32;87;7;TAMALLANCOS (SANTA MARÍA);;;;;
3;32;87;8;VILAMARÍN (SANTIAGO);;;;;
3;32;87;9;VIÑA (SAN ROMÁN);;;;;
3;32;88;1;ARCOS (SAN LOURENZO);;;;;
3;32;88;2;ARNADO (SAN CLEMENTE);;;;;
3;32;88;3;CERNEGO (SAN VÍCTOR);;;;;
3;32;88;4;CÓRGOMO (SANTA COMBA);;;;;
3;32;88;5;CORREXAIS (SAN PEDRO);;;;;
3;32;88;6;SAN VICENTE DE LEIRA (SAN VICENTE);;;;;
3;32;88;7;MAZO (O) (SANTO ANTONIO);;;;;
3;32;88;8;PORTELA (A) (SAN XULIÁN);;;;;
3;32;88;9;SAN MIGUEL DO OUTEIRO (SANTO ANTONI;;;;;
3;32;88;10;VALENCIA DO SIL (SAN BERNABÉ);;;;;
3;32;88;11;VILAMARTÍN DE VALDEORRAS (SAN XURXO;;;;;
3;32;89;1;ALBERGUERÍA (A) (SANTA MARÍA);;;;;
3;32;89;2;ARNUÍDE (SANTA MARÍA);;;;;
3;32;89;3;BÓVEDA (SANTA MARÍA);;;;;
3;32;89;4;MAUS (AS) (SAN PEDRO);;;;;
3;32;89;5;PADREDA (SAN MIGUEL);;;;;
3;32;89;6;PRADO (SANTA CRUZ);;;;;
3;32;89;7;REBORDECHAU (SANTA MARÍA);;;;;
3;32;89;8;SEIRÓ (SAN SALVADOR);;;;;
3;32;89;9;VILAR DE BARRIO (SAN PEDRO FIZ);;;;;
3;32;90;1;PARADA DE OUTEIRO (SANTA MARÍA);;;;;
3;32;90;2;VILAR DE SANTOS (SAN XOÁN);;;;;
3;32;91;1;ARZÁDEGOS (SANTA BAIA);;;;;
3;32;91;2;BERRANDE (SAN BARTOLOMEU);;;;;
3;32;91;3;ENXAMES (SAN XOÁN);;;;;
3;32;91;4;FUMACES E A TREPA (SANTA MARÍA);;;;;
3;32;91;5;MOIALDE (SANTA MARÍA);;;;;
3;32;91;6;OSOÑO (SAN PEDRO);;;;;
3;32;91;7;SOUTOCHAO (SANTA MARÍA);;;;;
3;32;91;8;TERROSO (SANTA CRUZ);;;;;
3;32;91;9;VILARELLO DA COTA (SANTA MARÍA);;;;;
3;32;91;10;VILAR DE CERVOS (SAN VICENTE);;;;;
3;32;91;11;VILARDEVÓS (SAN MIGUEL);;;;;
3;32;91;12;SANTA MARÍA DE TRASEIREXA (SANTA MA;;;;;
3;32;92;1;CASTIÑEIRA (SAN LOURENZO);;;;;
3;32;92;2;CONSO (SANTIAGO);;;;;
3;32;92;3;CHAGUAZOSO (SAN BERNABÉ);;;;;
3;32;92;4;MORMENTELOS (NOSA SEÑORA DA O);;;;;
3;32;92;5;VEIGAS DE CAMBA (SAN LOURENZO);;;;;
3;32;92;6;PRADOALBAR (SANTO ANDRÉ);;;;;
3;32;92;7;SABUGUIDO (SANTA MARÍA);;;;;
3;32;92;8;SAN CRISTOVO (SAN CRISTOVO);;;;;
3;32;92;9;SAN MAMEDE DE HEDRADA (SAN MAMEDE);;;;;
3;32;92;10;VILARIÑO DE CONSO (SAN MARTIÑO);;;;;
3;32;998;0;NO DETERMINADA;;;;;
3;32;999;0;NO DETERMINADA;;;;;
3;36;1;1;ARBO (SANTA MARÍA);;;;;
3;36;1;2;BARCELA (SAN XOÁN);;;;;
3;36;1;3;CABEIRAS (SAN SEBASTIÁN);;;;;
3;36;1;4;CEQUELINOS (SAN MIGUEL);;;;;
3;36;1;5;MOURENTÁN (SAN CRISTOVO);;;;;
3;36;1;6;SELA (SANTA MARIÑA);;;;;
3;36;2;1;AGUDELO (SAN MARTIÑO);;;;;
3;36;2;2;BARRO (SAN BREIXO);;;;;
3;36;2;3;CURRO (SANTA MARÍA);;;;;
3;36;2;4;PERDECANAI (SANTA MARÍA);;;;;
3;36;2;5;PORTELA (A) (SAN MAMEDE);;;;;
3;36;2;6;VALIÑAS (SANTO ANDRÉ);;;;;
3;36;3;1;BAÍÑA (SANTA MARIÑA);;;;;
3;36;3;2;BAREDO (SANTA MARÍA);;;;;
3;36;3;3;BAIONA (SANTA MARÍA DE FÓRA);;;;;
3;36;3;4;BAIONA (SANTA MARÍA);;;;;
3;36;3;5;BELESAR (SAN LOURENZO);;;;;
3;36;3;6;SANTA CRISTINA DA RAMALLOSA (SANTA;;;;;
3;36;4;1;BELUSO (SANTA MARÍA);;;;;
3;36;4;2;BUEU (SAN MARTIÑO DE FÓRA);;;;;
3;36;4;3;BUEU (SAN MARTIÑO);;;;;
3;36;4;4;CELA (SANTA MARÍA);;;;;
3;36;4;5;ERMELO (SANTIAGO);;;;;
3;36;4;6;ILLA DE ONS (A) (SAN XOAQUÍN);;;;;
3;36;5;1;ARCOS DA CONDESA (SANTA MARIÑA);;;;;
3;36;5;2;CALDAS DE REIS (SANTA MARÍA DE FÓRA;;;;;
3;36;5;3;CALDAS DE REIS (SANTO TOMÁS E SANTA;;;;;
3;36;5;4;CARRACEDO (SANTA MARIÑA);;;;;
3;36;5;5;CESAR (SANTO ANDRÉ);;;;;
3;36;5;6;CESAR (SAN CLEMENTE);;;;;
3;36;5;7;GODOS (SANTA MARÍA);;;;;
3;36;5;8;SAIAR (SANTO ESTEVO);;;;;
3;36;5;9;VEMIL (SANTA MARÍA);;;;;
3;36;6;1;CAMBADOS (SANTA MARIÑA DOZO);;;;;
3;36;6;2;CASTRELO (SANTA CRUZ);;;;;
3;36;6;3;CORBILLÓN (SAN MAMEDE);;;;;
3;36;6;4;OUBIÑA (SAN VICENTE);;;;;
3;36;6;5;VILARIÑO (SAN ADRIÁN);;;;;
3;36;7;1;CAMPO (SAN MIGUEL);;;;;
3;36;7;2;COUSO (SAN CRISTOVO);;;;;
3;36;7;3;FRAGAS (SANTA MARIÑA);;;;;
3;36;7;4;MONTES (SAN ISIDRO);;;;;
3;36;7;5;MORILLAS (SANTIAGO);;;;;
3;36;7;6;MUIMENTA (SANTA MARÍA);;;;;
3;36;8;1;ALDÁN (SAN CIBRÁN);;;;;
3;36;8;2;CANGAS (SANTIAGO E SAN SALVADOR);;;;;
3;36;8;3;COIRO (SAN SALVADOR);;;;;
3;36;8;4;DARBO (SANTA MARÍA);;;;;
3;36;8;5;HÍO (O) (SANTO ANDRÉ);;;;;
3;36;9;1;ACHAS (SAN SEBASTIÁN);;;;;
3;36;9;2;CAÑIZA (A) (SANTA TAREIXA);;;;;
3;36;9;3;COUTO (SAN BARTOLOMEU);;;;;
3;36;9;4;FRANQUEIRA (SANTA MARÍA);;;;;
3;36;9;5;LUNEDA (SANTA MARÍA);;;;;
3;36;9;6;OROSO (SANTA MARÍA);;;;;
3;36;9;7;PARADA DE ACHAS (SANTIAGO);;;;;
3;36;9;8;PETÁN (SAN XULIÁN);;;;;
3;36;9;9;VALEIXE (SANTA CRISTINA);;;;;
3;36;10;1;ABALO (SAN MAMEDE);;;;;
3;36;10;2;CATOIRA (SAN MIGUEL);;;;;
3;36;10;3;DIMO (SAN PEDRO);;;;;
3;36;10;4;OESTE (SANTA EULALIA);;;;;
3;36;11;1;CASTRO (SANTA BAIA);;;;;
3;36;11;2;CERDEDO (SAN XOÁN);;;;;
3;36;11;3;FIGUEIROA (SAN MARTIÑO);;;;;
3;36;11;4;FOLGOSO (SANTA MARÍA);;;;;
3;36;11;5;PARADA (SAN PEDRO);;;;;
3;36;11;6;PEDRE (SANTO ESTEVO);;;;;
3;36;11;7;QUIREZA (SAN TOMÉ);;;;;
3;36;11;8;TOMONDE (SANTA MARÍA);;;;;
3;36;12;1;AGUASANTAS (SANTA MARÍA);;;;;
3;36;12;2;ALMOFREI (SAN LOURENZO);;;;;
3;36;12;3;BORELA (SAN MARTIÑO);;;;;
3;36;12;4;CARBALLEDO (SAN MIGUEL);;;;;
3;36;12;5;CAROI (SANTIAGO);;;;;
3;36;12;6;CORREDOIRA (SAN GREGORIO);;;;;
3;36;12;7;LOUREIRO (SANTIAGO);;;;;
3;36;12;8;REBORDELO (SAN MARTIÑO);;;;;
3;36;12;9;SAN XURXO DE SACOS (SAN XURXO);;;;;
3;36;12;10;SACOS (SANTA MARÍA);;;;;
3;36;12;11;TENORIO (SAN PEDRO);;;;;
3;36;12;12;VALONGO (SANTO ANDRÉ);;;;;
3;36;12;13;VIASCÓN (SANTIAGO);;;;;
3;36;13;1;BARCIADEMERA (SAN MARTIÑO);;;;;
3;36;13;2;CAMPO (SANTA MARÍA);;;;;
3;36;13;3;CASTELÁNS (SANTO ESTEVO);;;;;
3;36;13;4;COVELO (O) (SANTA MARIÑA);;;;;
3;36;13;5;COVELO (O) (SANTIAGO);;;;;
3;36;13;6;FOFE (SAN MIGUEL);;;;;
3;36;13;7;GODÓNS (SANTA MARÍA);;;;;
3;36;13;8;GRAÑA (A) (SAN BERNABÉ);;;;;
3;36;13;9;LAMOSA (SAN BARTOLOMEU);;;;;
3;36;13;10;MACEIRA (SAN SALVADOR);;;;;
3;36;13;11;PARAÑOS (SANTA MARÍA);;;;;
3;36;13;12;PIÑEIRO (SAN XOÁN);;;;;
3;36;13;13;PRADO (SAN SALVADOR);;;;;
3;36;13;14;PRADO DA CANDA (SANTIAGO);;;;;
3;36;14;1;ALBEOS (SAN XOÁN);;;;;
3;36;14;2;AMEIXEIRA (SAN BERNABÉ);;;;;
3;36;14;3;ANGUDES (SAN XOÁN);;;;;
3;36;14;4;CRECENTE (SAN PEDRO);;;;;
3;36;14;5;FILGUEIRA (SAN PEDRO);;;;;
3;36;14;6;FREIXO (SAN ROQUE);;;;;
3;36;14;7;QUINTELA (SAN CAETANO);;;;;
3;36;14;8;REBORDECHÁN (SANTA MARÍA);;;;;
3;36;14;9;RIBEIRA (SANTA MARIÑA);;;;;
3;36;14;10;SENDELLE (SANTA CRUZ);;;;;
3;36;14;11;VILAR (SAN XURXO);;;;;
3;36;15;1;ARCOS (SAN BREIXO);;;;;
3;36;15;2;CEQUIRIL (SANTA MARÍA);;;;;
3;36;15;3;COUSELO (SAN MIGUEL);;;;;
3;36;15;4;CUNTIS (SANTA MARÍA);;;;;
3;36;15;5;ESTACAS (SAN FIZ);;;;;
3;36;15;6;PIÑEIRO (SAN MAMEDE);;;;;
3;36;15;7;PORTELA (SANTA EULALIA);;;;;
3;36;15;8;TROÁNS (SANTA MARÍA);;;;;
3;36;16;1;DOZÓN (SANTA MARÍA);;;;;
3;36;16;2;CASTRO (O) (SAN SALVADOR);;;;;
3;36;16;3;MACEIRAS (AS) (SAN REMIXIO);;;;;
3;36;16;4;SAA (SANTIAGO);;;;;
3;36;16;5;SANGUIÑEDO (SANTA MARÍA);;;;;
3;36;16;6;SISTO (O) (SAN XOÁN);;;;;
3;36;16;7;BIDUEIROS (SANTA MARÍA);;;;;
3;36;16;8;VILARELLO (SANTO ANDRÉ);;;;;
3;36;17;1;AGAR (SANTA MARIÑA);;;;;
3;36;17;2;AGUIÓNS (SANTA MARÍA);;;;;
3;36;17;3;SAN PEDRO DE ANCORADOS (SAN PEDRO);;;;;
3;36;17;4;SAN TOMÉ DE ANCORADOS (SAN TOMÉ);;;;;
3;36;17;5;ARCA (SAN MIGUEL);;;;;
3;36;17;6;ARNOIS (SAN XIAO);;;;;
3;36;17;7;BALOIRA (SAN SALVADOR);;;;;
3;36;17;8;BARBUDE (SAN MARTIÑO);;;;;
3;36;17;9;SAN MIGUEL DE BARCALA (SAN MIGUEL);;;;;
3;36;17;10;BARCALA (SANTA MARIÑA);;;;;
3;36;17;11;BERRES (SAN VICENZO);;;;;
3;36;17;12;CALLOBRE (SAN MARTIÑO);;;;;
3;36;17;13;SAN MIGUEL DE CASTRO (SAN MIGUEL);;;;;
3;36;17;14;CEREIXO (SAN XURXO);;;;;
3;36;17;15;CODESEDA (SAN XURXO);;;;;
3;36;17;16;CORA (SAN MIGUEL);;;;;
3;36;17;17;COUSO (SANTA MARÍA);;;;;
3;36;17;18;CURANTES (SAN MIGUEL);;;;;
3;36;17;19;ESTRADA (A) (SAN PAIO);;;;;
3;36;17;20;FRADES (SANTA MARÍA);;;;;
3;36;17;21;GUIMAREI (SAN XIAO);;;;;
3;36;17;22;LAGARTÓNS (SANTO ESTEVO);;;;;
3;36;17;23;LAMAS (SAN BRÉIXOME);;;;;
3;36;17;24;LIRIPIO (SAN XOÁN BAUTISTA);;;;;
3;36;17;25;LOIMIL (SANTA MARÍA);;;;;
3;36;17;26;MATALOBOS (SANTA BAIA);;;;;
3;36;17;27;MOREIRA (SAN MIGUEL);;;;;
3;36;17;28;NIGOI (SANTA MARÍA);;;;;
3;36;17;29;OCA (SANTO ESTEVO);;;;;
3;36;17;30;OLIVES (SANTA MARÍA);;;;;
3;36;17;31;ORAZO (SAN PEDRO);;;;;
3;36;17;32;OUZANDE (SAN LOURENZO);;;;;
3;36;17;33;PARADA (SAN PEDRO);;;;;
3;36;17;34;PARADELA (SANTA MARÍA);;;;;
3;36;17;35;PARDEMARÍN (SANTA BAIA);;;;;
3;36;17;36;REMESAR (SAN CRISTOVO);;;;;
3;36;17;37;RIBEIRA (SANTA MARIÑA);;;;;
3;36;17;38;RIBELA (SANTA MARIÑA);;;;;
3;36;17;39;RIOBÓ (SAN MARTIÑO);;;;;
3;36;17;40;RUBÍN (SANTA MARÍA);;;;;
3;36;17;41;SABUCEDO (SAN LOURENZO);;;;;
3;36;17;42;SANTELES (SAN XOÁN);;;;;
3;36;17;43;SOMOZA (A) (SANTO ANDRÉ);;;;;
3;36;17;44;SOUTO (SANTO ANDRÉ);;;;;
3;36;17;45;TABEIRÓS (SANTIAGO);;;;;
3;36;17;46;TOEDO (SAN PEDRO);;;;;
3;36;17;47;SANTO ANDRÉ DE VEA (SANTO ANDRÉ);;;;;
3;36;17;48;SAN XURXO DE VEA (SAN XURXO);;;;;
3;36;17;49;SAN XIAO DE VEA (SAN XIAO);;;;;
3;36;17;50;SANTA CRISTINA DE VEA (SANTA CRISTI;;;;;
3;36;17;51;VINSEIRO (SANTA CRISTINA);;;;;
3;36;18;1;ACIVEIRO (SANTA MARÍA);;;;;
3;36;18;2;CASTRELO (SANTA MARIÑA);;;;;
3;36;18;3;DÚAS IGREXAS (SANTA MARÍA);;;;;
3;36;18;4;FORCAREI (SAN MARTIÑO);;;;;
3;36;18;5;MADANELA DE MONTES (A) (SANTA MARÍA;;;;;
3;36;18;6;MEAVÍA (SAN XOÁN);;;;;
3;36;18;7;MILLARADA (SAN AMEDIO);;;;;
3;36;18;8;PARDESOA (SANTIAGO);;;;;
3;36;18;9;PEREIRA (SAN BARTOLOMEU);;;;;
3;36;18;10;SAN MIGUEL DE PRESQUEIRAS (SAN MIGU;;;;;
3;36;18;11;SANTA MARIÑA DE PRESQUEIRAS (SANTA;;;;;
3;36;18;12;QUINTILLÁN (SAN PEDRO);;;;;
3;36;18;13;VENTOXO (SAN NICOLAO);;;;;
3;36;19;1;CALVOS (SAN ADRIÁN);;;;;
3;36;19;2;ESTACAS (SANTA MARÍA);;;;;
3;36;19;3;FORNELOS DE MONTES (SAN LOURENZO);;;;;
3;36;19;4;LAXE (SAN XOSÉ);;;;;
3;36;19;5;OITAVÉN (SAN VICENTE);;;;;
3;36;19;6;TRASPIELAS (SANTA MARÍA);;;;;
3;36;19;7;VENTÍN (SAN MIGUEL);;;;;
3;36;20;1;AGRA (SAN MIGUEL);;;;;
3;36;20;2;ARTOÑO (SANTALLA);;;;;
3;36;20;3;BAÍÑA (A) (SAN PEDRO);;;;;
3;36;20;4;SAN PAIO DE BAIS (SAN PAIO);;;;;
3;36;20;6;BASADRE (SANTA MARÍA);;;;;
3;36;20;7;BERREDO (SANTA MARÍA);;;;;
3;36;20;8;BORRAXEIROS (SAN CRISTOVO);;;;;
3;36;20;9;BRÁNTEGA (SAN LOURENZO);;;;;
3;36;20;10;BROCOS (SAN MIGUEL);;;;;
3;36;20;11;CARMOEGA (SAN PEDRO);;;;;
3;36;20;12;EIDIÁN (SANTIAGO);;;;;
3;36;20;13;ESPERANTE (SAN CIBRAO);;;;;
3;36;20;14;FERREIROA (SAN PEDRO);;;;;
3;36;20;15;GURGUEIRO (SAN MIGUEL);;;;;
3;36;20;16;MERLÍN (SAN PEDRO);;;;;
3;36;20;17;ÓRREA (SANTO ANDRÉ);;;;;
3;36;20;18;RAMIL (SAN MARTIÑO);;;;;
3;36;20;19;SANTA COMBA (SAN XOÁN);;;;;
3;36;20;20;SEXO (O) (SANTIAGO);;;;;
3;36;20;21;SESTO (SAN CIBRAO);;;;;
3;36;20;22;TRABANCAS (AS) (SAN MAMEDE);;;;;
3;36;20;23;VAL DE SANGORZA (SANTA MARÍA);;;;;
3;36;20;24;VENTOSA (SAN XULIÁN);;;;;
3;36;20;25;VILARIÑO (SANTA MARÍA);;;;;
3;36;21;1;BORREIROS (SAN MARTIÑO);;;;;
3;36;21;2;COUSO (SAN CRISTOVO);;;;;
3;36;21;3;CHAÍN (SANTA MARÍA);;;;;
3;36;21;4;DONAS (SANTA EULALIA);;;;;
3;36;21;5;GONDOMAR (SAN BIEITO);;;;;
3;36;21;6;MAÑUFE (SAN VICENTE);;;;;
3;36;21;7;MORGADÁNS (SANTIAGO);;;;;
3;36;21;8;PEITIEIROS (SAN MIGUEL);;;;;
3;36;21;9;VILAZA (SANTA MARÍA);;;;;
3;36;21;10;VINCIOS (SANTA MARIÑA);;;;;
3;36;22;1;GROVE (O) (SAN MARTIÑO);;;;;
3;36;22;2;GROVE (O) (SAN VICENTE);;;;;
3;36;23;1;CAMPOSANCOS (SANTA ISABEL);;;;;
3;36;23;2;GUARDA (A) (SANTA MARÍA);;;;;
3;36;23;3;SALCIDOS (SAN LOURENZO);;;;;
3;36;24;1;ALBARELLOS (SANTA MARÍA);;;;;
3;36;24;2;ALEMPARTE (SANTA MARÍA);;;;;
3;36;24;3;ANSEÁN (SANTIAGO);;;;;
3;36;24;4;ANZO (SAN XOÁN);;;;;
3;36;24;5;BARCIA (SANTO ESTEVO);;;;;
3;36;24;6;BENDOIRO (SAN MIGUEL);;;;;
3;36;24;7;BERMÉS (SANTA MARÍA);;;;;
3;36;24;8;BOTOS (SAN XOÁN);;;;;
3;36;24;9;BUSTO (SAN FACUNDO);;;;;
3;36;24;10;CADRÓN (SANTO ESTEVO);;;;;
3;36;24;11;CAMPOSANCOS (SAN CRISTOVO);;;;;
3;36;24;12;CANGAS (SANTA MARIÑA);;;;;
3;36;24;13;CASTRO DE CABRAS (SAN PEDRO);;;;;
3;36;24;14;CATASÓS (SANTIAGO);;;;;
3;36;24;15;CELLO (O) (SAN MARTIÑO);;;;;
3;36;24;16;CERCIO (SANTIAGO);;;;;
3;36;24;17;CRISTIMIL (SAN XURXO);;;;;
3;36;24;18;DOADE (SAN PEDRO);;;;;
3;36;24;19;DONRAMIRO (SANTA MARÍA);;;;;
3;36;24;20;DONSIÓN (SANTA BAIA);;;;;
3;36;24;21;FILGUEIRA (SANTA MARÍA);;;;;
3;36;24;22;GALEGOS (SAN MIGUEL);;;;;
3;36;24;23;XESTA (A) (SAN FIZ);;;;;
3;36;24;24;GOIÁS (SAN MIGUEL);;;;;
3;36;24;25;GRESANDE (SANTIAGO);;;;;
3;36;24;26;XAXÁN (SANTA MARÍA DA SALETA);;;;;
3;36;24;27;LALÍN (SANTA MARÍA DAS DORES);;;;;
3;36;24;28;LEBOZÁN (SANTIAGO);;;;;
3;36;24;29;LODEIRO (SAN PAIO);;;;;
3;36;24;30;LOSÓN (SANTA BAIA);;;;;
3;36;24;31;MACEIRA (SAN MARTIÑO);;;;;
3;36;24;32;MADRIÑÁN (SANTO ADRAO);;;;;
3;36;24;33;MÉIXOME (SANTIAGO);;;;;
3;36;24;34;MONEIXAS (SANTO ADRAO);;;;;
3;36;24;35;MOIMENTA (SAN LOURENZO);;;;;
3;36;24;36;NOCEDA (SANTA MARÍA);;;;;
3;36;24;37;PALMOU (SAN XOÁN);;;;;
3;36;24;38;PARADA (SANTA MARÍA);;;;;
3;36;24;39;PRADO (SAN MARTIÑO);;;;;
3;36;24;40;RODÍS (SAN XIAO);;;;;
3;36;24;41;SANTISO (SAN ROMÁN);;;;;
3;36;24;42;SELLO (SANTIAGO);;;;;
3;36;24;43;SOUTOLONGO (SANTA MARÍA);;;;;
3;36;24;44;VAL DO CARRIO (SANTO ANDRÉ);;;;;
3;36;24;45;VEIGA (A) (SAN RAMÓN);;;;;
3;36;24;46;VILANOVA (SAN XOÁN);;;;;
3;36;24;47;VILATUXE (SAN LOURENZO);;;;;
3;36;24;48;ZOBRA (SANTA MARIÑA);;;;;
3;36;25;1;ANTAS (SANTIAGO);;;;;
3;36;25;2;BARCIA (SANTA ANA);;;;;
3;36;25;3;VERDUCIDO (SAN MARTIÑO);;;;;
3;36;25;4;COVELO (SAN SEBASTIÁN);;;;;
3;36;25;5;ESCUADRA (SAN LOURENZO A.);;;;;
3;36;25;6;GAXATE (SAN PEDRO);;;;;
3;36;25;7;XENDE (SAN PABLO);;;;;
3;36;25;8;XESTA (SAN BARTOLOMEU);;;;;
3;36;25;9;LAMA (SAN SALVADOR);;;;;
3;36;25;10;SEIXIDO (SAN BARTOLOMEU);;;;;
3;36;26;1;ARDÁN (SANTA MARÍA);;;;;
3;36;26;2;CAMPO (O) (SANTA MARÍA);;;;;
3;36;26;3;MARÍN (SAN XIÁN);;;;;
3;36;26;4;MARÍN (SANTA MARÍA DO PORTO);;;;;
3;36;26;5;MOGOR (SAN XURXO);;;;;
3;36;26;6;SAN TOMÉ DE PIÑEIRO (SAN TOMÉ);;;;;
3;36;26;7;SEIXO (NOSA SEÑORA DO CARME);;;;;
3;36;27;1;COVAS (SANTA CRISTINA);;;;;
3;36;27;2;DENA (SANTA EULALIA);;;;;
3;36;27;3;LORES (SAN MIGUEL);;;;;
3;36;27;4;MEAÑO (SAN XOÁN);;;;;
3;36;27;5;PADRENDA (SAN MARTIÑO);;;;;
3;36;27;6;SIMES (SANTA MARÍA);;;;;
3;36;27;7;XIL (SANTA EULALIA);;;;;
3;36;28;1;ARMENTEIRA (SANTA MARÍA);;;;;
3;36;28;2;MEIS (SAN MARTIÑO);;;;;
3;36;28;3;MEIS (SAN SALVADOR);;;;;
3;36;28;4;NOGUEIRA (SAN LOURENZO);;;;;
3;36;28;5;NOGUEIRA (SAN VICENTE DE FÓRA);;;;;
3;36;28;6;NOGUEIRA (SANTO TOMÉ DE FÓRA);;;;;
3;36;28;7;NOGUEIRA N.U. (SANTO TOMÉ E SAN VIC;;;;;
3;36;28;8;PARADELA (SANTA MARÍA);;;;;
3;36;29;1;DOMAIO (SAN PEDRO);;;;;
3;36;29;2;MEIRA (SANTA EULALIA);;;;;
3;36;29;3;MOAÑA (SAN MARTIÑO);;;;;
3;36;29;4;MOAÑA (VIRXE DO CARME);;;;;
3;36;29;5;TIRÁN (SAN XOÁN);;;;;
3;36;29;6;MOAÑA N.U. (SAN MARTIÑO E VIRXE DO;;;;;
3;36;30;1;FRADES (SAN MARTIÑO);;;;;
3;36;30;2;GARGAMALA (SANTA MARÍA);;;;;
3;36;30;3;LOUGARES (SAN FIZ);;;;;
3;36;30;4;MEIROL (SANTO ANDRÉ);;;;;
3;36;30;5;MONDARIZ (SANTA EULALIA);;;;;
3;36;30;6;MOURISCADOS (SAN CIBRAO);;;;;
3;36;30;7;QUEIMADELOS (SANTA MARÍA);;;;;
3;36;30;8;RIOFRÍO (SAN MIGUEL);;;;;
3;36;30;9;SABAXÁNS (SAN MAMEDE);;;;;
3;36;30;10;TOUTÓN (SAN MATEU);;;;;
3;36;30;11;VILAR (SAN MAMEDE);;;;;
3;36;30;12;VILASOBROSO (SAN MARTIÑO);;;;;
3;36;31;1;MONDARIZ-BALNEARIO (NUESTRA SEÑORA;;;;;
3;36;32;1;AMIL (SAN MAMEDE);;;;;
3;36;32;2;COSOIRADO (SANTA MARÍA);;;;;
3;36;32;3;GARGANTÁNS (SAN MARTIÑO);;;;;
3;36;32;4;LAXE (SAN MARTIÑO);;;;;
3;36;32;5;LAMAS (SANTA CRUZ);;;;;
3;36;32;6;MORAÑA (SAN LOURENZO);;;;;
3;36;32;7;MORAÑA (SANTA XUSTA);;;;;
3;36;32;8;REBÓN (SAN PEDRO);;;;;
3;36;32;9;SAIÁNS (SAN SALVADOR);;;;;
3;36;33;1;CELA (SAN PEDRO);;;;;
3;36;33;2;DORNELAS (SANTA MARÍA);;;;;
3;36;33;3;GUIZÁN (SANTA MARÍA);;;;;
3;36;33;4;LOUREDO (SAN SALVADOR);;;;;
3;36;33;5;MOS (SANTA EULALIA);;;;;
3;36;33;6;PEREIRAS (SAN MIGUEL);;;;;
3;36;33;7;PETELOS (SAN MAMEDE);;;;;
3;36;33;8;SANGUIÑEDA (SANTA MARÍA);;;;;
3;36;33;9;TAMEIGA (SAN MARTIÑO);;;;;
3;36;33;10;TORROSO (SAN MAMEDE);;;;;
3;36;34;1;BATALLÁNS (SAN PEDRO);;;;;
3;36;34;2;BATALLÁNS (SANTA EULALIA);;;;;
3;36;34;3;CERDEIRA (SAN XOÁN);;;;;
3;36;34;4;LIÑARES (SANTA MARÍA);;;;;
3;36;34;5;NEVES (AS) (SANTA MARÍA);;;;;
3;36;34;6;RIBARTEME (SAN CIBRÁN);;;;;
3;36;34;7;RIBARTEME (SAN XOSÉ);;;;;
3;36;34;8;RIBARTEME (SANTIAGO);;;;;
3;36;34;9;RUBIÓS (SAN XOÁN);;;;;
3;36;34;10;SETADOS (SANTA EUXENIA);;;;;
3;36;34;11;TABOEXA (SANTA MARÍA);;;;;
3;36;34;12;TORTOREOS (SANTIAGO);;;;;
3;36;34;13;VIDE (SANTA MARÍA);;;;;
3;36;35;1;CAMOS (SANTA EULALIA);;;;;
3;36;35;2;CHANDEBRITO (SAN XOSÉ);;;;;
3;36;35;3;NIGRÁN (SAN FIZ);;;;;
3;36;35;4;PANXÓN (SAN XOÁN);;;;;
3;36;35;5;PARADA (SANTIAGO);;;;;
3;36;35;6;PRIEGUE (SAN MAMEDE);;;;;
3;36;35;7;RAMALLOSA (SAN PEDRO);;;;;
3;36;36;1;BURGUEIRA (SAN PEDRO);;;;;
3;36;36;2;LOUREZA (SAN MAMEDE);;;;;
3;36;36;3;MOUGÁS (SANTA UXÍA);;;;;
3;36;36;4;OIA (SANTA MARÍA);;;;;
3;36;36;5;PEDORNES (SAN MAMEDE);;;;;
3;36;36;6;VILADESUSO (SAN MIGUEL);;;;;
3;36;37;1;AMOEDO (SAN SADURNIÑO);;;;;
3;36;37;2;BORBÉN (SANTIAGO);;;;;
3;36;37;3;CEPEDA (SAN PEDRO);;;;;
3;36;37;4;ERMIDA (A) (NOSA SEÑORA DA ASUNCIÓN;;;;;
3;36;37;5;MOSCOSO (SAN PAIO);;;;;
3;36;37;6;NESPEREIRA (SAN MARTIÑO);;;;;
3;36;37;7;PAZOS (SANTA MARÍA);;;;;
3;36;37;8;XUNQUEIRAS (SAN SALVADOR);;;;;
3;36;38;1;ALBA (SANTA MARÍA);;;;;
3;36;38;2;VERDUCIDO (SAN MARTIÑO);;;;;
3;36;38;3;BORA (SANTA MARIÑA);;;;;
3;36;38;4;CAMPAÑÓ (SAN PEDRO);;;;;
3;36;38;5;CANICOUVA (A) (SANTO ESTEVO);;;;;
3;36;38;6;CERPONZÓNS (SAN VICENTE);;;;;
3;36;38;7;XEVE (SANTO ANDRÉ);;;;;
3;36;38;8;SANTA MARÍA DE XEVE (SANTA MARÍA);;;;;
3;36;38;9;LÉREZ (SAN SALVADOR);;;;;
3;36;38;10;LOURIZÁN (SANTO ANDRÉ);;;;;
3;36;38;11;MARCÓN (SAN MIGUEL);;;;;
3;36;38;12;MOURENTE (SANTA MARÍA);;;;;
3;36;38;14;PONTE SAMPAIO (SANTA MARÍA);;;;;
3;36;38;15;SALCEDO (SAN MARTIÑO);;;;;
3;36;38;17;TOMEZA (SAN PEDRO);;;;;
3;36;38;18;VIRXE DO CAMIÑO (A) (VIRXE DO CAMIÑ;;;;;
3;36;38;99;PONTEVEDRA N.U. (SAN BARTOLOMEU E S;;;;;
3;36;39;1;ATIOS (SANTA EULALIA);;;;;
3;36;39;2;BUDIÑO (SAN SALVADOR);;;;;
3;36;39;3;CANS (SANTO ESTEVO);;;;;
3;36;39;4;CHENLO (SAN XOÁN);;;;;
3;36;39;5;MOSENDE (SAN XURXO);;;;;
3;36;39;6;PONTELLAS (SANTIAGO);;;;;
3;36;39;7;PORRIÑO (SANTA MARÍA);;;;;
3;36;39;8;TORNEIROS (SAN SALVADOR);;;;;
3;36;40;1;BRIALLOS (SAN CRISTOVO);;;;;
3;36;40;2;LANTAÑO (SAN PEDRO);;;;;
3;36;40;3;PORTAS (SANTA MARÍA);;;;;
3;36;40;4;ROMAI (SAN XULIÁN);;;;;
3;36;41;1;COMBARRO (SAN ROQUE);;;;;
3;36;41;2;POIO (SAN XOÁN);;;;;
3;36;41;3;POIO (SAN SALVADOR);;;;;
3;36;41;4;RAXÓ (SAN GREGORIO);;;;;
3;36;41;5;SAMIEIRA (SANTA MARÍA);;;;;
3;36;42;1;ANGOARES (SAN PEDRO);;;;;
3;36;42;2;ARCOS (SAN BREIXO);;;;;
3;36;42;3;AREAS (SANTA MARÍA);;;;;
3;36;42;4;ARNOSO (SAN LOURENZO);;;;;
3;36;42;5;BUGARÍN (SANTA CRISTINA);;;;;
3;36;42;6;CELEIROS (SAN FINS);;;;;
3;36;42;7;CRISTIÑADE (SAN SALVADOR);;;;;
3;36;42;8;CUMIAR (SANTO ESTEVO);;;;;
3;36;42;9;FONTENLA (SAN MAMEDE);;;;;
3;36;42;10;FOZARA (SAN BARTOLOMEU);;;;;
3;36;42;11;XINZO (SANTA MARIÑA);;;;;
3;36;42;12;GUILLADE (SAN MIGUEL);;;;;
3;36;42;13;GULÁNS (SAN XULIÁN);;;;;
3;36;42;14;MOREIRA (SAN MARTIÑO);;;;;
3;36;42;15;NOGUEIRA (SAN SALVADOR);;;;;
3;36;42;16;SAN LOURENZO DE OLIVEIRA (SAN LOURE;;;;;
3;36;42;17;SAN MATEO DE OLIVEIRA (SAN MATEO);;;;;
3;36;42;18;OLIVEIRA (SANTIAGO);;;;;
3;36;42;19;PADRÓNS (SAN SALVADOR);;;;;
3;36;42;20;PAREDES (SAN CIBRÁN);;;;;
3;36;42;21;PÍAS (SANTA MARIÑA);;;;;
3;36;42;22;PRADO (SAN NICOLAO);;;;;
3;36;42;23;PONTEAREAS (SAN MIGUEL);;;;;
3;36;42;24;RIBADETEA (SAN XURXO);;;;;
3;36;43;1;ANCEU (SANTO ANDRÉ);;;;;
3;36;43;2;CASTRO BARBUDO (SANTA MARÍA);;;;;
3;36;43;3;CARITEL (SANTA MARÍA);;;;;
3;36;43;4;FORZÁNS (SAN FIZ);;;;;
3;36;43;5;INSUA (A) (SANTA MARIÑA);;;;;
3;36;43;6;XUSTÁNS (SAN MARTIÑO);;;;;
3;36;43;7;PONTE CALDELAS (SANTA EULALIA);;;;;
3;36;43;8;TABOADELO (SANTIAGO);;;;;
3;36;43;9;TOURÓN (SANTA MARÍA);;;;;
3;36;44;1;PONTECESURES (SAN XULIÁN);;;;;
3;36;45;1;CABEIRO (SAN XOÁN);;;;;
3;36;45;2;CEDEIRA (SANTO ANDRÉ);;;;;
3;36;45;3;CESANTES (SAN PEDRO);;;;;
3;36;45;4;CHAPELA (SAN FAUSTO);;;;;
3;36;45;5;NEGROS (SANTO ESTEVO);;;;;
3;36;45;6;QUINTELA (SAN MAMEDE);;;;;
3;36;45;7;REBOREDA (SANTA MARÍA);;;;;
3;36;45;8;REDONDELA (SANTIAGO);;;;;
3;36;45;9;SAXAMONDE (SAN ROMÁN);;;;;
3;36;45;10;TRASMAÑÓ (SAN VICENTE);;;;;
3;36;45;11;VENTOSELA (SAN MARTIÑO);;;;;
3;36;45;12;VILAR DE INFESTA (SAN MARTIÑO);;;;;
3;36;45;13;VISO (O) (SANTA MARÍA);;;;;
3;36;46;1;BARRANTES (SANTO ANDRÉ);;;;;
3;36;46;3;BESOMAÑO (SANTA MARÍA);;;;;
3;36;46;4;LEIRO (SAN XOÁN);;;;;
3;36;46;5;LOIS (SAN FIZ);;;;;
3;36;46;6;RIBADUMIA (SANTA EULALIA);;;;;
3;36;46;7;SISÁN (SAN CLEMENTE);;;;;
3;36;47;1;ÁLCEME (SANTA MARÍA);;;;;
3;36;47;2;ARNEGO (SANTIAGO);;;;;
3;36;47;3;SAN MARTIÑO DE ASPERELO (SAN MARTIÑ;;;;;
3;36;47;4;SAN CRISTOVO DO AZ (SAN CRISTOVO);;;;;
3;36;47;5;CAMBA (SAN XOÁN);;;;;
3;36;47;6;SAN SALVADOR DE CAMBA (SAN SALVADOR;;;;;
3;36;47;7;SANTA BAIA DE CAMBA (SANTA BAIA);;;;;
3;36;47;8;CARBOENTES (SANTO ESTEVO);;;;;
3;36;47;9;FAFIÁN (SANTIAGO);;;;;
3;36;47;10;GUILLAR (SANTA MARÍA);;;;;
3;36;47;11;NEGRELOS (SAN CIBRAO);;;;;
3;36;47;12;PEDROSO (SAN XIAO);;;;;
3;36;47;13;SANTA MARIÑA DE PESCOSO (SANTA MARI;;;;;
3;36;47;14;PORTELA (A) (SAN CRISTOVO);;;;;
3;36;47;15;RÍO (SANTA MARÍA);;;;;
3;36;47;16;RIOBÓ (SAN MIGUEL);;;;;
3;36;47;17;RODEIRO (SAN VICENTE);;;;;
3;36;47;18;SALTO (O) (SANTO ESTEVO);;;;;
3;36;47;19;SAN PAIO DE SENRA (SAN PAIO);;;;;
3;36;47;20;VILELA (SANTA MARÍA);;;;;
3;36;48;1;EIRAS (AS) (SAN BARTOLOMEU);;;;;
3;36;48;2;ROSAL (O) (SANTA MARIÑA);;;;;
3;36;48;3;SAN MIGUEL DE TABAGÓN (SAN MIGUEL);;;;;
3;36;48;4;TABAGÓN (SAN XOÁN);;;;;
3;36;49;1;BUDIÑO (SANTO ESTEVO);;;;;
3;36;49;2;ENTENZA (SANTOS XUSTO E PASTOR);;;;;
3;36;49;3;PARDERRUBIAS (SANTO TOMÉ);;;;;
3;36;49;4;PICOÑA (SAN MARTIÑO);;;;;
3;36;49;5;SALCEDA (SAN XURXO);;;;;
3;36;49;6;SALCEDA (SANTA MARÍA);;;;;
3;36;49;7;SOUTELO (SAN VICENTE);;;;;
3;36;50;1;ALXÁN (SAN PAIO);;;;;
3;36;50;2;ARANTEI (SAN PEDRO);;;;;
3;36;50;3;CABREIRA (SAN MIGUEL);;;;;
3;36;50;4;CORZÁNS (SAN MIGUEL);;;;;
3;36;50;5;FIOLLEDO (SAN PAIO);;;;;
3;36;50;6;FORNELOS (SAN XOÁN);;;;;
3;36;50;7;LEIRADO (SAN SALVADOR);;;;;
3;36;50;8;LIRA (SAN SIMÓN);;;;;
3;36;50;9;LOURIDO (SANTO ANDRÉ);;;;;
3;36;50;10;MEDER (SAN ADRIÁN);;;;;
3;36;50;11;OLEIROS (SANTA MARÍA);;;;;
3;36;50;12;PESQUEIRAS (SANTA MARIÑA);;;;;
3;36;50;13;PORTO (SAN PAULO);;;;;
3;36;50;14;SALVATERRA (SAN LOURENZO);;;;;
3;36;50;15;SOUTOLOBRE (SANTA COMBA);;;;;
3;36;50;16;UMA (SANTO ANDRÉ);;;;;
3;36;50;17;VILACOBA (SAN XOÁN);;;;;
3;36;51;1;ADINA (SANTA MARÍA);;;;;
3;36;51;2;ARRA (SAN AMARO);;;;;
3;36;51;3;BORDÓNS (SAN PEDRO);;;;;
3;36;51;4;DORRÓN (SAN XOÁN);;;;;
3;36;51;5;GONDAR (SAN TOMÉ);;;;;
3;36;51;6;NANTES (SANTA BAIA);;;;;
3;36;51;7;NOALLA (SANTO ESTEVO);;;;;
3;36;51;8;PADRIÑÁN (SAN XENXO);;;;;
3;36;51;9;VILALONGA (SAN PEDRO);;;;;
3;36;52;1;ABADES (SANTA MARÍA);;;;;
3;36;52;2;ANSEMIL (SAN PEDRO);;;;;
3;36;52;3;BREIXA (SANTIAGO);;;;;
3;36;52;4;CARBOEIRO (SANTA MARÍA);;;;;
3;36;52;5;CASTRO (O) (SAN MAMEDE);;;;;
3;36;52;6;CERVAÑA (SAN SALVADOR);;;;;
3;36;52;7;CIRA (SANTA BAIA);;;;;
3;36;52;8;CORTEGADA (SANTA MARÍA);;;;;
3;36;52;9;CHAPA (SAN CIBRAO);;;;;
3;36;52;10;DORNELAS (SAN MARTIÑO);;;;;
3;36;52;11;ESCUADRO (SAN SALVADOR);;;;;
3;36;52;12;FIESTRAS (SAN MARTIÑO);;;;;
3;36;52;13;GRABA (SAN MIGUEL);;;;;
3;36;52;14;LAMELA (SAN MIGUEL);;;;;
3;36;52;15;LARO (SAN SALVADOR);;;;;
3;36;52;16;MANDUAS (SAN TIRSO);;;;;
3;36;52;17;MARGARIDE (SAN FIZ);;;;;
3;36;52;18;MARTIXE (SAN CRISTOVO);;;;;
3;36;52;19;MOALDE (SAN MAMEDE);;;;;
3;36;52;20;NEGREIROS (SAN MARTIÑO);;;;;
3;36;52;21;OLEIROS (SAN MIGUEL);;;;;
3;36;52;22;PARADA (SAN TOMÉ);;;;;
3;36;52;23;PAZOS (SAN MARTIÑO);;;;;
3;36;52;24;PIÑEIRO (SAN XIAO);;;;;
3;36;52;25;PONTE (SAN MIGUEL);;;;;
3;36;52;26;REFOXOS (SAN PAIO);;;;;
3;36;52;27;RELLAS (SAN MARTIÑO);;;;;
3;36;52;28;SAÍDRES (SAN XOÁN);;;;;
3;36;52;29;SIADOR (SAN MIGUEL);;;;;
3;36;52;30;SILLEDA (SANTA BAIA);;;;;
3;36;52;31;TABOADA (SANTIAGO);;;;;
3;36;52;32;VILAR (SAN MARTIÑO);;;;;
3;36;52;33;XESTOSO (SANTA MARÍA);;;;;
3;36;53;1;ARCADE (SANTIAGO);;;;;
3;36;53;2;SOUTOMAIOR (SAN SALVADOR);;;;;
3;36;54;1;AMORÍN (SAN XOÁN);;;;;
3;36;54;2;BARRANTES (SAN VICENTE);;;;;
3;36;54;3;CURRÁS (SAN MARTIÑO);;;;;
3;36;54;4;ESTÁS (SANTIAGO);;;;;
3;36;54;5;FIGUEIRÓ (SAN MARTIÑO);;;;;
3;36;54;6;FORCADELA (SAN PEDRO);;;;;
3;36;54;7;GOIÁN (SAN CRISTOVO);;;;;
3;36;54;8;PINZÁS (SANTA MARÍA);;;;;
3;36;54;9;PIÑEIRO (SAN SALVADOR);;;;;
3;36;54;10;SOBRADA (SAN SALVADOR);;;;;
3;36;54;11;TABORDA (SAN MIGUEL);;;;;
3;36;54;12;SAN SALVADOR DE TEBRA (SAN SALVADOR;;;;;
3;36;54;13;TEBRA (SANTA MARÍA);;;;;
3;36;54;14;TOMIÑO (SANTA MARÍA);;;;;
3;36;54;15;VILAMEÁN (SAN BIEITO);;;;;
3;36;55;1;AREAS (SANTA MARIÑA);;;;;
3;36;55;2;BALDRÁNS (SANTIAGO);;;;;
3;36;55;3;CALDELAS DE TUI (SAN MARTIÑO);;;;;
3;36;55;4;GUILLAREI (SAN MAMEDE);;;;;
3;36;55;5;MALVAS (SANTIAGO);;;;;
3;36;55;6;PARAMOS (SAN XOÁN);;;;;
3;36;55;7;PAZOS DE REIS (O SAGRARIO);;;;;
3;36;55;8;PEXEGUEIRO (SAN MIGUEL);;;;;
3;36;55;9;RANDUFE (SANTA MARÍA DA GUÍA);;;;;
3;36;55;10;REBORDÁNS (SAN BARTOLOMEU);;;;;
3;36;55;11;RIBADELOURO (SANTA COMBA);;;;;
3;36;55;12;TUI (O SAGRARIO);;;;;
3;36;56;1;CAMPAÑA (SANTA CRISTINA);;;;;
3;36;56;2;CORDEIRO (SANTA COMBA);;;;;
3;36;56;3;SETECOROS (SAN SALVADOR);;;;;
3;36;56;4;VALGA (SAN MIGUEL);;;;;
3;36;56;5;XANZÁ (SANTA MARÍA);;;;;
3;36;57;1;ALCABRE (SANTA EULALIA);;;;;
3;36;57;2;BEADE (SANTO ESTEVO);;;;;
3;36;57;3;BEMBRIVE (SANTIAGO);;;;;
3;36;57;5;CABRAL (SANTA MARIÑA);;;;;
3;36;57;6;CANDEÁN (SAN CRISTOVO);;;;;
3;36;57;7;CASTRELOS (SANTA MARÍA);;;;;
3;36;57;9;COMESAÑA (SANTO ANDRÉ);;;;;
3;36;57;10;CORUXO (SAN SALVADOR);;;;;
3;36;57;14;LAVADORES (SANTA CRISTINA);;;;;
3;36;57;15;MATAMÁ (SAN PEDRO);;;;;
3;36;57;16;NAVIA (SAN PAIO);;;;;
3;36;57;19;OIA (SAN MIGUEL);;;;;
3;36;57;25;SÁRDOMA (SAN PEDRO);;;;;
3;36;57;26;SAIÁNS (SAN XURXO);;;;;
3;36;57;27;TEIS;;;;;
3;36;57;28;VALADARES (SANTO ANDRÉ);;;;;
3;36;57;30;ZAMÁNS (SAN MAMEDE);;;;;
3;36;57;98;CIES (ILLAS) (SAN FRANCISCO);;;;;
3;36;57;99;VIGO N.U.;;;;;
3;36;58;1;SANTA COMBA DE BÉRTOLA (SANTA COMBA;;;;;
3;36;58;2;COBRES (SANTO ADRÁN);;;;;
3;36;58;3;SANTA CRISTINA DE COBRES (SANTA CRI;;;;;
3;36;58;4;FIGUEIRIDO (SANTO ANDRÉ);;;;;
3;36;58;5;VILABOA (SAN MARTIÑO);;;;;
3;36;59;1;AÑOBRE (SAN PEDRO);;;;;
3;36;59;2;ARNEGO (SANTA MARÍA);;;;;
3;36;59;3;ASOREI (SANTA MARÍA);;;;;
3;36;59;4;BASCUAS (SANTA MARIÑA);;;;;
3;36;59;5;BESEXOS (SAN FIZ);;;;;
3;36;59;6;BODAÑO (SAN MAMEDE);;;;;
3;36;59;7;BRANDARIZ (SAN MIGUEL);;;;;
3;36;59;8;CAMANZO (SAN SALVADOR);;;;;
3;36;59;9;CARBIA (SAN XOÁN);;;;;
3;36;59;10;CRUCES (AS) (NOSA SEÑORA DA PIEDADE;;;;;
3;36;59;11;CUMEIRO (SAN PEDRO);;;;;
3;36;59;12;DUXAME (SAN MIGUEL);;;;;
3;36;59;13;FERREIROS (SAN XES);;;;;
3;36;59;14;FONTAO (SANTIAGO);;;;;
3;36;59;15;GRES (SANTIAGO);;;;;
3;36;59;16;INSUA (SAN TOMÉ);;;;;
3;36;59;17;LARAZO (SAN XOÁN);;;;;
3;36;59;18;LOÑO (SAN MAMEDE);;;;;
3;36;59;19;LOSÓN (SAN PEDRO);;;;;
3;36;59;20;MERZA (SANTA MARÍA);;;;;
3;36;59;21;OBRA (SAN TOMÉ);;;;;
3;36;59;22;OIRÓS (SANTA MARÍA);;;;;
3;36;59;23;OLLARES (SANTA MARÍA);;;;;
3;36;59;24;PILOÑO (SANTA MARÍA);;;;;
3;36;59;25;PORTODEMOUROS (SAN SALVADOR);;;;;
3;36;59;26;SABREXO (SANTA MARÍA);;;;;
3;36;59;27;SALGUEIROS (SAN PEDRO);;;;;
3;36;59;28;TOIRIZ (SAN XOÁN);;;;;
3;36;60;1;AREALONGA (SANTA EULALIA);;;;;
3;36;60;2;BAMIO (SAN XES);;;;;
3;36;60;3;CARRIL (SANTIAGO);;;;;
3;36;60;4;CEA (SAN PEDRO);;;;;
3;36;60;5;CORNAZO (SAN PEDRO);;;;;
3;36;60;6;FONTECARMOA (SAN PEDRO);;;;;
3;36;60;7;RUBIÁNS (SANTA MARÍA);;;;;
3;36;60;8;SOBRADELO (SAN SALVADOR);;;;;
3;36;60;9;SOBRÁN (SAN MARTIÑO DE FÓRA);;;;;
3;36;60;10;SOBRÁN (SAN MARTIÑO);;;;;
3;36;60;11;SOLOBEIRA (SAN FIZ);;;;;
3;36;60;12;VILAGARCÍA (SANTA EULALIA E NOSA SE;;;;;
3;36;60;13;CARRIL (SANTIAGO DE FÓRA);;;;;
3;36;61;1;ANDRÁS (SAN LOURENZO);;;;;
3;36;61;2;BAIÓN (SAN XOÁN);;;;;
3;36;61;3;CALEIRO (SANTA MARÍA);;;;;
3;36;61;4;DEIRO (SAN MIGUEL);;;;;
3;36;61;6;TREMOEDO (SANTO ESTEVO);;;;;
3;36;61;7;VILANOVA DE AROUSA;;;;;
3;36;901;1;ILLA DE AROUSA (A) (SAN XULIÁN);;;;;
3;36;902;1;AGUASANTAS (SANTA MARIA P.);;;0;0;0
3;36;902;2;ALMOFREI (SAN LORENZO P.);;;0;0;0
3;36;902;3;BORELA (SAN MARTIÑO P.);;;0;0;0
3;36;902;4;CARBALLEDO (SAN MIGUEL P.);;;0;0;0
3;36;902;5;CAROI (SANTIAGO A.);;;0;0;0
3;36;902;6;CASTRO (SANTA BAIA P.);;;0;0;0
3;36;902;7;CERDEDO (SAN XOAN P.);;;0;0;0
3;36;902;8;CORREDOIRA (SAN GREGORIO P.);;;0;0;0
3;36;902;9;FIGUEROA (SAN MARTIÑO P.);;;0;0;0
3;36;902;10;FOLGOSO (SANTA MARIA P.);;;0;0;0
3;36;902;11;LOUREIRO (SANTIAGO P.);;;0;0;0
3;36;902;12;PARADA (SAN PEDRO P.);;;0;0;0
3;36;902;13;PEDRE (SAN ESTEBO P.);;;0;0;0
3;36;902;14;QUIREZA (SANTO TOME P.);;;0;0;0
3;36;902;15;REBORDELO (SAN MARTIÑO P.);;;0;0;0
3;36;902;16;SACOS (SAN XURXO P.);;;0;0;0
3;36;902;17;SACOS (SANTA MARIA P.);;;0;0;0
3;36;902;18;TENORIO (SAN PEDRO P.);;;0;0;0
3;36;902;19;TOMONDE (SANTA MARIÑA P.);;;0;0;0
3;36;902;20;VALONGO (SAN ANDRES P.);;;0;0;0
3;36;902;21;VIASCON (SANTIAGO P.);;;0;0;0
3;36;998;0;NO DETERMINADA;;;;;
3;36;999;0;NO DETERMINADA;;;;;
4;4;1;1;ABLA;;;;;
4;4;1;2;LAS ADELFAS;;;;;
4;4;1;3;EL CAMINO REAL;;;;;
4;4;1;4;LA ESTACION FERROCARRIL;;;;;
4;4;1;6;LAS JUNTAS;;;;;
4;4;1;7;LOS MILANES;;;;;
4;4;1;9;MONTAGON;;;;;
4;4;2;1;ABRUCENA;;;;;
4;4;2;3;LOS MONJOS;;;;;
4;4;2;5;PAGO DE ESCUCHAGRANOS;;;;;
4;4;2;7;CAMINO REAL;;;;;
4;4;3;1;ADRA;;;;;
4;4;3;2;LA ALCAZABA;;;;;
4;4;3;3;LA ALQUERIA;;;;;
4;4;3;4;EL CAMPILLO;;;;;
4;4;3;5;EL CANAL;;;;;
4;4;3;6;EL CORRAL;;;;;
4;4;3;7;LAS CUATRO HIGUERAS;;;;;
4;4;3;8;LA CURVA;;;;;
4;4;3;9;LA FUENTE DEL AHIJADO;;;;;
4;4;3;10;LA FUENTE SANTILLA;;;;;
4;4;3;11;GUAINOS ALTO;;;;;
4;4;3;12;GUAINOS BAJO;;;;;
4;4;3;13;GURRIAS;;;;;
4;4;3;14;EL LANCE DE LA VIRGEN;;;;;
4;4;3;15;LA LOMA DE LOS VARGAS;;;;;
4;4;3;16;LOS MORAS;;;;;
4;4;3;18;LA PARRA;;;;;
4;4;3;19;EL PATIO;;;;;
4;4;3;20;LOS PEREZ;;;;;
4;4;3;21;PUENTE DEL RIO;;;;;
4;4;3;22;EL TORIL;;;;;
4;4;3;23;VENTA NUEVA;;;;;
4;4;4;1;ALBANCHEZ;;;;;
4;4;4;2;EL BARRANCO DEL INFIERNO;;;;;
4;4;4;3;LOS BORREGOS;;;;;
4;4;4;4;LOS CALESAS;;;;;
4;4;4;5;LA CARRASCA;;;;;
4;4;4;6;LA FUENTE DEL TIO MOLINA;;;;;
4;4;4;7;LA HOYA DE LA ZARZA;;;;;
4;4;4;9;LOS MOLINAS;;;;;
4;4;4;10;LOS MORILLAS;;;;;
4;4;4;11;LA PALMERA;;;;;
4;4;4;12;LA PIEDRA DE ZAHOR;;;;;
4;4;4;13;LA TIA LUCIA;;;;;
4;4;4;14;LOS UTRERAS;;;;;
4;4;5;1;ALBOLODUY;;;;;
4;4;5;2;LAS ALCUBILLAS ALTAS;;;;;
4;4;6;1;ALBOX;;;;;
4;4;6;2;ALJAMBRA;;;;;
4;4;6;3;EL CAÑICO;;;;;
4;4;6;4;LAS LABORES;;;;;
4;4;6;5;LLANO DE LOS OLLERES;;;;;
4;4;6;6;LOCAIBA;;;;;
4;4;6;7;LA RAMBLA;;;;;
4;4;6;8;SALIENTE ALTO;;;;;
4;4;6;9;SALIENTE BAJO;;;;;
4;4;7;1;ALCOLEA;;;;;
4;4;7;2;DARRICAL;;;;;
4;4;7;3;LUCAINENA;;;;;
4;4;8;1;ALCONTAR;;;;;
4;4;8;2;ALDEIRE;;;;;
4;4;8;3;AMARGUILLA;;;;;
4;4;8;4;LOS BLANQUEZ;;;;;
4;4;8;6;LOS DOMENES;;;;;
4;4;8;7;EL HIJATE;;;;;
4;4;8;8;LOS SANTOS;;;;;
4;4;8;9;PILANCÓN;;;;;
4;4;9;1;ALCUDIA DE MONTEAGUD;;;;;
4;4;10;1;ALHABIA;;;;;
4;4;11;1;ALHAMA DE ALMERÍA;;;;;
4;4;11;4;HUECHAR;;;;;
4;4;12;1;ALICÚN;;;;;
4;4;13;1;ALMERIA;;;;;
4;4;13;2;EL ALQUIAN;;;;;
4;4;13;3;EL BOBAR;;;;;
4;4;13;4;CABO DE GATA;;;;;
4;4;13;5;LA CAÑADA DE SAN URBANO;;;;;
4;4;13;6;CASTELL DEL REY;;;;;
4;4;13;7;COSTACABANA;;;;;
4;4;13;8;CUEVAS DE LOS MEDINAS;;;;;
4;4;13;9;CUEVAS DE LOS ÚBEDAS;;;;;
4;4;13;10;LA GARROFA;;;;;
4;4;13;11;LA ISLA DE ALBORÁN;;;;;
4;4;13;12;EL MAMI;;;;;
4;4;13;13;MAZARRULLEQUE;;;;;
4;4;13;14;LA RAMBLA DE LOS MORALES;;;;;
4;4;13;15;RETAMAR;;;;;
4;4;13;16;LOMA CABRERA;;;;;
4;4;13;17;PUJAIRE;;;;;
4;4;13;18;RUESCAS;;;;;
4;4;13;19;VENTA GASPAR;;;;;
4;4;14;1;ALMOCITA;;;;;
4;4;14;4;LA CINTA;;;;;
4;4;15;1;ALSODUX;;;;;
4;4;16;1;ALJARIZ;;;;;
4;4;16;2;ANTAS;;;;;
4;4;16;4;LA FUENTE ABAD;;;;;
4;4;16;5;LA HUERTA;;;;;
4;4;16;6;LOS LLANOS DEL MAYOR;;;;;
4;4;16;7;EL REAL;;;;;
4;4;16;8;JAURO;;;;;
4;4;17;1;ARBOLEAS;;;;;
4;4;17;3;CASABLANCA;;;;;
4;4;17;4;LA CINTA;;;;;
4;4;17;6;EL GERMÁN;;;;;
4;4;17;8;LIMARIA;;;;;
4;4;17;9;LA PERLA;;;;;
4;4;17;10;EL PRADO;;;;;
4;4;17;11;EL RINCÓN;;;;;
4;4;17;13;LOS COJOS;;;;;
4;4;17;14;LOS COLORADOS;;;;;
4;4;17;15;EL CHOPO;;;;;
4;4;17;16;LOS GARCÍAS;;;;;
4;4;17;17;LA HOYA;;;;;
4;4;17;18;LOS HUEVANILLAS;;;;;
4;4;17;19;LOS LLANOS DE ARBOLEAS;;;;;
4;4;17;20;LOS BLESAS;;;;;
4;4;17;22;LOS PERALTAS;;;;;
4;4;18;1;ARMUÑA DE ALMANZORA;;;;;
4;4;19;1;BACARES;;;;;
4;4;19;2;LA MOJONERA;;;;;
4;4;20;1;BAYARCAL;;;;;
4;4;21;1;BAYARQUE;;;;;
4;4;22;1;EL ALBARICO;;;;;
4;4;22;2;BEDAR;;;;;
4;4;22;3;EL CAMPICO;;;;;
4;4;22;4;LOS GILES;;;;;
4;4;22;5;LOS MATREROS;;;;;
4;4;22;6;LOS PINOS;;;;;
4;4;22;7;LA SERENA;;;;;
4;4;22;8;EL PINAR;;;;;
4;4;23;1;BEIRES;;;;;
4;4;24;1;BANAHADUX;;;;;
4;4;24;2;EL CHUCHE;;;;;
4;4;26;1;BENITAGLA;;;;;
4;4;27;1;BENIZALÓN;;;;;
4;4;27;2;LA FUENTE DE LA HIGUERA;;;;;
4;4;27;3;EL SANTUARIO DE MONTEAGUD;;;;;
4;4;28;1;BENTARIQUE;;;;;
4;4;29;2;BALANEGRA;;;;;
4;4;29;4;BERJA;;;;;
4;4;29;5;CASTALA;;;;;
4;4;29;8;LA PEÑARRODADA;;;;;
4;4;29;9;EL RIO CHICO;;;;;
4;4;29;10;EL RIO GRANDE;;;;;
4;4;29;13;BENINAR;;;;;
4;4;30;1;LA BARRIADA DE ALCORA;;;;;
4;4;30;2;CANJAYAR;;;;;
4;4;31;1;ALMANZORA;;;;;
4;4;31;2;EL ARROYO ACEITUNO;;;;;
4;4;31;3;EL ARROYO ALBANCHEZ;;;;;
4;4;31;4;CANTORIA;;;;;
4;4;31;5;LA HOJILLA;;;;;
4;4;31;6;LA HOYA;;;;;
4;4;31;7;MARCHAL;;;;;
4;4;31;9;LOS TERREROS;;;;;
4;4;31;10;LAS CASICAS;;;;;
4;4;32;1;EL ARGAMASÓN;;;;;
4;4;32;2;CAÑADA DE DON RODRIGO;;;;;
4;4;32;3;EL CAÑARICO;;;;;
4;4;32;4;CARBONERAS;;;;;
4;4;32;5;LA CUEVA DEL PAJARO;;;;;
4;4;32;6;EL CUMBRERO;;;;;
4;4;32;7;GAFARES;;;;;
4;4;32;8;LA ISLICA;;;;;
4;4;32;9;EL LLANO DE DON ANTONIO;;;;;
4;4;32;10;LA MESA ROLDÁN;;;;;
4;4;32;11;EL SALTADOR ALTO;;;;;
4;4;32;12;EL SALTADOR BAJO;;;;;
4;4;33;1;CASTRO DE FILABRES;;;;;
4;4;34;1;COBDAR;;;;;
4;4;35;100;PALOMARES;;;;;
4;4;35;101;EL ALHANCHETE;;;;;
4;4;35;102;ERA ALTA;;;;;
4;4;35;111;ARNILLA;;;;;
4;4;35;112;JUCAINI;;;;;
4;4;35;113;LA PORTILLA;;;;;
4;4;35;121;EL MORRO;;;;;
4;4;35;122;EL REALENGO;;;;;
4;4;35;123;EL RULADOR;;;;;
4;4;35;124;LA BALLABONA;;;;;
4;4;35;126;CIRERA;;;;;
4;4;35;131;VILLARICOS;;;;;
4;4;35;201;BURJULU;;;;;
4;4;35;202;CUATRO HIGUERAS;;;;;
4;4;35;203;LA RIOJA;;;;;
4;4;35;301;LOS ALGARROBOS;;;;;
4;4;35;303;EL CALGUERIN;;;;;
4;4;35;305;CUEVAS DE ALMANZORA;;;;;
4;4;35;306;LAS CUPILLAS;;;;;
4;4;35;307;JORDANA;;;;;
4;4;35;401;CAÑADA DE LORCA;;;;;
4;4;35;402;CUNAS;;;;;
4;4;35;403;LAS ORILLAS;;;;;
4;4;35;404;LA ALGARROBINA;;;;;
4;4;35;501;GRIMA;;;;;
4;4;35;601;CANALEJAS;;;;;
4;4;35;602;GUAZAMARA;;;;;
4;4;35;603;LOS GUIRAOS;;;;;
4;4;35;604;EL LARGO;;;;;
4;4;35;607;EL VIZCAINO;;;;;
4;4;35;702;LOS LOBOS;;;;;
4;4;35;703;EL MOLINO DE TARAHAL;;;;;
4;4;35;704;LOS PERDIGONES;;;;;
4;4;35;705;EL POZO DEL ESPARTO;;;;;
4;4;35;706;EL TOMILLAR;;;;;
4;4;35;707;PUENTE JAULA;;;;;
4;4;35;801;ALJARILLA;;;;;
4;4;35;802;EL MARTINETE;;;;;
4;4;35;803;LOS SILOS;;;;;
4;4;35;901;LAS HERRERÍAS;;;;;
4;4;35;902;LA MULERIA;;;;;
4;4;35;903;LOS POCOS BOLLOS;;;;;
4;4;35;904;EL ARTEAL;;;;;
4;4;35;905;LAS ROZAS;;;;;
4;4;36;1;CHERCOS NUEVO;;;;;
4;4;36;2;CHERCOS VIEJO;;;;;
4;4;36;3;GASPARILLO;;;;;
4;4;36;4;EL CERCADO;;;;;
4;4;37;1;ASPILLA;;;;;
4;4;37;3;EL CAMPILLO;;;;;
4;4;37;4;EL CANTAL;;;;;
4;4;37;5;EL CONTADOR;;;;;
4;4;37;6;CHIRIVEL;;;;;
4;4;37;7;EL MOJONAR;;;;;
4;4;37;8;LA RAMBLA DE ABAJO;;;;;
4;4;37;9;LA RAMBLA DE ARRIBA;;;;;
4;4;37;10;EL ROQUEZ;;;;;
4;4;38;3;CELIN;;;;;
4;4;38;4;DALIAS;;;;;
4;4;41;1;ENIX;;;;;
4;4;41;2;EL MARCHAL DE ENIX;;;;;
4;4;41;3;EL PALMER;;;;;
4;4;43;2;FELIX;;;;;
4;4;44;1;LA CAÑADA DE LAS CRUCES;;;;;
4;4;44;2;LA CUESTA DEL PINO;;;;;
4;4;44;3;LAS ENTRENAS;;;;;
4;4;44;4;LA ESTACIÓN;;;;;
4;4;44;5;FINES;;;;;
4;4;44;6;EL OLIVAR;;;;;
4;4;44;7;EL PALOMAR;;;;;
4;4;44;8;LLANO DE LA HERRA;;;;;
4;4;45;1;LA ESTACIÓN;;;;;
4;4;45;2;FIÑANA;;;;;
4;4;45;3;LA HEREDAD;;;;;
4;4;45;4;LA NORIA;;;;;
4;4;45;5;VENTA RATONERA;;;;;
4;4;46;1;BENECID;;;;;
4;4;46;2;FONDÓN;;;;;
4;4;46;3;FUENTE VICTORIA;;;;;
4;4;47;1;GADOR;;;;;
4;4;47;3;LAS MINAS;;;;;
4;4;47;4;MOSCOLUX;;;;;
4;4;47;5;PAULENCA;;;;;
4;4;47;6;EL RUINI;;;;;
4;4;48;1;ALFAIX;;;;;
4;4;48;2;ALMOCAIZAR;;;;;
4;4;48;3;LOS COLLADOS;;;;;
4;4;48;4;LOS GALLARDOS;;;;;
4;4;48;6;LA PERULACA;;;;;
4;4;49;1;GARRUCHA;;;;;
4;4;50;1;LAS ALCUBILLAS;;;;;
4;4;50;2;EL ALMENDRAL;;;;;
4;4;50;3;LAS ANEAS;;;;;
4;4;50;4;ARROYO DEL VERDELECHO;;;;;
4;4;50;5;AULAGO;;;;;
4;4;50;6;EL CALAR ALTO;;;;;
4;4;50;7;EL CORTIJO ALTO;;;;;
4;4;50;8;LA ESTACIÓN;;;;;
4;4;50;9;FUENTE SANTA;;;;;
4;4;50;10;GERGAL;;;;;
4;4;50;11;PORTOCARRERO;;;;;
4;4;50;12;LAS TABLAS;;;;;
4;4;51;1;HUECIJA;;;;;
4;4;52;4;HUERCAL DE ALMERIA;;;;;
4;4;52;5;CALLEJONES-SAN SILVESTRE;;;;;
4;4;52;6;EL CARMEN;;;;;
4;4;52;7;LA FUENSANTA-VILLA INES;;;;;
4;4;52;8;LA GLORIA;;;;;
4;4;53;7;HUERCAL-OVERA;;;;;
4;4;53;101;LOS MENAS;;;;;
4;4;53;102;LA PARATA;;;;;
4;4;53;103;LA PERULERA;;;;;
4;4;53;108;SANTA BARBARA;;;;;
4;4;53;110;ALMAJALEJO;;;;;
4;4;53;111;LA CONCEPCION;;;;;
4;4;53;112;PEDRO GARCIA;;;;;
4;4;53;113;EL PILAR;;;;;
4;4;53;201;GOÑAR;;;;;
4;4;53;202;LAS NORIAS;;;;;
4;4;53;301;ABEJUELA;;;;;
4;4;53;302;LOS GIBAOS;;;;;
4;4;53;401;FUENTE AMARGA;;;;;
4;4;53;402;LAS PIEDRAS;;;;;
4;4;53;403;EL PUERTECICO;;;;;
4;4;53;501;RAMBLA GRANDE;;;;;
4;4;53;601;GACIA;;;;;
4;4;53;602;EL SALTADOR;;;;;
4;4;53;603;SAN FRANCISCO;;;;;
4;4;53;701;EL GOR;;;;;
4;4;53;702;LA HOYA;;;;;
4;4;53;703;LA LOMA;;;;;
4;4;53;704;SANTA MARIA DE NIEVA;;;;;
4;4;53;801;LA FUENSANTA;;;;;
4;4;53;802;GIBILEY;;;;;
4;4;53;803;LAS LABORES;;;;;
4;4;53;804;URCAL;;;;;
4;4;54;1;ILLAR;;;;;
4;4;55;1;INSTINCION;;;;;
4;4;56;1;EL ARROYO FRANCO Y ESTELLA;;;;;
4;4;56;2;LAROYA;;;;;
4;4;56;3;EL REUL ALTO;;;;;
4;4;57;1;LAUJAR DE ANDARAX;;;;;
4;4;58;1;LIJAR;;;;;
4;4;59;1;LA BREÑA;;;;;
4;4;59;2;EL FONTE;;;;;
4;4;59;3;LOS JARALES;;;;;
4;4;59;4;JAURO;;;;;
4;4;59;5;LUBRIN;;;;;
4;4;59;6;LAS MOLETAS;;;;;
4;4;59;7;LA RAMBLA ALJIBE;;;;;
4;4;59;8;LA RAMBLA HONDA;;;;;
4;4;59;9;EL SAETI;;;;;
4;4;60;1;LUCAINENA DE LAS TORRES;;;;;
4;4;60;2;LOS OLIVILLOS;;;;;
4;4;60;3;POLOPOS;;;;;
4;4;60;4;LA RAMBLA HONDA;;;;;
4;4;60;5;EL SALTADOR;;;;;
4;4;61;3;CELA;;;;;
4;4;61;4;LUCAR;;;;;
4;4;62;1;MACAEL;;;;;
4;4;62;2;EL MARCHAL;;;;;
4;4;63;1;ALFAHUARA;;;;;
4;4;63;2;CAÑADA GRANDE;;;;;
4;4;63;3;CAÑADAS DE CAÑEPLA;;;;;
4;4;63;4;CASABLANCA;;;;;
4;4;63;5;GRAJ;;;;;
4;4;63;6;MARIA;;;;;
4;4;64;1;EL AGUA DEL MEDIO-SOPALMO;;;;;
4;4;64;2;LA ALCANTARILLA;;;;;
4;4;64;3;LAS ALPARATAS;;;;;
4;4;64;4;LAS CUARTILLAS;;;;;
4;4;64;5;MOJACAR;;;;;
4;4;64;6;MOJACAR PLAYA;;;;;
4;4;65;1;LA ESTACION;;;;;
4;4;65;2;GILMA;;;;;
4;4;65;3;NACIMIENTO;;;;;
4;4;65;4;LOS NAVARROS;;;;;
4;4;65;5;LOS PILETAS;;;;;
4;4;65;6;LOS ROJAS;;;;;
4;4;65;7;LOS SANCHOS;;;;;
4;4;66;1;AGUA AMARGA;;;;;
4;4;66;2;ALBARICOQUES;;;;;
4;4;66;3;ATOCHARES;;;;;
4;4;66;4;EL BARRANQUETE;;;;;
4;4;66;6;CAMPOHERMOSO;;;;;
4;4;66;8;FERNAN PEREZ;;;;;
4;4;66;9;HORNILLO;;;;;
4;4;66;10;HORTICHUELAS;;;;;
4;4;66;11;HUEBRO;;;;;
4;4;66;14;LAS NEGRAS;;;;;
4;4;66;15;LOS NIETOS;;;;;
4;4;66;16;NIJAR;;;;;
4;4;66;18;POZO DE LOS FRAILES;;;;;
4;4;66;19;PUEBLO BLANCO;;;;;
4;4;66;20;RODALQUILAR;;;;;
4;4;66;21;SALADAR Y LECHE;;;;;
4;4;66;22;SAN ISIDRO DE NIJAR;;;;;
4;4;66;23;SAN JOSE;;;;;
4;4;66;24;TRISTANES;;;;;
4;4;66;25;EL VISO;;;;;
4;4;66;26;PUJAIRE;;;;;
4;4;66;27;RUESCAS;;;;;
4;4;66;28;LA ISLETA;;;;;
4;4;66;29;EL NAZARENO;;;;;
4;4;66;30;VENTA DEL POBRE;;;;;
4;4;67;1;OHANES;;;;;
4;4;67;2;TICES;;;;;
4;4;68;1;OLULA DE CASTRO;;;;;
4;4;68;2;EL TALLON BAJO;;;;;
4;4;69;2;HUITAR MAYOR;;;;;
4;4;69;3;HUITAR MENOR;;;;;
4;4;69;4;LA NORIA;;;;;
4;4;69;5;OLULA DEL RIO;;;;;
4;4;70;1;ORIA;;;;;
4;4;70;2;LOS CERRICOS;;;;;
4;4;70;3;EL MARGEN;;;;;
4;4;70;4;EL NEGRO;;;;;
4;4;70;5;OGARITE;;;;;
4;4;70;6;LA RAMBLA DE ORIA;;;;;
4;4;71;1;PADULES;;;;;
4;4;72;1;EL CERROGORDO;;;;;
4;4;72;3;PARTALOA;;;;;
4;4;72;4;LA PIEDRA AMARILLA;;;;;
4;4;73;1;GUARROS;;;;;
4;4;73;2;PATERNA DEL RIO;;;;;
4;4;74;1;PECHINA;;;;;
4;4;74;2;SIERRA ALHAMILLA;;;;;
4;4;75;101;LOS CAMPOYS;;;;;
4;4;75;102;EL CONVOY;;;;;
4;4;75;201;BENZAL;;;;;
4;4;75;202;LOS PINARES;;;;;
4;4;75;203;LOS SOLERES;;;;;
4;4;75;301;EL MOLINO;;;;;
4;4;75;302;PULPI;;;;;
4;4;75;401;BARRIO MORTERO;;;;;
4;4;75;402;LA ESTACION;;;;;
4;4;75;403;LA FUENTE;;;;;
4;4;75;501;LOS CAPARROSES;;;;;
4;4;75;502;EL COCON;;;;;
4;4;75;504;PILAR DE JARAVIA;;;;;
4;4;75;505;POZO DEL ESPARTO;;;;;
4;4;75;506;SAN JUAN DE TERREROS;;;;;
4;4;75;601;LOS AZNARES;;;;;
4;4;75;602;LA HERRADURA;;;;;
4;4;75;603;POZO DE LA HIGUERA;;;;;
4;4;76;1;EL CAMPILLO;;;;;
4;4;76;2;PURCHENA;;;;;
4;4;77;1;RAGOL;;;;;
4;4;78;1;ABRIOJAL;;;;;
4;4;78;2;MARRAQUE;;;;;
4;4;78;3;RIOJA;;;;;
4;4;79;1;AGUADULCE;;;;;
4;4;79;3;CAMPILLO DEL MORO;;;;;
4;4;79;4;CORTIJOS DE MARIN;;;;;
4;4;79;5;LAS MARINAS;;;;;
4;4;79;6;EL  PARADOR DE LAS HORTICHUELAS;;;;;
4;4;79;10;ROQUETAS DE MAR;;;;;
4;4;79;11;URBANIZACION ROQUETAS DE MAR;;;;;
4;4;79;12;EL SOLANILLO;;;;;
4;4;80;2;SANTA CRUZ DE MARCHENA;;;;;
4;4;81;1;LA CALDERONA;;;;;
4;4;81;2;ESTACION DE FERROCARRIL;;;;;
4;4;81;4;MONDUJAR;;;;;
4;4;81;6;SANTA FE DE MONDUJAR;;;;;
4;4;82;1;MORATON;;;;;
4;4;82;2;NUDOS;;;;;
4;4;82;3;SENES;;;;;
4;4;83;103;LOS BREVAS;;;;;
4;4;83;104;LOS MARTENSES;;;;;
4;4;83;106;LOS RASPAJOS;;;;;
4;4;83;107;EL VALLE;;;;;
4;4;83;110;LOS ANGOSTOS;;;;;
4;4;83;201;LOS CLAVEROS;;;;;
4;4;83;203;LAS HILARIAS;;;;;
4;4;83;204;LOS ZOILOS;;;;;
4;4;83;306;EL CANTARO;;;;;
4;4;83;403;FARGALI;;;;;
4;4;83;501;FUENCALIENTE Y CALERA;;;;;
4;4;83;506;LOS GEAS;;;;;
4;4;83;507;EL RAMIL;;;;;
4;4;83;609;HUELAGO;;;;;
4;4;83;610;MANACA;;;;;
4;4;83;704;JAUCA;;;;;
4;4;83;803;EL RECONCO;;;;;
4;4;83;804;JORVILA;;;;;
4;4;83;901;LAS MENAS;;;;;
4;4;83;904;SERON;;;;;
4;4;84;1;SIERRO;;;;;
4;4;85;1;SOMONTIN;;;;;
4;4;86;101;EL BARRANCO DE LOS LOBOS;;;;;
4;4;86;102;CINTA BLANCA;;;;;
4;4;86;103;LA CUMBRE;;;;;
4;4;86;201;LOS ALIAS;;;;;
4;4;86;202;LOS ANDRESES;;;;;
4;4;86;203;CARIATIZ;;;;;
4;4;86;204;LOS CASTAÑOS;;;;;
4;4;86;207;LOS MAÑAS;;;;;
4;4;86;208;LOS MARTINEZ;;;;;
4;4;86;301;EL FONTE;;;;;
4;4;86;302;LA MELA;;;;;
4;4;86;303;EL PILAR;;;;;
4;4;86;304;EL PUNTAL;;;;;
4;4;86;305;LOS RAMOS;;;;;
4;4;86;306;RINCON DEL MARQUES;;;;;
4;4;86;307;LOS RISAS;;;;;
4;4;86;401;LOS ALAMILLOS;;;;;
4;4;86;403;GACIA ALTO;;;;;
4;4;86;404;GACIA BAJO;;;;;
4;4;86;405;GAFARES;;;;;
4;4;86;406;GAFARILLOS;;;;;
4;4;86;408;HERRADURA;;;;;
4;4;86;409;LOS LOBEROS;;;;;
4;4;86;410;LA RONDEÑA;;;;;
4;4;86;411;EL SALTO DEL LOBO;;;;;
4;4;86;501;ALBARRACIN;;;;;
4;4;86;503;GARRIDO;;;;;
4;4;86;504;GOCHAR;;;;;
4;4;86;505;EL MAYORDOMO;;;;;
4;4;86;506;MORAS;;;;;
4;4;86;507;QUIJILIANA;;;;;
4;4;86;508;LA TEJICA;;;;;
4;4;86;601;CARRASCO;;;;;
4;4;86;602;LA HERRERIA;;;;;
4;4;86;603;LA HUELGA;;;;;
4;4;86;604;MARCHALICO VIÑICAS;;;;;
4;4;86;605;LOS PERALES;;;;;
4;4;86;701;SORBAS;;;;;
4;4;86;801;CAMPICO;;;;;
4;4;86;802;HUELI;;;;;
4;4;86;803;MIZALA;;;;;
4;4;86;804;LOS MOLINOS;;;;;
4;4;86;805;PEÑAS NEGRAS;;;;;
4;4;86;806;EL TESORO;;;;;
4;4;86;807;URRA;;;;;
4;4;86;808;VARGUICAS;;;;;
4;4;87;1;SUFLI;;;;;
4;4;88;2;CARTERO;;;;;
4;4;88;3;ESPELIZ;;;;;
4;4;88;5;JOLUQUE;;;;;
4;4;88;7;LOS NUDOS;;;;;
4;4;88;8;ORO VERDE;;;;;
4;4;88;9;PAGO AGUILAR;;;;;
4;4;88;10;PUENTE DE GUAYAR;;;;;
4;4;88;12;TABERNAS;;;;;
4;4;88;14;LOS YESOS;;;;;
4;4;88;15;EL MARCHALILLO;;;;;
4;4;88;16;VENTA DE LOS YESOS;;;;;
4;4;89;1;EL ACEITUNO;;;;;
4;4;89;3;LOS LLANOS;;;;;
4;4;89;4;LOS PARDOS;;;;;
4;4;89;5;SANTOPETAR;;;;;
4;4;89;6;TABERNO;;;;;
4;4;89;7;RAMBLA DE TABERNO;;;;;
4;4;90;1;LOS ARROYOS;;;;;
4;4;90;2;BENITORAFE;;;;;
4;4;90;3;COCON DEL PERAL;;;;;
4;4;90;4;RAMBLA DEL MARQUES;;;;;
4;4;90;5;TAHAL;;;;;
4;4;91;1;TERQUE;;;;;
4;4;92;1;CELA-ESTACION;;;;;
4;4;92;2;DALI;;;;;
4;4;92;3;HIGUERAL;;;;;
4;4;92;4;LOS MANOLONES;;;;;
4;4;92;5;LOS PORTEROS;;;;;
4;4;92;6;POZO DEL LOBO;;;;;
4;4;92;7;TIJOLA;;;;;
4;4;93;3;EL CORTIJO GRANDE;;;;;
4;4;93;6;ROYO MORERA;;;;;
4;4;93;9;TURRE;;;;;
4;4;94;1;LOS ENCALMADOS;;;;;
4;4;94;2;LOS PICHIRICHES;;;;;
4;4;94;3;LOS RETACOS;;;;;
4;4;94;4;TURRILLAS;;;;;
4;4;94;5;LA VEGA;;;;;
4;4;95;1;EL AGUADOR;;;;;
4;4;95;2;LA CANAL;;;;;
4;4;95;3;LA CASA BLANCA;;;;;
4;4;95;4;LA FUENTECILLA;;;;;
4;4;95;5;EL MARCHAL;;;;;
4;4;95;6;LOS MORALES;;;;;
4;4;95;7;EL PILARICO;;;;;
4;4;95;8;EL POCICO;;;;;
4;4;95;9;EL RINCON;;;;;
4;4;95;10;ULEILA DEL CAMPO;;;;;
4;4;95;11;ZOFRE;;;;;
4;4;96;1;AGUA AMARGA;;;;;
4;4;96;2;URRACAL;;;;;
4;4;97;1;VELEFIQUE;;;;;
4;4;98;1;VELEZ-BLANCO;;;;;
4;4;98;2;ALARA;;;;;
4;4;98;3;ALCOLUCHE;;;;;
4;4;98;4;CANALES;;;;;
4;4;98;5;DERDE;;;;;
4;4;98;6;LAS JUNTAS;;;;;
4;4;98;7;MACIAN;;;;;
4;4;98;8;MANCHEÑO;;;;;
4;4;98;9;LOS MOLINOS;;;;;
4;4;98;10;MONTAILON;;;;;
4;4;98;11;MONTALVICHE;;;;;
4;4;98;12;EL PIAR;;;;;
4;4;98;13;RAMBLA SECA;;;;;
4;4;98;14;EL RIO CLARO;;;;;
4;4;98;15;SOLANA;;;;;
4;4;98;16;TAIBENA;;;;;
4;4;98;17;TOPARES;;;;;
4;4;99;1;VELEZ-RUBIO;;;;;
4;4;99;102;LOS GAZQUEZ;;;;;
4;4;99;103;LA LOSILLA;;;;;
4;4;99;206;EL CAMPILLO;;;;;
4;4;99;208;LOS ALAMICOS-LA DEHESA;;;;;
4;4;99;209;EL GINTE-BOLAIMI;;;;;
4;4;99;210;LA MATA;;;;;
4;4;99;301;LOS ARANEGAS;;;;;
4;4;99;303;LAS CASAS;;;;;
4;4;99;304;LOS GATOS;;;;;
4;4;99;306;LOS OQUENDOS;;;;;
4;4;99;307;LOS RAMALES;;;;;
4;4;99;308;EL RIO MULA;;;;;
4;4;99;310;LOS ASENSIOS-SALADILLA;;;;;
4;4;99;401;EL BANCALEJO;;;;;
4;4;99;402;LOS CABRERAS;;;;;
4;4;99;403;CALABUCHE;;;;;
4;4;99;406;GATEROS;;;;;
4;4;99;407;LA PARRA;;;;;
4;4;99;408;LOS TORRENTES;;;;;
4;4;99;409;CALDERON;;;;;
4;4;99;410;LOS PARDOS;;;;;
4;4;99;501;LA ALQUERIA;;;;;
4;4;99;502;LA CANALICA;;;;;
4;4;99;503;LA CARRASCA;;;;;
4;4;99;504;EL CHARCHE;;;;;
4;4;99;505;EL ESPADIN;;;;;
4;4;99;506;TONOSA;;;;;
4;4;100;3;VERA;;;;;
4;4;100;4;VERA-COSTA;;;;;
4;4;101;1;LA JUAIDA;;;;;
4;4;101;2;VIATOR;;;;;
4;4;102;1;BARRIO DE ARCHILLA;;;;;
4;4;102;4;LLANOS DE VICAR;;;;;
4;4;102;6;LA GANGOSA;;;;;
4;4;102;7;PUEBLA DE VICAR;;;;;
4;4;102;8;LAS CABAÑUELAS;;;;;
4;4;102;9;VICAR;;;;;
4;4;102;10;CONGO-CANAL;;;;;
4;4;103;1;LA ALFOQUIA;;;;;
4;4;103;2;ALMAJALEJO;;;;;
4;4;103;3;LOS CARASOLES;;;;;
4;4;103;4;EL CUCADOR;;;;;
4;4;103;5;FUENTE DEL PINO;;;;;
4;4;103;7;LOS LLANOS;;;;;
4;4;103;8;LOS MENCHONES;;;;;
4;4;103;9;EL PALACES;;;;;
4;4;103;10;ZURGENA;;;;;
4;4;901;1;EL CORTIJO REAL;;;;;
4;4;901;3;ESCULLAR;;;;;
4;4;901;4;LA ESTACION;;;;;
4;4;901;5;EL HAZA DE RIEGO;;;;;
4;4;901;7;SANTILLANA;;;;;
4;4;901;8;DOÑA MARIA;;;;;
4;4;901;9;OCAÑA;;;;;
4;4;902;1;ALMERIMAR;;;;;
4;4;902;2;BALERMA;;;;;
4;4;902;3;EL EJIDO;;;;;
4;4;902;4;LOS BAÑOS DE GUARDIAS VIEJAS;;;;;
4;4;902;5;MATAGORDA;;;;;
4;4;902;6;LAS NORIAS DE DAZA;;;;;
4;4;902;7;PAMPANICO;;;;;
4;4;902;8;SAN AGUSTIN;;;;;
4;4;902;9;SANTA MARIA DEL AGUILA;;;;;
4;4;902;11;TARAMBANA;;;;;
4;4;903;1;LAS CANTINAS;;;;;
4;4;903;2;LA MOJONERA;;;;;
4;4;903;3;VENTA DEL VISO;;;;;
4;4;999;0;NO DETERMINADA;;;;;
4;11;1;1;ALCALÁ DE LOS GAZULES;;;;;
4;11;1;101;ALCALÁ DE LOS GAZULES;;;;;
4;11;2;1;ALCALÁ DEL VALLE;;;;;
4;11;2;101;ALCALÁ DEL VALLE;;;;;
4;11;3;1;ALGAR;;;;;
4;11;3;101;ALGAR;;;;;
4;11;4;1;ALGECIRAS;;;;;
4;11;4;3;EL PELAYO;;;;;
4;11;4;101;ALGECIRAS;;;;;
4;11;4;301;EL PELAYO;;;;;
4;11;5;1;ALGODONALES;;;;;
4;11;5;2;ARENAL;;;;;
4;11;5;3;CAMPO-HUERTA;;;;;
4;11;5;5;LOS JUNCALES;;;;;
4;11;5;6;MADRIGUERAS;;;;;
4;11;5;7;LA MUELA;;;;;
4;11;5;8;LA NAVA Y LAPA;;;;;
4;11;5;101;ALGODONALES;;;;;
4;11;5;701;LA MUELA;;;;;
4;11;6;1;ABRAJANEJO;;;;;
4;11;6;2;ARCOS DE LA FRONTERA;;;;;
4;11;6;3;LOS BARRANCOS;;;;;
4;11;6;4;CONCEJO;;;;;
4;11;6;5;EL DRAGO;;;;;
4;11;6;6;FUENSANTA;;;;;
4;11;6;7;LA GARRAPATA;;;;;
4;11;6;8;EL GUIJO;;;;;
4;11;6;9;JEDULA;;;;;
4;11;6;10;LA SIERPE;;;;;
4;11;6;11;TORONJIL;;;;;
4;11;6;12;VALLEJAS;;;;;
4;11;6;13;EL YUGO;;;;;
4;11;6;100;LAS ABIERTAS;;;;;
4;11;6;101;LA PERDIZ;;;;;
4;11;6;110;PEQUEÑA HOLANDA;;;;;
4;11;6;201;ARCOS DE LA FRONTERA;;;;;
4;11;6;301;EL SANTISCAL;;;;;
4;11;6;501;DESCANSADERO EL DRAGO;;;;;
4;11;6;502;LA PEDROSA;;;;;
4;11;6;701;JADRAMIL;;;;;
4;11;6;801;JUNTA DE LOS RIOS;;;;;
4;11;6;802;LA MISERICORDIA;;;;;
4;11;6;901;JEDULA;;;;;
4;11;6;1001;LAS ABIERTAS;;;;;
4;11;6;1101;PEQUEÑA HOLANDA;;;;;
4;11;7;1;BARBATE;;;;;
4;11;7;2;LOS CAÑOS DE MECA;;;;;
4;11;7;3;MANZANETE;;;;;
4;11;7;4;RIBERA DE LA OLIVA;;;;;
4;11;7;5;SAN AMBROSIO;;;;;
4;11;7;6;SIERRA DEL RETÍN;;;;;
4;11;7;7;EL SOTO;;;;;
4;11;7;8;ZAHARA DE LOS ATUNES;;;;;
4;11;7;9;ZAHORA;;;;;
4;11;7;101;BARBATE;;;;;
4;11;7;201;LOS CAÑOS DE MECA;;;;;
4;11;7;801;ZAHARA DE LOS ATUNES;;;;;
4;11;8;1;LOS BARRIOS;;;;;
4;11;8;2;CORTIJILLOS;;;;;
4;11;8;3;PUENTE ROMANO;;;;;
4;11;8;4;PALMONES;;;;;
4;11;8;5;GUADACORTE;;;;;
4;11;8;101;LOS BARRIOS;;;;;
4;11;8;201;CORTIJILLOS;;;;;
4;11;8;202;CIUDAD JARDÍN;;;;;
4;11;8;301;PUENTE ROMANO;;;;;
4;11;8;401;PALMONES;;;;;
4;11;8;501;GUADACORTE;;;;;
4;11;9;1;BENAOCAZ;;;;;
4;11;9;2;TAVIZNA;;;;;
4;11;9;101;BENAOCAZ;;;;;
4;11;9;201;TAVIZNA;;;;;
4;11;10;1;BORNOS;;;;;
4;11;10;2;COTO DE BORNOS;;;;;
4;11;10;101;BORNOS;;;;;
4;11;10;201;COTO DE BORNOS;;;;;
4;11;11;1;EL BOSQUE;;;;;
4;11;11;101;EL BOSQUE;;;;;
4;11;12;1;CÁDIZ;;;;;
4;11;12;101;CÁDIZ;;;;;
4;11;13;1;ALMORAIMA;;;;;
4;11;13;2;CASTELLAR DE LA FRONTERA;;;;;
4;11;13;3;CASTILLO DE CASTELLAR;;;;;
4;11;13;101;ALMORAIMA;;;;;
4;11;13;201;CASTELLAR DE LA FRONTERA;;;;;
4;11;13;301;CASTILLO DE CASTELLAR;;;;;
4;11;14;1;BARRIO NUEVO;;;;;
4;11;14;2;CASA DE POSTAS;;;;;
4;11;14;3;CONIL DE LA FRONTERA;;;;;
4;11;14;4;ROCHE;;;;;
4;11;14;5;FUENTE DEL GALLO;;;;;
4;11;14;301;CONIL DE LA FRONTERA;;;;;
4;11;14;401;ROCHE;;;;;
4;11;14;501;FUENTE DEL GALLO;;;;;
4;11;15;1;CHICLANA DE LA FRONTERA;;;;;
4;11;15;2;SANCTI PETRI-LA BARROSA;;;;;
4;11;15;401;CHICLANA DE LA FRONTERA;;;;;
4;11;15;402;GOLF SAN ANDRÉS;;;;;
4;11;15;403;LA COQUINA;;;;;
4;11;15;404;LOS FRANCESES-LA VEGA;;;;;
4;11;15;405;LOS GALLOS-CERROMOLINO;;;;;
4;11;15;406;HOZANEJOS;;;;;
4;11;15;407;LLANO DE LAS MARAVILLAS;;;;;
4;11;15;408;MELILLA;;;;;
4;11;15;409;PAGO DEL HUMO;;;;;
4;11;15;410;PINAR DE LOS GUISOS;;;;;
4;11;15;411;LAS VEGUETAS;;;;;
4;11;15;601;LA BARROSA;;;;;
4;11;16;1;CHIPIONA;;;;;
4;11;16;101;CHIPIONA;;;;;
4;11;17;1;ESPERA;;;;;
4;11;17;101;BARRIADA DE FÁTIMA;;;;;
4;11;17;102;ESPERA;;;;;
4;11;18;1;ARROYO MOLINOS;;;;;
4;11;18;2;ERA DE LA VIÑA;;;;;
4;11;18;3;EL GASTOR;;;;;
4;11;18;4;EL HARAL;;;;;
4;11;18;5;VENTAS NUEVAS;;;;;
4;11;18;301;EL GASTOR;;;;;
4;11;19;1;BENAMAHOMA;;;;;
4;11;19;2;GAIDOVAR;;;;;
4;11;19;3;GRAZALEMA;;;;;
4;11;19;101;BENAMAHOMA;;;;;
4;11;19;301;GRAZALEMA;;;;;
4;11;20;1;ALCORNOCALEJOS;;;;;
4;11;20;2;AÑINA-POLILA;;;;;
4;11;20;3;LA BARCA DE LA FLORIDA;;;;;
4;11;20;4;CASABLANCA;;;;;
4;11;20;5;CUARTILLOS;;;;;
4;11;20;7;DEHESILLA DE ALGAR;;;;;
4;11;20;8;ESTELLA DEL MARQUÉS;;;;;
4;11;20;9;FUENTE DEL REY;;;;;
4;11;20;10;GIBALBÍN;;;;;
4;11;20;11;GUADALCACÍN DEL CAUDILLO;;;;;
4;11;20;12;LOS ISLETES;;;;;
4;11;20;13;LA JARDA;;;;;
4;11;20;14;JEREZ DE LA FRONTERA;;;;;
4;11;20;15;JOSE ANTONIO;;;;;
4;11;20;16;LA INA;;;;;
4;11;20;17;MACHARNUDO ALTO;;;;;
4;11;20;18;MESAS DE ASTA;;;;;
4;11;20;20;NUEVA JARILLA;;;;;
4;11;20;21;EL PORTAL;;;;;
4;11;20;22;LOS REPASTADEROS;;;;;
4;11;20;23;EL ROMERO;;;;;
4;11;20;24;SAN ISIDRO DE GUADALETE;;;;;
4;11;20;26;SOLETE ALTO;;;;;
4;11;20;27;LAS TABLAS;;;;;
4;11;20;29;EL TORNO;;;;;
4;11;20;30;TORRE MELGAREJO;;;;;
4;11;20;31;TORRECERA;;;;;
4;11;20;101;GIBALBIN;;;;;
4;11;20;102;EL CHAPARRITO;;;;;
4;11;20;111;GUADALCACÍN DEL CAUDILLO;;;;;
4;11;20;141;JEREZ DE LA FRONTERA;;;;;
4;11;20;151;JOSE ANTONIO;;;;;
4;11;20;152;PUENTE LA GUAREÑA;;;;;
4;11;20;161;LA INA;;;;;
4;11;20;162;BALDIO GALLARDO;;;;;
4;11;20;163;CAÑADA DEL LEÓN;;;;;
4;11;20;164;RAJAMANCERA;;;;;
4;11;20;181;MESAS DE ASTA;;;;;
4;11;20;201;NUEVA JARILLA;;;;;
4;11;20;211;EL PORTAL;;;;;
4;11;20;212;SIERRA SAN CRISTOBAL;;;;;
4;11;20;221;LOMOPARDO;;;;;
4;11;20;222;EL MOJO;;;;;
4;11;20;223;LAS PACHECAS;;;;;
4;11;20;241;SAN ISIDRO DEL GUADALETE;;;;;
4;11;20;271;LAS TABLAS;;;;;
4;11;20;291;EL TORNO;;;;;
4;11;20;300;TORRE MELGAREJO;;;;;
4;11;20;301;LA BARCA DE LA FLORIDA;;;;;
4;11;20;311;TORRECERA;;;;;
4;11;20;501;CUARTILLOS;;;;;
4;11;20;801;ESTELLA DEL MARQUÉS;;;;;
4;11;20;1001;GIBALBIN;;;;;
4;11;20;1101;GUADALCACÍN DEL CAUDILLO;;;;;
4;11;20;1401;JEREZ DE LA FRONTERA;;;;;
4;11;20;1501;JOSE ANTONIO;;;;;
4;11;20;1502;PUENTE LA GUAREÑA;;;;;
4;11;20;1601;LA INA;;;;;
4;11;20;1602;BALDIO GALLARDO;;;;;
4;11;20;1603;CAÑADA DEL LEÓN;;;;;
4;11;20;1604;RAJAMANCERA;;;;;
4;11;20;1801;MESAS DE ASTA;;;;;
4;11;20;2001;NUEVA JARILLA;;;;;
4;11;20;2101;EL PORTAL;;;;;
4;11;20;2102;SIERRA SAN CRISTOBAL;;;;;
4;11;20;2201;LOMOPARDO;;;;;
4;11;20;2202;EL MOJO;;;;;
4;11;20;2203;LAS PACHECAS;;;;;
4;11;20;2401;SAN ISIDRO DEL GUADALETE;;;;;
4;11;20;2701;LAS TABLAS;;;;;
4;11;20;2901;EL TORNO;;;;;
4;11;20;3001;TORRE MELGAREJO;;;;;
4;11;20;3101;TORRECERA;;;;;
4;11;21;1;LOS ANGELES;;;;;
4;11;21;2;JIMENA DE LA FRONTERA;;;;;
4;11;21;3;SAN MARTÍN DEL TESORILLO;;;;;
4;11;21;4;SAN PABLO DE BUCEITE;;;;;
4;11;21;101;LOS ÁNGELES;;;;;
4;11;21;102;MARCHENILLA;;;;;
4;11;21;201;JIMENA DE LA FRONTERA;;;;;
4;11;21;301;MONTENEGRAL;;;;;
4;11;21;302;SAN MARTÍN DEL TESORILLO;;;;;
4;11;21;401;SAN PABLO DE BUCEITE;;;;;
4;11;22;1;LA LINEA DE LA CONCEPCIÓN;;;;;
4;11;22;101;LA LÍNEA DE LA CONCEPCIÓN;;;;;
4;11;22;102;LA HACIENDA;;;;;
4;11;22;103;SANTA MARGARITA;;;;;
4;11;23;1;LOS ALBUERJOS;;;;;
4;11;23;2;LOS BADALEJOS;;;;;
4;11;23;4;LA CANALEJA;;;;;
4;11;23;5;CHARCO DULCE;;;;;
4;11;23;6;LOS HARDALES;;;;;
4;11;23;7;HUELVACAR;;;;;
4;11;23;8;MALCOCINADO;;;;;
4;11;23;9;MEDINA-SIDONIA;;;;;
4;11;23;10;LAS ALGAMITAS;;;;;
4;11;23;11;CUCARRETE;;;;;
4;11;23;801;MALCOCINADO;;;;;
4;11;23;901;MEDINA-SIDONIA;;;;;
4;11;24;4;OLVERA;;;;;
4;11;24;401;OLVERA;;;;;
4;11;25;1;PATERNA DE RIVERA;;;;;
4;11;25;101;PATERNA DE RIVERA;;;;;
4;11;26;1;PRADO DEL REY;;;;;
4;11;26;101;PRADO DEL REY;;;;;
4;11;27;14;EL PUERTO DE SANTA MARÍA;;;;;
4;11;27;19;VALDELAGRANA;;;;;
4;11;27;24;LOS ARENALES;;;;;
4;11;27;25;CAMINO VIEJO DE ROTA;;;;;
4;11;27;26;CAMPIÑA-SERRANO;;;;;
4;11;27;27;COSTA OESTE;;;;;
4;11;27;28;EL JUNCAL;;;;;
4;11;27;29;SAN IGNACIO-SIERRA;;;;;
4;11;27;141;EL PUERTO DE SANTA MARÍA;;;;;
4;11;27;191;VALDELAGRANA;;;;;
4;11;27;192;LAS VIÑAS;;;;;
4;11;27;193;POLÍGONO INDUSTRIAL GUADALETE;;;;;
4;11;27;241;LA ANDREITA;;;;;
4;11;27;242;CANTARRANAS;;;;;
4;11;27;243;EL CARMEN;;;;;
4;11;27;244;CUATRO PINOS;;;;;
4;11;27;246;MOLINO PLATERO;;;;;
4;11;27;247;PERPETUO SOCORRO;;;;;
4;11;27;248;POBLADO NAVAL;;;;;
4;11;27;251;ARENAS CARDENAS;;;;;
4;11;27;252;LA BELLEZA;;;;;
4;11;27;253;BERBEN;;;;;
4;11;27;254;CIUDAD DUCAL;;;;;
4;11;27;256;SAN ANTONIO;;;;;
4;11;27;260;VALLEALTO;;;;;
4;11;27;261;LA CARIDAD;;;;;
4;11;27;265;PUERTO BAJO;;;;;
4;11;27;266;ROMPESERONES;;;;;
4;11;27;267;SERONES;;;;;
4;11;27;268;EL TOMILLAR;;;;;
4;11;27;269;URBALUZ;;;;;
4;11;27;270;COSTA OESTE;;;;;
4;11;27;281;EL JUNCAL;;;;;
4;11;27;282;LOS FRAILES;;;;;
4;11;27;283;SUDAMERICA;;;;;
4;11;27;292;DOÑA BLANCA-POBLADO;;;;;
4;11;27;293;LOS MADRILEÑOS;;;;;
4;11;27;295;POLÍGONO INDUSTRIAL EL PALMAR;;;;;
4;11;27;296;POLÍGONO INDUSTRIAL SALINAS SAN JOSÉ;;;;;
4;11;27;298;VEGA LOS PÉREZ;;;;;
4;11;27;1401;EL PUERTO DE SANTA MARÍA;;;;;
4;11;27;1901;VALDELAGRANA;;;;;
4;11;27;1902;LAS VIÑAS;;;;;
4;11;27;1903;POLÍGONO INDUSTRIAL GUADALETE;;;;;
4;11;27;2401;LA ANDREITA;;;;;
4;11;27;2402;CANTARRANAS;;;;;
4;11;27;2403;EL CARMEN;;;;;
4;11;27;2404;CUATRO PINOS;;;;;
4;11;27;2406;MOLINO PLATERO;;;;;
4;11;27;2407;PERPETUO SOCORRO;;;;;
4;11;27;2408;POBLADO NAVAL;;;;;
4;11;27;2501;ARENAS CARDENAS;;;;;
4;11;27;2502;LA BELLEZA;;;;;
4;11;27;2503;BERBEN;;;;;
4;11;27;2504;CIUDAD DUCAL;;;;;
4;11;27;2506;SAN ANTONIO;;;;;
4;11;27;2601;LA CARIDAD;;;;;
4;11;27;2605;PUERTO BAJO;;;;;
4;11;27;2606;ROMPESERONES;;;;;
4;11;27;2607;SERONES;;;;;
4;11;27;2608;EL TOMILLAR;;;;;
4;11;27;2609;URBALUZ;;;;;
4;11;27;2716;COSTA OESTE;;;;;
4;11;27;2801;EL JUNCAL;;;;;
4;11;27;2802;LOS FRAILES;;;;;
4;11;27;2803;SUDAMERICA;;;;;
4;11;27;2902;DOÑA BLANCA-POBLADO;;;;;
4;11;27;2903;LOS MADRILEÑOS;;;;;
4;11;27;2905;POLÍGONO INDUSTRIAL EL PALMAR;;;;;
4;11;27;2906;POLÍGONO INDUSTRIAL SALINAS SAN JOSÉ;;;;;
4;11;27;2908;VEGA LOS PÉREZ;;;;;
4;11;28;1;JARANA;;;;;
4;11;28;2;LAS CANTERAS;;;;;
4;11;28;3;PUERTO REAL;;;;;
4;11;28;4;RIO SAN PEDRO;;;;;
4;11;28;5;EL ALMENDRAL;;;;;
4;11;28;6;CARRETERA AL PORTAL;;;;;
4;11;28;8;EL MARQUESADO;;;;;
4;11;28;9;LA MARROQUINA;;;;;
4;11;28;10;LA MICONA;;;;;
4;11;28;11;EL PEDROSO;;;;;
4;11;28;12;TORRE ALTA;;;;;
4;11;28;13;TRES CAMINOS;;;;;
4;11;28;101;BARRIADA CHACONA;;;;;
4;11;28;102;BARRIADA MEADERO DE LA REINA;;;;;
4;11;28;103;BARRIO DE JARANA;;;;;
4;11;28;120;BARRIADA TORRE ALTA;;;;;
4;11;28;202;CANTERA SUR;;;;;
4;11;28;301;PUERTO REAL;;;;;
4;11;28;401;BARRIADA RÍO SAN PEDRO;;;;;
4;11;28;402;POLÍGONO UNIVERSIDAD;;;;;
4;11;28;501;BARRIADA EL ALMENDRAL;;;;;
4;11;28;801;BARRIADA EL MARQUESADO;;;;;
4;11;28;901;BARRIADA MARROQUINA;;;;;
4;11;28;1201;BARRIADA TORRE ALTA;;;;;
4;11;29;1;POZO AMARGO;;;;;
4;11;29;2;PUERTO SERRANO;;;;;
4;11;29;201;PUERTO SERRANO;;;;;
4;11;30;1;EL BERCIAL;;;;;
4;11;30;2;LA MATA;;;;;
4;11;30;3;RINCONES;;;;;
4;11;30;4;ROTA;;;;;
4;11;30;5;LAS BREVAS;;;;;
4;11;30;6;MELONERAS;;;;;
4;11;30;7;COSTA BALLENA;;;;;
4;11;30;201;BASE NAVAL;;;;;
4;11;30;401;ROTA;;;;;
4;11;30;701;COSTA BALLENA;;;;;
4;11;31;1;ARSENAL DE LA CARRACA;;;;;
4;11;31;2;SAN FERNANDO;;;;;
4;11;31;101;ARSENAL DE LA CARRACA;;;;;
4;11;31;201;SAN FERNANDO;;;;;
4;11;32;1;LA ALGAIDA;;;;;
4;11;32;2;BONANZA;;;;;
4;11;32;4;LA JARA;;;;;
4;11;32;5;MIRAFLORES;;;;;
4;11;32;6;PASTRANA;;;;;
4;11;32;7;SANLUCAR DE BARRAMEDA;;;;;
4;11;32;101;LA ALGAIDA;;;;;
4;11;32;201;BARRIADA ANDALUCÍA;;;;;
4;11;32;202;BARRIADA ARBODELILLA;;;;;
4;11;32;203;BONANZA;;;;;
4;11;32;401;CAPUCHINOS;;;;;
4;11;32;402;URB. CASTILLO DEL ESPIRITU SANTO ;;;;;
4;11;32;403;URB. LOS COLONES;;;;;
4;11;32;404;LOS COLONOS;;;;;
4;11;32;405;URB. ESPIRITU SANTO;;;;;
4;11;32;406;MARBELLA;;;;;
4;11;32;407;URB. VERA DEL MAR;;;;;
4;11;32;408;URB. EL VERGEL;;;;;
4;11;32;409;VILLA HORACIA;;;;;
4;11;32;501;MIRAFLORES;;;;;
4;11;32;601;PASTRANA;;;;;
4;11;32;701;SANLÚCAR DE BARRAMEDA;;;;;
4;11;32;702;CLUB DE CAMPO SANLÚCAR;;;;;
4;11;33;1;CAMPAMENTO;;;;;
4;11;33;2;CARTEYA-GUADARRANQUE;;;;;
4;11;33;3;ESTACIÓN FERREA;;;;;
4;11;33;4;GUADIARO;;;;;
4;11;33;5;PUENTE MAYORGA;;;;;
4;11;33;6;SAN ENRIQUE;;;;;
4;11;33;7;SAN ROQUE;;;;;
4;11;33;8;TARAGUILLA;;;;;
4;11;33;9;TORREGUADIARO;;;;;
4;11;33;101;CAMPAMENTO;;;;;
4;11;33;201;CARTEYA-GUADARRANQUE;;;;;
4;11;33;301;ESTACIÓN FÉRREA;;;;;
4;11;33;401;GUADIARO;;;;;
4;11;33;402;PUEBLO NUEVO;;;;;
4;11;33;403;SOTOGRANDE;;;;;
4;11;33;501;PUENTE MAYORGA;;;;;
4;11;33;601;SAN ENRIQUE;;;;;
4;11;33;701;SAN ROQUE;;;;;
4;11;33;801;TARAGUILLA;;;;;
4;11;33;901;PUERTO SOTOGRANDE;;;;;
4;11;33;902;SAN DIEGO;;;;;
4;11;33;903;TORREGUADIARO;;;;;
4;11;34;1;SETENIL;;;;;
4;11;34;2;CASAS NUEVAS;;;;;
4;11;34;3;VENTA DE LECHE;;;;;
4;11;34;101;SETENIL;;;;;
4;11;35;1;EL ALAMILLO;;;;;
4;11;35;2;EL ALMARCHAL;;;;;
4;11;35;3;BETIS;;;;;
4;11;35;4;EL BUJEO;;;;;
4;11;35;5;LAS CAHERUELAS;;;;;
4;11;35;6;CAÑADA DE LA JARA;;;;;
4;11;35;7;CASA DE PORRO;;;;;
4;11;35;8;LA COSTA;;;;;
4;11;35;9;EL CHAPARRAL;;;;;
4;11;35;10;FACINAS;;;;;
4;11;35;11;LA HERRUMBROSA;;;;;
4;11;35;12;EL LENTISCAL;;;;;
4;11;35;13;PEDRO VALIENTE;;;;;
4;11;35;14;LA PEÑA;;;;;
4;11;35;15;LAS PIÑAS;;;;;
4;11;35;16;EL PULIDO;;;;;
4;11;35;17;TAHIVILLA;;;;;
4;11;35;18;TARIFA;;;;;
4;11;35;19;LA ZARZUELA;;;;;
4;11;35;20;LOS ZORRILLOS;;;;;
4;11;35;100;FACINAS;;;;;
4;11;35;121;BOLONIA;;;;;
4;11;35;122;EL LENTISCAL;;;;;
4;11;35;171;TAHIVILLA;;;;;
4;11;35;181;TARIFA;;;;;
4;11;35;201;EL ALMARCHAL;;;;;
4;11;35;401;EL CUARTÓN;;;;;
4;11;35;1001;FACINAS;;;;;
4;11;35;1201;BOLONIA;;;;;
4;11;35;1202;EL LENTISCAL;;;;;
4;11;35;1701;TAHIVILLA;;;;;
4;11;35;1801;TARIFA;;;;;
4;11;36;1;TORRE-ALHAMIQUE;;;;;
4;11;36;101;TORRE-ALHAMIQUE;;;;;
4;11;37;1;TREBUJENA;;;;;
4;11;37;101;TREBUJENA;;;;;
4;11;38;1;UBRIQUE;;;;;
4;11;38;101;UBRIQUE;;;;;
4;11;39;1;LA BARCA;;;;;
4;11;39;2;CANTARRANAS;;;;;
4;11;39;3;EL CAÑAL;;;;;
4;11;39;5;LAS LOMAS;;;;;
4;11;39;6;MONTECOTE;;;;;
4;11;39;7;LA MUELA;;;;;
4;11;39;8;LOS NAVEROS;;;;;
4;11;39;9;LA OLIVA;;;;;
4;11;39;10;EL PALMAR;;;;;
4;11;39;11;LOS PARRALEJOS;;;;;
4;11;39;12;SANTA LUCÍA;;;;;
4;11;39;13;VEJER DE LA FRONTERA;;;;;
4;11;39;15;CAÑADA ANCHA;;;;;
4;11;39;16;NAJARA;;;;;
4;11;39;17;PATRIA;;;;;
4;11;39;18;LIBREROS;;;;;
4;11;39;100;EL PALMAR;;;;;
4;11;39;101;LA BARCA;;;;;
4;11;39;121;SANTA LUCÍA;;;;;
4;11;39;131;VEJER DE LA FRONTERA;;;;;
4;11;39;151;CAÑADA ANCHA;;;;;
4;11;39;201;CANTARRANAS;;;;;
4;11;39;501;LAS LOMAS;;;;;
4;11;39;701;LA MUELA;;;;;
4;11;39;801;LOS NAVEROS;;;;;
4;11;39;901;LA OLIVA;;;;;
4;11;39;1001;EL PALMAR;;;;;
4;11;39;1201;SANTA LUCÍA;;;;;
4;11;39;1301;VEJER DE LA FRONTERA;;;;;
4;11;39;1501;CAÑADA ANCHA;;;;;
4;11;40;1;VILLALUENGA DEL ROSARIO;;;;;
4;11;40;101;VILLALUENGA DEL ROSARIO;;;;;
4;11;41;1;LA CIERVA;;;;;
4;11;41;2;ERMITA DE LAS MONTAÑAS;;;;;
4;11;41;3;VILLAMARTÍN;;;;;
4;11;41;301;VILLAMARTÍN;;;;;
4;11;42;1;ARROYO MOLINOS;;;;;
4;11;42;2;BOCALEONES;;;;;
4;11;42;3;LAS CASAS;;;;;
4;11;42;4;ZAHARA;;;;;
4;11;42;401;ZAHARA;;;;;
4;11;901;1;BENALUP;;;;;
4;11;901;2;LAS LAGUNETAS;;;;;
4;11;901;101;BENALUP;;;;;
4;11;901;201;LAS LAGUNETAS;;;;;
4;11;902;1;ALCORNOCALEJO;;;;;
4;11;902;2;GIGONZA;;;;;
4;11;902;3;LOS HURONES;;;;;
4;11;902;4;LOS LLANOS;;;;;
4;11;902;5;EL PINTO;;;;;
4;11;902;6;SAN JOSE DEL VALLE;;;;;
4;11;902;7;TEMPUL;;;;;
4;11;902;101;ALCORNOCALEJO;;;;;
4;11;902;301;LOS HURONES;;;;;
4;11;902;501;EL PINTO;;;;;
4;11;902;601;SAN JOSÉ DEL VALLE;;;;;
4;11;999;0;NO DETERMINADA;;;;;
4;14;1;1;ADAMUZ;;;;;
4;14;1;2;ALGALLARÍN;;;;;
4;14;2;1;AGUILAR DE LA FRONTERA;;;;;
4;14;3;1;ALCARACEJOS;;;;;
4;14;4;1;ALMEDINILLA;;;;;
4;14;4;4;BRACANA;;;;;
4;14;4;5;LA CARRASCA;;;;;
4;14;4;6;CUESTA BLANCA;;;;;
4;14;4;7;LA FUENTE GRANDE;;;;;
4;14;4;10;SILERAS;;;;;
4;14;4;12;VENTA VALERO;;;;;
4;14;5;1;ALMODOVAR DEL RÍO;;;;;
4;14;5;4;LOS LLANOS;;;;;
4;14;5;6;LOS MOCHOS;;;;;
4;14;5;7;NUESTRA SEÑORA DEL ROSARIO;;;;;
4;14;6;1;AÑORA;;;;;
4;14;7;1;ALADID;;;;;
4;14;7;2;ALBENDIN;;;;;
4;14;7;3;BAENA;;;;;
4;14;7;5;FUENTIDUEÑA;;;;;
4;14;7;6;MANOSALVA;;;;;
4;14;7;7;PALOMAREJO;;;;;
4;14;7;9;LA SIERRA;;;;;
4;14;8;1;BELALCAZAR;;;;;
4;14;8;2;CACHIPORRO;;;;;
4;14;8;3;CHAPARRAL;;;;;
4;14;8;4;DEHESA DE LAS ALCANTARILLAS;;;;;
4;14;8;5;MADROÑIZ;;;;;
4;14;8;6;SANTA CLARA;;;;;
4;14;9;1;BÉLMEZ;;;;;
4;14;9;2;DOÑA RAMA;;;;;
4;14;9;3;EL ENTREDICHO;;;;;
4;14;9;4;EL HOYO;;;;;
4;14;10;1;BENAMEJI;;;;;
4;14;10;2;EL TEJAR;;;;;
4;14;11;1;LOS BLÁZQUEZ;;;;;
4;14;12;1;BUJALANCE;;;;;
4;14;12;2;LA CRUZ;;;;;
4;14;12;3;DEHESA DE POTROS;;;;;
4;14;12;4;LOS LEONES;;;;;
4;14;12;5;MARÍA APARICIO;;;;;
4;14;12;6;MORENTE;;;;;
4;14;13;1;LA ALCAIDÍA;;;;;
4;14;13;2;LA ALCANTARILLA;;;;;
4;14;13;3;LOS ARANDA;;;;;
4;14;13;4;LA BENITA;;;;;
4;14;13;5;CABRA;;;;;
4;14;13;6;LA ESTACIÓN;;;;;
4;14;13;7;ERMITA DE LA ESPERANZA;;;;;
4;14;13;8;ERMITA VIRGEN DE LA SIERRA;;;;;
4;14;13;9;GAENA-CASAS GALLEGAS;;;;;
4;14;13;10;EL MARTINETE;;;;;
4;14;14;1;CAÑETE DE LAS TORRES;;;;;
4;14;15;1;ALGAR;;;;;
4;14;15;2;BERNABÉ;;;;;
4;14;15;3;CARCABUEY;;;;;
4;14;15;4;FUENTE DURA;;;;;
4;14;15;5;LOS LÓPEZ;;;;;
4;14;15;7;EL PORTAZGO;;;;;
4;14;16;1;AZUEL;;;;;
4;14;16;2;CARDEÑA;;;;;
4;14;16;3;VENTA DEL CHARCO;;;;;
4;14;17;1;LOS ALGARBES;;;;;
4;14;17;2;EL ARRECIFE;;;;;
4;14;17;4;LA CARLOTA;;;;;
4;14;17;5;CHICA-CARLOTA;;;;;
4;14;17;6;FUENCUBIERTA;;;;;
4;14;17;7;EL GARABATO;;;;;
4;14;17;8;MONTE ALTO;;;;;
4;14;17;9;LA PAZ;;;;;
4;14;17;10;LAS PINEDAS;;;;;
4;14;17;11;QUINTANA;;;;;
4;14;17;12;EL RINCONCILLO;;;;;
4;14;18;1;EL CARPIO;;;;;
4;14;18;2;LA HUELGA;;;;;
4;14;18;3;MARUANAS;;;;;
4;14;18;4;SAN ANTONIO;;;;;
4;14;19;1;LLANO DEL ESPINAR;;;;;
4;14;19;2;CARCHENA;;;;;
4;14;19;3;CASTRO DEL RÍO;;;;;
4;14;19;4;GARCI-CALVO;;;;;
4;14;19;5;TORRE DEL PUERTO;;;;;
4;14;20;1;CONQUISTA;;;;;
4;14;21;2;ALAMEDA DEL OBISPO;;;;;
4;14;21;3;ALCOLEA;;;;;
4;14;21;4;LOS ARENALES;;;;;
4;14;21;6;LOS CANSINOS;;;;;
4;14;21;7;CASTILLO DE LA ALBAIDA;;;;;
4;14;21;8;CERRO MURIANO;;;;;
4;14;21;9;CORDOBA;;;;;
4;14;21;10;ENCINAREJO DE CORDOBA;;;;;
4;14;21;11;LAS ERMITAS;;;;;
4;14;21;13;EL HIGUERÓN;;;;;
4;14;21;15;MAJANEQUE;;;;;
4;14;21;16;MEDINA AZAHARA;;;;;
4;14;21;17;LOS MORALES;;;;;
4;14;21;18;NUESTRA SEÑORA DE LINARES;;;;;
4;14;21;19;PEDROCHES;;;;;
4;14;21;20;PRAGDENA;;;;;
4;14;21;21;PUENTE VIEJO;;;;;
4;14;21;22;LAS QUEMADAS;;;;;
4;14;21;23;SANTA MARÍA DE TRASSIERRA;;;;;
4;14;21;25;SANTO DOMINGO;;;;;
4;14;21;26;TORRES CABRERA;;;;;
4;14;21;27;VALCHILLÓN;;;;;
4;14;21;28;VILLARRUBIA;;;;;
4;14;21;29;SANTA CRUZ;;;;;
4;14;22;1;DOÑA MENCÍA;;;;;
4;14;23;1;DOS TORRES;;;;;
4;14;24;1;ENCINAS REALES;;;;;
4;14;24;2;VADOFRESNO;;;;;
4;14;24;3;VENTA DEL RÍA ANZUR;;;;;
4;14;24;4;ZURREÓN;;;;;
4;14;25;1;ESPEJO;;;;;
4;14;26;1;LA BALLESTA;;;;;
4;14;26;2;CENTRAL TÉRMICA PUENTE NUEVO;;;;;
4;14;26;3;ESPIEL;;;;;
4;14;26;4;ESTACIÓN DE ESPIEL;;;;;
4;14;26;5;FUENTE AGRIA;;;;;
4;14;26;6;MINA DE LA CONCEPCIÓN;;;;;
4;14;26;7;EL VACAR;;;;;
4;14;27;1;FERNÁN NUÑEZ;;;;;
4;14;28;1;FUENTE LA LANCHA;;;;;
4;14;29;1;EL ALCORNOCAL;;;;;
4;14;29;2;ARGALLÓN;;;;;
4;14;29;3;CAÑADA DEL GAMO;;;;;
4;14;29;4;LA CARDENCHOSA;;;;;
4;14;29;5;LA CORONADA;;;;;
4;14;29;6;CUENCA;;;;;
4;14;29;7;FUENTE OBEJUNA;;;;;
4;14;29;8;LOS MORENOS;;;;;
4;14;29;9;NAVALCUERVO;;;;;
4;14;29;10;OJUELOS ALTOS;;;;;
4;14;29;11;OJUELOS BAJOS;;;;;
4;14;29;12;LOS PANCHEZ;;;;;
4;14;29;13;PICONCILLO;;;;;
4;14;29;14;PORVENIR DE LA INDUSTRIA;;;;;
4;14;29;15;POSADILLA;;;;;
4;14;30;1;CAÑADA DEL RABADÁN;;;;;
4;14;30;2;ALDEA DE FUENTE CARRETERO;;;;;
4;14;30;3;FUENTE PALMERA;;;;;
4;14;30;4;LA HERRERÍA;;;;;
4;14;30;5;OCHAVILLO DEL RÍO;;;;;
4;14;30;6;PEÑALOSA;;;;;
4;14;30;7;SILILLOS;;;;;
4;14;30;8;LA VENTILLA;;;;;
4;14;30;9;VILLALÓN;;;;;
4;14;30;10;VILLAR;;;;;
4;14;31;1;EL CAÑUELO;;;;;
4;14;31;2;LA CUBERTILLA;;;;;
4;14;31;3;FUENTE-TOJAR;;;;;
4;14;31;4;TODOSAIRES;;;;;
4;14;32;1;LA GRANJUELA;;;;;
4;14;33;1;BARRIO DE SAN VICENTE;;;;;
4;14;33;4;GUADALCAZAR;;;;;
4;14;34;1;EL GUIJO;;;;;
4;14;35;1;HINOJOSA DEL DUQUE;;;;;
4;14;36;2;EL AGUILA;;;;;
4;14;36;4;LAS ALJABARAS;;;;;
4;14;36;5;EL ALTA;;;;;
4;14;36;6;LOS ÁNGELES;;;;;
4;14;36;7;BEMBEZAR DEL CAUDILLO;;;;;
4;14;36;8;CÉSPEDES;;;;;
4;14;36;9;LOS CORRALES;;;;;
4;14;36;10;HORNACHUELOS;;;;;
4;14;36;12;MESAS DE GUADALORA;;;;;
4;14;36;13;LAS MEZQUETILLAS;;;;;
4;14;36;14;NAVA DE LOS CORCHOS;;;;;
4;14;36;15;PUEBLA DE LA PARRILLA;;;;;
4;14;36;16;SAN CALIXTO;;;;;
4;14;36;19;LA ALMARJA;;;;;
4;14;36;20;MORATALLA;;;;;
4;14;37;1;EL ADELANTADO;;;;;
4;14;37;2;ALARCONAS Y ANTORCHAS;;;;;
4;14;37;3;ARROYO DE PRIEGO;;;;;
4;14;37;4;ARROYO DEL CEREZO;;;;;
4;14;37;5;LA CELADA;;;;;
4;14;37;6;CIERZOS Y CABRERAS;;;;;
4;14;37;7;LOS CONCEJOS;;;;;
4;14;37;8;CORONA ALGAIDA Y GATA;;;;;
4;14;37;9;FUENTE DEL CONDE;;;;;
4;14;37;10;EL HIGUERAL;;;;;
4;14;37;11;LA HOZ;;;;;
4;14;37;12;IZNAJAR;;;;;
4;14;37;13;EL JARAMILLO;;;;;
4;14;37;14;LOS JUNCARES;;;;;
4;14;37;15;MONTES CLAROS;;;;;
4;14;37;16;LOS PECHOS;;;;;
4;14;37;17;SOLERCHE;;;;;
4;14;37;18;VALENZUELA Y LLANADAS;;;;;
4;14;37;19;VENTORROS DE BALERMA;;;;;
4;14;37;20;VALDEARENAS;;;;;
4;14;38;1;ANJARÓN;;;;;
4;14;38;2;ARROYUELOS;;;;;
4;14;38;4;CAMPO DE ARAS;;;;;
4;14;38;6;DEHESA DEL CAÑAVERAL;;;;;
4;14;38;8;JAUJA;;;;;
4;14;38;9;LUCENA;;;;;
4;14;38;10;MARTÍN GONZALEZ;;;;;
4;14;38;12;NAVAS DEL SELPILLAR;;;;;
4;14;38;13;LOS PIEDROS;;;;;
4;14;38;14;LOS SANTOS;;;;;
4;14;39;1;LA ESTACIÓN;;;;;
4;14;39;2;LUQUE;;;;;
4;14;39;3;MARBELLA;;;;;
4;14;39;4;LOS MONTES;;;;;
4;14;39;5;MORELLANA;;;;;
4;14;39;6;PEÑILLAS;;;;;
4;14;40;1;MONTALBÁN DE CÓRDOBA;;;;;
4;14;41;1;MONTEMAYOR;;;;;
4;14;42;1;CERRO DEL HUMO;;;;;
4;14;42;2;CORTIJO BLANCO;;;;;
4;14;42;3;JARATA;;;;;
4;14;42;4;LLANO DEL MESTO;;;;;
4;14;42;6;MONTILLA;;;;;
4;14;42;7;RIOFRIO;;;;;
4;14;42;8;LA SALUD;;;;;
4;14;42;9;SAN FRANCISCO;;;;;
4;14;42;11;LA SIERRA O BUENAVISTA;;;;;
4;14;42;12;LA ZARZA;;;;;
4;14;43;1;CAMPIÑA;;;;;
4;14;43;2;CASILLAS DE VELASCO;;;;;
4;14;43;3;CHARCO EL NOVILLO;;;;;
4;14;43;4;LA ESTACIÓN;;;;;
4;14;43;5;HUERTOS FAMILIARES DE S.FERNANDO;;;;;
4;14;43;6;MADROÑAL;;;;;
4;14;43;7;MONTORO;;;;;
4;14;43;8;NAVA;;;;;
4;14;43;9;SANTA BRIGIDA;;;;;
4;14;43;10;TORRECILLA;;;;;
4;14;44;1;CID TOLEDO;;;;;
4;14;44;2;LOS LLANOS;;;;;
4;14;44;3;MONTURQUE;;;;;
4;14;44;4;PIEDRAS DE VARO;;;;;
4;14;45;1;MORILES;;;;;
4;14;46;3;NUEVA CARTEYA;;;;;
4;14;47;1;CERRO MURIANO;;;;;
4;14;47;2;ESTACIÓN DE OBEJO;;;;;
4;14;47;3;OBEJO;;;;;
4;14;48;1;PALENCIANA;;;;;
4;14;49;1;ARRIEL;;;;;
4;14;49;2;LA BARQUETA;;;;;
4;14;49;3;EL CALONGE;;;;;
4;14;49;4;EL CARRASCAL;;;;;
4;14;49;5;LA CHIRRITANA;;;;;
4;14;49;6;LA ESTACIÓN;;;;;
4;14;49;7;LA GRAJA;;;;;
4;14;49;8;LA JARA;;;;;
4;14;49;9;PALMA DE RÍO;;;;;
4;14;49;10;PEDRO DÍAZ;;;;;
4;14;49;11;PIMENTADA;;;;;
4;14;49;12;EL PIZÓN;;;;;
4;14;49;13;EL RINCÓN;;;;;
4;14;49;14;VEGA DE SANTA LUCÍA;;;;;
4;14;50;1;PEDRO ABAD;;;;;
4;14;51;1;PEDROCHE;;;;;
4;14;52;3;PEÑARROYA-PUEBLONUEVO;;;;;
4;14;53;9;POSADAS;;;;;
4;14;53;10;RIVERO DE POSADAS;;;;;
4;14;54;1;POZOBLANCO;;;;;
4;14;55;1;LAS ANGOSTURAS;;;;;
4;14;55;2;AZORES;;;;;
4;14;55;3;CAMPO NUBES;;;;;
4;14;55;4;EL CAÑUELO;;;;;
4;14;55;5;EL CASTELLAR;;;;;
4;14;55;6;CASTIL DE CAMPOS;;;;;
4;14;55;7;LA CONCEPCIÓN;;;;;
4;14;55;9;EL ESPARRAGAL;;;;;
4;14;55;10;GENILLA;;;;;
4;14;55;11;LAS HIGUERAS;;;;;
4;14;55;12;JAULA;;;;;
4;14;55;13;LAS LAGUNILLAS;;;;;
4;14;55;14;LAS NAVAS;;;;;
4;14;55;15;NAVASEQUILLA;;;;;
4;14;55;16;LAS PARADEJAS;;;;;
4;14;55;17;EL POLEO;;;;;
4;14;55;18;LA POYATA;;;;;
4;14;55;19;LOS PRADOS;;;;;
4;14;55;20;PRIEGO DE CÓRDOBA;;;;;
4;14;55;21;EL SALADO;;;;;
4;14;55;22;EL SOLVITO;;;;;
4;14;55;23;EL TARAJAL;;;;;
4;14;55;24;LA VEGA;;;;;
4;14;55;25;LOS VILLARES;;;;;
4;14;55;28;ZAMORANOS;;;;;
4;14;55;29;ZAGRILLA;;;;;
4;14;56;1;ARENALES;;;;;
4;14;56;2;BOCAS DE RIGUELO;;;;;
4;14;56;5;CORDOBILLA;;;;;
4;14;56;8;ISLA DEL OBISPO;;;;;
4;14;56;9;MAJADA VIEJA;;;;;
4;14;56;10;LA MINA;;;;;
4;14;56;11;PALOMAR;;;;;
4;14;56;12;PUENTE GENIL;;;;;
4;14;56;13;PUERTO ALEGRE;;;;;
4;14;56;14;EL RABANAL;;;;;
4;14;56;16;RIBERA ALTA;;;;;
4;14;56;17;RIBERA BAJA;;;;;
4;14;56;18;SOTOGORDO;;;;;
4;14;57;2;LA RAMBLA;;;;;
4;14;58;1;ARROYO TIJERAS;;;;;
4;14;58;2;BURBUNERA;;;;;
4;14;58;3;CAMPULLAS;;;;;
4;14;58;4;CAÑADA DE ZAMBRA;;;;;
4;14;58;5;CERRILLO ZAMBRA;;;;;
4;14;58;8;FUENTE DE LAS CAÑAS;;;;;
4;14;58;9;GRANADILLA;;;;;
4;14;58;10;LA HOZ;;;;;
4;14;58;11;ISLA ALTA;;;;;
4;14;58;12;ISLA BAJA;;;;;
4;14;58;13;LLANOS DE DON JUAN;;;;;
4;14;58;14;LOS MOLARES;;;;;
4;14;58;15;EL NACIMIENTO;;;;;
4;14;58;16;PALOMARES;;;;;
4;14;58;17;PANTANO;;;;;
4;14;58;18;LOS PÉREZ;;;;;
4;14;58;19;LAS PIEDRAS;;;;;
4;14;58;21;RÍO ANZUR;;;;;
4;14;58;22;RUTE;;;;;
4;14;58;23;EL VADILLO;;;;;
4;14;58;24;LAS VÍBORAS;;;;;
4;14;58;25;ZAMBRA;;;;;
4;14;59;1;SAN SEBASTIÁN DE LOS BALLESTEROS;;;;;
4;14;60;3;EL FONTANAR;;;;;
4;14;60;4;LA GUIJARROSA;;;;;
4;14;60;5;HUERTAS BOCAS DEL SALADO;;;;;
4;14;60;6;HUERTAS DEL INGENIERO;;;;;
4;14;60;7;HUERTAS DEL SOL;;;;;
4;14;60;8;LA MONTIELA;;;;;
4;14;60;9;SANTAELLA;;;;;
4;14;61;1;SANTA EUFEMIA;;;;;
4;14;62;1;TORRECAMPO;;;;;
4;14;63;1;VALENZUELA;;;;;
4;14;64;1;VALSEQUILLO;;;;;
4;14;65;3;LA VICTORIA;;;;;
4;14;66;1;VILLA DEL RÍO;;;;;
4;14;67;1;VILLAFRANCA DE CÓRDOBA;;;;;
4;14;68;1;VILLAHARTA;;;;;
4;14;68;2;CERRO MIGUELITO;;;;;
4;14;68;3;LA MIMBRE;;;;;
4;14;68;4;PABELLONES DE SAN ISIDRO;;;;;
4;14;68;5;SOLANA DEL PEÑÓN;;;;;
4;14;69;1;VILLANUEVA DE CÓRDOBA;;;;;
4;14;70;1;MOJONERA;;;;;
4;14;70;2;VILLANUEVA DEL DUQUE;;;;;
4;14;71;1;VILLANUEVA DEL REY;;;;;
4;14;72;1;VILLARALTO;;;;;
4;14;73;1;EL VACAR;;;;;
4;14;73;2;VILLAVICIOSA DE CÓRDOBA;;;;;
4;14;74;2;EL VISO;;;;;
4;14;75;1;ZUHEROS;;;;;
4;14;999;0;NO DETERMINADA;;;;;
4;18;1;1;AGRON;;;;;
4;18;2;1;ALAMEDILLA;;;;;
4;18;2;2;EL HACHO;;;;;
4;18;2;3;LOS OQUEALES;;;;;
4;18;2;4;EL PEÑON;;;;;
4;18;2;5;RAMBLA DE LOS LOBOS;;;;;
4;18;3;1;ALBOLOTE;;;;;
4;18;3;3;CORTIJO DEL AIRE;;;;;
4;18;3;4;EL CHAPARRAL;;;;;
4;18;3;5;PARQUE DEL CUBILLAS;;;;;
4;18;4;1;ALBONDON;;;;;
4;18;4;2;LOMA DEL AIRE;;;;;
4;18;4;3;LOS COZARES;;;;;
4;18;4;5;EL CASTILLO;;;;;
4;18;4;6;LOS VARGAS;;;;;
4;18;5;1;ALBUÑAN;;;;;
4;18;6;1;ALBUÑOL;;;;;
4;18;6;2;LOS CASTILLAS;;;;;
4;18;6;3;LOS CHAULINES;;;;;
4;18;6;4;LA ERMITA;;;;;
4;18;6;5;EL POZUELO;;;;;
4;18;6;6;LA RABITA;;;;;
4;18;7;1;ALBUÑUELAS;;;;;
4;18;7;2;DE LA LOMA;;;;;
4;18;10;1;ALDEIRE;;;;;
4;18;11;1;ALFACAR;;;;;
4;18;11;2;FUENTE GRANDE;;;;;
4;18;12;1;ALGARINEJO;;;;;
4;18;12;2;LA CARRERA DE LA VIÑA;;;;;
4;18;12;3;FUENTES DE CESNA;;;;;
4;18;12;4;PALANCAR;;;;;
4;18;12;5;LA SAUCEDILLA;;;;;
4;18;12;6;SIERRA DE OJETE (CHITE);;;;;
4;18;12;7;DEHESILLA;;;;;
4;18;13;1;ALHAMA DE GRANADA;;;;;
4;18;13;3;BUENAVISTA;;;;;
4;18;13;7;PILAS DE ALGAIDA;;;;;
4;18;13;10;VENTAS DE ZAFARRAYA;;;;;
4;18;14;1;ALHENDIN;;;;;
4;18;15;1;ALICUN DE ORTEGA;;;;;
4;18;16;1;ALMEGIJAR;;;;;
4;18;16;2;NOTAEZ;;;;;
4;18;16;3;LA SOLANA;;;;;
4;18;16;4;LA UMBRIA;;;;;
4;18;17;1;ALMUÑECAR;;;;;
4;18;17;4;LA HERRADURA;;;;;
4;18;17;5;EL RESCATE;;;;;
4;18;17;6;RIO SECO;;;;;
4;18;17;7;VELILLA-TARAMAY;;;;;
4;18;17;8;TORRECUEVAS;;;;;
4;18;17;9;EL CERVAL;;;;;
4;18;18;1;ALQUIFE;;;;;
4;18;18;2;MINAS DEL MARQUESADO;;;;;
4;18;18;3;SAN ANTONIO;;;;;
4;18;18;4;VIRGEN DE BEGOÑA;;;;;
4;18;18;5;SAN HERMENEGILDO;;;;;
4;18;20;1;ARENAS DEL REY;;;;;
4;18;20;2;FORNES;;;;;
4;18;20;3;JATAR;;;;;
4;18;20;4;PANTANO DE LOS BERMEJALES;;;;;
4;18;21;1;ARMILLA;;;;;
4;18;21;2;SANTA JULIANA;;;;;
4;18;22;1;ATARFE;;;;;
4;18;22;2;CAPARACENA;;;;;
4;18;22;3;SIERRA ELVIRA;;;;;
4;18;23;2;BAUL;;;;;
4;18;23;3;BAZA;;;;;
4;18;23;6;LA JAMULA;;;;;
4;18;23;7;RIO DE BAZA;;;;;
4;18;23;9;BENACEBADA;;;;;
4;18;24;1;BEAS DE GRANADA;;;;;
4;18;25;1;BEAS DE GUADIX;;;;;
4;18;27;1;BENALUA DE GUADIX;;;;;
4;18;28;1;BENALUA DE LAS VILLAS;;;;;
4;18;29;1;BENAMAUREL;;;;;
4;18;29;3;CUEVAS DE LUNA;;;;;
4;18;29;4;CUEVAS DEL NEGRO;;;;;
4;18;29;5;PUENTE ARRIBA;;;;;
4;18;29;6;SAN MARCOS;;;;;
4;18;29;7;CUEVAS DE LA BLANCA;;;;;
4;18;29;8;HUERTA REAL;;;;;
4;18;30;1;ALCUTAR;;;;;
4;18;30;2;BERCHULES;;;;;
4;18;32;1;BUBION;;;;;
4;18;33;1;BUSQUISTAR;;;;;
4;18;33;2;LOS CABALLEROS;;;;;
4;18;33;4;LOS LLANOS;;;;;
4;18;34;1;CACIN;;;;;
4;18;34;2;EL TURRO;;;;;
4;18;35;1;CADIAR;;;;;
4;18;35;2;NARILA;;;;;
4;18;35;3;LA RAMBLA DEL BANCO;;;;;
4;18;35;4;YATOR;;;;;
4;18;36;1;CAJAR;;;;;
4;18;37;1;CALICASAS;;;;;
4;18;38;1;CAMPOTEJAR;;;;;
4;18;39;1;BALAX;;;;;
4;18;39;3;CANILES;;;;;
4;18;39;4;EL FRANCES;;;;;
4;18;39;5;LOS GALLARDOS;;;;;
4;18;39;6;LA JAUCA;;;;;
4;18;39;7;MACLITE;;;;;
4;18;39;8;LAS MOLINERAS;;;;;
4;18;39;9;LOS OLMOS;;;;;
4;18;39;10;LOS PINOS;;;;;
4;18;39;11;REJANO;;;;;
4;18;39;13;LA VEGA;;;;;
4;18;40;1;CAÑAR;;;;;
4;18;42;1;CAPILEIRA;;;;;
4;18;43;1;LAS CAÑADILLAS;;;;;
4;18;43;2;CARATAUNAS;;;;;
4;18;44;1;CASTARAS;;;;;
4;18;44;2;NIELES;;;;;
4;18;45;1;LOS CARRIONES;;;;;
4;18;45;2;CASTILLEJAR;;;;;
4;18;45;4;EL OLIVAR;;;;;
4;18;46;1;ALMONTARAS;;;;;
4;18;46;2;CASTRIL;;;;;
4;18;46;3;CEBAS;;;;;
4;18;46;4;FATIMA;;;;;
4;18;46;5;FUENTE VERA;;;;;
4;18;46;6;MARTIN;;;;;
4;18;47;2;CENES DE LA VEGA;;;;;
4;18;48;1;CIJUELA;;;;;
4;18;49;1;COGOLLOS DE GUADIX;;;;;
4;18;50;1;COGOLLOS VEGA;;;;;
4;18;51;1;COLOMERA;;;;;
4;18;53;1;CAMPO CAMARA;;;;;
4;18;53;2;CORTES DE BAZA;;;;;
4;18;53;3;LAS CUCHARETAS;;;;;
4;18;53;4;LA ERMITA;;;;;
4;18;53;5;LOS LANEROS;;;;;
4;18;53;6;LA TEJA;;;;;
4;18;54;1;LOS BAÑOS;;;;;
4;18;54;2;CORTES;;;;;
4;18;54;3;GRAENA;;;;;
4;18;54;4;LOPERA;;;;;
4;18;56;1;CULLAR;;;;;
4;18;56;2;EL MARGEN;;;;;
4;18;56;3;POZO IGLESIAS;;;;;
4;18;56;4;PULPITE;;;;;
4;18;56;5;EL SAUCO;;;;;
4;18;56;7;VENTA DEL PERAL;;;;;
4;18;56;8;VENTA QUEMADA;;;;;
4;18;56;9;LAS VERTIENTES;;;;;
4;18;56;10;MATIAN;;;;;
4;18;57;1;CULLAR VEGA;;;;;
4;18;57;2;EL VENTORRILLO;;;;;
4;18;59;1;CHAUCHINA;;;;;
4;18;59;2;ROMILLA;;;;;
4;18;59;3;ROMILLA LA NUEVA;;;;;
4;18;61;1;CASTILLO DE TAJARJA;;;;;
4;18;61;2;CHIMENEAS;;;;;
4;18;62;1;CHURRIANA DE LA VEGA;;;;;
4;18;63;1;DARRO;;;;;
4;18;64;2;DEHESAS DE GUADIX;;;;;
4;18;65;1;DEHESAS VIEJAS;;;0;0;0
4;18;66;1;DEIFONTES;;;;;
4;18;67;1;DIEZMA;;;;;
4;18;67;2;SILLAR BAJA;;;;;
4;18;68;1;DILAR;;;;;
4;18;69;1;DOLAR;;;;;
4;18;69;2;EL POCICO;;;;;
4;18;70;1;DUDAR;;;;;
4;18;70;2;AGUAS BLANCAS;;;;;
4;18;71;2;DURCAL;;;;;
4;18;71;3;MARCHENA;;;;;
4;18;72;1;ESCUZAR;;;;;
4;18;74;1;FERREIRA;;;;;
4;18;76;1;FONELAS;;;;;
4;18;78;1;FREILA;;;;;
4;18;78;2;LOS LOTES;;;;;
4;18;78;3;POBLADO DEL NEGRATIN;;;;;
4;18;79;2;FUENTE VAQUEROS;;;;;
4;18;79;3;LA PAZ;;;;;
4;18;82;1;LA ALQUERIA;;;;;
4;18;82;2;BUENAVISTA;;;;;
4;18;82;3;CORTIJOS DEL CURA;;;;;
4;18;82;4;GALERA;;;;;
4;18;83;1;DELGADILLO;;;;;
4;18;83;2;GOBERNADOR;;;;;
4;18;84;1;GOJAR;;;;;
4;18;85;1;CENASCURAS;;;;;
4;18;85;2;LOS CORRALES;;;;;
4;18;85;3;ESTACION DE GORAFE;;;;;
4;18;85;4;GOR;;;;;
4;18;85;5;LAS JUNTAS;;;;;
4;18;85;6;RAMBLA DE VALDIQUIN;;;;;
4;18;85;7;ROYO DEL SERVAL;;;;;
4;18;85;8;LAS VIÑAS;;;;;
4;18;86;1;GORAFE;;;;;
4;18;87;1;ALQUERIA DEL FARGUE;;;;;
4;18;87;2;BOBADILLA;;;;;
4;18;87;3;CERRILLO DE MARACENA;;;;;
4;18;87;4;GRANADA;;;;;
4;18;87;5;LANCHA DEL GENIL;;;;;
4;18;88;1;GUADAHORTUNA;;;;;
4;18;89;1;BACOR-OLIVAR;;;;;
4;18;89;3;BELERDA;;;;;
4;18;89;4;ESTACION DE GUADIX;;;;;
4;18;89;5;GUADIX;;;;;
4;18;89;6;HERNAN-VALLE;;;;;
4;18;89;7;PAULENCA;;;;;
4;18;93;1;EL ROMERAL;;;;;
4;18;93;2;CASTELL DE FERRO;;;;;
4;18;93;3;GUALCHOS;;;;;
4;18;93;4;JOLUCAR;;;;;
4;18;94;1;CANALES;;;;;
4;18;94;2;GUEJAR SIERRA;;;;;
4;18;95;1;GÜEVEJAR;;;;;
4;18;96;1;HUELAGO;;;;;
4;18;97;1;LAS CUEVAS;;;;;
4;18;97;2;LA ESTACION;;;;;
4;18;97;3;HUENEJA;;;;;
4;18;97;4;LA HUERTEZUELA;;;;;
4;18;98;1;BARRIO NUEVO;;;;;
4;18;98;2;HUESCAR;;;;;
4;18;98;5;SAN CLEMENTE;;;;;
4;18;99;1;HUETOR-SANTILLAN;;;;;
4;18;99;2;EL MOLINILLO;;;;;
4;18;99;3;PRADO NEGRO;;;;;
4;18;100;1;CALARDOS;;;;;
4;18;100;2;LA ESPERANZA;;;;;
4;18;100;3;ESTACION DE HUETOR TAJAR;;;;;
4;18;100;4;HUETOR-TAJAR;;;;;
4;18;100;5;LAS TORRES;;;;;
4;18;100;6;VENTA NUEVA;;;;;
4;18;101;1;HUETOR-VEGA;;;;;
4;18;102;1;LA ALHONDIGUILLA;;;;;
4;18;102;2;ALOMARTES;;;;;
4;18;102;3;BRACANA;;;;;
4;18;102;4;ESCOZNAR;;;;;
4;18;102;5;OBEILAR;;;;;
4;18;102;7;ILLORA;;;;;
4;18;102;8;TOCON;;;;;
4;18;102;9;VALLEQUEMADO;;;;;
4;18;102;10;VENTAS ALGARRA;;;;;
4;18;103;1;ITRABO;;;;;
4;18;105;1;BARCINAS;;;;;
4;18;105;2;COTILFAR;;;;;
4;18;105;3;DEHESAS VIEJAS;;;;;
4;18;105;4;DOMINGO PEREZ;;;;;
4;18;105;5;FAUCENA;;;;;
4;18;105;6;EL FRAGE;;;;;
4;18;105;7;IZNALLOZ;;;;;
4;18;105;8;LOS MONTALBANES;;;;;
4;18;105;9;ONITAR;;;;;
4;18;105;10;POLORIA;;;;;
4;18;105;11;TERRE;;;;;
4;18;105;12;VENTA DE ANDAR;;;;;
4;18;106;1;JATAR;;;0;0;0
4;18;107;1;JAYENA;;;;;
4;18;108;1;JEREZ DEL MARQUESADO;;;;;
4;18;109;1;JETE;;;;;
4;18;111;1;JUN;;;;;
4;18;112;1;JUVILES;;;;;
4;18;114;2;LA CALAHORRA;;;;;
4;18;115;1;LACHAR;;;;;
4;18;115;2;PEÑUELAS;;;;;
4;18;116;1;LANJARON;;;;;
4;18;117;1;LANTEIRA;;;;;
4;18;119;1;ACEQUIAS;;;;;
4;18;119;2;BEZNAR;;;;;
4;18;119;3;CHITE;;;;;
4;18;119;4;TALARA;;;;;
4;18;119;5;MONDUJAR;;;;;
4;18;119;6;MURCHAS;;;;;
4;18;120;1;LENTEJI;;;;;
4;18;121;1;CUESTA DE ALMENDROS;;;;;
4;18;121;2;LOBRAS;;;;;
4;18;121;3;LOS MORONES;;;;;
4;18;121;4;TIMAR;;;;;
4;18;122;1;LOS ARENALES;;;;;
4;18;122;2;LA PALMA;;;;;
4;18;122;3;DEHESA DE LOS MONTES;;;;;
4;18;122;4;FUENTE CAMACHO;;;;;
4;18;122;5;LOJA;;;;;
4;18;122;6;MILANOS;;;;;
4;18;122;7;PLINES;;;;;
4;18;122;8;RIOFRIO;;;;;
4;18;122;9;AGICAMPE;;;;;
4;18;122;10;VENTORROS DE BALERMA;;;;;
4;18;122;11;VENTORROS DE LA LAGUNA;;;;;
4;18;122;12;VENTORROS DE SAN JOSE;;;;;
4;18;122;14;LOS ALAZORES;;;;;
4;18;122;15;CUESTA BLANCA;;;;;
4;18;122;16;LA ESPERANZA;;;;;
4;18;122;17;LA FABRICA;;;;;
4;18;122;18;EL FRONTIL;;;;;
4;18;122;19;MANZANIL;;;;;
4;18;122;20;VENTA DEL RAYO;;;;;
4;18;122;21;VENTA SANTA BARBARA;;;;;
4;18;122;22;LAS ROZUELAS;;;;;
4;18;122;23;EL BUJEO;;;;;
4;18;123;1;LUGROS;;;;;
4;18;124;1;LOS CARLOS;;;;;
4;18;124;4;LUJAR;;;;;
4;18;126;1;LA MALAHA;;;;;
4;18;127;1;MARACENA;;;;;
4;18;128;1;MARCHAL;;;;;
4;18;132;1;LIMONES;;;;;
4;18;132;2;MOCLIN;;;;;
4;18;132;3;OLIVARES;;;;;
4;18;132;4;PUERTO LOPE;;;;;
4;18;132;5;TIENA;;;;;
4;18;132;6;TOZAR;;;;;
4;18;132;7;GUMIEL;;;;;
4;18;133;1;MOLVIZAR;;;;;
4;18;134;1;BARRIO DE LA VEGA;;;;;
4;18;134;2;MONACHIL;;;;;
4;18;134;3;SIERRA NEVADA;;;;;
4;18;135;1;FORTALEZA;;;;;
4;18;135;2;CAMPO HUMANO;;;;;
4;18;135;3;CORCOLES;;;;;
4;18;135;4;CORTIJO DE BARATAS;;;;;
4;18;135;6;LOS HOSPITALES;;;;;
4;18;135;7;LOS GITANOS;;;;;
4;18;135;8;LOJILLA;;;;;
4;18;135;10;LOS MOLINOS;;;;;
4;18;135;11;MONTEFRIO;;;;;
4;18;135;12;RINCON DE TURCA;;;;;
4;18;135;13;LA VIÑUELA;;;;;
4;18;135;15;MILANOS;;;;;
4;18;136;3;MONTEJICAR;;;;;
4;18;137;1;MONTILLANA;;;;;
4;18;137;2;TRUJILLOS;;;;;
4;18;138;1;LORETO;;;;;
4;18;138;2;MORALEDA DE ZAFAYONA;;;;;
4;18;140;1;CALAHONDA;;;;;
4;18;140;2;LA GARNATILLA;;;;;
4;18;140;3;MOTRIL;;;;;
4;18;140;4;LOS TABLONES;;;;;
4;18;140;5;TORRENUEVA;;;;;
4;18;140;6;EL VARADERO;;;;;
4;18;140;7;CARCHUNA;;;;;
4;18;140;8;PUNTALON;;;;;
4;18;140;9;LAS VENTILLAS;;;;;
4;18;141;2;COJAYAR;;;;;
4;18;141;7;MECINA TEDEL;;;;;
4;18;141;9;MURTAS;;;;;
4;18;143;1;NIGÜELAS;;;;;
4;18;144;1;NIVAR;;;;;
4;18;145;1;OGIJARES;;;;;
4;18;146;1;FUENTE NUEVA;;;;;
4;18;146;2;ORCE;;;;;
4;18;146;3;VENTA MICENA;;;;;
4;18;147;1;AGUSTINES Y TIJOLA;;;;;
4;18;147;2;ALCAZAR;;;;;
4;18;147;4;LAS BARRERAS;;;;;
4;18;147;5;BAYACAS;;;;;
4;18;147;6;CERRO NEGRO;;;;;
4;18;147;10;ORGIVA;;;;;
4;18;147;11;PAGO Y BENISALTE;;;;;
4;18;147;13;LOS TABLONES;;;;;
4;18;147;14;SORTES-ABC-RABIETE;;;;;
4;18;148;1;OTIVAR;;;;;
4;18;149;1;OTURA;;;;;
4;18;150;3;PADUL;;;;;
4;18;151;1;PAMPANEIRA;;;;;
4;18;152;3;PEDRO-MARTINEZ;;;;;
4;18;153;1;PELIGROS;;;;;
4;18;153;2;MONTELUZ;;;;;
4;18;154;1;ALBUÑUELAS;;;;;
4;18;154;3;LA PEZA;;;;;
4;18;154;4;LOS VILLARES;;;;;
4;18;157;1;PINOS-GENIL;;;;;
4;18;157;2;LOS PINILLOS;;;;;
4;18;158;1;ALITAJE;;;;;
4;18;158;2;ANZOLA;;;;;
4;18;158;3;BUCOR;;;;;
4;18;158;4;BUENAVISTA;;;;;
4;18;158;5;CASANUEVA;;;;;
4;18;158;6;FUENSANTA;;;;;
4;18;158;7;PINOS-PUENTE;;;;;
4;18;158;9;TORRE ABECA;;;;;
4;18;158;10;TRASMULAS;;;;;
4;18;158;11;VALDERRUBIO;;;;;
4;18;158;12;ZUJAIRA;;;;;
4;18;159;1;BOGARRE;;;;;
4;18;159;2;PIÑAR;;;;;
4;18;161;1;POLICAR;;;;;
4;18;162;3;CASTILLO DE BAÑOS;;;;;
4;18;162;5;HAZA DEL TRIGO;;;;;
4;18;162;6;LA MAMOLA;;;;;
4;18;162;7;POLOPOS;;;;;
4;18;162;8;LA GUAPA;;;;;
4;18;163;1;PORTUGOS;;;;;
4;18;164;1;ALMACILES;;;;;
4;18;164;7;PUEBLA DE DON FADRIQUE;;;;;
4;18;165;1;PULIANAS;;;;;
4;18;165;2;PULIANILLAS;;;;;
4;18;167;1;EL BEJARIN;;;;;
4;18;167;2;PURULLENA;;;;;
4;18;168;1;QUENTAR;;;;;
4;18;168;2;TOCON;;;;;
4;18;170;1;BARRANCO FERRER;;;;;
4;18;170;2;LOS DIAZ;;;;;
4;18;170;3;LOS GALVEZ;;;;;
4;18;170;4;RAMBLA DEL AGUA;;;;;
4;18;170;5;RUBITE;;;;;
4;18;171;6;SALAR;;;;;
4;18;173;1;LA CALETA-GUARDIA;;;;;
4;18;173;2;LOBRES;;;;;
4;18;173;3;SALOBREÑA;;;;;
4;18;174;1;SANTA CRUZ DEL COMERCIO;;;;;
4;18;174;2;VALENZUELA;;;;;
4;18;175;1;EL JAU;;;;;
4;18;175;2;PEDRO RUIZ;;;;;
4;18;175;3;SANTA FE;;;;;
4;18;176;1;SOPORTUJAR;;;;;
4;18;177;1;ALFORNON;;;;;
4;18;177;2;MELICENA;;;;;
4;18;177;3;SORVILAN;;;;;
4;18;177;4;LOS YESOS;;;;;
4;18;178;1;TORRE-CARDELA;;;;;
4;18;179;1;TORVIZCON;;;;;
4;18;179;2;SALAS-CONTRAVIESA;;;;;
4;18;179;3;LA DEHESA;;;;;
4;18;180;1;TREVELEZ;;;;;
4;18;181;1;LOS CASIMIROS;;;;;
4;18;181;3;LOS MORAS;;;;;
4;18;181;4;LA NORIA;;;;;
4;18;181;5;TURON;;;;;
4;18;182;1;LAS CANTERAS;;;;;
4;18;182;2;CHERIN;;;;;
4;18;182;3;JORAIRATAR;;;;;
4;18;182;4;LOS MONTOROS;;;;;
4;18;182;6;UGIJAR;;;;;
4;18;183;1;MECINA ALFAHAR;;;;;
4;18;183;2;NECHITE;;;;;
4;18;183;3;VALOR;;;;;
4;18;184;1;LA GORGORACHA;;;;;
4;18;184;2;LAGOS;;;;;
4;18;184;3;VELEZ DE BENAUDALLA;;;;;
4;18;185;1;ACULA;;;;;
4;18;185;2;VENTAS DE HUELMA;;;;;
4;18;187;1;VILLANUEVA DE LAS TORRES;;;;;
4;18;188;1;VILLANUEVA MESIA;;;;;
4;18;189;1;VIZNAR;;;;;
4;18;192;1;EL ALMENDRAL;;;;;
4;18;192;2;RINCON DE LOS REINAS;;;;;
4;18;192;3;VENTA DE LA LECHE;;;;;
4;18;192;4;ZAFARRAYA;;;;;
4;18;193;1;CUMBRES VERDES;;;;;
4;18;193;2;EL BARRICHUELO;;;;;
4;18;193;3;LA ZUBIA;;;;;
4;18;194;2;CARRAMAIZA;;;;;
4;18;194;5;ZUJAR;;;;;
4;18;901;1;FERREIROLA;;;;;
4;18;901;2;MECINA FONDALES;;;;;
4;18;901;3;PITRES;;;;;
4;18;902;1;MELEGIS;;;;;
4;18;902;2;RESTABAL;;;;;
4;18;902;3;SALERES;;;;;
4;18;903;2;LAROLES;;;;;
4;18;903;3;MAIRENA;;;;;
4;18;903;4;PICENA;;;;;
4;18;904;1;GOLCO;;;;;
4;18;904;2;MECINA BOMBARON;;;;;
4;18;904;3;MONTENEGRO;;;;;
4;18;904;4;YEGEN;;;;;
4;18;905;1;GABIA CHICA;;;;;
4;18;905;2;GABIA GRANDE;;;;;
4;18;905;3;HIJAR;;;;;
4;18;906;1;GUAJAR ALTO;;;;;
4;18;906;2;GUAJAR FARAGÜIT;;;;;
4;18;906;3;GUAJAR FONDON;;;;;
4;18;907;1;ALCUDIA DE GUADIX;;;;;
4;18;907;2;CHARCHES;;;;;
4;18;907;3;ESFILIANA;;;;;
4;18;908;1;CONCHAR;;;;;
4;18;908;2;COZVIJAR;;;;;
4;18;909;1;ESTACION DE MOREDA;;;;;
4;18;909;2;LABORCILLAS;;;;;
4;18;909;3;MOREDA;;;;;
4;18;910;1;ACEBUCHES;;;;;
4;18;910;2;IZBOR;;;;;
4;18;910;3;PINOS DEL VALLE;;;;;
4;18;911;1;AMBROZ;;;;;
4;18;911;2;BELICENA;;;;;
4;18;911;3;CASAS BAJAS;;;;;
4;18;911;4;PURCHIL;;;;;
4;18;912;1;CUEVAS DEL CAMPO;;;;;
4;18;913;1;ZAGRA;;;;;
4;18;914;1;VALDERRUBIO;;;0;0;0
4;18;915;1;COTILFAR;;;0;0;0
4;18;915;2;DOMINGO PEREZ DE GRANADA;;;0;0;0
4;18;915;3;TERRE;;;0;0;0
4;18;999;0;NO DETERMINADA;;;;;
4;21;1;1;ALAJAR;;;;;
4;21;1;2;EL CABEZUELO;;;;;
4;21;1;3;EL CALABACINO;;;;;
4;21;1;4;EL COLLADO;;;;;
4;21;1;5;LA PEÑA DE ARIAS MONTANO;;;;;
4;21;1;6;SAN BARTOLOME;;;;;
4;21;1;7;LOS MADROÑEROS;;;;;
4;21;2;1;ALJARAQUE;;;;;
4;21;2;2;CORRALES;;;;;
4;21;2;3;BELLAVISTA;;;;;
4;21;2;4;DEHESA GOLF;;;;;
4;21;3;1;EL ALMENDRO;;;;;
4;21;4;1;ACEBUCHE;;;;;
4;21;4;2;AGUAFRIA;;;;;
4;21;4;4;ALMONASTER LA REAL;;;;;
4;21;4;5;ARROYO;;;;;
4;21;4;6;CALABAZARES;;;;;
4;21;4;7;CANALEJA;;;;;
4;21;4;8;CONCEPCION;;;;;
4;21;4;9;CUEVA DE LA MORA;;;;;
4;21;4;10;DEHESA;;;;;
4;21;4;11;ESCALADA;;;;;
4;21;4;12;ESTACION DE ALMONASTER;;;;;
4;21;4;13;GIL MARQUEZ;;;;;
4;21;4;14;LA JOYA O SOLOVIEJO;;;;;
4;21;4;15;LA JULIANA;;;;;
4;21;4;16;EL MANZANO;;;;;
4;21;4;17;MOLARES;;;;;
4;21;4;18;PATRAS;;;;;
4;21;4;19;SANTA EULALIA;;;;;
4;21;4;21;VEREDAS;;;;;
4;21;5;1;ALMONTE;;;;;
4;21;5;2;LOS BODEGONES;;;;;
4;21;5;3;LOS CABEZUDOS;;;;;
4;21;5;4;EL ROCIO;;;;;
4;21;5;5;TORRE DE LA HIGUERA O MATALASCAÑAS;;;;;
4;21;6;1;ALOSNO;;;;;
4;21;6;3;THARSIS;;;;;
4;21;7;1;ARACENA;;;;;
4;21;7;2;CARBONERAS;;;;;
4;21;7;3;CASTAÑUELOS;;;;;
4;21;7;4;CORTERRANGEL;;;;;
4;21;7;5;JABUGUILLO;;;;;
4;21;7;6;LA UMBRIA;;;;;
4;21;7;7;VALDEZUFRE;;;;;
4;21;8;1;LOS ANDRESES;;;;;
4;21;8;2;AROCHE;;;;;
4;21;8;3;LOS BRAVOS;;;;;
4;21;8;4;LAS CEFIÑAS;;;;;
4;21;8;5;LA CONTIENDA;;;;;
4;21;8;6;EL MUSTIO;;;;;
4;21;8;7;EL PUERTO;;;;;
4;21;8;8;LOS VIEJOS;;;;;
4;21;9;1;ARROYOMOLINOS DE LEON;;;;;
4;21;10;1;AYAMONTE;;;;;
4;21;10;2;FONTANILLA;;;;;
4;21;10;3;FOTEA;;;;;
4;21;10;4;ISLA DE CANELA;;;;;
4;21;10;5;ISLA DEL MORAL;;;;;
4;21;10;6;POZO DEL CAMINO;;;;;
4;21;10;7;SANTA CLARA;;;;;
4;21;10;8;PLAYA ISLA DE CANELA;;;;;
4;21;10;9;VILLA ANTONIA;;;;;
4;21;11;1;BEAS;;;;;
4;21;11;2;CANDON;;;;;
4;21;11;3;FUENTE DE LA CORCHA;;;;;
4;21;11;4;NAVAHERMOSA;;;;;
4;21;11;5;EL ALAMO;;;;;
4;21;11;6;ERMITA DE CLARINES;;;;;
4;21;12;1;BERROCAL;;;;;
4;21;12;2;LA CABA;;;;;
4;21;13;1;BOLLULLOS PAR DEL CONDADO;;;;;
4;21;14;1;BONARES;;;;;
4;21;15;1;CABEZAS RUBIAS;;;;;
4;21;16;1;CALA;;;;;
4;21;16;2;MINAS DE CALA;;;;;
4;21;17;1;CALAÑAS;;;;;
4;21;17;2;PERRUNAL;;;;;
4;21;17;3;LA ZARZA;;;;;
4;21;17;4;SOTIEL CORONADA;;;;;
4;21;18;1;EL CAMPILLO;;;;;
4;21;18;2;TRASLASIERRA;;;;;
4;21;18;3;EL ZUMAJO;;;;;
4;21;19;1;CAMPOFRIO;;;;;
4;21;19;2;VENTAS DE ARRIBA;;;;;
4;21;20;1;CAÑAVERAL DE LEON;;;;;
4;21;21;1;CARTAYA;;;;;
4;21;21;2;EL ROMPIDO;;;;;
4;21;21;3;NUEVO PORTIL;;;;;
4;21;22;1;CASTAÑO DEL ROBLEDO;;;;;
4;21;23;1;EL CERRO DE ANDEVALO;;;;;
4;21;23;3;LOMERO;;;;;
4;21;23;4;MONTES DE SAN BENITO;;;;;
4;21;23;5;PAJARITO;;;;;
4;21;24;1;CORTECONCEPCION;;;;;
4;21;24;2;PUERTO GIL;;;;;
4;21;25;1;LA CORTE;;;;;
4;21;25;2;CORTEGANA;;;;;
4;21;25;3;LA PICA;;;;;
4;21;25;4;PUERTO LUCIA;;;;;
4;21;25;5;SAN TELMO;;;;;
4;21;25;6;VALDELAMUSA;;;;;
4;21;26;1;CORTELAZOR;;;;;
4;21;27;1;CUMBRES DE ENMEDIO;;;;;
4;21;28;1;CUMBRES DE SAN BARTOLOME;;;;;
4;21;29;1;CUMBRES MAYORES;;;;;
4;21;30;1;CHUCENA;;;;;
4;21;31;1;ENCINASOLA;;;;;
4;21;32;1;ALDEA DE TEJADA;;;;;
4;21;32;2;ESCACENA DEL CAMPO;;;;;
4;21;32;3;ESTACION FERROCARRIL;;;;;
4;21;33;1;FUENTEHERIDOS;;;;;
4;21;34;1;LAS CHINAS;;;;;
4;21;34;2;GALAROZA;;;;;
4;21;34;3;NAVAHERMOSA;;;;;
4;21;35;1;GIBRALEON;;;;;
4;21;35;2;EL JUDIO;;;;;
4;21;35;3;DOMINGO NEGRO;;;;;
4;21;35;4;EL PICO;;;;;
4;21;35;5;EL PINTADO;;;;;
4;21;35;6;LOS SALONES;;;;;
4;21;35;7;LOS ALMENDROS;;;;;
4;21;35;8;LA CALVILLA;;;;;
4;21;35;9;LAS MORERAS;;;;;
4;21;35;10;EL RINCON;;;;;
4;21;35;11;SAN ISIDRO;;;;;
4;21;36;1;LA GRANADA DE RIO-TINTO;;;;;
4;21;37;3;EL GRANADO;;;;;
4;21;37;4;PUERTO DE LA LAJA;;;;;
4;21;37;5;SANTA CATALINA;;;;;
4;21;38;1;HIGUERA DE LA SIERRA;;;;;
4;21;39;1;HINOJALES;;;;;
4;21;40;1;HINOJOS;;;;;
4;21;41;1;HUELVA;;;;;
4;21;42;3;ISLA-CRISTINA;;;;;
4;21;42;4;PLAYA DEL HOYO;;;;;
4;21;42;5;POZO DEL CAMINO;;;;;
4;21;42;7;PUNTA CAIMAN;;;;;
4;21;42;8;LA REDONDELA;;;;;
4;21;42;9;LAS COLINAS;;;;;
4;21;42;10;ISLANTILLA;;;;;
4;21;42;11;MONTERREINA;;;;;
4;21;42;12;LAS PALMERITAS;;;;;
4;21;42;13;URBASUR;;;;;
4;21;43;1;JABUGO;;;;;
4;21;43;2;EL QUEJIGO;;;;;
4;21;43;3;EL REPILADO;;;;;
4;21;43;4;LOS ROMEROS;;;;;
4;21;44;1;LA ANTILLA;;;;;
4;21;44;2;LA BARCA;;;;;
4;21;44;3;EL CATALAN;;;;;
4;21;44;4;LEPE;;;;;
4;21;44;5;PINARES DE LEPE;;;;;
4;21;44;6;ISLANTILLA;;;;;
4;21;44;7;EL TERRON;;;;;
4;21;45;1;LINARES DE LA SIERRA;;;;;
4;21;46;2;LUCENA DEL PUERTO;;;;;
4;21;47;3;MANZANILLA;;;;;
4;21;47;4;EL VALLE;;;;;
4;21;48;1;LOS MARINES;;;;;
4;21;49;4;MINAS DE RIOTINTO;;;;;
4;21;49;5;ALTO DE LA MESA;;;;;
4;21;49;6;LA DEHESA;;;;;
4;21;50;1;LAS MADRES DEL AVITOR;;;;;
4;21;50;2;MAZAGON;;;;;
4;21;50;3;MOGUER;;;;;
4;21;50;4;POBLADO FORESTAL;;;;;
4;21;51;1;LAS CHINAS;;;;;
4;21;51;2;LA NAVA;;;;;
4;21;52;1;NERVA;;;;;
4;21;53;7;LAVAPIES;;;;;
4;21;53;8;NIEBLA;;;;;
4;21;53;9;LA PEÑUELA;;;;;
4;21;54;1;LA PALMA DEL CONDADO;;;;;
4;21;55;1;MAZAGON;;;;;
4;21;55;2;PALOS DE LA FRONTERA;;;;;
4;21;55;3;LA RABIDA;;;;;
4;21;55;4;ZONA DE LOS PRINCIPES;;;;;
4;21;56;1;PATERNA DEL CAMPO;;;;;
4;21;56;2;TUJENA;;;;;
4;21;57;1;PAYMOGO;;;;;
4;21;58;1;LAS HERRERIAS;;;;;
4;21;58;2;PUEBLA DE GUZMAN;;;;;
4;21;59;1;PRESA DE ARACENA;;;;;
4;21;59;2;PUERTO-MORAL;;;;;
4;21;60;1;LA LAGUNA DEL PORTIL;;;;;
4;21;60;2;PUNTA UMBRIA;;;;;
4;21;60;3;EL RINCON;;;;;
4;21;61;1;ROCIANA DEL CONDADO;;;;;
4;21;62;4;ROSAL DE LA FRONTERA;;;;;
4;21;63;1;SAN BARTOLOME DE LA TORRE;;;;;
4;21;64;1;BERMEJAL;;;;;
4;21;64;2;CANDON;;;;;
4;21;64;3;CORTIJO LA TORRE;;;;;
4;21;64;4;SAN JUAN DEL PUERTO;;;;;
4;21;65;4;SANLUCAR DE GUADIANA;;;;;
4;21;66;1;SAN SILVESTRE DE GUZMAN;;;;;
4;21;67;1;LA CORTE;;;;;
4;21;67;2;FUENTE DEL ORO;;;;;
4;21;67;3;LA PRESA;;;;;
4;21;67;4;SANTA ANA LA REAL;;;;;
4;21;68;1;SANTA BARBARA DE CASA;;;;;
4;21;69;1;SANTA OLALLA DEL CALA;;;;;
4;21;70;1;TRIGUEROS;;;;;
4;21;71;1;VALDELARCO;;;;;
4;21;72;1;VALVERDE DEL CAMINO;;;;;
4;21;73;1;VILLABLANCA;;;;;
4;21;74;1;VILLALBA DEL ALCOR;;;;;
4;21;75;1;VILLANUEVA DE LAS CRUCES;;;;;
4;21;76;1;LOS HUERTOS DEL BATAN;;;;;
4;21;76;2;LOS POZITOS;;;;;
4;21;76;3;TARIQUEJO;;;;;
4;21;76;4;VILLANUEVA DE LOS CASTILLEJOS;;;;;
4;21;77;1;VILLARRASA;;;;;
4;21;78;1;EL BUITRON;;;;;
4;21;78;2;LAS DELGADAS;;;;;
4;21;78;3;ESTACION DE BUITRON;;;;;
4;21;78;4;MARIGENTA;;;;;
4;21;78;5;MEMBRILLO ALTO;;;;;
4;21;78;6;MONTE SORROMERO;;;;;
4;21;78;7;EL POZUELO;;;;;
4;21;78;8;EL VILLAR;;;;;
4;21;78;9;ZALAMEA LA REAL;;;;;
4;21;79;1;ZUFRE;;;;;
4;21;998;0;NO DETERMINADA;;;;;
4;21;999;0;NO DETERMINADA;;;;;
4;23;1;1;ALBANCHEZ DE MAGINA;;;;;
4;23;1;2;HUTAR;;;;;
4;23;2;1;ALCALA LA REAL;;;;;
4;23;2;2;CASERIAS;;;;;
4;23;2;3;CHARILLA;;;;;
4;23;2;4;ERMITA NUEVA;;;;;
4;23;2;5;FUENTE ALAMO;;;;;
4;23;2;6;LAS GRAGERAS;;;;;
4;23;2;7;HORTICHUELA;;;;;
4;23;2;8;MURES;;;;;
4;23;2;9;LA PEDRIZA;;;;;
4;23;2;10;RIBERA ALTA;;;;;
4;23;2;11;RIBERA BAJA;;;;;
4;23;2;12;LA RABITA;;;;;
4;23;2;13;SANTA ANA;;;;;
4;23;2;14;VENTA DE AGRAMADEROS;;;;;
4;23;2;15;VILLALOBOS;;;;;
4;23;3;1;ALCAUDETE;;;;;
4;23;3;2;BOBADILLA;;;;;
4;23;3;3;NOGUERONES;;;;;
4;23;3;4;SABARIEGO;;;;;
4;23;4;1;ALDEAQUEMADA;;;;;
4;23;5;1;ANDUJAR;;;;;
4;23;5;2;LA GOLETA;;;;;
4;23;5;3;LLANOS DEL SOTILLO;;;;;
4;23;5;4;MAROTERAS;;;;;
4;23;5;5;PEÑALLANA;;;;;
4;23;5;6;LA ROPERA;;;;;
4;23;5;7;VEGAS DE TRIANA;;;;;
4;23;5;8;LOS VILLARES;;;;;
4;23;5;9;VIRGEN DE LA CABEZA;;;;;
4;23;5;10;LA ATALAYA;;;;;
4;23;5;11;HUERTAS Y EXTRAMUROS;;;;;
4;23;6;1;ALBAIDA;;;;;
4;23;6;2;ARJONA;;;;;
4;23;6;3;COTRUFE;;;;;
4;23;6;4;SALTILLO;;;;;
4;23;7;1;ARJONILLA;;;;;
4;23;8;1;ARQUILLOS;;;;;
4;23;8;2;EL PORROSILLO;;;;;
4;23;9;1;ALAMOS BLANCOS;;;;;
4;23;9;2;BAEZA;;;;;
4;23;9;3;EL BOTICARIO;;;;;
4;23;9;4;DOÑA MENCIA;;;;;
4;23;9;5;LAS ESCUELAS;;;;;
4;23;9;6;GARCIEZ-JIMENA;;;;;
4;23;9;7;JARAFE;;;;;
4;23;9;8;LA LAGUNA;;;;;
4;23;9;9;LLANOS DE SAN BUENAVENTURA;;;;;
4;23;9;10;PUENTE DEL OBISPO;;;;;
4;23;9;11;LA VEGA DE SANTA MARIA;;;;;
4;23;9;12;VILLAPARDILLO;;;;;
4;23;9;13;LA YEDRA;;;;;
4;23;10;1;BAILEN;;;;;
4;23;11;2;BAÑOS DE LA ENCINA;;;;;
4;23;11;3;EL CENTENILLO;;;;;
4;23;12;2;BEAS DE SEGURA;;;;;
4;23;12;3;CAÑADA CATENA;;;;;
4;23;12;4;CUEVAS DE AMBROSIO;;;;;
4;23;12;6;PRADOS DE ARMIJO;;;;;
4;23;14;1;BEGIJAR;;;;;
4;23;14;2;ESTACION DE BEGIJAR;;;;;
4;23;15;1;AULABAR;;;;;
4;23;15;2;BELMEZ;;;;;
4;23;15;3;BELMEZ DE LA MORALEDA;;;;;
4;23;16;1;BENATAE;;;;;
4;23;16;2;LAS FUENTES;;;;;
4;23;16;3;PUENTE-HONDA;;;;;
4;23;16;4;LA SIERRA;;;;;
4;23;17;1;CABRA DEL SANTO CRISTO;;;;;
4;23;17;2;ESTACION DE CABRA;;;;;
4;23;17;3;ESTACION DE HUELMA;;;;;
4;23;17;4;ESTACION DE HUESA;;;;;
4;23;17;5;ESTACION DE LARVA;;;;;
4;23;18;1;ARBUNIEL;;;;;
4;23;18;2;CAMBIL;;;;;
4;23;18;4;MATA BEJID;;;;;
4;23;19;1;CAMPILLO DE ARENAS;;;;;
4;23;20;1;CANENA;;;;;
4;23;21;1;EL ACEBUCHAR;;;;;
4;23;21;2;CARBONEROS;;;;;
4;23;21;3;LOS CUELLOS;;;;;
4;23;21;4;LA MESA;;;;;
4;23;24;1;LA CAROLINA;;;;;
4;23;24;2;LA FERNANDINA;;;;;
4;23;24;3;LA ISABELA;;;;;
4;23;24;4;NAVAS DE TOLOSA;;;;;
4;23;24;5;OCHO CASAS;;;;;
4;23;24;6;RASO GUINDO;;;;;
4;23;25;1;CASTELLAR;;;;;
4;23;26;1;LA ALFAVILA;;;;;
4;23;26;2;LOS BARRANCOS;;;;;
4;23;26;3;LAS CABRERAS;;;;;
4;23;26;4;CASTILLO DE LOCUBIN;;;;;
4;23;26;5;EL CERRAJON;;;;;
4;23;26;6;LOS CHOPOS;;;;;
4;23;26;7;MARROQUIN-ENCINA HERMOSA;;;;;
4;23;26;8;PUERTO-LA NAVA;;;;;
4;23;26;9;LA SALINA;;;;;
4;23;26;10;VENTAS DEL CARRIZAL;;;;;
4;23;27;1;CAZALILLA;;;;;
4;23;28;2;EL ALMICERAN;;;;;
4;23;28;3;PUENTE DE LA CERRADA;;;;;
4;23;28;4;CASAS DE ESTEPA;;;;;
4;23;28;5;CAZORLA;;;;;
4;23;28;6;EL MOLAR;;;;;
4;23;28;7;NAVA DE SAN PEDRO;;;;;
4;23;28;8;LOS PERALEJOS;;;;;
4;23;28;10;LA RIBERA;;;;;
4;23;28;11;VADILLO CASTRIL;;;;;
4;23;28;12;VALDECAZORLA;;;;;
4;23;28;13;EL VALLE;;;;;
4;23;29;1;EL CAMPILLO;;;;;
4;23;29;2;CAMPORREDONDO;;;;;
4;23;29;3;CHICLANA DE SEGURA;;;;;
4;23;29;4;LOS MOCHUELOS;;;;;
4;23;29;5;LA PORROSA;;;;;
4;23;30;1;LAS ALMANSAS;;;;;
4;23;30;2;CAÑADA DEL MORO;;;;;
4;23;30;3;CORTIJO GRANDE;;;;;
4;23;30;4;CHILLUEVAR;;;;;
4;23;30;5;CHILLUEVAR VIEJA;;;;;
4;23;31;1;ESCAÑUELA;;;;;
4;23;32;1;ESPELUY;;;;;
4;23;32;2;ESTACION DE ESPELUY;;;;;
4;23;32;3;POBLADO DEL IARA;;;;;
4;23;33;1;CAÑADA DE ALCALA;;;;;
4;23;33;2;FRAILES;;;;;
4;23;33;4;PUERTO BLANCO;;;;;
4;23;33;5;LOS ROSALES;;;;;
4;23;33;6;LOS BAILADORES;;;;;
4;23;33;7;LOS BARRANCOS;;;;;
4;23;33;8;LOS BAÑOS;;;;;
4;23;33;9;CAÑADA NOGUERAS;;;;;
4;23;33;10;CERRILLO EL CIEGO;;;;;
4;23;33;11;MAJADA ABRIGADA;;;;;
4;23;33;12;EL NOGUERAL;;;;;
4;23;33;13;LAS PARRAS;;;;;
4;23;33;14;SOLANA DE LA PARRA;;;;;
4;23;33;15;LA DEHESILLA;;;;;
4;23;34;2;LOS ENCINARES;;;;;
4;23;34;3;FUENSANTA DE MARTOS;;;;;
4;23;34;7;EL REGUELO;;;;;
4;23;34;8;VADOHORNILLO;;;;;
4;23;35;1;FUERTE DEL REY;;;;;
4;23;37;1;GENAVE;;;;;
4;23;37;2;ALMOHADILLA;;;;;
4;23;38;1;LA GUARDIA DE JAEN;;;;;
4;23;39;1;ADELFAR;;;;;
4;23;39;2;EL ALTICO;;;;;
4;23;39;3;COLLADO DEL LOBO;;;;;
4;23;39;4;GUARROMAN;;;;;
4;23;39;5;MARTIN MALO;;;;;
4;23;39;6;LOS RIOS;;;;;
4;23;39;7;ZOCUECA;;;;;
4;23;40;1;LAHIGUERA;;;;;
4;23;41;1;HIGUERA DE CALATRAVA;;;;;
4;23;42;2;CUENCA;;;;;
4;23;42;3;HINOJARES;;;;;
4;23;43;1;CAÑADA MORALES;;;;;
4;23;43;2;CAPELLANIA;;;;;
4;23;43;5;HORNOS;;;;;
4;23;43;10;LA PLATERA;;;;;
4;23;43;12;EL TOVAR;;;;;
4;23;43;14;TRANCO;;;;;
4;23;43;15;VENTA;;;;;
4;23;44;1;CABRITA;;;;;
4;23;44;2;HUELMA;;;;;
4;23;44;3;SOLERA;;;;;
4;23;45;1;ARROYO MOLINOS;;;;;
4;23;45;2;CEAL;;;;;
4;23;45;3;CORTIJO NUEVO;;;;;
4;23;45;4;HUESA;;;;;
4;23;45;5;CERRILLO;;;;;
4;23;46;1;BARRIADA DEL PUENTE;;;;;
4;23;46;2;IBROS;;;;;
4;23;47;1;BURUNCHEL;;;;;
4;23;47;3;LA IRUELA;;;;;
4;23;48;1;BARDAZOSO;;;;;
4;23;48;3;IZNATORAF;;;;;
4;23;48;6;BATANEJO;;;;;
4;23;49;1;JABALQUINTO;;;;;
4;23;50;1;ALMENARA;;;;;
4;23;50;2;BRUJUELO;;;;;
4;23;50;3;CAÑO QUEBRADO;;;;;
4;23;50;4;GALAPAGAR;;;;;
4;23;50;5;GRAÑENA;;;;;
4;23;50;6;LA IMORA;;;;;
4;23;50;7;LAS INFANTAS;;;;;
4;23;50;8;JABALCUZ;;;;;
4;23;50;9;JAEN;;;;;
4;23;50;10;OTIÑAR O SANTA CRISTINA;;;;;
4;23;50;11;PUENTE DE LA SIERRA;;;;;
4;23;50;12;PUENTE JONTOYA;;;;;
4;23;50;13;PUENTE NUEVO;;;;;
4;23;50;14;PUERTO ALTO;;;;;
4;23;50;15;VENTOSILLA;;;;;
4;23;50;16;VILLAR DE CUEVAS;;;;;
4;23;51;1;JAMILENA;;;;;
4;23;52;1;CANAVA;;;;;
4;23;52;2;CANILES;;;;;
4;23;52;3;CASTILLO DE RECENA;;;;;
4;23;52;4;JIMENA;;;;;
4;23;53;1;JODAR;;;;;
4;23;54;1;LARVA;;;;;
4;23;55;1;ARRAYANES-LA CRUZ-LA LAGUNA;;;;;
4;23;55;2;CAÑADA INCOSA-CERRO PELADO;;;;;
4;23;55;4;ESTACION LINARES-BAEZA;;;;;
4;23;55;5;LINARES;;;;;
4;23;55;6;MAGDALENA DE CASTRO-LOS TERCIOS;;;;;
4;23;55;7;TOBARUELA-LA TORTILLA;;;;;
4;23;55;8;TORRUBIA-VALENZUELA;;;;;
4;23;56;1;LOPERA;;;;;
4;23;57;1;GUADALIMAR;;;;;
4;23;57;2;LUPION;;;;;
4;23;58;1;MANCHA REAL;;;;;
4;23;58;2;SOTOGORDO;;;;;
4;23;59;1;MARMOLEJO;;;;;
4;23;59;2;POBLADO SAN JULIAN;;;;;
4;23;60;1;BAÑOS DE AGUA HEDIONDA;;;;;
4;23;60;2;LA CARRASCA;;;;;
4;23;60;3;LAS CASILLAS;;;;;
4;23;60;4;EL MADROÑO;;;;;
4;23;60;5;MARTOS;;;;;
4;23;60;6;MONTE LOPE-ALVAREZ;;;;;
4;23;61;3;MENGIBAR;;;;;
4;23;61;4;SANTA EMILIA;;;;;
4;23;62;1;ALDEAHERMOSA;;;;;
4;23;62;2;MONTIZON;;;;;
4;23;62;3;VENTA DE LOS SANTOS;;;;;
4;23;63;1;NAVAS DE SAN JUAN;;;;;
4;23;64;1;HOYA DEL SALOBRAL;;;;;
4;23;64;2;NOALEJO;;;;;
4;23;65;1;LOS ARROYOS;;;;;
4;23;65;2;LA HUETA;;;;;
4;23;65;4;LA MARAÑOSA;;;;;
4;23;65;5;ORCERA;;;;;
4;23;65;6;VALDEMARIN;;;;;
4;23;66;1;HORNOS;;;;;
4;23;66;2;PEAL DE BECERRO;;;;;
4;23;66;3;SIERRA DE EL ALMICERAN;;;;;
4;23;66;4;TOYA;;;;;
4;23;67;1;LA CERRADURA;;;;;
4;23;67;2;PEGALAJAR;;;;;
4;23;69;1;ALHARILLA;;;;;
4;23;69;9;PORCUNA;;;;;
4;23;69;10;SAN PANTALEON;;;;;
4;23;69;11;SAN PEDRO;;;;;
4;23;69;12;EL ZAHAN;;;;;
4;23;69;13;EL ZURRAQUE;;;;;
4;23;70;4;FONTANAR;;;;;
4;23;70;7;POZO ALCON;;;;;
4;23;71;1;CORTIJOS NUEVOS;;;;;
4;23;71;2;PEÑOLITE;;;;;
4;23;71;3;PUENTE DE GENAVE;;;;;
4;23;71;4;EL TAMARAL;;;;;
4;23;72;3;LOS PASCUALES;;;;;
4;23;72;4;LA PUERTA DE SEGURA;;;;;
4;23;72;5;LA AGRACEA;;;;;
4;23;72;6;BONACHE;;;;;
4;23;72;7;LOS LLANOS;;;;;
4;23;72;8;LOS YEGUERIZOS;;;;;
4;23;73;1;BELERDA;;;;;
4;23;73;2;BRUÑEL ALTO;;;;;
4;23;73;3;BRUÑEL BAJO;;;;;
4;23;73;4;COLLEJARES;;;;;
4;23;73;5;CORTIJUELO;;;;;
4;23;73;6;DEHESAS DEL GUADIANA;;;;;
4;23;73;9;HIGUERAL;;;;;
4;23;73;10;ACRA;;;;;
4;23;73;11;QUESADA;;;;;
4;23;73;12;LOS ROSALES;;;;;
4;23;73;13;TISCAR-DON PEDRO;;;;;
4;23;73;14;LA VEGA;;;;;
4;23;74;1;EL MARMOL;;;;;
4;23;74;2;RUS;;;;;
4;23;75;1;SABIOTE;;;;;
4;23;76;2;SANTA ELENA;;;;;
4;23;77;1;SANTIAGO DE CALATRAVA;;;;;
4;23;79;10;SANTISTEBAN DEL PUERTO;;;;;
4;23;80;1;AGRUPACION DE SANTO TOME;;;;;
4;23;80;4;SANTO TOME;;;;;
4;23;80;5;ARROYOS PLAZA;;;;;
4;23;80;6;LAS ERICAS;;;;;
4;23;81;1;ARROYO CANALES;;;;;
4;23;81;2;ARROYO FRIO;;;;;
4;23;81;3;EL BATAN;;;;;
4;23;81;4;CARRASCO;;;;;
4;23;81;5;CATENA ALTO;;;;;
4;23;81;6;CORTIJOS NUEVOS;;;;;
4;23;81;7;LAS JUNTAS;;;;;
4;23;81;8;EL OJUELO;;;;;
4;23;81;9;PANTANO DEL GUADALMENA;;;;;
4;23;81;10;EL PUERTO;;;;;
4;23;81;11;RIHORNOS;;;;;
4;23;81;12;EL ROBLEDO;;;;;
4;23;81;13;SEGURA DE LA SIERRA;;;;;
4;23;82;1;SILES;;;;;
4;23;82;2;CAÑADA DEL SEÑOR;;;;;
4;23;82;3;DON MARCOS;;;;;
4;23;82;4;VEGA DE CASTROBAYONA;;;;;
4;23;84;1;SORIHUELA DEL GUADALIMAR;;;;;
4;23;85;1;CAMPILLO DEL RIO;;;;;
4;23;85;2;TORREBLASCOPEDRO;;;;;
4;23;86;3;GARCIEZ;;;;;
4;23;86;5;MEGATIN;;;;;
4;23;86;7;TORREDELCAMPO;;;;;
4;23;87;2;LENDINEZ;;;;;
4;23;87;4;TORREDONJIMENO;;;;;
4;23;87;6;LOS VILLARES;;;;;
4;23;88;2;AGUASBLANQUILLAS;;;;;
4;23;88;3;TORREPEROGIL;;;;;
4;23;90;1;TORRES;;;;;
4;23;91;1;FUENTE CARRASCA;;;;;
4;23;91;2;LA HOYA;;;;;
4;23;91;3;LOS MARIDOS;;;;;
4;23;91;4;MORACHO;;;;;
4;23;91;5;TORRES DE ALBANCHEZ;;;;;
4;23;92;1;DONADIO;;;;;
4;23;92;2;SAN MIGUEL;;;;;
4;23;92;3;SANTA EULALIA;;;;;
4;23;92;4;SOLANA DE TORRALBA;;;;;
4;23;92;5;UBEDA;;;;;
4;23;92;6;VERACRUZ;;;;;
4;23;93;1;CHIRCALES;;;;;
4;23;93;2;EL PAPEL;;;;;
4;23;93;3;EL PARRIZOSO;;;;;
4;23;93;4;LA SIERRA;;;;;
4;23;93;5;VALDEPEÑAS DE JAEN;;;;;
4;23;94;1;LOS ENCINARES;;;;;
4;23;94;2;GUADALEN;;;;;
4;23;94;3;HORTALANCA;;;;;
4;23;94;4;LOS JARALES;;;;;
4;23;94;5;MIRAELRIO;;;;;
4;23;94;6;PANTANO DEL GUADALEN;;;;;
4;23;94;7;VILCHES;;;;;
4;23;95;1;AGRUPACION DE MOGON;;;;;
4;23;95;2;ARROTURAS;;;;;
4;23;95;3;LA CALERUELA;;;;;
4;23;95;4;HERRERA-PUENTE DEL CONDADO;;;;;
4;23;95;5;MOGON;;;;;
4;23;95;6;SIERRA;;;;;
4;23;95;7;VILLACARRILLO;;;;;
4;23;96;1;LA CONDESA;;;;;
4;23;96;2;LA CRUJIA;;;;;
4;23;96;3;LA QUINTERIA;;;;;
4;23;96;4;RINCON DE SAN ILDEFONSO;;;;;
4;23;96;5;VILLANUEVA DE LA REINA;;;;;
4;23;97;2;GUTAR;;;;;
4;23;97;3;VILLANUEVA DEL ARZOBISPO;;;;;
4;23;98;2;VILLARDOMPARDO;;;;;
4;23;99;1;LOS VILLARES;;;;;
4;23;101;2;ONSARES;;;;;
4;23;101;3;VILLARRODRIGO;;;;;
4;23;901;1;CARCHEL;;;;;
4;23;901;2;CARCHELEJO;;;;;
4;23;902;2;BEDMAR;;;;;
4;23;902;3;ERMITA Y TORREON DE CUADROS;;;;;
4;23;902;4;GARCIEZ;;;;;
4;23;903;1;TORREQUEBRADILLA;;;;;
4;23;903;2;VADOS DE TORRALBA;;;;;
4;23;903;3;VILLARGORDO;;;;;
4;23;904;1;LA AGRACEA;;;;;
4;23;904;2;LOS ANCHOS;;;;;
4;23;904;3;EL ARTUÑEDO;;;;;
4;23;904;4;LA BALLESTERA;;;;;
4;23;904;5;LA CABAÑUELA;;;;;
4;23;904;6;LAS CANALEJAS;;;;;
4;23;904;7;CASAS DE CARRASCO;;;;;
4;23;904;8;CASICAS DEL RIO SEGURA;;;;;
4;23;904;9;LOS CENTENARES;;;;;
4;23;904;10;EL CEREZO;;;;;
4;23;904;11;COTO-RIOS;;;;;
4;23;904;13;FUENTE SEGURA;;;;;
4;23;904;14;LOS GOLDINES;;;;;
4;23;904;15;LAS GORGOLLITAS;;;;;
4;23;904;16;HUELGA UTRERA;;;;;
4;23;904;17;HUERTA DEL MANCO;;;;;
4;23;904;18;LOMA DE MARIA ANGELA;;;;;
4;23;904;19;MARCHENA;;;;;
4;23;904;20;LA MATEA;;;;;
4;23;904;21;MILLER;;;;;
4;23;904;22;MONTALVO;;;;;
4;23;904;23;LA MUELA;;;;;
4;23;904;24;LAS NOGUERAS;;;;;
4;23;904;25;EL PARRALEJO;;;;;
4;23;904;26;EL PATRONATO;;;;;
4;23;904;27;PEGUERA DEL MADROÑO;;;;;
4;23;904;28;PONTON ALTO;;;;;
4;23;904;29;PONTONES;;;;;
4;23;904;30;POYOTELLO;;;;;
4;23;904;31;SANTIAGO DE LA ESPADA;;;;;
4;23;904;32;SOLANA DE PADILLA;;;;;
4;23;904;33;LOS TEATINOS;;;;;
4;23;904;34;LA TOBA;;;;;
4;23;904;35;TOBOS;;;;;
4;23;904;36;VITES;;;;;
4;23;905;1;ARROYO DEL OJANCO;;;;;
4;23;905;2;CHOZAS;;;;;
4;23;999;0;NO DETERMINADA;;;;;
4;29;1;1;ALAMEDA;;;;;
4;29;2;1;ALCAUCIN;;;;;
4;29;2;2;EL CERRO;;;;;
4;29;2;3;CORTIJILLOS;;;;;
4;29;2;4;ESPINO;;;;;
4;29;2;5;PILAREJO;;;;;
4;29;2;6;PUENTE DE SALIA;;;;;
4;29;2;7;TORIL;;;;;
4;29;2;8;VENTA BAJA;;;;;
4;29;3;1;ALFARNATE;;;;;
4;29;4;1;ALFARNATEJO;;;;;
4;29;5;1;ALGARROBO;;;;;
4;29;5;2;ALGARROBO-COSTA;;;;;
4;29;6;1;ALGATOCIN;;;;;
4;29;7;2;ALHAURIN DE LA TORRE;;;;;
4;29;7;3;LA ALQUERIA;;;;;
4;29;7;4;LA FUENSANTA;;;;;
4;29;7;5;EL ROMERAL;;;;;
4;29;7;6;SANTA AMALIA;;;;;
4;29;7;7;LOS TOMILLARES;;;;;
4;29;7;8;PEÑON-ZAPATA-MOLINA;;;;;
4;29;8;1;ALHAURIN EL GRANDE;;;;;
4;29;9;1;ALMACHAR;;;;;
4;29;9;2;RIO ALMACHAR;;;;;
4;29;10;1;ALMARGEN;;;;;
4;29;11;1;ALMOGIA;;;;;
4;29;11;2;ARROYO DE COCHE;;;;;
4;29;11;3;ARROYO DE LOS OLIVOS;;;;;
4;29;11;4;BARRANCO DE ZAFRA;;;;;
4;29;11;5;BARRANCO DEL SOL;;;;;
4;29;11;6;CAMPO DE CAMARA;;;;;
4;29;12;1;ALORA;;;;;
4;29;12;2;ARROYO ANCON;;;;;
4;29;12;3;ARROYO CORRALES;;;;;
4;29;12;4;ARROYO JEVAR;;;;;
4;29;12;5;CASABLANQUILLA;;;;;
4;29;12;6;EL CHORRO;;;;;
4;29;12;7;BARRIADA ESTACION;;;;;
4;29;12;8;LAS LOMAS;;;;;
4;29;12;9;LAS MELLIZAS-LOS LLANOS;;;;;
4;29;12;10;SABINAL;;;;;
4;29;13;1;ALOZAINA;;;;;
4;29;13;2;JOROX;;;;;
4;29;14;1;ALPANDEIRE;;;;;
4;29;15;1;ANTEQUERA;;;;;
4;29;15;2;BOBADILLA;;;;;
4;29;15;3;BOBADILLA-ESTACION;;;;;
4;29;15;4;CARTAOJAL;;;;;
4;29;15;8;LLANOS DE ANTEQUERA;;;;;
4;29;15;9;VILLANUEVA DE CAUCHE;;;;;
4;29;15;10;VILLANUEVA DE LA CONCEPCION;;;;;
4;29;15;11;LA JOYA;;;;;
4;29;15;12;LOS NOGALES;;;;;
4;29;16;1;ARCHEZ;;;;;
4;29;17;1;ARCHIDONA;;;;;
4;29;17;2;ESTACION DE ARCHIDONA;;;;;
4;29;17;3;ESTACION DE SALINAS;;;;;
4;29;17;4;HUERTAS DEL RIO;;;;;
4;29;18;1;ARDALES;;;;;
4;29;19;1;ARENAS;;;;;
4;29;20;1;ARRIATE;;;;;
4;29;21;1;ATAJATE;;;;;
4;29;22;1;BENADALID;;;;;
4;29;22;2;GENAL;;;;;
4;29;22;3;LA SIERRA;;;;;
4;29;23;1;ARTOLA;;;;;
4;29;23;2;BENAHAVIS;;;;;
4;29;23;3;CORTES;;;;;
4;29;24;1;BENALAURIA;;;;;
4;29;24;2;OPAYAR;;;;;
4;29;24;3;SIERRA;;;;;
4;29;24;4;VEGA;;;;;
4;29;25;1;ARROYO DE LA MIEL-BENALMADENA COSTA;;;;;
4;29;25;2;BENALMADENA;;;;;
4;29;26;1;BENAMARGOSA;;;;;
4;29;27;1;BENAMOCARRA;;;;;
4;29;28;2;BENAOJAN;;;;;
4;29;29;1;BENARRABA;;;;;
4;29;30;1;EL BORGE;;;;;
4;29;30;3;SANTO PITAR;;;;;
4;29;31;1;EL BURGO;;;;;
4;29;32;1;CAMPILLOS;;;;;
4;29;33;1;CANILLAS DE ACEITUNO;;;;;
4;29;34;1;CANILLAS DE ALBAIDA;;;;;
4;29;35;1;CAÑETE LA REAL;;;;;
4;29;36;1;CARRATRACA;;;;;
4;29;37;1;CARTAJIMA;;;;;
4;29;38;1;CARTAMA;;;;;
4;29;38;2;CASAPALMA;;;;;
4;29;38;3;COMENDADOR;;;;;
4;29;38;4;DOÑA ANA;;;;;
4;29;38;5;ESTACION;;;;;
4;29;38;6;FAHALA;;;;;
4;29;38;7;GIBRALGALIA;;;;;
4;29;38;8;PERAL;;;;;
4;29;38;9;SAUCEDILLA;;;;;
4;29;38;10;YESERAS;;;;;
4;29;38;11;SEXMO;;;;;
4;29;39;1;ARROYO COCHE;;;;;
4;29;39;2;CAMINO REAL;;;;;
4;29;39;3;CASABERMEJA;;;;;
4;29;39;4;CHAPERA-MADROÑAL;;;;;
4;29;39;5;MOHEDA-PORTALES;;;;;
4;29;40;4;CASARABONELA;;;;;
4;29;41;1;CASARES;;;;;
4;29;41;2;SECADERO;;;;;
4;29;42;1;COIN;;;;;
4;29;43;1;CARAVACA;;;;;
4;29;43;2;COLMENAR;;;;;
4;29;43;3;GONZALO;;;;;
4;29;43;4;MAJADA DEL MORO;;;;;
4;29;43;5;SOLANO;;;;;
4;29;44;1;ALQUERIA;;;;;
4;29;44;2;COMARES;;;;;
4;29;44;3;LAS CUEVAS-ROMO;;;;;
4;29;44;4;MASMULLAR;;;;;
4;29;44;5;RIO;;;;;
4;29;45;1;COMPETA;;;;;
4;29;46;1;CAÑADA DEL REAL TESORO;;;;;
4;29;46;2;EL COLMENAR;;;;;
4;29;46;3;CORTES DE LA FRONTERA;;;;;
4;29;46;4;EL ROBLEDAL;;;;;
4;29;46;5;LA SAUCEDA;;;;;
4;29;47;1;CUEVAS BAJAS;;;;;
4;29;48;1;CUEVAS DEL BECERRO;;;;;
4;29;49;1;CUEVAS DE SAN MARCOS;;;;;
4;29;50;1;CUTAR;;;;;
4;29;50;2;LAS ROZAS;;;;;
4;29;50;3;SALTO DEL NEGRO;;;;;
4;29;50;4;LA ZUBIA;;;;;
4;29;51;1;ATALAYA-ISDABE;;;;;
4;29;51;2;BAHIA DORADA;;;;;
4;29;51;3;BUENAS NOCHES;;;;;
4;29;51;4;CANCELADA;;;;;
4;29;51;5;CORTES;;;;;
4;29;51;6;ESTEPONA;;;;;
4;29;51;7;LA GASPARA;;;;;
4;29;51;8;LOMA DEL MONTE;;;;;
4;29;51;9;LOS LLANOS;;;;;
4;29;51;10;EL PADRON;;;;;
4;29;51;11;PLAYA DEL SOL-VILLACANA;;;;;
4;29;51;12;REINOSO;;;;;
4;29;51;13;RESINERA-VOLADILLA;;;;;
4;29;51;14;SALADAVIEJA;;;;;
4;29;51;15;SALADILLO-BENAMARA;;;;;
4;29;51;16;EL VELERIN;;;;;
4;29;52;1;FARAJAN;;;;;
4;29;53;1;FRIGILIANA;;;;;
4;29;54;1;FUENGIROLA;;;;;
4;29;55;1;FUENTE DE PIEDRA;;;;;
4;29;56;1;GAUCIN;;;;;
4;29;57;1;GENALGUACIL;;;;;
4;29;58;1;GUARO;;;;;
4;29;59;1;LOS CARVAJALES;;;;;
4;29;59;2;HUMILLADERO;;;;;
4;29;60;1;IGUALEJA;;;;;
4;29;61;1;ISTAN;;;;;
4;29;62;1;IZNATE;;;;;
4;29;63;2;JIMERA DE LIBAR;;;;;
4;29;64;1;JUBRIQUE;;;;;
4;29;65;1;JUZCAR;;;;;
4;29;66;1;BENAQUE;;;;;
4;29;66;2;MACHARAVIAYA;;;;;
4;29;66;3;VALLEJO;;;;;
4;29;67;1;CAMPANILLAS;;;;;
4;29;67;2;CHURRIANA;;;;;
4;29;67;5;MALAGA;;;;;
4;29;67;6;OLIAS;;;;;
4;29;67;9;VERDIALES;;;;;
4;29;68;5;MANILVA;;;;;
4;29;69;9;MARBELLA;;;;;
4;29;69;10;NUEVA ANDALUCIA;;;;;
4;29;69;13;SAN PEDRO DE ALCANTARA;;;;;
4;29;70;6;ENTRERRIOS;;;;;
4;29;70;7;LAS LAGUNAS;;;;;
4;29;70;9;MIJAS;;;;;
4;29;70;16;CALAHONDA-CHAPARRAL;;;;;
4;29;70;18;OSUNILLAS-PEÑA BLANQUILLA;;;;;
4;29;70;19;VALTOCADO-ALQUERIA;;;;;
4;29;71;1;MOCLINEJO;;;;;
4;29;71;2;VALDES;;;;;
4;29;72;3;MOLLINA;;;;;
4;29;73;1;MONDA;;;;;
4;29;74;1;MONTEJAQUE;;;;;
4;29;75;2;MARO;;;;;
4;29;75;3;NERJA;;;;;
4;29;76;1;OJEN;;;;;
4;29;77;1;PARAUTA;;;;;
4;29;79;6;PERIANA;;;;;
4;29;80;3;CERRALBA;;;;;
4;29;80;4;LOS LAGARES;;;;;
4;29;80;5;PIZARRA;;;;;
4;29;80;6;RIVERA;;;;;
4;29;80;7;VEGA SANTA MARIA;;;;;
4;29;80;8;VILLALON;;;;;
4;29;80;9;ZALEA;;;;;
4;29;80;10;LOS MALAGUEÑOS;;;;;
4;29;81;1;PUJERRA;;;;;
4;29;82;1;BENAGALBON;;;;;
4;29;82;2;LA CALA DEL MORAL;;;;;
4;29;82;3;RINCON DE LA VICTORIA;;;;;
4;29;82;4;TORRE DE BENAGALBON;;;;;
4;29;83;1;RIOGORDO;;;;;
4;29;84;8;MONTECORTO;;;;;
4;29;84;13;RONDA;;;;;
4;29;84;16;SERRATO;;;;;
4;29;85;1;SALARES;;;;;
4;29;86;2;CORUMBELA;;;;;
4;29;86;4;SAYALONGA;;;;;
4;29;87;1;RUBITE;;;;;
4;29;87;2;SEDELLA;;;;;
4;29;87;3;VALVERDES;;;;;
4;29;88;1;NAVAHERMOSA;;;;;
4;29;88;2;SIERRA DE YEGUAS;;;;;
4;29;89;1;HUERTAS Y MONTES;;;;;
4;29;89;2;TEBA;;;;;
4;29;90;1;ARDITE;;;;;
4;29;90;2;LA MILLANA;;;;;
4;29;90;3;TOLOX;;;;;
4;29;90;4;UMBRIA;;;;;
4;29;91;1;HUIT;;;;;
4;29;91;4;TORROX;;;;;
4;29;91;5;TORROX-COSTA;;;;;
4;29;92;1;TOTALAN;;;;;
4;29;93;1;VALLE DE ABDALAJIS;;;;;
4;29;94;1;ALMAYATE ALTO;;;;;
4;29;94;2;ALMAYATE BAJO;;;;;
4;29;94;3;BENAJARAFE;;;;;
4;29;94;4;CABRILLAS;;;;;
4;29;94;5;CAJIZ;;;;;
4;29;94;6;CALETA DE VELEZ;;;;;
4;29;94;7;CHILCHES;;;;;
4;29;94;8;LAGOS;;;;;
4;29;94;9;TORRE DEL MAR;;;;;
4;29;94;10;TRAPICHE;;;;;
4;29;94;11;TRIANA;;;;;
4;29;94;12;VELEZ-MALAGA;;;;;
4;29;95;1;EL ALBAICIN;;;;;
4;29;95;2;LA ATALAYA;;;;;
4;29;95;4;PARRILLA-ZAMARRA;;;;;
4;29;95;6;VILLANUEVA DE ALGAIDAS;;;;;
4;29;96;1;VILLANUEVA DEL ROSARIO;;;;;
4;29;97;1;VILLANUEVA DEL TRABUCO;;;;;
4;29;98;1;VILLANUEVA DE TAPIA;;;;;
4;29;99;4;CORTIJUELOS;;;;;
4;29;99;7;LOS MILLANES;;;;;
4;29;99;8;LOS PAULAS;;;;;
4;29;99;12;VIÑUELA;;;;;
4;29;100;1;YUNQUERA;;;;;
4;29;901;1;TORREMOLINOS;;;;;
4;29;902;0;NO DETERMINADA;;;;;
4;29;999;0;NO DETERMINADA;;;;;
4;41;1;1;AGUADULCE;;;;;
4;41;1;2;CORTIJO DEL MARQUES;;;;;
4;41;1;3;HUERTA DEL COLEGIO;;;;;
4;41;2;1;ALANIS;;;;;
4;41;3;1;ALBAIDA DEL ALJARAFE;;;;;
4;41;4;1;EL ACEBUCHAL;;;;;
4;41;4;2;ALCALA DE GUADAIRA;;;;;
4;41;4;3;GANDUL-MARCHENILLA;;;;;
4;41;4;4;LA SOLEDAD;;;;;
4;41;4;5;TRUJILLO-CABEZA SORDO;;;;;
4;41;5;1;ALCALA DEL RIO;;;;;
4;41;5;2;ESQUIVEL;;;;;
4;41;5;3;SAN IGNACIO DEL VIAR;;;;;
4;41;5;4;EL VIAR;;;;;
4;41;6;1;ALCOLEA DEL RIO;;;;;
4;41;7;1;LA ALGABA;;;;;
4;41;7;2;EL ARAL;;;;;
4;41;8;1;ALGAMITAS;;;;;
4;41;9;1;ALMADEN DE LA PLATA;;;;;
4;41;10;1;ALMENSILLA;;;;;
4;41;11;1;ARAHAL;;;;;
4;41;11;2;LA GIRONDA;;;;;
4;41;11;3;LAS MONJAS;;;;;
4;41;11;4;SANTA ELO;;;;;
4;41;11;5;VALLEVERDE;;;;;
4;41;12;1;AZNALCAZAR;;;;;
4;41;13;1;AZNALCOLLAR;;;;;
4;41;14;1;BADOLATOSA;;;;;
4;41;14;2;BURRACO;;;;;
4;41;14;3;CORCOYA;;;;;
4;41;14;4;HUERTAS DE LA MANGA;;;;;
4;41;15;1;BENACAZON;;;;;
4;41;15;2;CASTILLEJA DE TALHARA;;;;;
4;41;15;3;GELO;;;;;
4;41;16;1;BOLLULLOS DE LA MITACION;;;;;
4;41;17;1;BORMUJOS;;;;;
4;41;18;1;BRENES;;;;;
4;41;19;1;BURGUILLOS;;;;;
4;41;19;2;MUDAPELOS;;;;;
4;41;20;1;LAS CABEZAS DE SAN JUAN;;;;;
4;41;20;2;MARISMILLAS;;;;;
4;41;20;3;SACRAMENTO;;;;;
4;41;20;4;SAN LEANDRO;;;;;
4;41;20;5;VETAHERRADO;;;;;
4;41;21;1;CAMAS;;;;;
4;41;22;1;LA CAMPANA;;;;;
4;41;23;1;CANTILLANA;;;;;
4;41;23;2;CARRETERA DE BRENES;;;;;
4;41;23;3;LA MONTA;;;;;
4;41;23;4;ESTACION DE FERROCARRIL;;;;;
4;41;23;5;LOS PAJARES;;;;;
4;41;24;1;CARMONA;;;;;
4;41;24;2;GUADAJOZ;;;;;
4;41;25;1;CARRION DE LOS CESPEDES;;;;;
4;41;26;1;CASARICHE;;;;;
4;41;26;2;EL RIGUELO;;;;;
4;41;26;3;CORTIJO ALMEDA;;;;;
4;41;26;4;RIBERA BAJA;;;;;
4;41;26;5;VIÑA DIEGO;;;;;
4;41;27;1;CASTILBLANCO DE LOS ARROYOS;;;;;
4;41;28;1;CASTILLEJA DE GUZMAN;;;;;
4;41;29;1;CASTILLEJA DE LA CUESTA;;;;;
4;41;30;1;CASTILLEJA DEL CAMPO;;;;;
4;41;31;1;LA ALCORNOCOSA;;;;;
4;41;31;2;EL ALISAR;;;;;
4;41;31;3;ARCHIDONA;;;;;
4;41;31;4;ARROYO DE LA PLATA;;;;;
4;41;31;5;LA AULAGA;;;;;
4;41;31;6;LAS CAÑADILLAS;;;;;
4;41;31;7;EL CAÑUELO;;;;;
4;41;31;8;EL CASTILLO DE LAS GUARDAS;;;;;
4;41;31;9;LAS CORTECILLAS;;;;;
4;41;31;10;MINAS DEL CASTILLO DE LAS GUARDAS;;;;;
4;41;31;11;EL PEDROSILLO;;;;;
4;41;31;12;EL PERALEJO;;;;;
4;41;31;13;PEROAMIGO;;;;;
4;41;31;14;VALDEFLORES;;;;;
4;41;32;1;CAZALLA DE LA SIERRA;;;;;
4;41;32;2;DOS HERMANAS;;;;;
4;41;32;3;ESTACION DE CAZALLA;;;;;
4;41;32;4;FABRICA DEL PEDROSO;;;;;
4;41;32;5;EL GALEON;;;;;
4;41;32;6;LA GANCHOSA;;;;;
4;41;32;7;SOLANAS DEL VALLE;;;;;
4;41;33;1;LAS BALTROTAS;;;;;
4;41;33;2;LAS CARRETERAS;;;;;
4;41;33;4;CONSTANTINA;;;;;
4;41;33;5;FUENTE EL NEGRO;;;;;
4;41;33;6;FUENTE REINA;;;;;
4;41;33;7;ROBLEDO VIEJO;;;;;
4;41;33;8;CAÑADA DE LA JARA;;;;;
4;41;34;1;CARCHENA;;;;;
4;41;34;2;CORIA DEL RIO;;;;;
4;41;34;3;LA VEGA;;;;;
4;41;35;1;CORIPE;;;;;
4;41;36;1;EL CORONIL;;;;;
4;41;37;1;LOS CORRALES;;;;;
4;41;38;1;DOS HERMANAS;;;;;
4;41;38;2;FUENTE DEL REY;;;;;
4;41;38;3;MARISMA Y PUNTALES ADRIANO;;;;;
4;41;38;5;QUINTO;;;;;
4;41;39;1;LA ACEÑUELA;;;;;
4;41;39;2;LOS ARENALES;;;;;
4;41;39;3;CERRO PEREA;;;;;
4;41;39;4;ECIJA;;;;;
4;41;39;5;NAVALAGRULLA;;;;;
4;41;39;6;ISLA DEL VICARIO;;;;;
4;41;39;7;ISLA REDONDA;;;;;
4;41;39;8;SAN ANTON;;;;;
4;41;39;9;VILLANUEVA DEL REY;;;;;
4;41;39;10;ISLA REDONDA LA ACEÑUELA;;;;;
4;41;40;1;ESPARTINAS;;;;;
4;41;41;1;ALAMEDILLA;;;;;
4;41;41;2;ESTEPA;;;;;
4;41;41;3;GALLO;;;;;
4;41;41;4;POZO DEL VILLAR;;;;;
4;41;41;5;LA SALADA;;;;;
4;41;42;1;FUENTES DE ANDALUCIA;;;;;
4;41;43;1;EL GARROBO;;;;;
4;41;44;1;GELVES;;;;;
4;41;44;2;PARCELAS DE PORSIVER;;;;;
4;41;45;1;GERENA;;;;;
4;41;46;1;GILENA;;;;;
4;41;47;1;GINES;;;;;
4;41;48;1;GUADALCANAL;;;;;
4;41;49;2;GUILLENA;;;;;
4;41;49;4;LAS PAJANOSAS;;;;;
4;41;49;5;TORRE DE LA REINA;;;;;
4;41;49;6;EL SERRANO;;;;;
4;41;50;1;HERRERA;;;;;
4;41;51;2;HUEVAR;;;;;
4;41;52;1;LA LANTEJUELA;;;;;
4;41;53;5;LEBRIJA;;;;;
4;41;54;1;LORA DE ESTEPA;;;;;
4;41;55;1;EL ACEBUCHAL;;;;;
4;41;55;2;EL ALAMO;;;;;
4;41;55;3;LORA DEL RIO;;;;;
4;41;55;4;LOS MAJADALES;;;;;
4;41;55;5;EL PRIORATO;;;;;
4;41;55;7;SETEFILLA;;;;;
4;41;56;3;LA LUISIANA;;;;;
4;41;57;1;EL ALAMO;;;;;
4;41;57;2;JUAN ANTON;;;;;
4;41;57;3;JUAN GALLEGO;;;;;
4;41;57;4;EL MADROÑO;;;;;
4;41;57;5;VILLARGORDO;;;;;
4;41;58;1;BENCARRON;;;;;
4;41;58;2;CLAVINQUE;;;;;
4;41;58;3;MAIRENA DEL ALCOR;;;;;
4;41;59;5;MAIRENA DEL ALJARAFE;;;;;
4;41;60;5;MARCHENA;;;;;
4;41;61;1;MARINALEDA;;;;;
4;41;61;2;MATARREDONDA;;;;;
4;41;62;1;EL CAÑUELO;;;;;
4;41;62;2;MARTIN DE LA JARA;;;;;
4;41;62;3;EL REJANO;;;;;
4;41;63;1;LOS MOLARES;;;;;
4;41;64;1;MONTELLANO;;;;;
4;41;65;4;MORON DE LA FRONTERA;;;;;
4;41;66;1;LAS NAVAS DE LA CONCEPCION;;;;;
4;41;67;1;OLIVARES;;;;;
4;41;68;1;OSUNA;;;;;
4;41;68;2;PUERTO DE LA ENCINA;;;;;
4;41;69;1;LOS CHAPATALES;;;;;
4;41;69;2;MARIBAÑEZ;;;;;
4;41;69;3;LOS PALACIOS Y VILLAFRANCA;;;;;
4;41;69;4;EL TROBAL;;;;;
4;41;70;1;PALOMARES DEL RIO;;;;;
4;41;71;1;EL CALVARIO;;;;;
4;41;71;2;MONTE-PALACIO;;;;;
4;41;71;3;EL PALOMAR;;;;;
4;41;71;4;PARADAS;;;;;
4;41;72;1;PEDRERA;;;;;
4;41;73;1;CAÑADAS DEL ROMERO;;;;;
4;41;73;2;LAS JARILLAS;;;;;
4;41;73;3;NAVAHONDA;;;;;
4;41;73;4;EL PEDROSO;;;;;
4;41;74;1;PEÑAFLOR;;;;;
4;41;74;2;VEGAS DE ALMENARA;;;;;
4;41;74;3;LA VEREDA;;;;;
4;41;75;1;PILAS;;;;;
4;41;76;1;PRUNA;;;;;
4;41;77;1;LA PUEBLA DE CAZALLA;;;;;
4;41;78;1;LA PUEBLA DE LOS INFANTES;;;;;
4;41;79;4;LA PUEBLA DEL RIO;;;;;
4;41;80;1;EL REAL DE LA JARA;;;;;
4;41;81;1;BUITRAGO;;;;;
4;41;81;2;LA CARTUJA;;;;;
4;41;81;3;CASABLANQUILLA;;;;;
4;41;81;4;LA JARILLA;;;;;
4;41;81;5;MAJALOBA;;;;;
4;41;81;6;LA RINCONADA;;;;;
4;41;81;7;SAN JOSE DE LA RINCONADA;;;;;
4;41;81;8;TARAZONA;;;;;
4;41;82;1;LOS PERENOS;;;;;
4;41;82;2;LOS PEREZ;;;;;
4;41;82;3;LA RODA DE ANDALUCIA;;;;;
4;41;83;1;EL HOYUELO;;;;;
4;41;83;2;LA RATILLA;;;;;
4;41;83;3;EL RONQUILLO;;;;;
4;41;83;4;VENTA DE CURRO FAL;;;;;
4;41;84;1;EL RUBIO;;;;;
4;41;85;2;CENTRO DE COMARCA NORTE;;;;;
4;41;85;5;SALTERAS;;;;;
4;41;86;1;SAN JUAN DE AZNALFARACHE;;;;;
4;41;87;1;ESTACION DE BENACAZON;;;;;
4;41;87;2;LA HERRERIA;;;;;
4;41;87;3;SANLUCAR LA MAYOR;;;;;
4;41;87;4;TABLANTE;;;;;
4;41;87;5;VILLARAN;;;;;
4;41;88;1;CERRO DEL HIERRO;;;;;
4;41;88;2;SAN NICOLAS DEL PUERTO;;;;;
4;41;89;1;SANTIPONCE;;;;;
4;41;90;1;LA MEZQUITILLA;;;;;
4;41;90;2;NAVARREDONDA;;;;;
4;41;90;3;EL SAUCEJO;;;;;
4;41;91;2;SEVILLA;;;;;
4;41;91;4;VALDEZORRAS;;;;;
4;41;92;1;LOS ROSALES;;;;;
4;41;92;2;TOCINA;;;;;
4;41;93;1;TOMARES;;;;;
4;41;94;1;UMBRETE;;;;;
4;41;94;2;HACIENDA DE LOPAZ;;;;;
4;41;95;1;GUADALEMA DE LOS QUINTERO;;;;;
4;41;95;2;EL PALMAR DE TROYA;;;;;
4;41;95;3;PINZON;;;;;
4;41;95;4;EL TORBISCAL;;;;;
4;41;95;5;TRAJANO;;;;;
4;41;95;6;UTRERA;;;;;
4;41;96;1;VALENCINA DE LA CONCEPCION;;;;;
4;41;97;1;VILLAMANRIQUE DE LA CONDESA;;;;;
4;41;98;1;VILLANUEVA DEL ARISCAL;;;;;
4;41;99;8;VILLANUEVA DEL RIO;;;;;
4;41;99;9;VILLANUEVA DEL RIO Y MINAS;;;;;
4;41;100;1;VILLANUEVA DE SAN JUAN;;;;;
4;41;101;1;VILLAVERDE DEL RIO;;;;;
4;41;102;1;EL VISO DEL ALCOR;;;;;
4;41;901;1;CAÑADA ROSAL;;;;;
4;41;902;1;ISLA MAYOR;;;;;
4;41;903;1;EL CUERVO DE SEVILLA;;;;;
4;41;999;0;NO DETERMINADA;;;;;
5;33;1;1;BERDUCEDO;0302;H04;;;
5;33;1;2;BESULLO;0301;I05;;;
5;33;1;3;BUSTANTIGO;0301;G04;;;
5;33;1;4;CELÓN;0301;H05;;;
5;33;1;5;LAGO;0301;H04;;;
5;33;1;6;LINARES;0301;H05;;;
5;33;1;7;LOMES;0301;I05;;;
5;33;1;8;PARAJAS;0301;I05;;;
5;33;1;9;POLA DE ALLANDE;0301;H05;;;
5;33;1;10;SAN EMILIANO;0301;H03;;;
5;33;1;11;SANTA COLOMA;0301;H04;;;
5;33;1;12;SAN MARTÍN DEL VALLEDOR;0301;I04;;;
5;33;1;13;SAN SALVADOR DEL VALLEDOR;0301;I03;;;
5;33;1;14;VILLAGRUFE;0301;H05;;;
5;33;1;15;VILLAR DE SAPOS;0301;H04;;;
5;33;1;16;VILLAVASER;0301;H04;;;
5;33;1;17;VILLAVERDE;0301;I05;;;
5;33;2;1;BELLO;0401;J02;;;
5;33;2;2;BOO;0401;I01;;;
5;33;2;3;CABAÑAQUINTA;0401;I02;;;
5;33;2;4;CABORANA;0401;I01;;;
5;33;2;5;CASOMERA;0401;J03;;;
5;33;2;6;CONFORCOS;0401;J03;;;
5;33;2;7;CUÉRIGO;0401;J03;;;
5;33;2;8;LLAMAS;0401;J03;;;
5;33;2;9;MOREDA;0401;I01;;;
5;33;2;10;MURIAS;0401;J02;;;
5;33;2;11;NEMBRA;0401;I02;;;
5;33;2;12;PELÚGANO;0401;I03;;;
5;33;2;13;EL PINO;0401;J03;;;
5;33;2;14;PIÑERES;0401;I02;;;
5;33;2;15;SANTIBÁÑEZ DE LA FUENTE;0401;J03;;;
5;33;2;16;SERRAPIO;0401;I02;;;
5;33;2;17;SOTO;0401;I02;;;
5;33;2;18;VEGA;0401;I02;;;
5;33;3;1;AMIEVA;0401;H07;;;
5;33;3;2;ARGOLIBIO;0401;H06;;;
5;33;3;3;MIÁN;0401;H06;;;
5;33;3;4;SAN ROMÁN;0401;H07;;;
5;33;3;5;SEBARGA;0401;H06;;;
5;33;4;1;AVILÉS;0301;E10;;;
5;33;4;2;CORROS;0301;E10;;;
5;33;4;3;ENTREVIÑAS;0301;E10;;;
5;33;4;4;LAVIANA;0301;D10;;;
5;33;4;5;MIRANDA;0301;E10;;;
5;33;4;6;NAVARRO;0301;E10;;;
5;33;5;1;AGÜERA;0301;I08;;;
5;33;5;2;ALMURFE;0301;I08;;;
5;33;5;3;BEGEGA;0301;H08;;;
5;33;5;4;BELMONTE;0301;H08;;;
5;33;5;5;CASTAÑEDO;0301;H08;;;
5;33;5;6;CUEVAS;0301;I07;;;
5;33;5;7;LAS ESTACAS;0301;H08;;;
5;33;5;8;LEIGUARDA;0301;G08;;;
5;33;5;9;LLAMOSO;0301;I08;;;
5;33;5;10;MONTOVO;0301;I08;;;
5;33;5;11;QUINTANA;0301;H07;;;
5;33;5;12;SAN BARTOLOMÉ;0301;G08;;;
5;33;5;13;SAN MARTÍN DE LODÓN;0301;G08;;;
5;33;5;14;SAN MARTÍN DE ONDES;0301;H08;;;
5;33;5;15;VIGAÑA;0301;H08;;;
5;33;6;1;SAN EMETERIO;0401;H03;;;
5;33;6;2;SAN JULIÁN;0401;G03;;;
5;33;6;3;SUARES;0401;G03;;;
5;33;7;1;BOAL;0301;F03;;;
5;33;7;2;CASTRILLÓN;0301;G03;;;
5;33;7;3;DOIRAS;0301;G03;;;
5;33;7;4;LEBREDO;0301;G03;;;
5;33;7;5;LA RONDA;0301;G03;;;
5;33;7;6;ROZADAS;0301;F03;;;
5;33;7;7;SERANDINAS;0301;F05;;;
5;33;8;1;LAS ARENAS;0401;H09;;;
5;33;8;2;BERODIA;0401;H08;;;
5;33;8;3;BULNES;0401;H09;;;
5;33;8;4;CARREÑA;0401;H08;;;
5;33;8;5;POO;0401;H09;;;
5;33;8;6;PRADO;0401;H08;;;
5;33;8;7;PUERTAS;0401;H08;;;
5;33;8;8;SOTRES;0401;I09;;;
5;33;8;9;TIELVE;0401;H09;;;
5;33;9;1;SANTA EULALIA;0401;F04;;;
5;33;9;2;FRESNEDO;0401;G04;;;
5;33;9;3;GRAMEDO;0401;G04;;;
5;33;9;4;PANDENES;0401;G04;;;
5;33;9;5;TORAZO;0401;G04;;;
5;33;9;6;VIÑÓN;0401;F04;;;
5;33;10;1;ACES;0301;F09;;;
5;33;10;2;CUERO;0301;F09;;;
5;33;10;3;FENOLLEDA;0301;F09;;;
5;33;10;4;GRULLOS;0301;F09;;;
5;33;10;5;LLAMERO;0301;F09;;;
5;33;10;6;MURIAS;0301;F09;;;
5;33;10;7;PRAHÚA;0301;F09;;;
5;33;10;8;SAN ROMÁN;0301;F09;;;
5;33;10;9;SAN TIRSO;0301;F09;;;
5;33;10;10;EL VALLE;0301;F09;;;
5;33;10;11;VENTOSA;0301;F09;;;
5;33;11;1;ADRALÉS;0301;I05;;;
5;33;11;2;AGÜERA DEL COTO;0301;J05;;;
5;33;11;3;AMBRES;0301;I06;;;
5;33;11;4;SAN JULIÁN ARBAS;0301;J06;;;
5;33;11;5;SAN PEDRO ARBAS;0301;J06;;;
5;33;11;6;BERGAME;0301;J05;;;
5;33;11;7;BERGUÑO;0301;J05;;;
5;33;11;8;BESULLO;0301;I05;;;
5;33;11;9;BIMEDA;0301;J06;;;
5;33;11;10;CANGAS DEL NARCEA;0301;I05;;;
5;33;11;11;CARBALLO;0301;J06;;;
5;33;11;12;CARCEDA;0301;I06;;;
5;33;11;13;CASTAÑEDO;0301;J05;;;
5;33;11;14;CIBEA;0301;J06;;;
5;33;11;15;CIBUYO;0301;J05;;;
5;33;11;16;SAN PEDRO DE COLIEMA;0301;I06;;;
5;33;11;17;CORIAS;0301;I06;;;
5;33;11;18;COTO;0301;K05;;;
5;33;11;19;CUERAS;0301;I05;;;
5;33;11;20;ENTREVIÑAS;0301;I05;;;
5;33;11;21;FUENTES DE CORBERO;0301;J06;;;
5;33;11;22;GEDREZ;0301;K05;;;
5;33;11;23;GENESTOSO;0301;J07;;;
5;33;11;24;GILLÓN;0301;K05;;;
5;33;11;25;JARCELEY;0301;H06;;;
5;33;11;26;LARNA;0301;J05;;;
5;33;11;27;LARÓN;0301;K05;;;
5;33;11;28;LEITARIEGOS;0301;K06;;;
5;33;11;29;LIMÉS;0301;I06;;;
5;33;11;30;LINARES DEL ACEBO;0301;I06;;;
5;33;11;31;MAGANES;0301;I06;;;
5;33;11;32;MIELDES;0301;I07;;;
5;33;11;33;MONASTERIO DE HERMO;0301;K05;;;
5;33;11;34;LAS MONTAÑAS;0301;I04;;;
5;33;11;35;NAVIEGO;0301;J05;;;
5;33;11;36;NOCEDA DE RENGOS;0301;J05;;;
5;33;11;37;OBALLO;0301;J05;;;
5;33;11;38;OBANCA;0301;I05;;;
5;33;11;39;ONÓN;0301;I06;;;
5;33;11;40;PIÑERA;0301;J06;;;
5;33;11;41;PORLEY;0301;I06;;;
5;33;11;42;POSADA DE RENGOS;0301;J05;;;
5;33;11;43;LA REGLA DE PERANDONES;0301;I05;;;
5;33;11;44;SAN MARTÍN SIERRA;0301;H06;;;
5;33;11;45;SANTIAGO SIERRA;0301;I06;;;
5;33;11;46;TAINÁS;0301;I06;;;
5;33;11;47;TEBONGO;0301;H06;;;
5;33;11;48;TRONES;0301;I05;;;
5;33;11;49;VEGA DE RENGOS;0301;K05;;;
5;33;11;50;VEGALAGAR;0301;J04;;;
5;33;11;51;VILLACIBRÁN;0301;J06;;;
5;33;11;52;VILLALÁEZ;0301;J06;;;
5;33;11;53;VILLARMENTAL;0301;J06;;;
5;33;11;54;VILLATEGIL;0301;J06;;;
5;33;12;1;ABAMIA;0401;G07;;;
5;33;12;2;CANGAS DE ONÍS;0401;G06;;;
5;33;12;3;CON;0401;G07;;;
5;33;12;4;COVADONGA;0401;H07;;;
5;33;12;5;GRAZANES;0401;G07;;;
5;33;12;6;LABRA;0401;G07;;;
5;33;12;7;MARGOLLES;0401;G06;;;
5;33;12;8;LA RIERA;0401;H07;;;
5;33;12;9;TRIONGO;0401;G06;;;
5;33;12;10;VILLANUEVA;0401;G06;;;
5;33;12;11;ZARDÓN;0401;G07;;;
5;33;13;1;CARAVIA LA ALTA;0401;F06;;;
5;33;13;2;CARAVIA LA BAJA;0401;F06;;;
5;33;14;1;ALBANDI;0401;F01;;;
5;33;14;2;AMBÁS;0401;F01;;;
5;33;14;3;CANDÁS;0401;F01;;;
5;33;14;4;CARRIÓ;0401;F01;;;
5;33;14;5;GUIMARÁN;0401;F01;;;
5;33;14;6;LOGREZANA;0401;F01;;;
5;33;14;7;PERLORA;0401;F01;;;
5;33;14;8;PERVERA;0401;F01;;;
5;33;14;9;PIEDELORO;0401;F01;;;
5;33;14;10;PRENDES;0401;F01;;;
5;33;14;11;TAMÓN;0401;F01;;;
5;33;14;12;EL VALLE;0401;F01;;;
5;33;15;1;BUERES;0401;I04;;;
5;33;15;2;CALEAO;0401;I04;;;
5;33;15;3;CAMPO DE CASO;0401;I04;;;
5;33;15;4;COBALLES;0401;I04;;;
5;33;15;5;FELGUERINA;0401;I04;;;
5;33;15;6;ORLÉ;0401;I05;;;
5;33;15;7;SOBRECASTIELLO;0401;I05;;;
5;33;15;8;TANES;0401;I04;;;
5;33;15;9;TARNA;0401;J05;;;
5;33;15;10;TOZO;0401;H04;;;
5;33;16;1;BAYAS;0301;E09;;;
5;33;16;2;LASPRA;0301;E10;;;
5;33;16;3;SANTA MARÍA DEL MAR;0301;E10;;;
5;33;16;4;SANTIAGO DEL MONTE;0301;E10;;;
5;33;16;5;NAVECES;0301;E09;;;
5;33;16;6;PILLARNO;0301;E10;;;
5;33;16;7;QUILOÑO;0301;E09;;;
5;33;16;8;SALINAS;0301;D10;;;
5;33;17;1;BALMONTE;0301;F02;;;
5;33;17;2;BARRES;0301;E02;;;
5;33;17;3;CASTROPOL;0301;E02;;;
5;33;17;4;FIGUERAS;0301;E02;;;
5;33;17;5;MOLDES;0301;E02;;;
5;33;17;6;PIÑERA;0301;E02;;;
5;33;17;7;PRESNO;0301;F02;;;
5;33;17;8;SEARES;0301;F02;;;
5;33;17;9;TOL;0301;E02;;;
5;33;18;1;CARTAVIO;0301;E03;;;
5;33;18;2;COAÑA;0301;E04;;;
5;33;18;3;FOLGUERAS;0301;E04;;;
5;33;18;4;MOHÍAS;0301;E04;;;
5;33;18;5;TRELLES;0301;F04;;;
5;33;18;6;VILLACONDITE;0301;E04;;;
5;33;18;7;LEBREDO;0301;F03;;;
5;33;19;1;CARRANDI;0401;F05;;;
5;33;19;2;COLUNGA;0401;F05;;;
5;33;19;3;GOBIENDES;0401;F05;;;
5;33;19;4;LA ISLA;0401;F05;;;
5;33;19;5;LASTRES;0401;F05;;;
5;33;19;6;LIBARDÓN;0401;F05;;;
5;33;19;8;LUE;0401;F05;;;
5;33;19;9;LA LLERA;0401;F05;;;
5;33;19;10;PERNÚS;0401;F05;;;
5;33;19;11;PIVIERDA;0401;F05;;;
5;33;19;12;LA RIERA;0401;F05;;;
5;33;19;13;SALES;0401;F05;;;
5;33;19;14;SAN JUAN DE DUZ;0401;F05;;;
5;33;20;1;LOS CAMPOS;0301;E10;;;
5;33;20;2;CANCIENES;0301;E10;;;
5;33;20;3;MOLLEDA;0301;E10;;;
5;33;20;4;SOLÍS;0401;E01;;;
5;33;20;5;TRASONA;0301;E10;;;
5;33;20;6;VILLA;0301;E10;;;
5;33;20;7;LAS VEGAS;0301;E10;;;
5;33;21;1;BALLOTA;0301;E07;;;
5;33;21;2;CUDILLERO;0301;E09;;;
5;33;21;3;FAEDO;0301;E08;;;
5;33;21;4;SAN MARTÍN DE LUIÑA;0301;E08;;;
5;33;21;5;NOVELLANA;0301;E07;;;
5;33;21;6;OVIÑANA;0301;E08;;;
5;33;21;7;PIÑERA;0301;E09;;;
5;33;21;8;SAN JUAN DE PIÑERA;0301;E09;;;
5;33;21;9;SOTO DE LUIÑA;0301;E08;;;
5;33;22;1;CERREDO;0301;L06;;;
5;33;22;2;DEGAÑA;0301;L05;;;
5;33;22;3;TABLADO;0301;L05;;;
5;33;23;1;ARANCEDO;0301;E03;;;
5;33;23;2;LA BRAÑA;0301;F03;;;
5;33;23;3;LA CARIDAD;0301;E03;;;
5;33;23;4;LEBREDO;0301;F03;;;
5;33;23;5;MIUDES;0301;E03;;;
5;33;23;6;PRENDONES;0301;E03;;;
5;33;23;7;VALDEPARES;0301;E03;;;
5;33;23;8;VILLALMARZO;0301;E03;;;
5;33;24;1;BALDORNÓN;0401;F02;;;
5;33;24;2;BERNUECES;0401;E02;;;
5;33;24;3;CABUEÑES;0401;E02;;;
5;33;24;4;CALDONES;0401;F02;;;
5;33;24;5;CENERO;0401;F01;;;
5;33;24;6;DEVA;0401;E03;;;
5;33;24;7;FANO;0401;F02;;;
5;33;24;8;FRESNO;0401;E01;;;
5;33;24;9;GIJÓN;0401;E02;;;
5;33;24;10;GRANDA;0401;E02;;;
5;33;24;11;HUERCES;0401;F02;;;
5;33;24;13;LAVANDERA;0401;F02;;;
5;33;24;14;LEORIO;0401;F02;;;
5;33;24;15;LA PEDRERA;0401;F02;;;
5;33;24;16;POAGO;0401;E01;;;
5;33;24;17;PORCEYO;0401;E02;;;
5;33;24;19;RUEDES;0401;F01;;;
5;33;24;20;SANTURIO;0401;E02;;;
5;33;24;21;SERÍN;0401;E01;;;
5;33;24;23;TACONES;0401;E01;;;
5;33;24;24;VEGA;0401;E02;;;
5;33;24;25;VERIÑA;0401;E01;;;
5;33;25;1;AMBIEDES;0301;E10;;;
5;33;25;2;BAÑUGUES;0401;D01;;;
5;33;25;3;BOCINES;0401;D01;;;
5;33;25;4;CARDO;0401;D01;;;
5;33;25;5;HERES;0401;D01;;;
5;33;25;6;LAVIANA;0301;D10;;;
5;33;25;8;MANZANEDA;0301;D10;;;
5;33;25;9;NEMBRO;0401;D01;;;
5;33;25;10;PODES;0301;D10;;;
5;33;25;11;VERDICIO;0301;D10;;;
5;33;25;12;VIODO;0301;D10;;;
5;33;25;13;VIOÑO;0401;D01;;;
5;33;25;14;LUANCO;0401;D01;;;
5;33;26;1;AMBÁS;0301;G09;;;
5;33;26;2;BÁSCONES;0301;G09;;;
5;33;26;3;BAYO;0301;G09;;;
5;33;26;4;BERCIÓ;0301;G10;;;
5;33;26;5;CABRUÑANA;0301;G09;;;
5;33;26;6;CASTAÑEDO;0301;F09;;;
5;33;26;7;COALLA;0301;G09;;;
5;33;26;8;EL FRESNO;0301;G09;;;
5;33;26;9;GRADO;0301;G09;;;
5;33;26;10;SANTA MARÍA DE GRADO;0301;G09;;;
5;33;26;11;GURULLÉS;0301;G09;;;
5;33;26;12;LA MATA;0301;H09;;;
5;33;26;13;SANTO ADRIANO DEL MONTE;0301;H09;;;
5;33;26;14;PEÑAFLOR;0301;G09;;;
5;33;26;15;PEREDA;0301;G09;;;
5;33;26;16;RAÑECES;0301;G09;;;
5;33;26;17;RESTIELLO;0301;H08;;;
5;33;26;18;RODILES;0301;G09;;;
5;33;26;19;RUBIANO;0301;H09;;;
5;33;26;20;SAMA DE GRADO;0301;H09;;;
5;33;26;21;SANTIANES;0301;H09;;;
5;33;26;22;SORRIBAS;0301;G09;;;
5;33;26;23;TOLINAS;0301;H08;;;
5;33;26;24;VIGAÑA;0301;H08;;;
5;33;26;25;VILLAMARÍN;0301;H09;;;
5;33;26;26;SANTA MARÍA DE VILLANDÁS;0301;G09;;;
5;33;26;27;VILLAPAÑADA;0301;G09;;;
5;33;26;28;LAS VILLAS;0301;H08;;;
5;33;27;1;GRANDAS DE SALIME;0301;I03;;;
5;33;27;2;LA MESA;0301;I03;;;
5;33;27;3;NEGUEIRA;0301;I03;;;
5;33;27;4;PEÑAFUENTE;0301;I02;;;
5;33;27;5;TRABADA;0301;I02;;;
5;33;27;6;VILLARPEDRE;0301;I03;;;
5;33;27;7;VITOS;0301;I02;;;
5;33;28;1;CECOS;0301;K03;;;
5;33;28;2;OS COUTOS;0301;K02;;;
5;33;28;3;SAN ANTOLÍN DE IBIAS;0301;K03;;;
5;33;28;4;MARENTES;0301;J03;;;
5;33;28;5;PELLICEIRA;0301;L03;;;
5;33;28;6;SAN CLEMENTE;0301;K03;;;
5;33;28;7;SENA;0301;J02;;;
5;33;28;8;SEROIRO;0301;J03;;;
5;33;28;9;SISTERNA;0301;L04;;;
5;33;28;10;TALADRID;0301;L04;;;
5;33;28;11;TORMALEO;0301;L04;;;
5;33;29;1;BULLASO;0301;G03;;;
5;33;29;2;HERÍAS;0301;H03;;;
5;33;29;3;ILLANO;0301;H04;;;
5;33;29;4;RONDA;0301;G03;;;
5;33;29;5;GÍO;0301;H04;;;
5;33;30;1;ILLAS;0301;E10;;;
5;33;30;2;LA PERAL;0301;F10;;;
5;33;30;3;VILLA;0301;E10;;;
5;33;31;1;BARROS;0401;H02;;;
5;33;31;2;CIAÑO;0401;H02;;;
5;33;31;3;LA FELGUERA;0401;H02;;;
5;33;31;4;LADA;0401;H01;;;
5;33;31;5;RIAÑO;0401;G01;;;
5;33;31;6;SAMA;0401;H02;;;
5;33;31;7;TUILLA;0401;H02;;;
5;33;31;8;LA VENTA;0401;H01;;;
5;33;32;1;CARRIO;0401;H03;;;
5;33;32;2;CONDADO;0401;H03;;;
5;33;32;3;ENTRALGO;0401;H03;;;
5;33;32;4;LORÍO;0401;I03;;;
5;33;32;5;POLA DE LAVIANA;0401;H03;;;
5;33;32;6;TIRAÑA;0401;H03;;;
5;33;32;7;TOLIVIA;0401;I02;;;
5;33;32;8;VILLORIA;0401;I03;;;
5;33;33;1;CABEZÓN;0401;J01;;;
5;33;33;2;CAMPOMANES;0401;J01;;;
5;33;33;3;CARABANZO;0401;I01;;;
5;33;33;4;CASORVIDA;0401;J01;;;
5;33;33;5;CASTIELLO;0401;J01;;;
5;33;33;6;COLUMBIELLO;0401;J01;;;
5;33;33;7;CONGOSTINAS;0401;J01;;;
5;33;33;8;FELGUERAS;0401;J01;;;
5;33;33;9;HERÍAS;0401;J01;;;
5;33;33;10;JOMEZANA;0401;J01;;;
5;33;33;11;LLANOS;0401;K01;;;
5;33;33;12;MUÑÓN CIMERO;0401;I01;;;
5;33;33;13;PAJARES;0401;K01;;;
5;33;33;14;PARANA;0401;J01;;;
5;33;33;15;PIÑERA;0401;J01;;;
5;33;33;16;POLA DE LENA;0401;I01;;;
5;33;33;17;LAS PUENTES;0401;I01;;;
5;33;33;18;SAN MIGUEL DEL RÍO;0401;K01;;;
5;33;33;19;SOTIELLO;0401;J01;;;
5;33;33;20;TELLEDO;0401;K10;;;
5;33;33;21;TUIZA;0401;K10;;;
5;33;33;22;VILLALLANA;0401;I01;;;
5;33;33;23;ZUREDA;0401;J01;;;
5;33;33;24;MUÑÓN FONDERO;0401;I01;;;
5;33;34;1;ALIENES;0301;F08;;;
5;33;34;2;ARCALLANA;0301;E07;;;
5;33;34;3;AYONES;0301;F07;;;
5;33;34;4;BARCIA;0301;E06;;;
5;33;34;5;CADAVEDO;0301;E07;;;
5;33;34;6;CANERO;0301;E06;;;
5;33;34;7;CARCEDO;0301;F07;;;
5;33;34;8;CASTAÑEO;0301;F07;;;
5;33;34;9;LUARCA;0301;E05;;;
5;33;34;10;LA MONTAÑA;0301;F05;;;
5;33;34;11;MUÑÁS;0301;F07;;;
5;33;34;12;OTUR;0301;E05;;;
5;33;34;13;PAREDES;0301;F06;;;
5;33;34;14;SANTIAGO;0301;E05;;;
5;33;34;15;TREVÍAS;0301;E06;;;
5;33;35;1;ABLES;0301;F10;;;
5;33;35;2;ARLÓS;0301;F10;;;
5;33;35;3;BONIELLES;0301;F10;;;
5;33;35;4;CAYÉS;0401;F01;;;
5;33;35;5;FERROÑES;0301;F10;;;
5;33;35;6;LUGO;0401;F01;;;
5;33;35;7;PRUVIA;0401;F01;;;
5;33;35;8;RONDIELLA;0301;F10;;;
5;33;35;9;SAN CUCUFATE DE LLANERA;0301;F10;;;
5;33;35;10;SANTA CRUZ DE LLANERA;0301;F10;;;
5;33;35;11;VILLARDEVEYO;0401;F01;;;
5;33;36;1;ARDISANA;0401;G08;;;
5;33;36;2;BARRO;0401;F09;;;
5;33;36;3;LA BORBOLLA;0401;G10;;;
5;33;36;4;CALDUEÑO;0401;G08;;;
5;33;36;5;LOS CALLEJOS;0401;G08;;;
5;33;36;6;CARRANZO;0401;G10;;;
5;33;36;7;LOS CARRILES;0401;G08;;;
5;33;36;8;CELORIO;0401;F09;;;
5;33;36;9;CUE;0401;G09;;;
5;33;36;10;HONTORIA;0401;F08;;;
5;33;36;11;LLANES;0401;G09;;;
5;33;36;12;MALATERÍA;0401;G08;;;
5;33;36;13;MERÉ;0401;G08;;;
5;33;36;14;NAVES;0401;F08;;;
5;33;36;15;NUEVA;0401;F08;;;
5;33;36;16;PARRES;0401;G09;;;
5;33;36;17;PENDUELES;0401;G10;;;
5;33;36;18;POO;0401;F09;;;
5;33;36;19;PORRÚA;0401;G09;;;
5;33;36;20;POSADA;0401;F08;;;
5;33;36;21;PRÍA;0401;F08;;;
5;33;36;22;RALES;0401;G08;;;
5;33;36;23;SAN ROQUE DEL ACEBAL;0401;G09;;;
5;33;36;24;TRESGRANDAS;0401;G10;;;
5;33;36;25;VIBAÑO;0401;G08;;;
5;33;36;26;VIDIAGO;0401;G10;;;
5;33;36;27;ANDRÍN;0401;G10;;;
5;33;36;28;PURÓN;0401;G10;;;
5;33;37;1;BAÍÑA;0401;H01;;;
5;33;37;2;FIGAREDO;0401;I01;;;
5;33;37;3;GALLEGOS;0401;H01;;;
5;33;37;4;LOREDO;0401;H01;;;
5;33;37;5;MIERES;0401;H01;;;
5;33;37;6;MIERES (EXTRARRADIO);0401;H01;;;
5;33;37;7;LA PEÑA;0401;I01;;;
5;33;37;8;REBOLLADA;0401;H01;;;
5;33;37;9;SANTA CRUZ;0401;I01;;;
5;33;37;10;SANTA ROSA;0401;H01;;;
5;33;37;11;SANTULLANO;0401;I01;;;
5;33;37;12;SEANA;0401;H01;;;
5;33;37;13;TURÓN;0401;I01;;;
5;33;37;14;UJO;0401;I01;;;
5;33;37;15;URBIÉS;0401;I02;;;
5;33;37;16;VALDECUNA;0401;I01;;;
5;33;38;1;ARGAME;0301;H10;;;
5;33;38;2;LA FOZ;0301;H10;;;
5;33;38;3;PEÑERUDES;0301;H10;;;
5;33;38;4;LA PIÑERA;0301;H10;;;
5;33;38;5;SAN ESTEBAN;0301;H10;;;
5;33;38;6;SAN SEBASTIÁN;0301;H10;;;
5;33;38;7;SANTA EULALIA;0301;H10;;;
5;33;39;1;MUROS DE NALÓN;0301;E09;;;
5;33;39;2;SAN ESTEBAN;0301;E09;;;
5;33;40;1;CECEDA;0401;G04;;;
5;33;40;2;CUENYA;0401;G03;;;
5;33;40;3;NAVA;0401;G03;;;
5;33;40;4;PRIANDI;0401;G03;;;
5;33;40;5;EL REMEDIO;0401;G03;;;
5;33;40;6;TRESALI;0401;G03;;;
5;33;41;1;ANDÉS;0301;E04;;;
5;33;41;2;ANLEO;0301;E04;;;
5;33;41;3;NAVIA;0301;E04;;;
5;33;41;4;PIÑERA;0301;E04;;;
5;33;41;5;POLAVIEJA;0301;E04;;;
5;33;41;6;PUERTO DE VEGA;0301;E04;;;
5;33;41;7;VILLANUEVA;0301;E05;;;
5;33;41;8;VILLAPEDRE;0301;E05;;;
5;33;42;1;CELLES;0401;G02;;;
5;33;42;2;NOREÑA;0401;G02;;;
5;33;42;3;SANTA MARINA;0401;G02;;;
5;33;43;1;BOBIA;0401;H07;;;
5;33;43;2;BENIA DE ONÍS;0401;G08;;;
5;33;43;3;LA ROBELLADA;0401;G08;;;
5;33;44;1;AGÜERIA;0401;G01;;;
5;33;44;2;BENDONES;0401;G01;;;
5;33;44;3;BOX;0401;G01;;;
5;33;44;4;BRAÑES;0301;F10;;;
5;33;44;5;CACES;0301;G10;;;
5;33;44;7;CRUCES;0401;G01;;;
5;33;44;8;GODOS;0301;G10;;;
5;33;44;9;LATORES;0301;G10;;;
5;33;44;10;LILLO;0301;G10;;;
5;33;44;11;LIMANES;0401;G01;;;
5;33;44;12;LORIANA;0301;G10;;;
5;33;44;13;MANJOYA;0301;G10;;;
5;33;44;14;MANZANEDA;0401;H01;;;
5;33;44;15;NARANCO;0401;G01;;;
5;33;44;16;NAVES;0401;G01;;;
5;33;44;17;NORA;0301;F10;;;
5;33;44;18;OLLONIEGO;0401;H01;;;
5;33;44;19;OVIEDO;0401;G01;;;
5;33;44;20;PANDO;0301;G10;;;
5;33;44;21;PEREDA;0301;G10;;;
5;33;44;22;PIEDRAMUELLE;0301;G10;;;
5;33;44;23;PINTORIA;0301;G10;;;
5;33;44;25;PRIORIO;0301;G10;;;
5;33;44;26;PUERTO;0301;G10;;;
5;33;44;27;SAN CLAUDIO;0301;G10;;;
5;33;44;28;SANTIANES;0401;H01;;;
5;33;44;29;SOGRANDIO;0301;G10;;;
5;33;44;30;TRUBIA;0301;G10;;;
5;33;44;31;UDRIÓN;0301;G10;;;
5;33;44;32;VILLAPÉREZ;0301;F10;;;
5;33;45;1;CUADROVEÑA;0401;G06;;;
5;33;45;2;CASTIELLO;0401;G06;;;
5;33;45;3;CAYARGA;0401;G06;;;
5;33;45;4;COFIÑO;0401;G05;;;
5;33;45;5;COLLÍA;0401;G06;;;
5;33;45;6;FÍOS;0401;G05;;;
5;33;45;7;HUERA DE DEGO;0401;G05;;;
5;33;45;8;LLERANDI;0401;H06;;;
5;33;45;9;MARGOLLES;0401;G06;;;
5;33;45;10;MONTES DE SEBARES;0401;H05;;;
5;33;45;11;NEVARES;0401;G06;;;
5;33;45;12;PENDÁS;0401;G06;;;
5;33;45;13;SAN JUAN DE PARRES;0401;G06;;;
5;33;45;14;SORRIBAS;0401;G05;;;
5;33;45;15;VIABAÑO;0401;G06;;;
5;33;45;16;VILLANUEVA;0401;G06;;;
5;33;45;17;BODE;0401;G06;;;
5;33;46;1;ALLES;0401;H10;;;
5;33;46;2;CÁRAVES;0401;H09;;;
5;33;46;3;LLONÍN;0401;H10;;;
5;33;46;4;MIER;0401;H10;;;
5;33;46;5;OCEÑO;0401;H10;;;
5;33;46;6;ROZAGÁS;0401;H09;;;
5;33;46;7;RUENES;0401;H09;;;
5;33;46;8;TRESCARES;0401;H09;;;
5;33;47;1;ABÁNDAMES;0401;H10;;;
5;33;47;2;ALEVIA;0401;H11;;;
5;33;47;3;BUELLES;0401;H11;;;
5;33;47;4;CUÑABA;0401;H10;;;
5;33;47;5;MERODIO;0401;H11;;;
5;33;47;6;PANES;0401;H11;;;
5;33;47;7;TOBES;0401;H10;;;
5;33;47;8;SIEJO;0401;H11;;;
5;33;47;9;NARGANES;0401;H11;;;
5;33;48;1;PESOZ;0301;H09;;;
5;33;49;1;ANAYO;0401;G05;;;
5;33;49;2;ARTEDOSA;0401;H04;;;
5;33;49;3;BELONCIO;0401;H04;;;
5;33;49;4;BORINES;0401;G05;;;
5;33;49;5;CERECEDA;0401;G05;;;
5;33;49;6;COYA;0401;G04;;;
5;33;49;7;ESPINAREDO;0401;H04;;;
5;33;49;8;LODEÑA;0401;G04;;;
5;33;49;9;LA MAREA;0401;H04;;;
5;33;49;10;MAZA;0401;H04;;;
5;33;49;11;MIYARES;0401;G05;;;
5;33;49;12;LOS MONTES;0401;H05;;;
5;33;49;13;PINTUELES;0401;G05;;;
5;33;49;14;QUES;0401;G04;;;
5;33;49;15;SAN ANTONIO;0401;G04;;;
5;33;49;16;SAN JUAN DE BERBIO;0401;G04;;;
5;33;49;17;SAN ROMÁN DE VILLA;0401;G05;;;
5;33;49;18;SELLÓN;0401;H04;;;
5;33;49;19;SEVARES;0401;G05;;;
5;33;49;20;SORRIBAS;0401;G05;;;
5;33;49;21;TOZO;0401;H04;;;
5;33;49;22;VALLE;0401;H04;;;
5;33;49;23;VILLAMAYOR;0401;G05;;;
5;33;49;24;VALLOBAL;0401;G05;;;
5;33;50;1;ABIEGOS;0401;I06;;;
5;33;50;2;SAN JUAN DE BELEÑO;0401;I06;;;
5;33;50;3;CARANGAS;0401;I06;;;
5;33;50;4;CASIELLES;0401;I07;;;
5;33;50;5;CAZO;0401;H06;;;
5;33;50;6;SAN IGNACIO;0401;H06;;;
5;33;50;7;SOBREFOZ;0401;I06;;;
5;33;50;8;TARANES;0401;I06;;;
5;33;50;9;VIEGO;0401;I06;;;
5;33;51;1;ARANGO;0301;E09;;;
5;33;51;2;CORDOVERO;0301;F08;;;
5;33;51;3;CORIAS;0301;F09;;;
5;33;51;4;ESCOREDO;0301;E09;;;
5;33;51;5;FOLGUERAS;0301;F08;;;
5;33;51;6;INCLÁN;0301;F09;;;
5;33;51;7;MUROS DE NALÓN;0301;E09;;;
5;33;51;8;PRAVIA;0301;E09;;;
5;33;51;9;PRONGA;0301;F09;;;
5;33;51;10;QUINZANAS;0301;F09;;;
5;33;51;11;SANDAMÍAS;0301;F08;;;
5;33;51;12;SANTIANES;0301;E09;;;
5;33;51;13;SELGAS;0301;F09;;;
5;33;51;14;VILLAFRÍA;0301;E08;;;
5;33;51;15;VILLAVALER;0301;F08;;;
5;33;52;1;BANDUJO;0301;H09;;;
5;33;52;2;CARANGA;0301;I09;;;
5;33;52;3;LINARES;0301;H09;;;
5;33;52;4;PROACINA;0301;H09;;;
5;33;52;5;PROAZA;0301;H09;;;
5;33;52;6;SOGRANDIO;0301;H09;;;
5;33;52;7;TRASPEÑA;0301;I09;;;
5;33;52;8;SAN MARTÍN;0301;H09;;;
5;33;53;1;LAS AGÜERAS;0301;I09;;;
5;33;53;2;ARROJO;0301;I10;;;
5;33;53;3;BÁRZANA;0301;I10;;;
5;33;53;4;BERMIEGO;0301;I10;;;
5;33;53;5;CASARES;0301;I09;;;
5;33;53;6;CIENFUEGOS;0301;J10;;;
5;33;53;7;LINDES;0301;J10;;;
5;33;53;8;LLANUCES;0301;I10;;;
5;33;53;9;MURIELLOS;0301;I10;;;
5;33;53;10;NIMBRA;0301;I10;;;
5;33;53;11;PEDROVEYA;0301;H10;;;
5;33;53;12;RICABO;0301;J10;;;
5;33;53;13;SALCEDO;0301;I10;;;
5;33;54;1;BIEDES;0301;F10;;;
5;33;54;2;SANTULLANO;0301;F10;;;
5;33;54;3;SOTO;0301;F10;;;
5;33;54;4;TRASMONTE;0301;F10;;;
5;33;54;5;VALDUNO;0301;G10;;;
5;33;54;6;VALSERA;0301;G10;;;
5;33;55;1;COLOMBRES;0401;G11;;;
5;33;55;2;NORIEGA;0401;G11;;;
5;33;55;3;VILLANUEVA;0401;G11;;;
5;33;56;1;BERBES;0401;F06;;;
5;33;56;2;COLLERA;0401;F07;;;
5;33;56;3;JUNCO;0401;F07;;;
5;33;56;4;LECES;0401;F06;;;
5;33;56;5;LINARES;0401;F06;;;
5;33;56;6;MORO;0401;F06;;;
5;33;56;7;RIBADESELLA;0401;F07;;;
5;33;56;8;SANTIANES;0401;F07;;;
5;33;56;9;UCIO;0401;F07;;;
5;33;57;1;FERREROS;0301;H10;;;
5;33;57;2;PALOMAR;0301;H10;;;
5;33;57;3;PEREDA;0301;H10;;;
5;33;57;4;SOTO;0301;H10;;;
5;33;57;5;TELLEGO;0301;H10;;;
5;33;58;1;RIOSA;0301;H10;;;
5;33;59;1;ALAVA;0301;G08;;;
5;33;59;2;ARDESALDO;0301;F07;;;
5;33;59;3;SANTIAGO DE LA BARCA;0301;G08;;;
5;33;59;4;BODENAYA;0301;G07;;;
5;33;59;5;CAMUÑO;0301;F08;;;
5;33;59;6;CERMOÑO;0301;G08;;;
5;33;59;7;CORNELLANA;0301;F08;;;
5;33;59;8;SAN ANTOLÍN DE LAS DORIGAS;0301;F09;;;
5;33;59;9;SAN ESTEBAN DE LAS DORIGAS;0301;F09;;;
5;33;59;10;SAN JUSTO DE LAS DORIGAS;0301;F09;;;
5;33;59;11;SANTA EULALIA DE LAS DORIGAS;0301;G09;;;
5;33;59;12;LA ESPINA;0301;G07;;;
5;33;59;13;GODÁN;0301;G08;;;
5;33;59;14;IDARGA;0301;G07;;;
5;33;59;15;LANEO;0301;G09;;;
5;33;59;16;LAVIO;0301;F07;;;
5;33;59;17;LINARES;0301;F08;;;
5;33;59;18;MALLECINA;0301;F08;;;
5;33;59;19;MALLEZA;0301;F08;;;
5;33;59;20;MILLARA;0301;F08;;;
5;33;59;21;PRIERO;0301;F08;;;
5;33;59;22;SAN VICENTE;0301;F08;;;
5;33;59;23;SALAS;0301;F08;;;
5;33;59;24;SANTULLANO;0301;F08;;;
5;33;59;25;SOTO DE LOS INFANTES;0301;G08;;;
5;33;59;26;VIESCAS;0301;G07;;;
5;33;59;27;VILLAMAR;0301;F07;;;
5;33;59;28;VILLAZÓN;0301;F08;;;
5;33;60;1;BLIMEA;0401;H02;;;
5;33;60;2;COCAÑÍN;0401;H02;;;
5;33;60;3;LINARES;0401;H02;;;
5;33;60;4;REY AURELIO;0401;H02;;;
5;33;60;5;SANTA BÁRBARA;0401;H02;;;
5;33;61;1;ILLANO;0301;H02;;;
5;33;61;2;LABIARÓN;0301;H02;;;
5;33;61;3;OSCOS;0301;H02;;;
5;33;61;4;PESOZ;0301;H02;;;
5;33;62;1;SANTA EULALIA DE OSCOS;0301;H01;;;
5;33;63;1;SAN TIRSO DE ABRES, SAN SALVADOR;0301;G01;;;
5;33;64;1;CASTAÑEDO DEL MONTE;0301;H10;;;
5;33;64;2;LAVARES;0301;H10;;;
5;33;64;3;TUÑÓN;0301;H10;;;
5;33;64;4;VILLANUEVA;0301;H09;;;
5;33;65;1;NARZANA;0401;F03;;;
5;33;65;2;SAN ROMÁN;0401;G03;;;
5;33;65;3;SANTIAGO;0401;G03;;;
5;33;66;1;ANES;0401;F01;;;
5;33;66;2;ARAMIL;0401;G02;;;
5;33;66;3;SAN JUAN ARENAS;0401;G02;;;
5;33;66;4;SANTIAGO ARENAS;0401;G02;;;
5;33;66;5;ARGÜELLES;0401;G01;;;
5;33;66;6;BARREDA;0401;G01;;;
5;33;66;7;BOBES;0401;G01;;;
5;33;66;8;LA CARRERA;0401;G02;;;
5;33;66;9;CELLES;0401;G02;;;
5;33;66;10;LA COLLADA;0401;F02;;;
5;33;66;11;COLLADO;0401;G01;;;
5;33;66;12;SANTA MARINA DE CUCLILLOS;0401;G01;;;
5;33;66;13;FELECHES;0401;G02;;;
5;33;66;14;GRANDA;0401;G01;;;
5;33;66;15;HEVIA;0401;G02;;;
5;33;66;16;LIERES;0401;G03;;;
5;33;66;17;LIMANES;0401;G01;;;
5;33;66;18;LUGONES;0401;G01;;;
5;33;66;19;MARCENADO;0401;G02;;;
5;33;66;20;MUÑÓ;0401;F02;;;
5;33;66;21;LA PARANZA;0401;F02;;;
5;33;66;22;POLA DE SIERO;0401;G02;;;
5;33;66;23;TIÑANA;0401;G01;;;
5;33;66;25;VALDESOTO;0401;G02;;;
5;33;66;26;VEGA DE POJA;0401;F02;;;
5;33;66;27;VIELLA;0401;G01;;;
5;33;66;28;SANTA EULALIA DE VIGIL;0401;G01;;;
5;33;66;29;SANTA MARTA CARBAYÍN;0401;G02;;;
5;33;66;30;TRASPANDO;0401;G02;;;
5;33;67;1;LADINES;0401;I04;;;
5;33;67;2;OVIÑANA;0401;I04;;;
5;33;67;3;SAN ANDRÉS DE AGUES;0401;I03;;;
5;33;68;1;AGUINO;0301;J08;;;
5;33;68;2;CLAVILLAS;0301;I08;;;
5;33;68;3;EL COTO;0301;J08;;;
5;33;68;4;ENDRIGA;0301;J09;;;
5;33;68;5;GÚA;0301;J08;;;
5;33;68;6;LAS MORTERAS;0301;I08;;;
5;33;68;7;PIGÜECES;0301;I07;;;
5;33;68;8;PIGÜEÑA;0301;J07;;;
5;33;68;9;POLA DE SOMIEDO;0301;J08;;;
5;33;68;10;EL PUERTO;0301;K08;;;
5;33;68;11;LA RIERA;0301;I08;;;
5;33;68;12;VALLE DE LAGO;0301;J08;;;
5;33;68;13;VEIGAS;0301;J08;;;
5;33;68;14;VILLAR DE VILDAS;0301;J07;;;
5;33;68;15;CORÉS;0301;J07;;;
5;33;69;1;CORRADA;0301;E09;;;
5;33;69;2;RANÓN;0301;E09;;;
5;33;69;3;RIBERAS;0301;E09;;;
5;33;69;4;SOTO DEL BARCO;0301;E09;;;
5;33;70;1;CAMPOS Y SALAVE;0301;E03;;;
5;33;70;2;LA RODA;0301;E03;;;
5;33;70;3;SERANTES;0301;E02;;;
5;33;70;4;TAPIA DE CASARIEGO;0301;E02;;;
5;33;71;1;BRES;0301;G01;;;
5;33;71;2;OURÍA;0301;G01;;;
5;33;71;3;TARAMUNDI;0301;G01;;;
5;33;71;4;VEIGAS;0301;H01;;;
5;33;72;1;ALESGA;0301;I09;;;
5;33;72;2;BARRIO;0301;J09;;;
5;33;72;3;CARREA;0301;I09;;;
5;33;72;4;LA FOCELLA;0301;J09;;;
5;33;72;5;PÁRAMO;0301;J10;;;
5;33;72;6;LA PLAZA;0301;I09;;;
5;33;72;7;RIELLO;0301;I09;;;
5;33;72;8;SANTIANES;0301;I09;;;
5;33;72;9;TAJA;0301;I09;;;
5;33;72;10;TORCE;0301;J09;;;
5;33;72;11;URRIA;0301;I09;;;
5;33;72;12;VILLAMAYOR;0301;I09;;;
5;33;72;13;VILLANUEVA;0301;I09;;;
5;33;73;1;ARGANZA;0301;H06;;;
5;33;73;2;EL BARADAL;0301;H07;;;
5;33;73;3;LA BARCA;0301;H07;;;
5;33;73;4;BÁRCENA DEL MONASTERIO;0301;G06;;;
5;33;73;5;BORRES;0301;G05;;;
5;33;73;6;BRAÑALONGA;0301;F07;;;
5;33;73;7;BUSTIELLO;0301;G06;;;
5;33;73;8;CALLERAS;0301;F06;;;
5;33;73;9;CERREDO;0301;H05;;;
5;33;73;10;CEZURES;0301;G07;;;
5;33;73;11;COLLADA;0301;G05;;;
5;33;73;12;FASTIAS;0301;G06;;;
5;33;73;13;FRANCOS;0301;G06;;;
5;33;73;14;GENESTAZA;0301;I07;;;
5;33;73;15;MERILLÉS;0301;H07;;;
5;33;73;16;MIÑO;0301;G06;;;
5;33;73;17;MUÑALÉN;0301;F06;;;
5;33;73;18;NARAVAL;0301;F06;;;
5;33;73;19;NAVELGAS;0301;G05;;;
5;33;73;20;NIERES;0301;G07;;;
5;33;73;21;OBONA;0301;G05;;;
5;33;73;22;EL PEDREGAL;0301;G07;;;
5;33;73;23;LA PEREDA;0301;G07;;;
5;33;73;24;PONTE;0301;G06;;;
5;33;73;25;PORCILES;0301;H05;;;
5;33;73;26;POZÓN;0301;H06;;;
5;33;73;27;RELAMIEGO;0301;H06;;;
5;33;73;28;RELLANOS;0301;G05;;;
5;33;73;29;EL RODICAL;0301;H06;;;
5;33;73;30;SAN FACUNDO;0301;H05;;;
5;33;73;31;SAN FÉLIX;0301;H05;;;
5;33;73;32;SAN FRUCTUOSO;0301;G06;;;
5;33;73;33;SAN MARTÍN DE SEMPRONIANA;0301;H06;;;
5;33;73;34;SANGOÑEDO;0301;H05;;;
5;33;73;35;SANTA EULALIA;0301;G07;;;
5;33;73;36;SANTIANES;0301;H07;;;
5;33;73;37;SOBRADO;0301;H06;;;
5;33;73;38;SORRIBA;0301;H06;;;
5;33;73;39;TABLADO;0301;G07;;;
5;33;73;40;TINEO;0301;G07;;;
5;33;73;41;TRONCEDO;0301;G07;;;
5;33;73;42;TUÑA;0301;H07;;;
5;33;73;43;VILLATRESMIL;0301;H07;;;
5;33;73;44;ZARDAÍN;0301;G06;;;
5;33;74;1;ABRES;0301;F01;;;
5;33;74;2;GUIAR;0301;F01;;;
5;33;74;3;MEREDO;0301;G02;;;
5;33;74;4;PARAMIOS;0301;G02;;;
5;33;74;5;PIANTÓN;0301;F01;;;
5;33;74;6;VEGADEO;0301;F01;;;
5;33;75;1;MARTUL;0301;H02;;;
5;33;75;2;SAN CRISTÓBAL;0301;G02;;;
5;33;75;3;SAN JOSÉ GESTOSO;0301;H02;;;
5;33;75;4;VILLANUEVA;0301;H02;;;
5;33;76;1;AMANDI;0401;F04;;;
5;33;76;2;AMBÁS;0401;F03;;;
5;33;76;3;ARGÜERO;0401;F04;;;
5;33;76;4;ARROES;0401;E03;;;
5;33;76;5;BEDRIÑANA;0401;F04;;;
5;33;76;6;BRECEÑA;0401;F04;;;
5;33;76;7;EL BUSTO;0401;F04;;;
5;33;76;8;CAMOCA;0401;F04;;;
5;33;76;9;CANDANAL;0401;F04;;;
5;33;76;10;CARDA;0401;F04;;;
5;33;76;11;CAREÑES;0401;E04;;;
5;33;76;12;CASTIELLO;0401;F04;;;
5;33;76;13;CAZANES;0401;F04;;;
5;33;76;14;CELADA;0401;F04;;;
5;33;76;15;CORO;0401;F04;;;
5;33;76;16;FUENTES;0401;F04;;;
5;33;76;17;GRASES;0401;F04;;;
5;33;76;18;LUGÁS;0401;F04;;;
5;33;76;19;LA LLERA;0401;F05;;;
5;33;76;20;LA MAGDALENA;0401;F04;;;
5;33;76;21;MAR;0401;E04;;;
5;33;76;22;MIRAVALLES;0401;F04;;;
5;33;76;23;NIÉVARES;0401;F03;;;
5;33;76;24;OLES;0401;E04;;;
5;33;76;25;SANTA EUGENIA;0401;F04;;;
5;33;76;26;PEÓN;0401;F03;;;
5;33;76;27;ARNIN;0401;F05;;;
5;33;76;28;PRIESCA;0401;F04;;;
5;33;76;29;PUELLES;0401;F03;;;
5;33;76;30;QUINTES;0401;E03;;;
5;33;76;31;QUINTUELES;0401;E03;;;
5;33;76;32;RALES;0401;E03;;;
5;33;76;33;ROZADAS;0401;F03;;;
5;33;76;34;SAN JUSTO;0401;F03;;;
5;33;76;35;SELORIO;0401;E04;;;
5;33;76;36;TAZONES;0401;E04;;;
5;33;76;37;TORNÓN;0401;F04;;;
5;33;76;38;VALDEBÁRZANA;0401;F03;;;
5;33;76;39;VALLÉS;0401;F04;;;
5;33;76;40;VILLAVERDE LA MARINA;0401;F04;;;
5;33;76;41;VILLAVICIOSA;0401;F04;;;
5;33;77;1;ARBÓN;0301;F04;;;
5;33;77;2;ONETA;0301;F04;;;
5;33;77;3;PARLERO;0301;G04;;;
5;33;77;4;PONTICIELLA;0301;G04;;;
5;33;77;5;VILLAYÓN;0301;F04;;;
5;33;77;6;BUSMENTE, HERÍAS Y LA MURIA;0301;F04;;;
5;33;78;1;VILLABRE;0301;H09;;;
5;33;78;2;YERNES;0301;H09;;;
5;33;999;0;NO DETERMINADA;;;;;
6;39;1;1;LA BUSTA;;;;;
6;39;1;2;CIGÜENZA;;;;;
6;39;1;3;COBRECES;;;;;
6;39;1;4;NOVALES;;;;;
6;39;1;5;OREÑA;;;;;
6;39;1;6;RUDAGUERA;;;;;
6;39;1;7;TOÑANES;;;;;
6;39;2;1;AHEDO;;;;;
6;39;2;2;ALISAS;;;;;
6;39;2;3;AMPUERO;;;;;
6;39;2;4;LA APARECIDA;;;;;
6;39;2;5;LA BARCENA;;;;;
6;39;2;6;BERNALES;;;;;
6;39;2;7;BULCO;;;;;
6;39;2;8;EL CAMINO;;;;;
6;39;2;9;CERBIAGO;;;;;
6;39;2;10;COTERILLO;;;;;
6;39;2;11;LAS ENTRADAS;;;;;
6;39;2;12;LAS GARMILLAS;;;;;
6;39;2;13;HOZ DE MARRÓN;;;;;
6;39;2;14;MARRÓN;;;;;
6;39;2;15;EL PERUJO;;;;;
6;39;2;16;PIERAGULLANO;;;;;
6;39;2;17;RASCÓN;;;;;
6;39;2;18;REGADA;;;;;
6;39;2;19;ROCILLO;;;;;
6;39;2;20;SANTISTEBAN;;;;;
6;39;2;21;SOLAMAZA;;;;;
6;39;2;22;TABERNILLA;;;;;
6;39;2;23;UDALLA;;;;;
6;39;2;24;VEAR DE UDALLA;;;;;
6;39;3;1;BARRIOPALACIO;;;;;
6;39;3;2;CALGA;;;;;
6;39;3;3;COTILLO;;;;;
6;39;3;4;VILLASUSO;;;;;
6;39;4;1;ARENAS DE IGUÑA;;;;;
6;39;4;2;BOSTRONIZO;;;;;
6;39;4;3;COHIÑO;;;;;
6;39;4;4;LAS FRAGUAS;;;;;
6;39;4;5;LOS LLARES;;;;;
6;39;4;6;PALACIO;;;;;
6;39;4;7;PEDREDO;;;;;
6;39;4;8;SAN CRISTOBAL;;;;;
6;39;4;9;SAN JUAN DE RAICEDO;;;;;
6;39;4;10;SAN VICENTE LEÓN;;;;;
6;39;4;11;SANTA AGUEDA;;;;;
6;39;4;12;LA SERNA;;;;;
6;39;5;1;ANCILLO;;;;;
6;39;5;2;ARGOÑOS;;;;;
6;39;5;3;CERECEDAS;;;;;
6;39;5;4;SANTIUSTE;;;;;
6;39;6;1;ARNUERO;;;;;
6;39;6;2;CASTILLO;;;;;
6;39;6;3;ISLA;;;;;
6;39;6;4;SOANO;;;;;
6;39;6;5;ISLA PLAYA;;;;;
6;39;7;1;ALISAS;;;;;
6;39;7;2;ARREDONDO;;;;;
6;39;7;3;ASON;;;;;
6;39;7;4;EL AVELLANAL;;;;;
6;39;7;5;LA IGLESIA;;;;;
6;39;7;6;ROCIAS;;;;;
6;39;7;7;LA ROZA;;;;;
6;39;7;8;SOCUEVA;;;;;
6;39;7;9;TABLADILLO;;;;;
6;39;7;10;VAL DE ASÓN;;;;;
6;39;8;1;ASTILLERO;;;;;
6;39;8;2;BOO;;;;;
6;39;8;3;GUARNIZO;;;;;
6;39;9;1;ADAL;;;;;
6;39;9;2;AMBROSERO;;;;;
6;39;9;3;BÁRCENA DE CICERO;;;;;
6;39;9;4;CICERO;;;;;
6;39;9;5;GAMA;;;;;
6;39;9;6;MONCALIÁN;;;;;
6;39;9;7;TRETO;;;;;
6;39;9;8;VIDULAR;;;;;
6;39;10;1;BÁRCENA DE PIE DE CONCHA;;;;;
6;39;10;2;MONTABLIZ;;;;;
6;39;10;3;PIE DE CONCHA;;;;;
6;39;10;4;PUJAYO;;;;;
6;39;11;1;AJO;;;;;
6;39;11;2;BAREYO;;;;;
6;39;11;3;GUEMES;;;;;
6;39;12;1;BUSTABLADO;;;;;
6;39;12;2;CABEZÓN DE LA SAL;;;;;
6;39;12;3;CABROJO;;;;;
6;39;12;4;CARREJO;;;;;
6;39;12;5;CASAR;;;;;
6;39;12;6;DUÑA;;;;;
6;39;12;7;ONTORIA;;;;;
6;39;12;8;PERIEDO;;;;;
6;39;12;9;SANTIBAÑEZ;;;;;
6;39;12;10;VERNEJO;;;;;
6;39;12;11;VIRGEN DE LA PEÑA;;;;;
6;39;13;1;ANIEZO;;;;;
6;39;13;2;BUYEZO;;;;;
6;39;13;3;CABEZÓN DE LIÉBANA;;;;;
6;39;13;4;CAHECHO;;;;;
6;39;13;5;CAMBARCO;;;;;
6;39;13;6;FRAMA;;;;;
6;39;13;7;LAMEDO;;;;;
6;39;13;8;LURIEZO;;;;;
6;39;13;9;PERROZO;;;;;
6;39;13;10;PIASCA;;;;;
6;39;13;11;SAN ANDRÉS;;;;;
6;39;13;12;TORICES;;;;;
6;39;14;1;CARMONA;;;;;
6;39;14;2;FRESNEDA;;;;;
6;39;14;3;RENEDO;;;;;
6;39;14;4;SELORES;;;;;
6;39;14;5;SOPEÑA;;;;;
6;39;14;6;TERAN;;;;;
6;39;14;7;VALLE;;;;;
6;39;14;8;VIAÑA;;;;;
6;39;15;1;AREÑOS;;;;;
6;39;15;2;ARGUEBANES;;;;;
6;39;15;3;BÁRCENA;;;;;
6;39;15;4;BARO;;;;;
6;39;15;5;BEARES;;;;;
6;39;15;6;BESOY;;;;;
6;39;15;7;BODIA;;;;;
6;39;15;8;BREZ;;;;;
6;39;15;9;CAMALEÑO;;;;;
6;39;15;10;CONGARNA;;;;;
6;39;15;11;COSGAYA;;;;;
6;39;15;12;ENTERRIA;;;;;
6;39;15;13;ESPINAMA;;;;;
6;39;15;14;LA FRECHA;;;;;
6;39;15;15;LAS ILCES;;;;;
6;39;15;16;LON;;;;;
6;39;15;17;LOS LLANOS;;;;;
6;39;15;18;LLAVES;;;;;
6;39;15;19;MIESES;;;;;
6;39;15;20;MOGROVEJO;;;;;
6;39;15;21;PEMBES;;;;;
6;39;15;22;PIDO;;;;;
6;39;15;23;QUINTANA;;;;;
6;39;15;24;REDO;;;;;
6;39;15;25;SAN PELAYO;;;;;
6;39;15;26;SANTO TORIBIO;;;;;
6;39;15;27;SEBRANGO;;;;;
6;39;15;28;TANARRIO;;;;;
6;39;15;29;TREVIÑO;;;;;
6;39;15;30;TURIENO;;;;;
6;39;15;31;VALLEJO;;;;;
6;39;15;32;FUENTE DE;;;;;
6;39;15;33;LA MOLINA;;;;;
6;39;16;1;CACICEDO;;;;;
6;39;16;2;CAMARGO;;;;;
6;39;16;3;ESCOBEDO;;;;;
6;39;16;4;HERRERA;;;;;
6;39;16;5;IGOLLO;;;;;
6;39;16;6;MALIAÑO;;;;;
6;39;16;7;MURIEDAS;;;;;
6;39;16;8;REVILLA;;;;;
6;39;17;1;BUSTAMANTE;;;;;
6;39;17;2;CORCONTE;;;;;
6;39;17;3;LA COSTANA;;;;;
6;39;17;4;LANCHARES;;;;;
6;39;17;5;MONEGRO;;;;;
6;39;17;6;ORZALES;;;;;
6;39;17;7;LA POBLACIÓN;;;;;
6;39;17;8;QUINTANA;;;;;
6;39;17;9;QUINTANAMANIL;;;;;
6;39;17;10;LA RIVA;;;;;
6;39;17;11;SERVILLAS;;;;;
6;39;17;12;SERVILLEJAS;;;;;
6;39;17;13;VILLAPADERNE;;;;;
6;39;17;14;VILLASUSO;;;;;
6;39;18;1;LA BARQUERA;;;;;
6;39;18;2;BEDICO;;;;;
6;39;18;3;CARTES;;;;;
6;39;18;4;CORRAL;;;;;
6;39;18;5;MERCADAL;;;;;
6;39;18;6;MIJAROJOS;;;;;
6;39;18;7;RIOCORVO;;;;;
6;39;18;8;SAN MIGUEL;;;;;
6;39;18;9;SANTIAGO;;;;;
6;39;18;10;SIERRA ELSA;;;;;
6;39;18;11;YERMO;;;;;
6;39;19;1;LA CUEVA;;;;;
6;39;19;2;POMALUENGO;;;;;
6;39;19;3;SOCOBIO;;;;;
6;39;19;4;VILLABAÑEZ;;;;;
6;39;20;1;ALLENDELAGUA;;;;;
6;39;20;2;BALTEZANA;;;;;
6;39;20;3;CASTRO URDIALES;;;;;
6;39;20;4;CERDIGO;;;;;
6;39;20;5;ISLARES;;;;;
6;39;20;6;LUSA;;;;;
6;39;20;7;MIOÑO;;;;;
6;39;20;8;ONTÓN;;;;;
6;39;20;9;ORIÑÓN;;;;;
6;39;20;10;OTAÑES;;;;;
6;39;20;11;SAMANO;;;;;
6;39;20;12;SANTULLÁN;;;;;
6;39;20;13;SONABIA;;;;;
6;39;20;14;TALLEDO;;;;;
6;39;21;1;COLLADO;;;;;
6;39;21;2;VILLASUSO;;;;;
6;39;21;3;VILLAYUSO;;;;;
6;39;22;1;ARMAÑO;;;;;
6;39;22;2;BEJES;;;;;
6;39;22;3;CABAÑES;;;;;
6;39;22;4;CASTRO;;;;;
6;39;22;5;COLIO;;;;;
6;39;22;6;LEBEÑA;;;;;
6;39;22;7;PENDES;;;;;
6;39;22;8;VIÑON;;;;;
6;39;22;101;COBEÑA;;;;;
6;39;22;102;ESANOS;;;;;
6;39;22;103;PUMAREÑA;;;;;
6;39;22;104;SALARZÓN;;;;;
6;39;22;105;SAN PEDRO;;;;;
6;39;22;106;TRILLAYO;;;;;
6;39;22;201;ALIEZO;;;;;
6;39;22;202;LLAYO;;;;;
6;39;22;203;OJEDO;;;;;
6;39;22;204;TAMA;;;;;
6;39;23;1;COLINDRES;;;;;
6;39;24;1;COMILLAS;;;;;
6;39;24;2;LA RABIA;;;;;
6;39;24;3;RIOTURBIO;;;;;
6;39;24;4;RUBARCENA;;;;;
6;39;24;5;RUISEÑADA;;;;;
6;39;24;6;SEMINARIO PONTÍFICO;;;;;
6;39;24;7;TRASVIA;;;;;
6;39;25;1;BARROS;;;;;
6;39;25;2;LAS CALDAS DE BESAYA;;;;;
6;39;25;3;COO;;;;;
6;39;25;4;LOS CORRALES;;;;;
6;39;25;5;SAN MATEO;;;;;
6;39;25;6;SOMAHOZ;;;;;
6;39;26;1;ALCEDA;;;;;
6;39;26;2;BORLEÑA;;;;;
6;39;26;3;CASTILLO PEDROSO;;;;;
6;39;26;4;CORVERA;;;;;
6;39;26;5;ESPONZUES;;;;;
6;39;26;6;ONTANEDA;;;;;
6;39;26;7;PRASES;;;;;
6;39;26;8;QUINTANA DE TORANZO;;;;;
6;39;26;9;SAN VICENTE DE TORANZO;;;;;
6;39;26;10;SEL DEL TOJO;;;;;
6;39;26;11;VILLEGAR;;;;;
6;39;27;1;ALDUESO;;;;;
6;39;27;2;ARADILLOS;;;;;
6;39;27;3;BOLMIR;;;;;
6;39;27;4;CAÑEDA;;;;;
6;39;27;5;CELADA MARLANTES;;;;;
6;39;27;6;CERVATOS;;;;;
6;39;27;7;FOMBELLIDA;;;;;
6;39;27;8;FONTECHA;;;;;
6;39;27;9;FRESNO DEL RÍO;;;;;
6;39;27;10;HORNA DE EBRO;;;;;
6;39;27;11;MATAMOROSA;;;;;
6;39;27;12;MORANCAS;;;;;
6;39;27;13;NESTARES;;;;;
6;39;27;14;REQUEJO;;;;;
6;39;27;15;RETORTILLO;;;;;
6;39;27;16;VILLAESCUSA;;;;;
6;39;28;1;EL BOSQUE;;;;;
6;39;28;2;ENTRAMBASAGUAS;;;;;
6;39;28;3;HORNEDO;;;;;
6;39;28;4;HOZNAYO;;;;;
6;39;28;5;NAVAJEDA;;;;;
6;39;28;6;PUENTE AGUERO;;;;;
6;39;28;7;SANTA MARINA;;;;;
6;39;29;1;EL ALVAREO;;;;;
6;39;29;2;BARANDA;;;;;
6;39;29;6;CORNOCIO;;;;;
6;39;29;7;ESCALANTE;;;;;
6;39;29;9;MONTEHANO;;;;;
6;39;29;12;RIONEGRO;;;;;
6;39;29;13;NOVAL;;;;;
6;39;30;1;ADINO;;;;;
6;39;30;2;AGUERA;;;;;
6;39;30;3;ANGOSTINA;;;;;
6;39;30;4;BALBACIENTA;;;;;
6;39;30;5;CABAÑA LA SIERRA;;;;;
6;39;30;6;CARAZÓN;;;;;
6;39;30;7;LA CORRA;;;;;
6;39;30;8;FRANCOS;;;;;
6;39;30;9;LANDERAL;;;;;
6;39;30;10;LENDAGUA;;;;;
6;39;30;11;LUGAREJOS;;;;;
6;39;30;12;LLAGUNO;;;;;
6;39;30;13;EL LLANO;;;;;
6;39;30;14;LA MAGDALENA;;;;;
6;39;30;15;NOCINA;;;;;
6;39;30;16;POMAR;;;;;
6;39;30;17;EL PUENTE;;;;;
6;39;30;18;RANERO;;;;;
6;39;30;19;REVILLA;;;;;
6;39;30;20;RIOSECO;;;;;
6;39;30;21;SANTA CRUZ;;;;;
6;39;30;22;TORQUIENDO;;;;;
6;39;30;23;TREBUESTO;;;;;
6;39;30;24;TRESAGUA;;;;;
6;39;31;1;BERANGA;;;;;
6;39;31;2;HAZAS DE CESTO;;;;;
6;39;31;3;PRAVES;;;;;
6;39;32;1;ABIADA;;;;;
6;39;32;2;ARGUESO;;;;;
6;39;32;3;BARRIO;;;;;
6;39;32;4;CAMINO;;;;;
6;39;32;5;CELADA DE LOS CALDERONES;;;;;
6;39;32;6;ENTRAMBASAGUAS;;;;;
6;39;32;7;ESPINILLA;;;;;
6;39;32;8;FONTIBRE;;;;;
6;39;32;9;HOZ DE ABIADA;;;;;
6;39;32;10;IZARA;;;;;
6;39;32;11;LA LOMBA;;;;;
6;39;32;12;MAZANDRERO;;;;;
6;39;32;13;LA MIÑA;;;;;
6;39;32;14;NAVEDA;;;;;
6;39;32;15;ORMAS;;;;;
6;39;32;16;PARACUELLES;;;;;
6;39;32;17;POBLACIÓN DE SUSO;;;;;
6;39;32;18;PROAÑO;;;;;
6;39;32;19;SALCES;;;;;
6;39;32;20;LA SERNA;;;;;
6;39;32;21;SOTO;;;;;
6;39;32;22;SUANO;;;;;
6;39;32;23;VILLACANTID;;;;;
6;39;32;24;VILLAR;;;;;
6;39;33;1;BIELVA;;;;;
6;39;33;2;CABANZÓN;;;;;
6;39;33;3;CADES;;;;;
6;39;33;4;CAMIJANES;;;;;
6;39;33;5;CASAMARÍA;;;;;
6;39;33;6;RABAGO;;;;;
6;39;33;7;PUENTE DEL ARRUDO;;;;;
6;39;34;1;CIRES;;;;;
6;39;34;2;LAFUENTE;;;;;
6;39;34;3;QUINTANILLA;;;;;
6;39;34;4;RIO;;;;;
6;39;34;5;SOBRELAPEÑA;;;;;
6;39;34;6;LA VENTA;;;;;
6;39;34;7;BURIO;;;;;
6;39;34;8;LOS PUMARES;;;;;
6;39;35;1;LA ARENOSA;;;;;
6;39;35;2;EL CALLEJO;;;;;
6;39;35;3;LAS CARCOBAS;;;;;
6;39;35;4;LAS CASILLAS;;;;;
6;39;35;5;LAREDO;;;;;
6;39;35;6;LA PESQUERA;;;;;
6;39;35;7;TARRUEZA;;;;;
6;39;35;8;VILLANTE;;;;;
6;39;36;1;HAZAS;;;;;
6;39;36;2;ISECA NUEVA;;;;;
6;39;36;3;ISECA VIEJA;;;;;
6;39;36;4;ISEQUILLA;;;;;
6;39;36;5;LLATAZOS;;;;;
6;39;36;6;MENDINA;;;;;
6;39;36;7;MOLLANEDA;;;;;
6;39;36;8;NOVAL;;;;;
6;39;36;9;LA PORTILLA;;;;;
6;39;36;10;ROCILLO;;;;;
6;39;36;11;SOPEÑA;;;;;
6;39;36;12;VILLANUEVA;;;;;
6;39;36;13;VILLAVIAD;;;;;
6;39;37;1;LIÉRGANES;;;;;
6;39;37;2;PAMANES;;;;;
6;39;38;1;LIMPIAS;;;;;
6;39;38;2;SEÑA;;;;;
6;39;39;1;BOLLACÍN;;;;;
6;39;39;2;BUSTASUR;;;;;
6;39;39;3;CARRASCAL DE COCEJÓN;;;;;
6;39;39;4;CARRASCAL DE SAN MIGUEL;;;;;
6;39;39;5;CAZPURRIÓN;;;;;
6;39;39;6;EL COCEJÓN;;;;;
6;39;39;7;ENTRAMBASMESTAS;;;;;
6;39;39;8;LA GARMA;;;;;
6;39;39;9;LLANO;;;;;
6;39;39;10;OCEJO;;;;;
6;39;39;11;LOS PANDOS;;;;;
6;39;39;12;PANDOTO;;;;;
6;39;39;13;LA PARADA;;;;;
6;39;39;14;PENILLA;;;;;
6;39;39;15;LA PUENTE;;;;;
6;39;39;16;RESCONORIO;;;;;
6;39;39;17;RETUERTA;;;;;
6;39;39;18;SAN ANDRÉS;;;;;
6;39;39;19;SAN MIGUEL DE LUENA;;;;;
6;39;39;20;SEL DE LA CARRERA;;;;;
6;39;39;21;SEL DE LA PEÑA;;;;;
6;39;39;22;SEL DEL HOYO;;;;;
6;39;39;23;SEL DEL MANZANO;;;;;
6;39;39;24;SELVIEJO;;;;;
6;39;39;25;TABLADO;;;;;
6;39;39;26;URDIALES;;;;;
6;39;39;27;VEGA ESCOBOSA;;;;;
6;39;39;28;LA VENTONA;;;;;
6;39;39;29;VOZPORNOCHE;;;;;
6;39;40;1;AGÜERO;;;;;
6;39;40;2;ELECHAS;;;;;
6;39;40;3;GAJANO;;;;;
6;39;40;5;OREJO;;;;;
6;39;40;6;PEDREÑA;;;;;
6;39;40;7;PONTEJOS;;;;;
6;39;40;8;RUBAYO;;;;;
6;39;40;9;SETIEN;;;;;
6;39;41;1;COS;;;;;
6;39;41;2;HERRERA DE IBIO;;;;;
6;39;41;3;IBIO;;;;;
6;39;41;4;LUZMELA-MAZCUERRAS;;;;;
6;39;41;5;RIAÑO DE IBIO;;;;;
6;39;41;6;SIERRA DE IBIO;;;;;
6;39;41;7;VILLANUEVA DE LA PEÑA;;;;;
6;39;42;1;ANAZ;;;;;
6;39;42;2;CECEÑAS;;;;;
6;39;42;3;HERAS;;;;;
6;39;42;4;HERMOSA;;;;;
6;39;42;5;SAN SALVADOR;;;;;
6;39;42;6;SAN VITORES;;;;;
6;39;42;7;SANTIAGO;;;;;
6;39;42;8;SOBREMAZAS;;;;;
6;39;42;9;SOLARES;;;;;
6;39;42;10;VALDECILLA;;;;;
6;39;43;1;SAN BARTOLOMÉ DE MERUELO;;;;;
6;39;43;2;SAN MAMÉS DE MERUELO;;;;;
6;39;43;3;SAN MIGUEL DE MERUELO;;;;;
6;39;44;1;BARCENA DE CUDON;;;;;
6;39;44;2;CUCHIA;;;;;
6;39;44;3;CUDON;;;;;
6;39;44;4;GORNAZO;;;;;
6;39;44;5;MIENGO;;;;;
6;39;44;6;MOGRO;;;;;
6;39;45;1;AJANEDO;;;;;
6;39;45;2;LA CANTOLLA;;;;;
6;39;45;3;LA CARCOBA;;;;;
6;39;45;4;IRIAS;;;;;
6;39;45;5;LINTO;;;;;
6;39;45;6;MIRONES;;;;;
6;39;45;7;MORTESANTE;;;;;
6;39;45;8;LOS PUMARES;;;;;
6;39;45;9;SOLANA;;;;;
6;39;45;10;LA TOBA;;;;;
6;39;45;11;LA VEGA;;;;;
6;39;46;1;COBEJO;;;;;
6;39;46;2;HELGUERA;;;;;
6;39;46;3;MOLLEDO;;;;;
6;39;46;4;SAN MARTÍN DE QUEVEDO;;;;;
6;39;46;5;SANTA CRUZ;;;;;
6;39;46;6;SANTA OLALLA;;;;;
6;39;46;7;SILIO;;;;;
6;39;47;9;NOJA;;;;;
6;39;48;1;ARENAL;;;;;
6;39;48;2;CABARCENO;;;;;
6;39;48;3;LLANOS;;;;;
6;39;48;4;PEGANOS;;;;;
6;39;48;6;SOBARZO;;;;;
6;39;49;1;CALDAS;;;;;
6;39;49;2;CICERA;;;;;
6;39;49;3;LA HERMIDA;;;;;
6;39;49;4;LINARES;;;;;
6;39;49;5;NAVEDO;;;;;
6;39;49;6;PIÑERES;;;;;
6;39;49;7;ROZA;;;;;
6;39;50;1;AVELLANEDO;;;;;
6;39;50;2;BARREDA;;;;;
6;39;50;3;CALOCA;;;;;
6;39;50;4;CUEVA;;;;;
6;39;50;5;LERONES;;;;;
6;39;50;6;LOMEÑA;;;;;
6;39;50;7;OBARGO;;;;;
6;39;50;8;PESAGUERO;;;;;
6;39;50;9;VALDEPRADO;;;;;
6;39;50;10;VENDEJO;;;;;
6;39;51;1;PESQUERA;;;;;
6;39;51;2;VENTORRILLO;;;;;
6;39;52;1;ARCE;;;;;
6;39;52;2;BARCENILLA;;;;;
6;39;52;3;BOO;;;;;
6;39;52;4;CARANDIA;;;;;
6;39;52;5;LIENCRES;;;;;
6;39;52;6;MORTERA;;;;;
6;39;52;7;ORUÑA;;;;;
6;39;52;8;PARBAYÓN;;;;;
6;39;52;9;QUIJANO;;;;;
6;39;52;10;RENEDO;;;;;
6;39;52;11;VIOÑO;;;;;
6;39;52;12;ZURITA;;;;;
6;39;53;1;BELMONTE;;;;;
6;39;53;2;COTILLOS;;;;;
6;39;53;3;LOMBRAÑA;;;;;
6;39;53;4;PUENTE PUMAR;;;;;
6;39;53;5;SALCEDA;;;;;
6;39;53;6;SAN MAMÉS;;;;;
6;39;53;7;SANTA EULALIA;;;;;
6;39;53;8;TRESABUELA;;;;;
6;39;53;9;UZNAYO;;;;;
6;39;53;10;CALLECEDO;;;;;
6;39;53;11;LA LAGUNA;;;;;
6;39;53;12;PEJANDA;;;;;
6;39;54;1;BARRIO OBRERO;;;;;
6;39;54;2;MAR;;;;;
6;39;54;3;POLANCO;;;;;
6;39;54;4;POSADILLO;;;;;
6;39;54;5;REQUEJADA;;;;;
6;39;54;6;RINCONEDA;;;;;
6;39;54;7;RUMOROSO;;;;;
6;39;54;8;SOÑA;;;;;
6;39;55;1;POTES;;;;;
6;39;55;2;RASES;;;;;
6;39;56;1;AES;;;;;
6;39;56;2;HIJAS;;;;;
6;39;56;3;LAS PRESILLAS;;;;;
6;39;56;4;PUENTE VIESGO;;;;;
6;39;56;5;VARGAS;;;;;
6;39;57;4;GIBAJA;;;;;
6;39;57;10;RAMALES DE LA VICTORIA;;;;;
6;39;58;1;CASAVIEJA;;;;;
6;39;58;2;CERECEDA;;;;;
6;39;58;3;EL CERRO;;;;;
6;39;58;4;LA EDILLA;;;;;
6;39;58;5;FRESNO;;;;;
6;39;58;6;HELGUERA;;;;;
6;39;58;7;LOMBERA;;;;;
6;39;58;8;OJEBAR;;;;;
6;39;58;9;RASINES;;;;;
6;39;58;10;ROCILLO;;;;;
6;39;58;11;SANTA CRUZ;;;;;
6;39;58;12;TORCOLLANO;;;;;
6;39;58;13;LA VEGA;;;;;
6;39;58;14;VILLAPARTE;;;;;
6;39;59;1;REINOSA;;;;;
6;39;60;1;BARCENACIONES;;;;;
6;39;60;2;CARANCEJA;;;;;
6;39;60;3;CERRAZO;;;;;
6;39;60;4;GOLBARDO;;;;;
6;39;60;5;HELGUERA;;;;;
6;39;60;6;PUENTE SAN MIGUEL;;;;;
6;39;60;7;QUIJAS;;;;;
6;39;60;8;REOCÍN;;;;;
6;39;60;9;SAN ESTEBAN;;;;;
6;39;60;10;VALLES;;;;;
6;39;60;11;LA VEGUILLA;;;;;
6;39;60;12;VILLAPRESENTE;;;;;
6;39;61;1;CARRIAZO;;;;;
6;39;61;2;CASTANEDO;;;;;
6;39;61;3;GALIZANO;;;;;
6;39;61;4;LANGRE;;;;;
6;39;61;5;LOREDO;;;;;
6;39;61;6;SOMO;;;;;
6;39;61;7;SUESA;;;;;
6;39;62;1;ANERO;;;;;
6;39;62;2;CUBAS;;;;;
6;39;62;3;HOZ DE ANERO;;;;;
6;39;62;4;LIERMO;;;;;
6;39;62;5;OMOÑO;;;;;
6;39;62;6;LAS PILAS;;;;;
6;39;62;7;PONTONES;;;;;
6;39;62;8;VILLAVERDE DE PONTONES;;;;;
6;39;63;1;ARENAS;;;;;
6;39;63;2;LAS BÁRCENAS;;;;;
6;39;63;3;CABROJO;;;;;
6;39;63;4;CELIS;;;;;
6;39;63;5;CELUCOS;;;;;
6;39;63;6;COSIO;;;;;
6;39;63;7;LA COTERA;;;;;
6;39;63;8;LA HERRERÍA;;;;;
6;39;63;9;OBESO;;;;;
6;39;63;10;PEDREO;;;;;
6;39;63;11;LOS PICAYOS;;;;;
6;39;63;12;PUENTENANSA;;;;;
6;39;63;13;RICLONES;;;;;
6;39;63;14;RIOSECO;;;;;
6;39;63;15;ROZADIO;;;;;
6;39;63;16;SAN SEBASTIAN DE GARABANDAL;;;;;
6;39;64;1;ANGUSTINA;;;;;
6;39;64;3;BARRIO DE ARRIBA;;;;;
6;39;64;5;LA CAVADA;;;;;
6;39;64;7;MONTE;;;;;
6;39;64;9;RUCANDIO;;;;;
6;39;65;1;LA AGUILERA;;;;;
6;39;65;2;ARROYO;;;;;
6;39;65;3;BIMON;;;;;
6;39;65;4;BUSTASUR;;;;;
6;39;65;5;LLANO;;;;;
6;39;65;7;RENEDO;;;;;
6;39;65;8;LAS ROZAS;;;;;
6;39;65;9;VILLANUEVA;;;;;
6;39;66;1;BARCENILLAS;;;;;
6;39;66;2;LAMIÑA;;;;;
6;39;66;3;RUENTE;;;;;
6;39;66;4;UCIEDA;;;;;
6;39;67;1;CALSECA;;;;;
6;39;67;2;MATIENZO;;;;;
6;39;67;3;MENTERA BARRUELO;;;;;
6;39;67;4;OGARRIO;;;;;
6;39;67;5;RIVA;;;;;
6;39;67;6;VALLE;;;;;
6;39;68;1;CASASOLA;;;;;
6;39;68;2;CONCHA;;;;;
6;39;68;3;LA IGLESIA;;;;;
6;39;68;4;LIANDRES;;;;;
6;39;68;5;PANDO;;;;;
6;39;68;6;RUILOBUCA;;;;;
6;39;68;7;SIERRA;;;;;
6;39;68;8;TRASIERRA;;;;;
6;39;69;1;LA BÁRCENA;;;;;
6;39;69;2;JAIN;;;;;
6;39;69;3;LLANO;;;;;
6;39;69;4;MATA;;;;;
6;39;69;5;POSAJO PENIAS;;;;;
6;39;69;6;RIVERO;;;;;
6;39;69;7;SOPENILLA;;;;;
6;39;69;8;SOVILLA;;;;;
6;39;69;9;TARRIBA;;;;;
6;39;70;1;SAN MIGUEL DE AGUAYO;;;;;
6;39;70;2;SANTA MARÍA DE AGUAYO;;;;;
6;39;70;3;SANTA OLALLA DE AGUAYO;;;;;
6;39;71;1;ALDANO;;;;;
6;39;71;2;BUSTALEGUÍN;;;;;
6;39;71;3;BUSTIYERRO;;;;;
6;39;71;4;HORNEDILLO;;;;;
6;39;71;5;LA PEREDILLA;;;;;
6;39;71;6;SAN PEDRO DEL ROMERAL;;;;;
6;39;71;7;LA SOTA;;;;;
6;39;71;8;VEGALOSCORRALES;;;;;
6;39;71;9;VEGALOSVADOS;;;;;
6;39;71;10;ALAR;;;;;
6;39;72;1;LA CONCHA;;;;;
6;39;72;2;MORILLA;;;;;
6;39;72;3;LA PEDROSA;;;;;
6;39;73;1;AZOÑOS;;;;;
6;39;73;2;MAOÑO;;;;;
6;39;73;3;MOMPIA;;;;;
6;39;73;4;PREZANES;;;;;
6;39;73;5;SANCIBRIÁN;;;;;
6;39;73;6;SANTA CRUZ DE BEZANA;;;;;
6;39;73;7;SOTO DE LA MARINA;;;;;
6;39;74;1;LA ABADILLA;;;;;
6;39;74;2;ARGOMILLA;;;;;
6;39;74;3;LA ENCINA;;;;;
6;39;74;4;ESLES;;;;;
6;39;74;5;LLOREDA;;;;;
6;39;74;6;LA PENILLA;;;;;
6;39;74;7;SAN ROMÁN;;;;;
6;39;74;8;SANTA MARÍA DE CAYÓN;;;;;
6;39;74;9;SARÓN;;;;;
6;39;74;10;TOTERO;;;;;
6;39;75;1;CUETO;;;;;
6;39;75;2;MONTE;;;;;
6;39;75;3;PEÑACASTILLO;;;;;
6;39;75;4;SAN ROMÁN;;;;;
6;39;75;5;SANTANDER;;;;;
6;39;76;1;ARROYO;;;;;
6;39;76;2;CAMPLENGO;;;;;
6;39;76;3;HERRÁN;;;;;
6;39;76;4;MIJARES;;;;;
6;39;76;5;QUEVEDA;;;;;
6;39;76;6;SANTILLANA;;;;;
6;39;76;7;UBIARCO;;;;;
6;39;76;8;VISPIERES;;;;;
6;39;76;9;VIVEDA;;;;;
6;39;76;10;YUSO;;;;;
6;39;77;1;LANTUENO;;;;;
6;39;77;2;RIOSECO;;;;;
6;39;77;3;SANTIURDE DE REINOSA;;;;;
6;39;77;4;SOMBALLE;;;;;
6;39;78;1;ACEREDA;;;;;
6;39;78;2;BÁRCENA;;;;;
6;39;78;3;IRUZ;;;;;
6;39;78;4;PANDO;;;;;
6;39;78;5;PENILLA;;;;;
6;39;78;6;SAN MARTÍN;;;;;
6;39;78;7;SANTIURDE DE TORANZO;;;;;
6;39;78;8;VEJORIS;;;;;
6;39;78;9;VILLASEVIL;;;;;
6;39;79;1;DUESO;;;;;
6;39;79;2;PIEDRAHITA;;;;;
6;39;79;3;SANTOÑA;;;;;
6;39;80;1;ABAÑO;;;;;
6;39;80;2;LA ACEBOSA;;;;;
6;39;80;3;EL BARCENAL;;;;;
6;39;80;4;GANDARILLA;;;;;
6;39;80;5;HORTIGAL;;;;;
6;39;80;6;LOS LLAOS;;;;;
6;39;80;7;LA REVILLA;;;;;
6;39;80;8;SAN VICENTE DE LA BARQUERA;;;;;
6;39;80;9;SANTILLÁN;;;;;
6;39;81;1;LLERANA;;;;;
6;39;81;2;SARO;;;;;
6;39;82;1;BUSTANTEGUA;;;;;
6;39;82;2;CAMPILLO;;;;;
6;39;82;3;PISUEÑA;;;;;
6;39;82;4;SELAYA;;;;;
6;39;83;1;AJA;;;;;
6;39;83;2;ASÓN;;;;;
6;39;83;3;ASTRANA;;;;;
6;39;83;4;BUSTANCILLES;;;;;
6;39;83;5;CAÑEDO;;;;;
6;39;83;6;FRESNEDO;;;;;
6;39;83;7;HAZAS;;;;;
6;39;83;8;HERADA;;;;;
6;39;83;9;INCEDO;;;;;
6;39;83;10;LAVÍN;;;;;
6;39;83;11;PILAS;;;;;
6;39;83;12;EL PRADO;;;;;
6;39;83;13;QUINTANA;;;;;
6;39;83;14;REGULES;;;;;
6;39;83;15;REHOYOS;;;;;
6;39;83;16;LA REVILLA;;;;;
6;39;83;17;ROZAS;;;;;
6;39;83;18;SAN JUAN;;;;;
6;39;83;19;SAN MARTÍN;;;;;
6;39;83;20;SAN PEDRO;;;;;
6;39;83;21;SANGAS;;;;;
6;39;83;22;SANTAYANA;;;;;
6;39;83;23;VALCABA;;;;;
6;39;83;24;VALDICIO;;;;;
6;39;83;25;VEGUILLA;;;;;
6;39;83;26;VILLAR;;;;;
6;39;83;27;VILLAVERDE;;;;;
6;39;84;1;LA COLLADA;;;;;
6;39;84;2;FRESNEDO;;;;;
6;39;84;3;GARZÓN;;;;;
6;39;84;5;REGOLFO;;;;;
6;39;84;6;RIAÑO;;;;;
6;39;84;7;RIOLASTRAS;;;;;
6;39;84;8;SOLORZANO;;;;;
6;39;85;1;CORTIGUERA;;;;;
6;39;85;2;HINOJEDO;;;;;
6;39;85;3;ONGAYO;;;;;
6;39;85;4;PUENTE AVÍOS;;;;;
6;39;85;5;SUANCES;;;;;
6;39;85;6;TAGLE;;;;;
6;39;86;1;BÁRCENA MAYOR;;;;;
6;39;86;3;CORREPOCO;;;;;
6;39;86;4;SAJA;;;;;
6;39;86;5;EL TOJO;;;;;
6;39;86;6;LOS TOJOS;;;;;
6;39;87;1;BARREDA;;;;;
6;39;87;2;CAMPUZANO;;;;;
6;39;87;3;DUALEZ;;;;;
6;39;87;4;GANZO;;;;;
6;39;87;5;LA MONTAÑA;;;;;
6;39;87;6;SIERRAPANDO;;;;;
6;39;87;7;TANOS;;;;;
6;39;87;8;TORRELAVEGA;;;;;
6;39;87;9;TORRES;;;;;
6;39;87;10;VIERNOLES;;;;;
6;39;88;1;TREVISO;;;;;
6;39;89;1;LA LASTRA;;;;;
6;39;89;2;SANTOTIS;;;;;
6;39;89;3;SARCEDA;;;;;
6;39;89;4;TUDANCA;;;;;
6;39;90;1;CANALES;;;;;
6;39;90;2;COBIJÓN;;;;;
6;39;90;3;LA HAYUELA;;;;;
6;39;90;4;EL LLANO;;;;;
6;39;90;5;PUMALVERDE;;;;;
6;39;90;6;RODEZAS;;;;;
6;39;90;7;TOPORIAS;;;;;
6;39;90;8;VALORIA;;;;;
6;39;90;9;LA VIRGEN;;;;;
6;39;91;1;CAVIEDES;;;;;
6;39;91;2;LABARCES;;;;;
6;39;91;3;LAMADRID;;;;;
6;39;91;4;ROIZ;;;;;
6;39;91;5;SAN VICENTE DEL MONTE;;;;;
6;39;91;6;EL TEJO;;;;;
6;39;91;7;TRECEÑO;;;;;
6;39;92;1;BARRIOPALACIO;;;;;
6;39;92;2;BERCEDO;;;;;
6;39;92;3;CAMESA;;;;;
6;39;92;4;CASTRILLO DEL HAYA;;;;;
6;39;92;5;CUENA;;;;;
6;39;92;6;EL HAYA;;;;;
6;39;92;7;LAS HENESTROSAS DE LAS QUINTANILLAS;;;;;
6;39;92;8;HOYOS;;;;;
6;39;92;9;LA LOMA;;;;;
6;39;92;10;MATA DE HOZ;;;;;
6;39;92;11;MATAPORQUERA;;;;;
6;39;92;12;MATARREPUDIO;;;;;
6;39;92;13;OLEA;;;;;
6;39;92;14;LA QUINTANA;;;;;
6;39;92;15;LAS QUINTANILLAS;;;;;
6;39;92;16;REBOLLEDO;;;;;
6;39;92;17;REINOSILLA;;;;;
6;39;92;18;SAN MARTÍN DE HOYOS;;;;;
6;39;92;19;SANTA OLALLA;;;;;
6;39;93;1;ALDEA DE EBRO;;;;;
6;39;93;2;ARCERA;;;;;
6;39;93;3;ARROYAL;;;;;
6;39;93;4;BARRUELO;;;;;
6;39;93;5;BUSTIDOÑO;;;;;
6;39;93;6;CANDENOSA;;;;;
6;39;93;7;HORMIGUERA;;;;;
6;39;93;8;LAGUILLOS;;;;;
6;39;93;9;MALATAJA;;;;;
6;39;93;10;MEDIADORO;;;;;
6;39;93;12;REOCÍN DE LOS MOLINOS;;;;;
6;39;93;13;SAN ANDRÉS;;;;;
6;39;93;14;SAN VITORES;;;;;
6;39;93;15;SOTILLO;;;;;
6;39;93;16;VALDEPRADO DEL RÍO;;;;;
6;39;94;1;ALLÉN DEL HOYO;;;;;
6;39;94;2;ARANTIONES;;;;;
6;39;94;3;ARENILLAS DE EBRO;;;;;
6;39;94;4;ARROYUELOS;;;;;
6;39;94;5;BÁRCENA DE EBRO;;;;;
6;39;94;6;BUSTILLO DEL MONTE;;;;;
6;39;94;7;CADALSO;;;;;
6;39;94;8;CAMPO DE EBRO;;;;;
6;39;94;9;CASTRILLO DE VALDELOMAR;;;;;
6;39;94;10;CEJANCAS;;;;;
6;39;94;11;CORONELES;;;;;
6;39;94;12;CUBILLO DE EBRO;;;;;
6;39;94;13;ESPINOSA DE BRICIA;;;;;
6;39;94;14;LOMA SOMERA;;;;;
6;39;94;15;MONTECILLO;;;;;
6;39;94;16;NAVAMUEL;;;;;
6;39;94;17;OTERO;;;;;
6;39;94;18;POBLACIÓN DE ABAJO;;;;;
6;39;94;19;POBLACIÓN DE ARRIBA;;;;;
6;39;94;20;POLIENTES;;;;;
6;39;94;21;LA PUENTE DEL VALLE;;;;;
6;39;94;22;QUINTANILLA DE AN;;;;;
6;39;94;23;QUINTANILLA DE RUCANDIO;;;;;
6;39;94;24;RASGADA;;;;;
6;39;94;25;REBOLLAR DE EBRO;;;;;
6;39;94;26;RENEDO DE BRICIA;;;;;
6;39;94;27;REPUDIO;;;;;
6;39;94;28;REVELILLAS;;;;;
6;39;94;29;RIOPANERO;;;;;
6;39;94;30;ROCAMUNDO;;;;;
6;39;94;31;RUANALES;;;;;
6;39;94;32;RUCANDIO;;;;;
6;39;94;33;RUERRERO;;;;;
6;39;94;34;RUIJAS;;;;;
6;39;94;35;SALCEDO;;;;;
6;39;94;36;SAN ANDRÉS DE VALDELOMAR;;;;;
6;39;94;37;SAN CRISTOBAL DEL MONTE;;;;;
6;39;94;38;SAN MARTÍN DE ELINES;;;;;
6;39;94;39;SAN MARTÍN  DE VALDELOMAR;;;;;
6;39;94;40;SANTA MARÍA DE HITO;;;;;
6;39;94;41;SANTA MARÍA DE VALVERDE;;;;;
6;39;94;42;LA SERNA;;;;;
6;39;94;43;SOBREPENILLA;;;;;
6;39;94;44;SOBREPEÑA;;;;;
6;39;94;45;SOTO RUCANDIO;;;;;
6;39;94;46;SUSILLA;;;;;
6;39;94;47;VILLAESCUSA DE EBRO;;;;;
6;39;94;48;VILLAMOÑICO;;;;;
6;39;94;49;VILLANUEVA DE LA NIA;;;;;
6;39;94;50;VILLAVERDE DE HITO;;;;;
6;39;94;51;VILLOTA DE ELINES;;;;;
6;39;94;52;QUINTANASOLMO;;;;;
6;39;95;1;ABANILLAS;;;;;
6;39;95;2;ESTRADA;;;;;
6;39;95;3;HELGUERAS;;;;;
6;39;95;4;LUEY;;;;;
6;39;95;5;MOLLEDA;;;;;
6;39;95;6;MUÑORRODERO;;;;;
6;39;95;7;PECHÓN;;;;;
6;39;95;8;PESUES;;;;;
6;39;95;9;PORTILLO;;;;;
6;39;95;10;PRELLEZO;;;;;
6;39;95;11;PRIO;;;;;
6;39;95;12;SAN PEDRO DE LAS BAHERAS;;;;;
6;39;95;13;SERDIO;;;;;
6;39;95;14;UNQUERA;;;;;
6;39;96;1;BARAGO;;;;;
6;39;96;2;BARRIO;;;;;
6;39;96;3;BORES;;;;;
6;39;96;4;CAMPOLLO;;;;;
6;39;96;5;DOBARGANES;;;;;
6;39;96;6;DOBRES;;;;;
6;39;96;7;ENTERRIAS;;;;;
6;39;96;8;LEDANTES;;;;;
6;39;96;9;POLLAYO;;;;;
6;39;96;10;TOLLO;;;;;
6;39;96;11;TORANZO;;;;;
6;39;96;12;TUDES;;;;;
6;39;96;13;VADA;;;;;
6;39;96;14;VALMEO;;;;;
6;39;96;15;LA VEGA;;;;;
6;39;96;16;VEJO;;;;;
6;39;96;17;VILLAVERDE;;;;;
6;39;97;1;CANDOLIAS;;;;;
6;39;97;2;LA GURUEBA;;;;;
6;39;97;3;GUZPARRAS;;;;;
6;39;97;4;PANDILLO;;;;;
6;39;97;5;VEGA DE PAS;;;;;
6;39;97;6;VIAÑA;;;;;
6;39;97;7;YERA;;;;;
6;39;98;1;ABIONZO;;;;;
6;39;98;2;ALOÑOS;;;;;
6;39;98;3;BÁRCENA DE CARRIEDO;;;;;
6;39;98;4;PEDROSO;;;;;
6;39;98;5;SANTIBAÑEZ;;;;;
6;39;98;6;SOTO;;;;;
6;39;98;7;TEZANOS;;;;;
6;39;98;8;VILLACARRIEDO;;;;;
6;39;99;1;LA CONCHA;;;;;
6;39;99;2;LIAÑO;;;;;
6;39;99;3;OBREGÓN;;;;;
6;39;99;4;VILLANUEVA;;;;;
6;39;100;1;ESCOBEDO;;;;;
6;39;100;2;PENILLA;;;;;
6;39;100;3;RASILLO;;;;;
6;39;100;4;VEGA;;;;;
6;39;100;5;VILLAFUFRE;;;;;
6;39;101;1;LA ALTURA;;;;;
6;39;101;2;EL CAMPO;;;;;
6;39;101;3;LA CAPITANA;;;;;
6;39;101;4;LOS HOYOS;;;;;
6;39;101;5;LA IGLESIA;;;;;
6;39;101;6;LAISECA;;;;;
6;39;101;7;LA MATANZA;;;;;
6;39;101;8;MOLLINEDO;;;;;
6;39;101;9;PALACIO;;;;;
6;39;101;10;VILLANUEVA;;;;;
6;39;102;1;BADAMES;;;;;
6;39;102;2;BUERAS;;;;;
6;39;102;3;CARASA;;;;;
6;39;102;4;LLANEZ;;;;;
6;39;102;5;NATES;;;;;
6;39;102;6;PADIERNIGA;;;;;
6;39;102;7;RADA;;;;;
6;39;102;8;SAN BARTOLOMÉ DE LOS MONTES;;;;;
6;39;102;9;SAN MAMÉS DE ARAS;;;;;
6;39;102;10;SAN MIGUEL DE ARAS;;;;;
6;39;102;11;SAN PANTALEÓN DE ARAS;;;;;
6;39;102;12;SECADURA;;;;;
6;39;701;0;NO DETERMINADA;;;;;
6;39;999;0;NO DETERMINADA;;;;;
7;26;1;1;ÁBALOS;;;;;
7;26;2;1;AGONCILLO;;;;;
7;26;2;2;RECAJO;;;;;
7;26;3;1;AGULAR DEL RIO ALHAMA;;;;;
7;26;3;2;INESTRILLAS;;;;;
7;26;4;1;AJAMIL;;;;;
7;26;4;2;LARRIBA;;;;;
7;26;4;3;TORREMUÑA;;;;;
7;26;5;1;ALBELDA DE IRREGUA;;;;;
7;26;6;1;ALBERITE;;;;;
7;26;7;1;ALCANADRE;;;;;
7;26;8;1;ALDEANUEVA DE EBRO;;;;;
7;26;9;1;ALESANCO;;;;;
7;26;10;1;ALESÓN;;;;;
7;26;11;1;ALFARO;;;;;
7;26;12;1;ALMARZA DE CAMEROS;;;;;
7;26;12;2;RIBABELLOSA;;;;;
7;26;13;1;ANGUCIANA;;;;;
7;26;14;1;ANGUIANO;;;;;
7;26;15;1;ARENAZA DE ABAJO;;;;;
7;26;16;1;ARENAZA DE ARRIBA;;;;;
7;26;17;1;ARNEDILLO;;;;;
7;26;17;2;SANTA EULALIA SOMERA;;;;;
7;26;18;1;ARNEDO;;;;;
7;26;19;1;ARRUBAL;;;;;
7;26;20;1;AUSEJO;;;;;
7;26;21;1;AUTOL;;;;;
7;26;22;1;AZOFRA;;;;;
7;26;23;1;BADARÁN;;;;;
7;26;24;1;BAÑARES;;;;;
7;26;25;1;BAÑOS DE RIOJA;;;;;
7;26;26;1;BAÑOS DE RIO TOBÍA;;;;;
7;26;27;1;BERCEO;;;;;
7;26;28;1;BERGASA;;;;;
7;26;28;2;CARBONERA;;;;;
7;26;29;1;BERGASILLAS BAJERA;;;;;
7;26;29;2;BERGASILLAS SOMERA;;;;;
7;26;30;1;BEZARES;;;;;
7;26;31;1;BOBADILLA;;;;;
7;26;32;1;BRIEBA DE CAMEROS;;;;;
7;26;33;1;BRIÑAS;;;;;
7;26;34;1;BRIONES;;;;;
7;26;35;1;CABEZÓN DE CAMEROS;;;;;
7;26;36;1;CALAHORRA;;;;;
7;26;36;2;MURILLO DE CALAHORRA;;;;;
7;26;37;1;COMPROVÍN;;;;;
7;26;37;2;MAHAVE;;;;;
7;26;38;1;CANALES DE LA SIERRA;;;;;
7;26;39;1;CANILLAS DEL RIO TUERTO;;;;;
7;26;40;1;CAÑAS;;;;;
7;26;41;1;CÁRDENAS;;;;;
7;26;42;1;CASALARREINA;;;;;
7;26;43;1;CASTAÑARES DE RIOJA;;;;;
7;26;44;1;CASTROVIEJO;;;;;
7;26;45;1;CELLORIGO;;;;;
7;26;46;1;CENICERO;;;;;
7;26;47;1;CABRETÓN;;;;;
7;26;47;2;CERVERA DEL RIO ALHAMA;;;;;
7;26;47;3;RINCÓN DE OLIVEDO O LAS CASAS;;;;;
7;26;47;4;VALDEGUTUR;;;;;
7;26;47;5;VALVERDE;;;;;
7;26;47;6;VENTAS DE CERVERA O VENTAS DEL BAÑO;;;;;
7;26;48;1;CASAS BLANCAS;;;;;
7;26;48;2;CIDAMÓN;;;;;
7;26;49;1;CIHURI;;;;;
7;26;50;1;CIRIÑUELA;;;;;
7;26;50;2;CIRUEÑA;;;;;
7;26;51;1;CLAVIJO;;;;;
7;26;51;2;UNIÓN DE LOS TRES EJÉRCITOS (LA);;;;;
7;26;52;1;CORDOVÍN;;;;;
7;26;53;1;CORERA;;;;;
7;26;54;1;CORNAGO;;;;;
7;26;54;2;VALDEPERILLO;;;;;
7;26;55;1;CORPORALES;;;;;
7;26;55;2;MORALES;;;;;
7;26;56;1;CUZCURRITA-RIO TIRÓN;;;;;
7;26;57;1;DAROCA DE RIOJA;;;;;
7;26;58;1;ENCISO;;;;;
7;26;58;2;RUEDAS DE ENCISO;;;;;
7;26;58;3;VILLAR (EL);;;;;
7;26;58;4;NAVALSAZ;;;;;
7;26;58;5;POYALES;;;;;
7;26;59;1;ENTRENA;;;;;
7;26;60;1;ESTOLLO;;;;;
7;26;61;1;AYABARRENA;;;;;
7;26;61;2;AZARRULLA;;;;;
7;26;61;3;EZCARAY;;;;;
7;26;61;4;POSADAS;;;;;
7;26;61;5;SAN ANTÓN;;;;;
7;26;61;6;URDANTA;;;;;
7;26;61;7;ZALDIERNA;;;;;
7;26;61;8;TURZA;;;;;
7;26;62;1;FONCEA;;;;;
7;26;63;1;FONZALECHE;;;;;
7;26;63;2;VILLASECA;;;;;
7;26;64;1;ESTACIÓN (LA);;;;;
7;26;64;2;FUENMAYOR;;;;;
7;26;65;1;CASTILSECO;;;;;
7;26;65;2;GALBÁRRULI;;;;;
7;26;66;1;GALILEA;;;;;
7;26;67;1;GALLINERO DE CAMEROS;;;;;
7;26;68;1;GIMILEO;;;;;
7;26;69;1;GRAÑÓN;;;;;
7;26;70;1;GRÁBALOS;;;;;
7;26;71;1;HARO;;;;;
7;26;71;2;SAN FELICES;;;;;
7;26;72;1;HERCE;;;;;
7;26;73;1;HERRAMÉLLURI;;;;;
7;26;73;2;VELASCO;;;;;
7;26;74;1;HERVÍAS;;;;;
7;26;75;1;HORMILLA;;;;;
7;26;76;1;HORMILLEJA;;;;;
7;26;77;1;HORNILLOS DE CAMEROS;;;;;
7;26;78;1;HORNOS DE MONCALVILLO;;;;;
7;26;79;1;HUÉRCANOS;;;;;
7;26;80;1;IGEA;;;;;
7;26;81;1;JALÓN DE CAMEROS;;;;;
7;26;82;1;LAGUNA DE CAMEROS;;;;;
7;26;83;1;LAGUNILLA DEL JUBERA;;;;;
7;26;83;2;VENTAS BLANCAS;;;;;
7;26;83;3;ZENZANO;;;;;
7;26;84;1;LARDERO;;;;;
7;26;86;1;LEDESMA DE LA COGOLLA;;;;;
7;26;87;1;LEIVA;;;;;
7;26;88;1;LEZA DE RÍO LEZA;;;;;
7;26;89;1;CORTIJO (EL);;;;;
7;26;89;2;LOGROÑO;;;;;
7;26;89;3;VAREA;;;;;
7;26;91;1;HORCAJO (EL);;;;;
7;26;91;2;LUMBRERAS;;;;;
7;26;91;4;SAN ANDRÉS;;;;;
7;26;92;1;MANJARRÉS;;;;;
7;26;93;1;MANSILLA ;;;;;
7;26;93;2;TABLADAS;;;;;
7;26;94;1;GALLINERO DE RIOJA;;;;;
7;26;94;2;MANZANARES DE RIOJA;;;;;
7;26;95;1;MATUTE;;;;;
7;26;96;1;MEDRANO;;;;;
7;26;98;1;MUNILLLA;;;;;
7;26;98;2;PEROBLASCO;;;;;
7;26;99;1;MURILLO DE RÍO LEZA;;;;;
7;26;100;1;AMBAS AGUAS O ENTRAMBAS AGUAS;;;;;
7;26;100;2;MURO DE AGUAS;;;;;
7;26;101;1;MURO DE CAMEROS;;;;;
7;26;102;1;NÁJERA;;;;;
7;26;103;1;ISLALLANA;;;;;
7;26;103;2;NALDA;;;;;
7;26;104;1;NAVAJÚN;;;;;
7;26;105;1;NAVARRETE;;;;;
7;26;106;1;NESTARES;;;;;
7;26;107;1;MONTEMEDIANO;;;;;
7;26;107;2;NIEVA DE CAMEROS;;;;;
7;26;108;1;ALDEALOBOS;;;;;
7;26;108;2;MOLINOS DE OCÓN (LOS);;;;;
7;26;108;3;OCÓN;;;;;
7;26;108;4;OTERUELO;;;;;
7;26;108;5;PIPAONA;;;;;
7;26;108;6;RUEDAS DE OCÓN (LAS);;;;;
7;26;108;7;SANTA LUCÍA;;;;;
7;26;109;1;OCHANDURI;;;;;
7;26;110;1;AMUNARTIA;;;;;
7;26;110;2;ARVIZA O ARVIZA BARRENA;;;;;
7;26;110;3;OJACASTRO;;;;;
7;26;110;4;SANTO ASENSIO DE LOS SANTOS;;;;;
7;26;110;5;TONDELUNA;;;;;
7;26;110;6;ULIZARNA;;;;;
7;26;110;7;UYARRA;;;;;
7;26;111;1;OLLAURI;;;;;
7;26;112;1;ORTIGOSA;;;;;
7;26;112;2;PEÑALOSCINTOS;;;;;
7;26;113;1;PAZUENGOS;;;;;
7;26;114;1;PEDROSO;;;;;
7;26;115;1;PINILLOS;;;;;
7;26;117;1;PRADEJÓN;;;;;
7;26;118;1;PRADILLO;;;;;
7;26;119;1;PRÉJANO;;;;;
7;26;120;1;QUEL;;;;;
7;26;121;1;RABANERA;;;;;
7;26;122;1;RASILLO (EL);;;;;
7;26;123;1;REDAL (EL);;;;;
7;26;124;1;RIBAFRECHA;;;;;
7;26;125;1;RINCÓN DE SOTO;;;;;
7;26;126;1;ROBRES DEL CASTILLO;;;;;
7;26;126;2;SAN VICENTE DE ROBRES;;;;;
7;26;127;1;CUZCURRITILLA;;;;;
7;26;127;2;RODEZNO;;;;;
7;26;128;1;SAJAZARRA;;;;;
7;26;129;1;SAN ASENSIO;;;;;
7;26;130;1;RIO (EL);;;;;
7;26;130;2;SAN MILLÁN DE LA COGOLLA;;;;;
7;26;131;1;SAN MILLÁN DE YÉCORA;;;;;
7;26;132;1;SAN ROMÁN DE CAMEROS;;;;;
7;26;132;3;VADILLOS;;;;;
7;26;132;4;VELILLA;;;;;
7;26;134;1;SANTA COLOMA;;;;;
7;26;135;1;BUCESTA;;;;;
7;26;135;2;JUBERA;;;;;
7;26;135;3;SAN BARTOLOMÉ;;;;;
7;26;135;4;SAN MARTÍN;;;;;
7;26;135;5;SANTA CECILIA;;;;;
7;26;135;6;SANTA ENGRACIA;;;;;
7;26;135;7;SANTA MARINA;;;;;
7;26;136;1;SANTA EULALIA BAJERA;;;;;
7;26;138;1;SANTO DOMINGO DE LA CALZADA;;;;;
7;26;139;1;CASAS BLANCAS;;;;;
7;26;139;2;SAN TORCUATO;;;;;
7;26;140;1;SANTURDE;;;;;
7;26;141;1;SANTURDEJO;;;;;
7;26;142;1;PECIÑA;;;;;
7;26;142;2;RIVAS DE TERESO;;;;;
7;26;142;3;SAN VICENTE DE LA SONSIERRA;;;;;
7;26;143;1;SOJUELA;;;;;
7;26;144;1;SORZANO;;;;;
7;26;145;1;SOTÉS;;;;;
7;26;146;1;SOTO EN CAMEROS;;;;;
7;26;146;2;TREVIJANO;;;;;
7;26;147;1;TERROBA;;;;;
7;26;148;1;TIRGO;;;;;
7;26;149;1;TOBÍA;;;;;
7;26;150;1;TORMANTOS;;;;;
7;26;151;1;TORRECILLA EN CAMEROS;;;;;
7;26;152;1;TORRECILLA SOBRE ALESANCO;;;;;
7;26;153;1;TORRE EN CAMEROS;;;;;
7;26;154;1;SOMALO;;;;;
7;26;154;2;TORREMONTALBO;;;;;
7;26;155;1;TREVIANA;;;;;
7;26;157;1;TRICIO;;;;;
7;26;158;1;TUDELILLA;;;;;
7;26;160;1;URUÑUELA;;;;;
7;26;161;1;VALDEMADERA;;;;;
7;26;162;1;VALGAÑÓN;;;;;
7;26;163;1;VENTOSA;;;;;
7;26;164;1;VENTROSA;;;;;
7;26;165;1;CASTAÑARES DE LAS CUEVAS;;;;;
7;26;165;2;PANZARES;;;;;
7;26;165;3;VIGUERA;;;;;
7;26;166;1;VILLALBA DE RIOJA;;;;;
7;26;167;1;VILLALBAR DE RIOJA;;;;;
7;26;168;1;PUENTE MADRE ;;;;;
7;26;168;2;VILLAMEDIANA DE IREGUA;;;;;
7;26;169;1;ALDEANUEVA DE CAMEROS;;;;;
7;26;169;2;VILLANUEVA DE CAMEROS;;;;;
7;26;170;1;VILLAR DE ARNEDO (EL);;;;;
7;26;171;1;VILLAR DE TORRE;;;;;
7;26;172;1;VILLAREJO;;;;;
7;26;173;1;VILLARROYA;;;;;
7;26;174;1;QUINTANA;;;;;
7;26;174;2;QUINTANAR DE RIOJA;;;;;
7;26;174;3;VILLARTA-QUINTANA;;;;;
7;26;175;1;VILLAVELAYO;;;;;
7;26;176;1;VILLAVERDE DE RIOJA;;;;;
7;26;177;1;VILLOSLADA DE CAMEROS;;;;;
7;26;178;1;VINIEGRA DE ABAJO;;;;;
7;26;179;1;VINIEGRA DE ARRIBA;;;;;
7;26;180;1;ZARRATÓN;;;;;
7;26;181;1;ZARZOSA;;;;;
7;26;183;1;ZORRAQUÍN;;;;;
7;26;999;0;NO DETERMINADA;;;;;
8;30;1;0;NO DETERMINADA;;;;;
8;30;2;0;NO DETERMINADA;;;;;
8;30;3;1;BARRANCO;;;;;
8;30;3;2;CAMPO;;;;;
8;30;3;3;COCON;;;;;
8;30;3;4;COPE;;;;;
8;30;3;5;TEBAR;;;;;
8;30;4;0;NO DETERMINADA;;;;;
8;30;5;0;NO DETERMINADA;;;;;
8;30;6;0;NO DETERMINADA;;;;;
8;30;7;0;NO DETERMINADA;;;;;
8;30;8;1;CAÑADAS (LAS);;;;;
8;30;8;2;CAÑARICO (EL);;;;;
8;30;8;3;COSTERA (LA);;;;;
8;30;8;4;ESPUÑA;;;;;
8;30;8;5;FLOTAS (LAS);;;;;
8;30;8;6;RAL (EL;;;;;
8;30;8;7;RAMBLILLAS (LAS);;;;;
8;30;9;0;NO DETERMINADA;;;;;
8;30;10;0;NO DETERMINADA;;;;;
8;30;11;0;NO DETERMINADA;;;;;
8;30;12;0;NO DETERMINADA;;;;;
8;30;13;1;ESPARRAGAL;;;;;
8;30;13;2;HONDONERA;;;;;
8;30;13;3;RIO MORATALLA;;;;;
8;30;13;4;RIO QUIPAR;;;;;
8;30;13;5;VALENTIN;;;;;
8;30;14;0;NO DETERMINADA;;;;;
8;30;15;1;MORAL (EL);;;;;
8;30;15;2;ROYOS (LOS);;;;;
8;30;16;1;ALBUJON;;;;;
8;30;16;2;ALGAR (EL);;;;;
8;30;16;3;ALJORRA (LA);;;;;
8;30;16;4;ALUMBRES;;;;;
8;30;16;5;BEAL;;;;;
8;30;16;6;CAMPO NUBLA;;;;;
8;30;16;7;CANTERAS;;;;;
8;30;16;8;ESCOMBRERAS;;;;;
8;30;16;9;HONDON;;;;;
8;30;16;10;LENTISCAR;;;;;
8;30;16;11;MAGDALENA (LA);;;;;
8;30;16;12;MEDICOS (LOS);;;;;
8;30;16;13;MIRANDA;;;;;
8;30;16;14;PALMA (LA);;;;;
8;30;16;15;PERIN;;;;;
8;30;16;16;PLAN (EL);;;;;
8;30;16;17;POZO ESTRECHO;;;;;
8;30;16;18;PUERTOS (LOS);;;;;
8;30;16;19;RINCON DE SAN GINES;;;;;
8;30;16;20;SAN ANTONIO ABAD;;;;;
8;30;16;21;SAN FELIX;;;;;
8;30;16;22;SANTA ANA;;;;;
8;30;16;23;SANTA LUCIA;;;;;
8;30;17;0;NO DETERMINADA;;;;;
8;30;18;0;NO DETERMINADA;;;;;
8;30;19;0;NO DETERMINADA;;;;;
8;30;20;0;NO DETERMINADA;;;;;
8;30;21;2;BALSAPINTADA;;;;;
8;30;21;3;CUEVAS DE REYLLO;;;;;
8;30;21;8;CANOVAS;;;;;
8;30;21;9;FUENTE ALAMO;;;;;
8;30;21;10;PALAS-PINILLA;;;;;
8;30;22;0;NO DETERMINADA;;;;;
8;30;23;0;NO DETERMINADA;;;;;
8;30;24;1;AGUADERAS;;;;;
8;30;24;2;ALMENDRICOS;;;;;
8;30;24;3;AVILES;;;;;
8;30;24;4;BEJAR;;;;;
8;30;24;5;CAMPILLO;;;;;
8;30;24;6;CARRASQUILLA;;;;;
8;30;24;7;CAZALLA;;;;;
8;30;24;8;CULEBRINA;;;;;
8;30;24;10;ESCUCHA;;;;;
8;30;24;11;FONTANARES;;;;;
8;30;24;12;GARROBILLO;;;;;
8;30;24;13;HOYA (LA);;;;;
8;30;24;14;HUMBRIAS;;;;;
8;30;24;15;JARALES;;;;;
8;30;24;16;MARCHENA;;;;;
8;30;24;17;MORATA;;;;;
8;30;24;18;NOGALTE;;;;;
8;30;24;20;PACA (LA);;;;;
8;30;24;21;PARRILLA;;;;;
8;30;24;22;POZO HIGUERA;;;;;
8;30;24;23;PULGARA;;;;;
8;30;24;24;PUNTARRON;;;;;
8;30;24;25;PURIAS;;;;;
8;30;24;26;RAMONETE;;;;;
8;30;24;27;RIO (EL);;;;;
8;30;24;29;TERCIA;;;;;
8;30;24;30;TIATA;;;;;
8;30;24;31;TORREALVILLA;;;;;
8;30;24;32;TORRECILLA;;;;;
8;30;24;33;TOVA (LA);;;;;
8;30;24;34;ZARCILLA DE RAMOS;;;;;
8;30;24;35;ZARZADILLA DE TOTANA;;;;;
8;30;24;36;ZARZALICO;;;;;
8;30;25;0;NO DETERMINADA;;;;;
8;30;26;0;NO DETERMINADA;;;;;
8;30;27;0;NO DETERMINADA;;;;;
8;30;28;1;ARENAL;;;;;
8;30;28;2;BEJAR;;;;;
8;30;28;4;BENIZAR;;;;;
8;30;28;5;CAÑADA DE LA CRUZ;;;;;
8;30;28;6;COBATILLAS;;;;;
8;30;28;7;RIO SEGURA;;;;;
8;30;28;8;ROBLE;;;;;
8;30;28;9;ROGATIVA;;;;;
8;30;28;10;SAN BARTOLOME;;;;;
8;30;28;11;SAN JUAN;;;;;
8;30;28;12;INAZARES;;;;;
8;30;29;0;NO DETERMINADA;;;;;
8;30;30;1;ALBATALIA (LA);;;;;
8;30;30;2;ALBERCA (LA);;;;;
8;30;30;3;ALGEZARES;;;;;
8;30;30;4;ALJUCER;;;;;
8;30;30;5;ALQUERIAS;;;;;
8;30;30;6;ARBOLEJA (LA);;;;;
8;30;30;10;CABEZO DE TORRES;;;;;
8;30;30;11;CAÑADA HERMOSA;;;;;
8;30;30;12;CAÑADAS DE SAN PEDRO;;;;;
8;30;30;15;COBATILLAS;;;;;
8;30;30;16;CORVERA;;;;;
8;30;30;17;CHURRA;;;;;
8;30;30;19;ERA ALTA;;;;;
8;30;30;20;ESPARRAGAL;;;;;
8;30;30;21;GARRES Y LAGES;;;;;
8;30;30;22;GEA Y TRUYOLS;;;;;
8;30;30;23;GUADALUPE;;;;;
8;30;30;25;JAVALI VIEJO;;;;;
8;30;30;26;JERONIMOS Y AVILESES Y BALSICAS DE ARRIBA;;;;;
8;30;30;28;LLANO DE BRUJAS;;;;;
8;30;30;30;MONTEAGUDO;;;;;
8;30;30;31;NONDUERMAS;;;;;
8;30;30;32;ÑORA (LA);;;;;
8;30;30;35;PUENTE TOCINOS;;;;;
8;30;30;36;PUNTAL (EL);;;;;
8;30;30;37;RAAL (EL);;;;;
8;30;30;38;RAMOS (LOS);;;;;
8;30;30;41;RINCON DE SECA;;;;;
8;30;30;42;SAN BENITO;;;;;
8;30;30;43;SANGONERA LA SECA;;;;;
8;30;30;45;SANTA CRUZ;;;;;
8;30;30;46;SANTIAGO Y ZARAICHE;;;;;
8;30;30;47;SANTO ANGEL;;;;;
8;30;30;49;TORREAGUERA;;;;;
8;30;30;50;VALLADOLISES Y LO JURADO;;;;;
8;30;30;52;ZENETA;;;;;
8;30;31;0;NO DETERMINADA;;;;;
8;30;32;0;NO DETERMINADA;;;;;
8;30;33;1;ESPARRAGAL;;;;;
8;30;33;2;PUERTO ADENTRO;;;;;
8;30;33;3;PUERTO LUMBRERAS;;;;;
8;30;34;0;NO DETERMINADA;;;;;
8;30;35;0;NO DETERMINADA;;;;;
8;30;36;0;NO DETERMINADA;;;;;
8;30;37;0;NO DETERMINADA;;;;;
8;30;38;0;NO DETERMINADA;;;;;
8;30;39;2;TOTANA;;;;;
8;30;39;3;PARETON;;;;;
8;30;39;5;LEBOR;;;;;
8;30;39;6;ÑORICA;;;;;
8;30;39;7;RAIGUERO;;;;;
8;30;40;0;NO DETERMINADA;;;;;
8;30;41;3;UNION (LA);;;;;
8;30;42;0;NO DETERMINADA;;;;;
8;30;43;0;NO DETERMINADA;;;;;
8;30;901;0;NO DETERMINADA;;;;;
8;30;902;0;NO DETERMINADA;;;;;
8;30;999;0;NO DETERMINADA;;;;;
9;3;1;1;ADSUBIA;;;;;
9;3;1;2;FORNA;;;;;
9;3;2;1;AGOST;;;;;
9;3;3;1;AGRES;;;;;
9;3;4;1;AIGÜES;;;;;
9;3;5;1;ALBATERA;;;;;
9;3;6;1;ALCALALI;;;;;
9;3;6;2;LLOSA DE CAMACHO;;;;;
9;3;7;1;ALCOCER DE PLANES;;;;;
9;3;8;1;ALCOLEJA;;;;;
9;3;9;1;ALCOY/ALCOI;;;;;
9;3;10;1;ALFAFARA;;;;;
9;3;11;1;L'ALFÁS DEL PI;;;;;
9;3;12;1;ALGORFA;;;;;
9;3;13;1;ALGUEÑA;;;;;
9;3;13;2;LA SOLANA;;;;;
9;3;14;1;LA ALCORAYA;;;;;
9;3;14;2;ALICANTE/ALACANT;;;;;
9;3;14;3;EL BACAROT;;;;;
9;3;14;4;CAÑADA DEL FENOLLAR;;;;;
9;3;14;5;FONT-CALENT;;;;;
9;3;14;6;ISLA PLANA O NUEVA TABARCA;;;;;
9;3;14;7;MONNEGRE - CABEÇO D'OR;;;;;
9;3;14;8;MORALET;;;;;
9;3;14;9;REBOLLEDO;;;;;
9;3;14;10;SANTA FAZ;;;;;
9;3;14;12;PLA DE LA VALLONGA;;;;;
9;3;14;13;VERDEGAS;;;;;
9;3;15;1;ALMORADI;;;;;
9;3;16;1;ALMUDAINA;;;;;
9;3;17;1;ALQUERIA D'ASNAR;;;;;
9;3;18;1;ALTEA;;;;;
9;3;18;2;ALTEA LA VELLA;;;;;
9;3;18;3;L'OLLA;;;;;
9;3;19;1;ASPE;;;;;
9;3;20;1;BALONES;;;;;
9;3;21;1;BANYERES DE MARIOLA;;;;;
9;3;22;2;BENASAU;;;;;
9;3;23;1;BENEIXAMA;;;;;
9;3;23;3;EL SALSE;;;;;
9;3;24;1;BENEJUZAR;;;;;
9;3;25;1;BENFERRI;;;;;
9;3;26;1;BENIARBEIG;;;;;
9;3;27;1;BENIARDA;;;;;
9;3;28;1;BENIARRES;;;;;
9;3;29;1;BENIGEMBLA;;;;;
9;3;30;1;BENIDOLEIG;;;;;
9;3;31;1;BENIDORM;;;;;
9;3;32;1;BENIFALLIM;;;;;
9;3;33;1;BENIFATO;;;;;
9;3;34;1;BENIJOFAR;;;;;
9;3;35;1;BENILLOBA;;;;;
9;3;36;1;BENILLUP;;;;;
9;3;37;1;BENIMANTELL;;;;;
9;3;38;1;BENIMARFULL;;;;;
9;3;39;1;BENIMASSOT;;;;;
9;3;40;1;BENIMELI;;;;;
9;3;41;1;BENISSA;;;;;
9;3;41;2;FANADIX;;;;;
9;3;42;1;BENITACHELL;;;;;
9;3;43;1;BIAR;;;;;
9;3;44;1;BIGASTRO;;;;;
9;3;45;1;BOLULLA;;;;;
9;3;46;1;BUSOT;;;;;
9;3;47;1;CALPE;;;;;
9;3;48;1;CALLOSA D'EN SARRIA;;;;;
9;3;49;1;CALLOSA DE SEGURA;;;;;
9;3;49;2;CALLOSILLA;;;;;
9;3;49;3;LO CARTAGENA;;;;;
9;3;49;4;EL CEMENTERIO;;;;;
9;3;49;5;LOS DOLORES;;;;;
9;3;49;6;EL PALMERAL;;;;;
9;3;49;7;SAN JOSÉ;;;;;
9;3;49;8;VEREDA DE LOS CUBOS;;;;;
9;3;50;1;BALLESTERA;;;;;
9;3;50;2;EL CAMPELLO;;;;;
9;3;50;3;COVETA FUMA;;;;;
9;3;50;4;PLAYA MUCHAVISTA;;;;;
9;3;51;1;CAMPO DE MIRRA/EL CAMP DE MIRRA;;;;;
9;3;52;1;CAÑADA;;;;;
9;3;53;1;CASTALLA;;;;;
9;3;54;1;CASTELL DE CASTELLS;;;;;
9;3;55;1;CATRAL;;;;;
9;3;56;1;ALCUDIA;;;;;
9;3;56;2;ALGARS;;;;;
9;3;56;3;ALQUERIES DE BENIFLORET;;;;;
9;3;56;4;COCENTAINA;;;;;
9;3;56;5;ESTACIO NORD;;;;;
9;3;56;6;GORMAIG;;;;;
9;3;56;7;PENELLA;;;;;
9;3;56;8;POBLE NOU DE SANT RAFEL;;;;;
9;3;57;1;ABDET;;;;;
9;3;57;2;CONFRIDES;;;;;
9;3;58;1;LOS COLLEREROS;;;;;
9;3;58;2;COX;;;;;
9;3;58;3;EL SALAR;;;;;
9;3;59;1;CASICAS;;;;;
9;3;59;2;CREVILLENT;;;;;
9;3;59;3;LA ESTACIÓN;;;;;
9;3;59;4;EL REALENGO;;;;;
9;3;59;5;RINCÓN DE LOS PABLOS;;;;;
9;3;59;6;SAN FELIPE NERI;;;;;
9;3;60;1;QUATRETONDETA;;;;;
9;3;61;1;DAYA NUEVA;;;;;
9;3;62;1;DAYA VIEJA;;;;;
9;3;63;1;DENIA;;;;;
9;3;63;2;LA XARA;;;;;
9;3;63;3;JESÚS POBRE;;;;;
9;3;63;4;LA PEDRERA;;;;;
9;3;64;1;DOLORES;;;;;
9;3;65;1;ALGODA-MATOLA;;;;;
9;3;65;2;ALGOROS;;;;;
9;3;65;3;ALTABIX;;;;;
9;3;65;4;EL ALTET;;;;;
9;3;65;5;ATSAVARES;;;;;
9;3;65;6;ASPRELLA;;;;;
9;3;65;7;LAS BAYAS;;;;;
9;3;65;8;CARRUS;;;;;
9;3;65;9;DAIMES;;;;;
9;3;65;10;DERRAMADOR;;;;;
9;3;65;11;ELCHE/ELX;;;;;
9;3;65;12;LA FOIA;;;;;
9;3;65;13;JUBALCOI;;;;;
9;3;65;14;PLA DE SANT JOSEP;;;;;
9;3;65;15;MAITINO;;;;;
9;3;65;16;LA MARINA;;;;;
9;3;65;18;LA PERLETA;;;;;
9;3;65;19;PUÇOL;;;;;
9;3;65;20;TORRELLANO;;;;;
9;3;65;21;VALLVERDA;;;;;
9;3;65;22;LOS ARENALES DEL SOL;;;;;
9;3;66;1;ELDA;;;;;
9;3;66;2;ESTACIÓN DE MONOVAR;;;;;
9;3;67;1;FACHECA;;;;;
9;3;68;1;FAMORCA;;;;;
9;3;69;2;FINESTRAT;;;;;
9;3;70;1;LOS PALACIOS;;;;;
9;3;70;2;FORMENTERA DEL SEGURA;;;;;
9;3;71;1;GATA DE GORGOS;;;;;
9;3;72;1;GAIANES;;;;;
9;3;73;1;GORGA;;;;;
9;3;74;1;GRANJA DE ROCAMORA;;;;;
9;3;75;1;EL CASTELL DE GUADALEST;;;;;
9;3;76;1;GUARDAMAR DEL SEGURA;;;;;
9;3;77;1;LA CANALOSA;;;;;
9;3;77;2;HONDÓN DE LAS NIEVES;;;;;
9;3;77;3;EL REBALSO;;;;;
9;3;78;1;HONDÓN DE LOS FRAILES;;;;;
9;3;79;1;IBI;;;;;
9;3;80;1;JACARILLA;;;;;
9;3;81;1;JALON;;;;;
9;3;82;2;JAVEA/XABIA;;;;;
9;3;83;1;XIXONA;;;;;
9;3;84;1;LORCHA/L'ORXA;;;;;
9;3;85;1;LLIBER;;;;;
9;3;86;1;MILLENA;;;;;
9;3;88;3;MONFORTE DEL CID;;;;;
9;3;88;4;ORITO;;;;;
9;3;89;1;CASES DEL SENYOR;;;;;
9;3;89;2;XINORLET;;;;;
9;3;89;3;FONDO;;;;;
9;3;89;4;MONOVAR;;;;;
9;3;89;5;LA ROMANETA;;;;;
9;3;90;1;MUTXAMEL;;;;;
9;3;91;1;MURLA;;;;;
9;3;92;1;ALQUERIA JORDA;;;;;
9;3;92;2;BENAMER;;;;;
9;3;92;3;CELA DE NUÑEZ;;;;;
9;3;92;4;MURO DEL ALCOY;;;;;
9;3;92;5;TURBALLOS;;;;;
9;3;93;1;LA ESTACIÓN;;;;;
9;3;93;2;NOVELDA;;;;;
9;3;94;1;LA NUCIA;;;;;
9;3;95;1;ONDARA;;;;;
9;3;96;1;ONIL;;;;;
9;3;97;3;ORBA;;;;;
9;3;98;1;ORCHETA;;;;;
9;3;99;1;LA APARECIDA;;;;;
9;3;99;2;ARNEVA;;;;;
9;3;99;3;BARBARROJA;;;;;
9;3;99;4;RAIGUERO DE BONANZA;;;;;
9;3;99;5;CAMINO DE BENIEL;;;;;
9;3;99;6;CAMINO VIEJO DE CALLOSA;;;;;
9;3;99;7;LA CAMPANETA;;;;;
9;3;99;8;DEHESA DE CAMPOAMOR;;;;;
9;3;99;9;CORRENTÍAS BAJAS;;;;;
9;3;99;10;CORRENTÍAS MEDIAS;;;;;
9;3;99;11;LOS DESAMPARADOS;;;;;
9;3;99;12;EL ESCORRATEL;;;;;
9;3;99;13;LOS HUERTOS;;;;;
9;3;99;14;HURCHILLO;;;;;
9;3;99;15;MEDIA LEGUA;;;;;
9;3;99;16;MOLINO DE LA CIUDAD;;;;;
9;3;99;17;MOLINS;;;;;
9;3;99;18;EL MUDAMIENTO;;;;;
9;3;99;19;LA MURADA;;;;;
9;3;99;20;LAS NORIAS;;;;;
9;3;99;21;ORIHUELA;;;;;
9;3;99;22;PARROQUIA DE LA MATANZA;;;;;
9;3;99;24;SAN BARTOLOMÉ;;;;;
9;3;99;26;TORREMENDO;;;;;
9;3;100;1;PARCENT;;;;;
9;3;101;1;PEDREGUER;;;;;
9;3;102;1;PEGO;;;;;
9;3;103;1;PENAGUILA;;;;;
9;3;104;1;PETRER;;;;;
9;3;105;1;LA CABALLUSA;;;;;
9;3;105;2;CAÑADA DEL TRIGO;;;;;
9;3;105;3;CASAS DE IBAÑEZ;;;;;
9;3;105;4;CULEBRÓN;;;;;
9;3;105;5;ENCEBRAS;;;;;
9;3;105;6;LEL;;;;;
9;3;105;7;PAREDÓN;;;;;
9;3;105;8;PINOSO;;;;;
9;3;105;9;RODRIGUILLO;;;;;
9;3;105;10;TRES FUENTES;;;;;
9;3;105;11;UBEDA;;;;;
9;3;106;1;BENIALFAQUI;;;;;
9;3;106;2;CATAMARRUCH;;;;;
9;3;106;3;MARGALIDA;;;;;
9;3;106;4;PLANES;;;;;
9;3;107;1;CHIRLES;;;;;
9;3;107;2;POLOP;;;;;
9;3;109;1;RAFAL;;;;;
9;3;110;1;RAFOL DE ALMUNIA;;;;;
9;3;111;1;REDOVAN;;;;;
9;3;112;1;RELLEU;;;;;
9;3;113;1;ROJALES;;;;;
9;3;114;1;LA ROMANA;;;;;
9;3;115;1;SAGRA;;;;;
9;3;116;1;SALINAS;;;;;
9;3;117;1;SANET Y NEGRALS;;;;;
9;3;118;1;LOS MARTINEZ;;;;;
9;3;118;2;SAN FULGENCIO;;;;;
9;3;119;1;SANT JOAN D'ALACANT;;;;;
9;3;120;1;SAN MIGUEL DE SALINAS;;;;;
9;3;121;1;SANTA POLA;;;;;
9;3;122;1;BOQUERES;;;;;
9;3;122;5;RASPEIG;;;;;
9;3;122;6;SAN VICENTE DEL RASPEIG ;;;;;
9;3;123;1;SAX;;;;;
9;3;123;2;LA COLONIA SANTA EULALIA;;;;;
9;3;124;1;SELLA;;;;;
9;3;125;1;SENIJA;;;;;
9;3;127;1;TABERNA;;;;;
9;3;128;2;TEULADA;;;;;
9;3;129;1;TIBI;;;;;
9;3;130;1;TOLLOS;;;;;
9;3;131;1;TORMOS;;;;;
9;3;132;1;TORREMANZANAS;;;;;
9;3;133;1;LA MATA;;;;;
9;3;133;2;TORREVIEJA;;;;;
9;3;134;1;ALCALÁ DE LA JOVADA;;;;;
9;3;134;2;BENIAYA;;;;;
9;3;135;1;VALL DE EBO;;;;;
9;3;136;1;BENIALI;;;;;
9;3;136;2;BENIRRAMA;;;;;
9;3;136;3;BENISSILI;;;;;
9;3;136;4;BENISSIVA;;;;;
9;3;136;5;BENITAIA;;;;;
9;3;136;6;LA CARROJA;;;;;
9;3;136;7;LLOMBAI;;;;;
9;3;136;8;ALPATRO;;;;;
9;3;137;1;BENIMAURELL;;;;;
9;3;137;2;CAMPELL;;;;;
9;3;137;3;FLEIX;;;;;
9;3;137;4;FONTILLES;;;;;
9;3;138;1;EL VERGER;;;;;
9;3;139;1;LA ERMITA;;;;;
9;3;139;2;PLANS;;;;;
9;3;139;3;TORRES;;;;;
9;3;139;4;VILLAJOYOSA/LA VILA JOIOSA;;;;;
9;3;140;1;CASAS DE MENOR;;;;;
9;3;140;2;LA ENCINA;;;;;
9;3;140;3;SANTA EULALIA;;;;;
9;3;140;4;SIERRA DE SALINAS;;;;;
9;3;140;5;VILLENA;;;;;
9;3;140;6;LAS VIRTUDES;;;;;
9;3;140;7;LA ZAFRA;;;;;
9;3;901;1;MIRAFLOR;;;;;
9;3;901;2;MIRARROSA;;;;;
9;3;901;3;SETLA;;;;;
9;3;902;1;PILAR DE LA HORADADA;;;;;
9;3;902;2;TORRE DE LA HORADADA;;;;;
9;3;903;1;LOS MONTESINOS;;;;;
9;3;904;1;SAN ISIDRO;;;;;
9;3;999;0;NO DETERMINADA;;;;;
9;12;1;1;ATZENETA DEL MAESTRAT;;;;;
9;12;1;2;CAP DE TERME;;;;;
9;12;1;3;EL CASTELL;;;;;
9;12;1;4;MEANES;;;;;
9;12;2;1;AIN;;;;;
9;12;3;1;ALBOCASSER;;;;;
9;12;3;2;LA CALZADA;;;;;
9;12;3;3;LES CASETES;;;;;
9;12;3;4;LA MASIA DE BRUSCA;;;;;
9;12;3;5;MASIA PATI;;;;;
9;12;3;6;SAN PABLO;;;;;
9;12;4;1;ALCALA DE XIVERT;;;;;
9;12;4;2;ALCOSSEBRE;;;;;
9;12;4;5;CAPICORP;;;;;
9;12;4;6;LAS FUENTES;;;;;
9;12;5;1;ALCORA;;;;;
9;12;5;2;ARAYA;;;;;
9;12;5;3;LA FOYA;;;;;
9;12;5;4;URBANIZACIÓN EL PANTANO;;;;;
9;12;6;1;ALCUDIA DE VEO;;;;;
9;12;6;2;BENITANDUS;;;;;
9;12;6;3;VEO;;;;;
9;12;7;1;ALFONDEGUILLA;;;;;
9;12;8;1;ALGIMIA DE ALMONACID;;;;;
9;12;9;1;ALMAZORA;;;;;
9;12;9;2;POLÍGONO INDUSTRIAL;;;;;
9;12;9;3;LA PLAYA;;;;;
9;12;9;5;LA HUERTA;;;;;
9;12;9;7;EL SECANO;;;;;
9;12;10;1;ALMEDIJAR;;;;;
9;12;11;1;ALMENARA;;;;;
9;12;11;2;PLATJA D'ALMENARA CASABLANCA;;;;;
9;12;12;1;ALTURA;;;;;
9;12;12;2;CONVENTO;;;;;
9;12;12;3;LA CUEVA SANTA;;;;;
9;12;13;1;ARAÑUEL;;;;;
9;12;13;2;LA ARTEJUELA;;;;;
9;12;14;1;ARES DEL MAESTRE;;;;;
9;12;14;9;SANTA ELENA;;;;;
9;12;14;10;TORRE-BELTRÁN;;;;;
9;12;14;11;MASIA ROCA DE ABAJO;;;;;
9;12;14;12;LA MONTALBANA;;;;;
9;12;15;1;ARGELITA;;;;;
9;12;16;1;ARTANA;;;;;
9;12;17;1;AYODAR;;;;;
9;12;18;1;AZUEBAR;;;;;
9;12;20;1;BARRACAS;;;;;
9;12;21;1;BETXI;;;;;
9;12;22;1;ARTEAS DE ABAJO;;;;;
9;12;22;2;BEJIS;;;;;
9;12;22;3;MASIA DE LOS PEREZ;;;;;
9;12;22;4;RIOS DE ABAJO;;;;;
9;12;22;5;RIOS DE ARRIBA;;;;;
9;12;22;6;ARTEAS DE ARRIBA;;;;;
9;12;24;1;BENAFER;;;;;
9;12;25;1;BENAFIGOS;;;;;
9;12;25;2;PARTIDA DE DALT;;;;;
9;12;25;3;PARTIDA DE BAIX;;;;;
9;12;26;2;BENASAL;;;;;
9;12;26;11;FUENTE EN-SEGURES;;;;;
9;12;27;1;BENICARLO;;;;;
9;12;28;1;BENICASIM;;;;;
9;12;28;2;CUADRO SANTIAGO;;;;;
9;12;28;3;DESIERTO DE LAS PALMAS;;;;;
9;12;28;4;MAS DELS FRARES;;;;;
9;12;28;5;MONTEMOLINO;;;;;
9;12;28;7;EL PALASIET;;;;;
9;12;28;11;LAS VILLAS;;;;;
9;12;28;12;VOLTANS DE MONTORNES;;;;;
9;12;29;2;BENLLOCH;;;;;
9;12;31;1;BORRIOL;;;;;
9;12;32;1;ALQUERIAS SANTA BÁRBARA;;;;;
9;12;32;2;ALQUERIAS VALENCIA;;;;;
9;12;32;3;BURRIANA;;;;;
9;12;32;4;POBLADOS MARÍTIMOS;;;;;
9;12;33;1;EL BORSERAL;;;;;
9;12;33;2;CABANES;;;;;
9;12;33;3;EL EMPALME;;;;;
9;12;33;4;LA FONT TALLA;;;;;
9;12;33;5;MAS DE ENQUEIXA;;;;;
9;12;33;6;EL POLIDO;;;;;
9;12;33;7;LES SANTES;;;;;
9;12;33;8;TORRE LA SAL;;;;;
9;12;33;9;VENTA DE SAN ANTONIO-ESTACIÓN;;;;;
9;12;33;10;EL VENTORRILLO;;;;;
9;12;34;1;CALIG;;;;;
9;12;36;1;CANET LO ROIG;;;;;
9;12;37;1;CASTELL DE CABRES;;;;;
9;12;38;1;CASTELLFORT;;;;;
9;12;39;1;CASTELLNOVO;;;;;
9;12;40;1;CASTELLÓN DE LA PLANA;;;;;
9;12;40;2;ISLAS COLUMBRETES;;;;;
9;12;41;1;BENACHERA;;;;;
9;12;41;2;CASTILLO DE VILLAMALEFA;;;;;
9;12;41;3;CEDRAMAN;;;;;
9;12;41;4;EL COLLADILLO;;;;;
9;12;41;5;LA GRANELLA;;;;;
9;12;41;6;MAS-QUEMADO;;;;;
9;12;41;7;MASIA DE ADELANTADO;;;;;
9;12;41;8;MASIA DE LA LOMA;;;;;
9;12;41;9;MASIA DE MONTOLIO;;;;;
9;12;41;10;MASIA DE NEGRE;;;;;
9;12;41;11;MASIA DE ROQUE CHIVA;;;;;
9;12;41;12;MASIA DE ROYO;;;;;
9;12;41;13;MASIA DEL POZO;;;;;
9;12;41;14;MASIA DEL PRADO;;;;;
9;12;42;1;LA AVELLA;;;;;
9;12;42;2;CATI;;;;;
9;12;42;3;HOSTAL DEL MAESTRE;;;;;
9;12;42;4;MASIA COSTETERA;;;;;
9;12;42;6;MASIA DE ENRAMON;;;;;
9;12;42;7;MASIA DE EVARISTO;;;;;
9;12;42;8;MASIA DE GATELLA;;;;;
9;12;42;10;MASIA DE JAIME VICENTE;;;;;
9;12;42;12;MASIA DE ROBLASCO;;;;;
9;12;42;13;MASIA DE SEGARRA DE ARRIBA;;;;;
9;12;42;14;MASIA DE FONT NUEVA;;;;;
9;12;43;1;CAUDIEL;;;;;
9;12;44;1;CERVERA DEL MAESTRE;;;;;
9;12;45;1;CINCTORRES;;;;;
9;12;46;1;CIRAT;;;;;
9;12;46;2;EL COLLADO BLANCO;;;;;
9;12;46;3;EL TORMO;;;;;
9;12;48;5;CORTES DE ARENOSO;;;;;
9;12;48;8;SAN VICENTE;;;;;
9;12;49;1;COSTUR;;;;;
9;12;49;2;MASDAVALL;;;;;
9;12;50;1;LES COVES DE VINROMA;;;;;
9;12;50;2;MAS D'EN RIERES;;;;;
9;12;50;3;MAS DELS CALDUCH;;;;;
9;12;50;4;LA COLOMA;;;;;
9;12;50;5;MAS D'ABAD;;;;;
9;12;50;6;MAS DE CARRUANO;;;;;
9;12;50;7;EL MOLINET;;;;;
9;12;50;8;MAS D'EN RAMONA;;;;;
9;12;50;9;ELS TERRERS BLANCS;;;;;
9;12;51;1;CULLA;;;;;
9;12;51;2;PAULO;;;;;
9;12;51;3;SALES DE MATELLA;;;;;
9;12;51;4;MEL O PLA DE LA TORRETA;;;;;
9;12;51;5;RIU SEC;;;;;
9;12;51;6;MOLINELL;;;;;
9;12;51;7;MONLLAT;;;;;
9;12;51;8;PLA DEL SABATER;;;;;
9;12;51;9;ROQUES DE LLAO;;;;;
9;12;51;10;TORRE DE MATELLA;;;;;
9;12;52;1;ANROIG;;;;;
9;12;52;2;CHERT;;;;;
9;12;53;1;CHILCHES/XILXES;;;;;
9;12;53;2;PLAYA DE CHILCHES;;;;;
9;12;55;1;CHODOS;;;;;
9;12;56;1;CHOVAR;;;;;
9;12;57;1;ESLIDA;;;;;
9;12;58;1;ESPADILLA;;;;;
9;12;59;1;FANZARA;;;;;
9;12;60;1;FIGUEROLES;;;;;
9;12;61;1;FORCALL;;;;;
9;12;63;1;FUENTE LA REINA;;;;;
9;12;64;1;FUENTES DE AYODAR;;;;;
9;12;65;1;GAIBIEL;;;;;
9;12;66;0;NO DETERMINADA;;;;;
9;12;67;1;GELDO;;;;;
9;12;68;1;HERBES;;;;;
9;12;69;1;HIGUERAS;;;;;
9;12;70;1;LA JANA;;;;;
9;12;71;2;JERICA;;;;;
9;12;71;4;NOVALICHES;;;;;
9;12;71;5;LOS ANGELES;;;;;
9;12;72;1;LUCENA DEL CID;;;;;
9;12;72;3;MASIA DE FABRA LLOMA;;;;;
9;12;72;5;MASIA DE LA COSTA;;;;;
9;12;72;7;MASIA DE LA PARRA;;;;;
9;12;72;8;MASIA DE MOLLON;;;;;
9;12;72;9;MASIA DEL MORO;;;;;
9;12;73;1;GIRABA DE ABAJO;;;;;
9;12;73;2;GIRABA DE ARRIBA;;;;;
9;12;73;3;LUDIENTE;;;;;
9;12;73;4;MASIA DE ARTIJUELA;;;;;
9;12;73;5;MASIA DE BENACHERA;;;;;
9;12;73;6;MASIA DE CABEZO ROYO;;;;;
9;12;73;7;MASIA DE GASQUE;;;;;
9;12;73;8;MASIA DE REDUELA;;;;;
9;12;73;9;MASIA DEL HOSTAL;;;;;
9;12;73;10;MASIA DEL MOLAR;;;;;
9;12;74;1;CASABLANCA;;;;;
9;12;74;2;LA LLOSA;;;;;
9;12;75;1;LA MATA DE MORELLA;;;;;
9;12;76;1;MATET;;;;;
9;12;77;1;EL GRAO;;;;;
9;12;77;2;MONCOFA;;;;;
9;12;78;1;MONTAN;;;;;
9;12;79;1;LA ALQUERIA;;;;;
9;12;79;2;MONTANEJOS;;;;;
9;12;80;1;LA VESPA;;;;;
9;12;80;2;CASTELLONS;;;;;
9;12;80;3;XIVA DE MORELLA;;;;;
9;12;80;4;PRIMERA DEL RIU;;;;;
9;12;80;5;FONT D'EN TORRES;;;;;
9;12;80;6;HERBESET;;;;;
9;12;80;7;SEGONA DEL RIU;;;;;
9;12;80;8;MUIXACRE;;;;;
9;12;80;9;ELS LLIVIS;;;;;
9;12;80;10;COLL I MOLL;;;;;
9;12;80;11;MORELLA;;;;;
9;12;80;12;MORELLA LA VELLA;;;;;
9;12;80;13;ORTELLS;;;;;
9;12;80;14;LA POBLA D'ALCOLEA;;;;;
9;12;80;15;LA ROCA;;;;;
9;12;80;16;VALLIVANA;;;;;
9;12;81;1;NAVAJAS;;;;;
9;12;82;1;MASCARELL;;;;;
9;12;82;2;NULES;;;;;
9;12;82;3;PLAYA DE NULES;;;;;
9;12;83;2;LAS LOMAS;;;;;
9;12;83;3;OLOCAU DEL REY;;;;;
9;12;83;5;LA RIERA;;;;;
9;12;84;1;APEADERO DE BECHI;;;;;
9;12;84;2;ARTESA;;;;;
9;12;84;3;BOBALAR;;;;;
9;12;84;4;CONVENTO DEL CARMEN;;;;;
9;12;84;5;PLA DE LA MARQUESA;;;;;
9;12;84;7;MIRALCAMP;;;;;
9;12;84;8;MONTEBLANCO;;;;;
9;12;84;9;ONDA;;;;;
9;12;84;10;PANTANO DEL SICHAR;;;;;
9;12;84;11;RACHOLAR DE MATILDA;;;;;
9;12;84;12;RAMBLA;;;;;
9;12;84;13;RIO SONELLA;;;;;
9;12;84;14;EL SALVADOR;;;;;
9;12;84;15;EL TIS;;;;;
9;12;84;16;EL TOSALET;;;;;
9;12;84;17;BARONIA;;;;;
9;12;84;18;BENIPARRELL;;;;;
9;12;84;19;PEDRIZAS-PEDRISSETES;;;;;
9;12;84;20;LA PICA;;;;;
9;12;84;21;RATILS;;;;;
9;12;84;22;SALA;;;;;
9;12;84;23;SAN CHILS;;;;;
9;12;84;24;SAN FRANCESCH;;;;;
9;12;84;25;SITJAR DE BAIX;;;;;
9;12;84;26;TRENCAES;;;;;
9;12;85;1;LES AMPLARIES;;;;;
9;12;85;2;EL BALCO;;;;;
9;12;85;3;OROPESA;;;;;
9;12;85;4;LA PLAYA;;;;;
9;12;85;5;LAS PLAYETAS;;;;;
9;12;85;6;MARINA D'OR;;;;;
9;12;85;7;URBANIZACIÓN TORRE BELLVER;;;;;
9;12;87;3;PALANQUES;;;;;
9;12;88;1;PAVIAS;;;;;
9;12;89;1;PEÑÍSCOLA;;;;;
9;12;90;1;PINA DE MONTALGRAO;;;;;
9;12;91;4;PORTELL DE MORELLA;;;;;
9;12;92;2;LOS CALPES;;;;;
9;12;92;3;LOS CANTOS;;;;;
9;12;92;5;LA MONZONA;;;;;
9;12;92;6;PUEBLA DE ARENOSO;;;;;
9;12;93;1;BALLESTAR;;;;;
9;12;93;2;BOIXAR;;;;;
9;12;93;3;CONVENTO DE BENIFASAR;;;;;
9;12;93;4;CORACHAR;;;;;
9;12;93;5;FREDES;;;;;
9;12;93;6;MANGRANER;;;;;
9;12;93;7;MASIA MOLINO ABAD;;;;;
9;12;93;8;LA POBLA DE BENIFASSA;;;;;
9;12;93;9;SAN PEDRO;;;;;
9;12;94;1;LA POBLA TORNESA;;;;;
9;12;95;1;RIBESALBES;;;;;
9;12;96;1;BEL;;;;;
9;12;96;2;CASAS DEL RIO;;;;;
9;12;96;3;ROSELL;;;;;
9;12;97;1;CANALES;;;;;
9;12;97;2;SACAÑET;;;;;
9;12;98;1;MASIA D'ENGUASCH;;;;;
9;12;98;2;MASIA DE LA TEJERIA;;;;;
9;12;98;3;MASIA DEL ANDALUZ DE ABAJO;;;;;
9;12;98;4;MASIA DEL ANDALUZ DE ARRIBA;;;;;
9;12;98;9;LA SALZADELLA;;;;;
9;12;98;10;MASIA LA SOLANA;;;;;
9;12;99;1;SANT JORDI/SAN JORGE;;;;;
9;12;100;1;SANT MATEU;;;;;
9;12;101;1;SAN RAFAEL DEL RIO;;;;;
9;12;102;2;SANTA MAGDALENA DE PULPIS;;;;;
9;12;103;4;SARRATELLA;;;;;
9;12;104;1;LA ESPERANZA;;;;;
9;12;104;2;EXTRAMUROS GELDO;;;;;
9;12;104;3;PEÑALVA;;;;;
9;12;104;4;SEGORBE;;;;;
9;12;104;5;VILLATORCAS;;;;;
9;12;105;6;EL BRUSALET;;;;;
9;12;105;9;LES DEVESES;;;;;
9;12;105;13;ELS IBARSOS;;;;;
9;12;105;24;LA MARINA;;;;;
9;12;105;28;ELS ROSILDOS;;;;;
9;12;105;31;COLLET;;;;;
9;12;105;32;ELS BANCALAS;;;;;
9;12;105;37;ELS PUCHOLS DE DALT;;;;;
9;12;105;38;SIERRA-ENGARCERAN;;;;;
9;12;106;1;SONEJA;;;;;
9;12;107;1;SOT DE FERRER;;;;;
9;12;108;1;SUERAS;;;;;
9;12;109;1;TALES;;;;;
9;12;110;1;TERESA;;;;;
9;12;111;1;TIRIG;;;;;
9;12;112;1;TODOLELLA;;;;;
9;12;113;1;TOGA;;;;;
9;12;114;1;TORAS;;;;;
9;12;115;1;EL MOLINAR;;;;;
9;12;115;2;EL TORO;;;;;
9;12;116;1;TORRALBA DEL PINAR;;;;;
9;12;117;3;TORREBLANCA;;;;;
9;12;117;4;TORRENOSTRA;;;;;
9;12;118;1;TORRECHIVA;;;;;
9;12;119;1;LA TORRE D'EN BESORA;;;;;
9;12;120;1;TORRE DE ENDOMENECH;;;;;
9;12;121;1;FUENTE DE LA SALUD;;;;;
9;12;121;3;MASIA AVENCH;;;;;
9;12;121;5;TRAIGUERA;;;;;
9;12;122;8;LAS CREVADAS;;;;;
9;12;122;32;USERAS;;;;;
9;12;122;33;EL PLA;;;;;
9;12;123;1;VALLAT;;;;;
9;12;124;1;LA BARONA;;;;;
9;12;124;8;MAS DE CAMPOS;;;;;
9;12;124;12;MAS DE CHORLITO;;;;;
9;12;124;17;MAS DE LA MATISA;;;;;
9;12;124;18;MAS DE LA OBRERA;;;;;
9;12;124;19;MAS DE LA SENA;;;;;
9;12;124;22;MAS DE ROURES;;;;;
9;12;124;26;MAS DEL CURRO;;;;;
9;12;124;30;MONTALBA;;;;;
9;12;124;31;LA PELECHANETA;;;;;
9;12;124;32;LES RAMBLELLES;;;;;
9;12;124;33;VALL D'ALBA;;;;;
9;12;125;1;VALL DE ALMONACID;;;;;
9;12;126;2;LA VALL D'UIXO;;;;;
9;12;127;1;VALLIBONA;;;;;
9;12;128;1;LA BASETA;;;;;
9;12;128;6;VILAFAMES;;;;;
9;12;129;1;VILLAFRANCA DEL CID;;;;;
9;12;129;2;MAS LA POBLA DE BELLESTAR;;;;;
9;12;129;3;MAS LLOSAR;;;;;
9;12;130;1;BIBIOJ;;;;;
9;12;130;2;EL CARBO;;;;;
9;12;130;3;LLANO DE LA CAÑADA;;;;;
9;12;130;4;LA RIERA;;;;;
9;12;130;5;VILLAHERMOSA DEL RIO;;;;;
9;12;131;1;VILLAMALUR;;;;;
9;12;132;2;MAS DE CALAF;;;;;
9;12;132;4;VILANOVA D'ALCOLEA;;;;;
9;12;132;5;PASCUALETS;;;;;
9;12;133;1;VILLANUEVA DE VIVER;;;;;
9;12;134;3;VILAR DE CANES;;;;;
9;12;135;2;CARINYENA;;;;;
9;12;135;3;PINELLA;;;;;
9;12;135;4;SOLADES;;;;;
9;12;135;5;VILLARREAL;;;;;
9;12;135;6;VIRGEN DE GRACIA;;;;;
9;12;136;1;LA VILAVELLA;;;;;
9;12;137;1;VILLORES;;;;;
9;12;138;1;VINAROS;;;;;
9;12;139;3;MASIA DE MONFORT;;;;;
9;12;139;5;MASIA DE SALVADOR;;;;;
9;12;139;6;MASIA DE TONI;;;;;
9;12;139;9;SAN JUAN DE LA PEÑAGOLOSA;;;;;
9;12;139;11;VISTAVELLA DEL MAESTRAZGO;;;;;
9;12;139;12;MASIA DE CELADES;;;;;
9;12;139;13;MASIA DE CLERIG;;;;;
9;12;140;1;AGUAS BLANCAS;;;;;
9;12;140;2;MASADA DEL SORDO;;;;;
9;12;140;4;MASIAS DE PARRELA;;;;;
9;12;140;5;MASIAS DEL CRISTO;;;;;
9;12;140;6;MASIAS DEL RIO;;;;;
9;12;140;7;VIVER;;;;;
9;12;141;1;ZORITA DEL MAESTRAZGO;;;;;
9;12;142;10;ZUCAINA;;;;;
9;12;901;1;ALQUERIAS DEL NIÑO PERDIDO;;;;;
9;12;902;3;MASIA PLA DE LLUCH;;;;;
9;12;902;4;SANT JOAN DE MORO;;;;;
9;12;999;0;NO DETERMINADA;;;;;
9;46;1;1;ADEMUZ;;;;;
9;46;1;2;MAS DEL OLMO;;;;;
9;46;1;3;SESGA;;;;;
9;46;1;4;EL VAL DE LA SABINA;;;;;
9;46;2;1;ADOR;;;;;
9;46;3;1;ATZENETA D'ALBAIDA;;;;;
9;46;4;1;AGULLENT;;;;;
9;46;5;1;ALAQUAS;;;;;
9;46;6;1;ALBAIDA;;;;;
9;46;7;1;ALBAL;;;;;
9;46;8;1;ALBALAT DE LA RIBERA;;;;;
9;46;9;1;ALBALAT DELS SORELLS;;;;;
9;46;10;1;ALBALAT DELS TARONGERS;;;;;
9;46;11;1;ALBERIC;;;;;
9;46;12;1;ALBORACHE;;;;;
9;46;13;1;ALBORAYA;;;;;
9;46;14;1;ALBUIXECH;;;;;
9;46;15;1;ALCASSER;;;;;
9;46;16;1;ALCANTERA DE XUQUER;;;;;
9;46;17;1;ALZIRA;;;;;
9;46;17;2;BARRACA D'AIGUES VIVES;;;;;
9;46;17;5;LA GARROFERA;;;;;
9;46;17;9;EL PLA DE CORBERA;;;;;
9;46;17;10;EL RESPIRALL;;;;;
9;46;17;11;SAN BERNARDO;;;;;
9;46;17;12;VILELLA;;;;;
9;46;18;1;ALCUBLAS;;;;;
9;46;19;1;L'ALCUDIA;;;;;
9;46;19;2;LES COMES;;;;;
9;46;19;3;MONTORTAL;;;;;
9;46;20;1;L'ALCUDIA DE CRESPINS;;;;;
9;46;21;1;ALDAIA;;;;;
9;46;22;1;ALFAFAR;;;;;
9;46;22;2;EL TREMOLAR;;;;;
9;46;23;1;ALFAUIR;;;;;
9;46;24;1;ALFARA DE ALGIMIA;;;;;
9;46;25;1;ALFARA DEL PATRIARCA;;;;;
9;46;26;1;ALFARP;;;;;
9;46;27;1;ALFARRASI;;;;;
9;46;28;1;ALGAR DE PALANCIA;;;;;
9;46;29;1;ALGEMESI;;;;;
9;46;29;2;CARRASCALET;;;;;
9;46;29;3;RAVAL;;;;;
9;46;30;1;ALGIMIA DE ALFARA;;;;;
9;46;31;1;ALGINET;;;;;
9;46;32;1;ALMASSERA;;;;;
9;46;33;1;ALMISERA;;;;;
9;46;34;1;ALMOINES;;;;;
9;46;35;1;ALMUSSAFES;;;;;
9;46;36;1;LA ALMEZA;;;;;
9;46;36;2;ALPUENTE;;;;;
9;46;36;3;BALDOVAR;;;;;
9;46;36;4;CAMPO DE ABAJO;;;;;
9;46;36;5;CAMPO DE ARRIBA;;;;;
9;46;36;6;LA CANALEJA;;;;;
9;46;36;7;CAÑADA SECA;;;;;
9;46;36;8;LA CARRASCA;;;;;
9;46;36;9;EL COLLADO;;;;;
9;46;36;10;CORCOLILLA;;;;;
9;46;36;11;LA CUEVARRUZ;;;;;
9;46;36;12;EL CHOPO;;;;;
9;46;36;13;EL HONTANAR;;;;;
9;46;36;14;LA HORTICHUELA;;;;;
9;46;36;15;OBISPO HERNÁNDEZ O ERAS;;;;;
9;46;36;16;LA TORRE;;;;;
9;46;36;17;VIZCOTA;;;;;
9;46;37;1;L'ALQUERIA DE LA COMTESSA;;;;;
9;46;37;2;SOTAYA;;;;;
9;46;38;1;ANDILLA;;;;;
9;46;38;2;ARTAJ;;;;;
9;46;38;3;OSET;;;;;
9;46;38;4;LA POBLETA;;;;;
9;46;39;1;ANNA;;;;;
9;46;40;1;ANTELLA;;;;;
9;46;41;1;ARAS DE LOS OLMOS;;;;;
9;46;41;2;LOSILLA;;;;;
9;46;42;1;AIELO DE MALFERIT;;;;;
9;46;43;1;AIELO DE RUGAT;;;;;
9;46;44;1;AYORA;;;;;
9;46;44;2;CASAS DE MADRONA;;;;;
9;46;44;3;SAN BENITO;;;;;
9;46;44;4;LA VEGA;;;;;
9;46;45;1;BARXETA;;;;;
9;46;46;1;BARX;;;;;
9;46;47;1;BELGIDA;;;;;
9;46;48;1;BELLREGUARD POBLE;;;;;
9;46;48;2;BELLREGUARD PLATJA;;;;;
9;46;49;1;BELLUS;;;;;
9;46;50;1;BENAGEBER;;;;;
9;46;51;1;BENAGUASIL;;;;;
9;46;51;2;VILANOVA;;;;;
9;46;51;3;VALLE DEL TURIA;;;;;
9;46;52;1;BENAVITES;;;;;
9;46;53;1;BENEIXIDA;;;;;
9;46;54;1;BENETUSSER;;;;;
9;46;55;1;BENIARJO;;;;;
9;46;56;1;BENIATJAR;;;;;
9;46;57;1;BENICOLET;;;;;
9;46;58;1;BENIFAIRO DE LES VALLS;;;;;
9;46;59;1;BENIFAIRO DE LA VALLDIGNA;;;;;
9;46;60;1;BENIFAIO;;;;;
9;46;61;1;BENIFLA;;;;;
9;46;62;1;BENIGANIM;;;;;
9;46;63;1;BENIMODO;;;;;
9;46;64;1;BENIMUSLEM;;;;;
9;46;65;1;BENIPARRELL;;;;;
9;46;66;1;BENIRREDRA;;;;;
9;46;67;1;BENISANO;;;;;
9;46;68;1;BENISSODA;;;;;
9;46;69;1;BENISUERA;;;;;
9;46;70;1;EL BARO;;;;;
9;46;70;2;BETERA;;;;;
9;46;70;3;LA MALLA;;;;;
9;46;70;4;MALLAETES;;;;;
9;46;70;5;MASIA ARNAL;;;;;
9;46;70;6;PROVIDENCIA;;;;;
9;46;70;7;MAS CAMARENA;;;;;
9;46;71;1;BICORP;;;;;
9;46;72;1;BOCAIRENT;;;;;
9;46;73;1;BOLBAITE;;;;;
9;46;74;1;BONREPOS Y MIRAMBELL;;;;;
9;46;75;1;BUFALI;;;;;
9;46;76;1;BUGARRA;;;;;
9;46;77;1;BUÑOL;;;;;
9;46;78;1;BURJASSOT;;;;;
9;46;79;1;CALLES;;;;;
9;46;79;2;ALCOTAS;;;;;
9;46;80;1;CAMPORROBLES;;;;;
9;46;81;1;AYACOR;;;;;
9;46;81;2;CANALS;;;;;
9;46;81;3;TORRE CERDA;;;;;
9;46;82;1;CANET D'EN BERENGUER;;;;;
9;46;82;2;PLAYA DE CANET;;;;;
9;46;83;1;BARRACA DE AGUAS VIVAS;;;;;
9;46;83;2;CARCAIXENT;;;;;
9;46;83;3;COGULLADA;;;;;
9;46;84;1;CARCER;;;;;
9;46;85;1;CARLET;;;;;
9;46;85;2;D'AUSIAS MARCH;;;;;
9;46;86;1;CARRICOLA;;;;;
9;46;87;1;CASAS ALTAS;;;;;
9;46;88;1;CASAS BAJAS;;;;;
9;46;89;1;CASINOS;;;;;
9;46;90;1;CASTELLO DE RUGAT;;;;;
9;46;91;1;CASTELLONET;;;;;
9;46;92;1;ARROYO CEREZO;;;;;
9;46;92;2;CASTIELFABIB;;;;;
9;46;92;3;CUESTA DEL RATO;;;;;
9;46;92;4;MAS DE JACINTO;;;;;
9;46;92;5;MAS DE LOS MUDOS;;;;;
9;46;92;6;LOS PAJARES;;;;;
9;46;92;7;LOS SANTOS;;;;;
9;46;93;1;CATADAU;;;;;
9;46;94;1;CATARROJA;;;;;
9;46;95;1;CAUDETE DE LAS FUENTES;;;;;
9;46;96;1;CERDA;;;;;
9;46;97;1;COFRENTES;;;;;
9;46;98;1;CORBERA;;;;;
9;46;99;1;CORTES DE PALLAS;;;;;
9;46;100;1;COTES;;;;;
9;46;101;1;QUART DE LES VALLS;;;;;
9;46;102;1;QUART DE POBLET;;;;;
9;46;102;2;PAI I CAPELLANS;;;;;
9;46;102;3;BARRI DE PORTA;;;;;
9;46;102;4;BARRI SANT JOSEP ARTESA;;;;;
9;46;103;1;QUARTELL;;;;;
9;46;104;1;QUATRETONDA;;;;;
9;46;105;1;EL BROSQUIL;;;;;
9;46;105;2;CULLERA;;;;;
9;46;105;3;MARENY SANT LLOREN;;;;;
9;46;105;4;FARO;;;;;
9;46;105;6;CAP-BLANC;;;;;
9;46;105;7;CULLERA-PARK;;;;;
9;46;105;8;EL DOSEL;;;;;
9;46;105;9;EL ESTANY;;;;;
9;46;105;10;EL MARENYET;;;;;
9;46;105;11;BAHIA PARK;;;;;
9;46;105;12;RACO DE BELLVER;;;;;
9;46;105;13;BULEVAR DEL XUQUER;;;;;
9;46;106;1;AHILLAS;;;;;
9;46;106;2;CHELVA;;;;;
9;46;106;3;VILLAR DE TEJAS;;;;;
9;46;107;1;CHELLA;;;;;
9;46;108;1;CHERA;;;;;
9;46;109;1;CHESTE;;;;;
9;46;110;1;XIRIVELLA;;;;;
9;46;110;2;BARRIO DE LA LUZ;;;;;
9;46;111;1;CHIVA;;;;;
9;46;112;1;BALNEARIO DE FUENCALIENTE;;;;;
9;46;112;2;URBANIZACIÓN SANTA BÁRBARA;;;;;
9;46;112;3;BODEGA VANACLOIG;;;;;
9;46;112;4;CHULILLA;;;;;
9;46;112;5;LA ERMITA;;;;;
9;46;113;1;DAIMUS;;;;;
9;46;114;1;DOMEÑO ANTIGUO;;;;;
9;46;114;2;DOMEÑO;;;;;
9;46;115;1;DOS AGUAS;;;;;
9;46;116;1;L'ELIANA;;;;;
9;46;117;1;EMPERADOR;;;;;
9;46;118;1;ENGUERA;;;;;
9;46;118;2;NAVALÓN;;;;;
9;46;119;1;L'ENOVA;;;;;
9;46;120;1;ESTIVELLA;;;;;
9;46;121;1;ESTUBENY;;;;;
9;46;122;1;FAURA;;;;;
9;46;123;1;FAVARA;;;;;
9;46;124;1;FONTANARS DELS ALFORINS;;;;;
9;46;125;1;FORTALENY;;;;;
9;46;126;1;FOIOS;;;;;
9;46;127;1;LA FONT D'EN CARROS;;;;;
9;46;127;2;EL PANORAMA;;;;;
9;46;127;3;TOSSAL GROS D'EN CARROS;;;;;
9;46;128;1;LA FONT DE LA FIGUERA;;;;;
9;46;129;1;FUENTERROBLES;;;;;
9;46;130;2;GAVARDA;;;;;
9;46;131;1;GANDIA;;;;;
9;46;131;2;GRAU I PLATJA;;;;;
9;46;131;3;MARXUQUERA BAIXA;;;;;
9;46;131;4;MARXUQUERA ALTA;;;;;
9;46;132;1;ALBOY;;;;;
9;46;132;2;GENOVES;;;;;
9;46;133;1;GESTALGAR;;;;;
9;46;134;1;GILET;;;;;
9;46;134;2;SANCTI SPIRITU;;;;;
9;46;134;3;LA PEÑA;;;;;
9;46;135;1;GODELLA;;;;;
9;46;136;1;GODELLETA;;;;;
9;46;137;1;LA GRANJA DE LA COSTERA;;;;;
9;46;138;1;GUADASEQUIES;;;;;
9;46;139;1;GUADASSUAR;;;;;
9;46;140;1;GUARDAMAR DE LA SAFOR;;;;;
9;46;141;1;HIGUERUELAS;;;;;
9;46;142;1;JALANCE;;;;;
9;46;143;1;XERACO;;;;;
9;46;143;2;PLAYA;;;;;
9;46;144;1;JARAFUEL;;;;;
9;46;145;1;ANAHUIR;;;;;
9;46;145;3;EL REALENGO;;;;;
9;46;145;4;SORIO;;;;;
9;46;145;5;TORRE LLORIS;;;;;
9;46;145;6;XATIVA;;;;;
9;46;146;1;XERESA;;;;;
9;46;147;1;LLIRIA;;;;;
9;46;148;1;LORIGUILLA;;;;;
9;46;149;1;LOSA DEL OBISPO;;;;;
9;46;150;1;LLUTXENT;;;;;
9;46;151;1;LLOCNOU D'EN FENOLLET;;;;;
9;46;152;1;LUGAR NUEVO DE LA CORONA;;;;;
9;46;153;1;LLOCNOU DE SANT JERONI;;;;;
9;46;154;1;LLANERA DE RANES;;;;;
9;46;155;1;LLAURI;;;;;
9;46;156;1;LLOMBAI;;;;;
9;46;157;1;LA LLOSA DE RANES;;;;;
9;46;158;1;MACASTRE;;;;;
9;46;159;1;MANISES;;;;;
9;46;159;2;LA PRESA;;;;;
9;46;159;3;EL COLLADO;;;;;
9;46;159;4;LA MALLA;;;;;
9;46;159;5;EL MONTEMAYOR;;;;;
9;46;159;6;LES SIMETES;;;;;
9;46;160;1;MANUEL;;;;;
9;46;161;1;MARINES;;;;;
9;46;161;2;COLONIA LA MARINENSE;;;;;
9;46;162;1;MASALAVES;;;;;
9;46;163;1;MASSALFASSAR;;;;;
9;46;164;1;MASSAMAGRELL;;;;;
9;46;165;1;MASSANASSA;;;;;
9;46;166;1;MELIANA;;;;;
9;46;167;1;MILLARES;;;;;
9;46;168;1;MIRAMAR;;;;;
9;46;168;2;PLATJA;;;;;
9;46;169;1;MISLATA;;;;;
9;46;170;1;MOGENTE/MOIXENT;;;;;
9;46;171;1;MASIAS;;;;;
9;46;171;2;MONCADA;;;;;
9;46;171;3;SAN ISIDRO DE BENAGEBER;;;;;
9;46;172;1;MONSERRAT;;;;;
9;46;173;1;MONTAVERNER;;;;;
9;46;174;1;MONTESA;;;;;
9;46;175;1;MONTICHELVO;;;;;
9;46;176;1;MONTROY;;;;;
9;46;177;1;MUSEROS;;;;;
9;46;178;1;NAQUERA;;;;;
9;46;179;1;NAVARRES;;;;;
9;46;179;2;PLAYAMONTE;;;;;
9;46;180;1;NOVELE-NOVETLE;;;;;
9;46;181;2;OLIVA;;;;;
9;46;181;3;PLAYA;;;;;
9;46;182;1;OLOCAU;;;;;
9;46;183;1;L'OLLERIA;;;;;
9;46;184;1;ONTINYENT;;;;;
9;46;185;1;OTOS;;;;;
9;46;186;1;PAIPORTA;;;;;
9;46;187;1;PALMA DE GANDIA;;;;;
9;46;188;1;PALMERA;;;;;
9;46;189;1;EL PALOMAR;;;;;
9;46;190;1;LA CAÑADA;;;;;
9;46;190;2;LA COMA;;;;;
9;46;190;3;PATERNA;;;;;
9;46;190;5;CRUZ DE GRACIA;;;;;
9;46;190;7;TERRAMELAR;;;;;
9;46;191;1;PEDRALBA;;;;;
9;46;192;1;PETRES;;;;;
9;46;193;1;PICANYA;;;;;
9;46;194;1;PICASSENT;;;;;
9;46;195;1;PILES;;;;;
9;46;196;1;PINET;;;;;
9;46;197;3;POLINYA DE XUQUER;;;;;
9;46;198;1;POTRIES;;;;;
9;46;199;1;PLAYA;;;;;
9;46;199;2;LA POBLA DE FARNALS;;;;;
9;46;200;1;LA POBLA DEL DUC;;;;;
9;46;201;1;PUEBLA DE SAN MIGUEL;;;;;
9;46;202;1;LA POBLA DE VALLBONA;;;;;
9;46;202;2;CASABLANCA;;;;;
9;46;202;3;LA CONARDA;;;;;
9;46;202;4;GALLIPONT;;;;;
9;46;202;5;PLA DELS ALJUBS;;;;;
9;46;202;6;RASCANYA;;;;;
9;46;203;1;LA POBLA LLARGA;;;;;
9;46;204;1;PUIG;;;;;
9;46;205;1;LOS MONASTERIOS;;;;;
9;46;205;2;PLAYA;;;;;
9;46;205;3;PUÇOL;;;;;
9;46;205;4;ALFINACH;;;;;
9;46;206;1;QUESA;;;;;
9;46;207;1;RAFELBUÑOL;;;;;
9;46;207;2;URBANIZACIÓN LLADRO;;;;;
9;46;208;1;RAFELCOFER;;;;;
9;46;209;1;BERFULL;;;;;
9;46;209;2;RAFELGUARAF;;;;;
9;46;209;3;RIU-RAU;;;;;
9;46;209;4;TOSALNOU;;;;;
9;46;210;1;RAFOL DE SALEM;;;;;
9;46;211;1;REAL DE GANDIA;;;;;
9;46;212;1;REAL DE MONTROI;;;;;
9;46;213;1;EL AZAGADOR;;;;;
9;46;213;3;EL BARRIETE;;;;;
9;46;213;4;BARRIO ARROYO;;;;;
9;46;213;5;CALDERÓN;;;;;
9;46;213;6;CAMPO ARCIS;;;;;
9;46;213;10;CASAS DE CUADRA;;;;;
9;46;213;11;CASAS DE EUFEMIA;;;;;
9;46;213;14;PENEN DE ALBOSA;;;;;
9;46;213;15;CASAS DE SOTOS;;;;;
9;46;213;16;CASAS DEL RIO;;;;;
9;46;213;17;LOS COJOS;;;;;
9;46;213;18;LOS CHICANOS;;;;;
9;46;213;19;EL DERRAMADOR;;;;;
9;46;213;20;LOS DUQUES;;;;;
9;46;213;21;HORTUNAS;;;;;
9;46;213;23;LOS ISIDROS;;;;;
9;46;213;24;FUEN VICH;;;;;
9;46;213;25;LAS NOGUERAS;;;;;
9;46;213;26;LOS OCHANDOS;;;;;
9;46;213;27;LOS PEDRONES;;;;;
9;46;213;28;EL PONTÓN;;;;;
9;46;213;29;LA PORTERA;;;;;
9;46;213;30;EL REBOLLAR;;;;;
9;46;213;31;REQUENA;;;;;
9;46;213;32;ROMA;;;;;
9;46;213;33;LOS RUICES;;;;;
9;46;213;34;SAN ANTONIO;;;;;
9;46;213;35;SAN JUAN;;;;;
9;46;213;37;TURQUÍA;;;;;
9;46;213;38;VILLAR DE OLMOS;;;;;
9;46;214;1;MONTE ALCEDO;;;;;
9;46;214;2;RIBA-ROJA DE TURIA;;;;;
9;46;214;3;VENTAS DEL POYO;;;;;
9;46;214;4;GALLIPONT;;;;;
9;46;214;5;RESIDENCIAL REVA;;;;;
9;46;214;6;POLÍGONO INDUSTRIAL SUR;;;;;
9;46;214;7;POLÍGONO INDUSTRIAL ESTE;;;;;
9;46;215;1;RIOLA;;;;;
9;46;216;1;ROCAFORT;;;;;
9;46;217;1;ROTGLA I CORBERA;;;;;
9;46;218;1;ROTOVA;;;;;
9;46;219;1;RUGAT;;;;;
9;46;220;1;ALMARDA;;;;;
9;46;220;2;EL BALADRE;;;;;
9;46;220;4;PARTIDA DE GAUSA;;;;;
9;46;220;5;EL PUERTO;;;;;
9;46;220;6;SAGUNTO;;;;;
9;46;220;7;PARTIDA DE MONTIVER;;;;;
9;46;221;1;SALEM;;;;;
9;46;222;1;SAN JUAN DE ENOVA;;;;;
9;46;223;1;SEDAVI;;;;;
9;46;224;1;SEGART;;;;;
9;46;225;1;SELLENT;;;;;
9;46;226;1;SEMPERE;;;;;
9;46;227;1;SENYERA;;;;;
9;46;228;1;PORTA COELI;;;;;
9;46;228;2;SERRA;;;;;
9;46;228;3;TORRE DE PORTA COELI;;;;;
9;46;229;1;SIETE AGUAS;;;;;
9;46;230;1;SILLA;;;;;
9;46;231;1;PLA DE CORRALS;;;;;
9;46;231;2;SIMAT DE LA VALLDIGNA;;;;;
9;46;232;1;SINARCAS;;;;;
9;46;233;1;EL ROMANI;;;;;
9;46;233;2;SOLLANA;;;;;
9;46;234;1;SOT DE CHERA;;;;;
9;46;235;1;BEGA DE MAR;;;;;
9;46;235;2;MARENY DE BARRAQUETES;;;;;
9;46;235;3;MARENY BLAU;;;;;
9;46;235;4;MARENY DE VILCHES;;;;;
9;46;235;5;MONTANYETA DEL SANTS;;;;;
9;46;235;6;LES PALMERES;;;;;
9;46;235;7;EL PERELLO;;;;;
9;46;235;8;SUECA;;;;;
9;46;236;1;SUMACARCER;;;;;
9;46;237;1;TAVERNES BLANQUES;;;;;
9;46;238;1;TAVERNES DE LA VALLDIGNA;;;;;
9;46;239;1;TERESA DE COFRENTES;;;;;
9;46;240;1;TERRATEIG;;;;;
9;46;241;1;TITAGUAS;;;;;
9;46;242;1;TORREBAJA;;;;;
9;46;242;2;TORREALTA;;;;;
9;46;243;1;TORRELLA;;;;;
9;46;244;1;CUMBRES DE CALICANTO;;;;;
9;46;244;2;MASIA DEL JUEZ;;;;;
9;46;244;3;MONTE VEDAT;;;;;
9;46;244;4;TORRENT;;;;;
9;46;245;1;TORRES-TORRES;;;;;
9;46;246;1;LA PARRA;;;;;
9;46;246;2;TOUS;;;;;
9;46;247;1;TUEJAR;;;;;
9;46;248;1;TURIS;;;;;
9;46;249;1;LAS CASAS;;;;;
9;46;249;2;LOS CORRALES;;;;;
9;46;249;3;LAS CUEVAS;;;;;
9;46;249;4;ESTENAS;;;;;
9;46;249;5;EL REMEDIO;;;;;
9;46;249;6;LA TORRE;;;;;
9;46;249;7;UTIEL;;;;;
9;46;250;1;BENIFARAIG;;;;;
9;46;250;2;BENIMAMET-BENIFERRI;;;;;
9;46;250;3;BORBOTO;;;;;
9;46;250;4;CARPESA;;;;;
9;46;250;5;CASAS DE BARCENA;;;;;
9;46;250;6;CASTELLAR-OLIVERAL;;;;;
9;46;250;7;MAHUELLA TAULADELLA RAFALELL Y VISTABELLA;;;;;
9;46;250;8;MASARROCHOS;;;;;
9;46;250;9;EL PALMAR;;;;;
9;46;250;10;EL PERELLONET;;;;;
9;46;250;11;PINEDO;;;;;
9;46;250;12;PUEBLO NUEVO;;;;;
9;46;250;13;EL SALER;;;;;
9;46;250;14;VALENCIA;;;;;
9;46;250;15;HORNO DE ALCEDO;;;;;
9;46;251;1;VALLADA;;;;;
9;46;252;1;NEGRON;;;;;
9;46;252;2;VALLANCA;;;;;
9;46;253;1;VALLES;;;;;
9;46;254;1;CASAS DE MOYA;;;;;
9;46;254;2;CASAS DE PRADAS;;;;;
9;46;254;3;CASAS DEL REY;;;;;
9;46;254;4;JARAGUAS;;;;;
9;46;254;5;LOS MARCOS;;;;;
9;46;254;6;LAS MONJAS;;;;;
9;46;254;7;VENTA DEL MORO;;;;;
9;46;255;1;VILLALONGA;;;;;
9;46;256;1;VILAMARXANT;;;;;
9;46;257;1;CASTELLO DE LA RIBERA;;;;;
9;46;258;1;VILLAR DEL ARZOBISPO;;;;;
9;46;259;1;VILLARGORDO DEL CABRIEL;;;;;
9;46;259;2;CONTRERAS;;;;;
9;46;260;1;VINALESA;;;;;
9;46;261;1;YATOVA;;;;;
9;46;262;1;LA CUEVARRUZ;;;;;
9;46;262;2;LA YESA;;;;;
9;46;263;1;ZARRA;;;;;
9;46;902;1;GATOVA;;;;;
9;46;903;1;SAN ANTONIO DE BENAGEBER;;;;;
9;46;904;1;BENICULL DE XUQUER;;;;;
9;46;904;2;MONTAÑETA DE LA FONT;;;;;
9;46;999;0;NO DETERMINADA;;;;;
10;22;1;1;ABIEGO;;;;;
10;22;1;2;ALBERUELA DE LA LIENA;;;;;
10;22;2;1;ABIZANDA;;;;;
10;22;2;2;ESCANILLA;;;;;
10;22;2;3;LAMATA;;;;;
10;22;2;4;LIGÜERRE DE CINCA;;;;;
10;22;3;1;ADAHUESCA;;;;;
10;22;4;1;AGÜERO;;;;;
10;22;4;2;SANFELICES;;;;;
10;22;6;1;AISA;;;;;
10;22;6;2;CANDANCHU;;;;;
10;22;6;3;ESPOSA;;;;;
10;22;6;4;SINUES;;;;;
10;22;7;1;ALBALATE DE CINCA;;;;;
10;22;8;1;ALBALATILLO;;;;;
10;22;9;1;ALBELDA;;;;;
10;22;11;1;ALBERO ALTO;;;;;
10;22;12;1;ALBERO BAJO;;;;;
10;22;13;1;ALBERUELA DE TUBO;;;;;
10;22;13;2;SODETO;;;;;
10;22;14;1;ALCALA DE GURREA;;;;;
10;22;14;2;TORMOS;;;;;
10;22;15;1;ALCALA DEL OBISPO10;;;;;
10;22;15;2;FAÑANAS;;;;;
10;22;15;3;OLA;;;;;
10;22;15;4;PUEYO DE FAÑANAS;;;;;
10;22;16;1;ALCAMPELL;;;;;
10;22;17;1;ALCOLEA DE CINCA;;;;;
10;22;18;1;ALCUBIERRE;;;;;
10;22;19;1;ALERRE;;;;;
10;22;20;1;ALFANTEGA;;;;;
10;22;21;1;ALMUDEVAR;;;;;
10;22;21;2;ARTASONA DEL LLANO;;;;;
10;22;21;3;SAN JORGE;;;;;
10;22;21;4;VALSALADA;;;;;
10;22;22;1;ALMUNIA DE SAN JUAN;;;;;
10;22;22;2;ARIESTOLAS;;;;;
10;22;23;1;ALMUNIENTE;;;;;
10;22;23;2;FRULA;;;;;
10;22;24;1;ALQUEZAR;;;;;
10;22;24;2;RADIQUERO;;;;;
10;22;25;1;ALTORRICON;;;;;
10;22;27;1;ANGÜES;;;;;
10;22;27;2;BESPEN;;;;;
10;22;27;3;VELILLAS;;;;;
10;22;27;80;LLASO;;;;;
10;22;28;1;ANSO;;;;;
10;22;29;1;ANTILLON;;;;;
10;22;32;1;ARAGÜES DEL PUERTO;;;;;
10;22;35;1;AREN;;;;;
10;22;35;2;BERGANUY;;;;;
10;22;35;3;BETESA;;;;;
10;22;35;4;CAMPAMENTO;;;;;
10;22;35;5;CASA CONSISTORIAL;;;;;
10;22;35;6;LOS MOLINOS;;;;;
10;22;35;7;PUIMOLAR;;;;;
10;22;35;8;RIBERA DE VALL;;;;;
10;22;35;9;SAN MARTIN;;;;;
10;22;35;10;EL SAS;;;;;
10;22;35;11;SOBRECASTELL;;;;;
10;22;36;1;ARGAVIESO;;;;;
10;22;37;1;ARGUIS;;;;;
10;22;37;2;BENTUE DE RASAL;;;;;
10;22;39;1;AYERBE;;;;;
10;22;39;2;FONTELLAS;;;;;
10;22;39;3;LOSANGLIS;;;;;
10;22;40;1;ALINS DEL MONTE;;;;;
10;22;40;2;AZANUY;;;;;
10;22;41;1;AZARA;;;;;
10;22;42;1;AZLOR;;;;;
10;22;43;1;BAELLS;;;;;
10;22;43;2;NACHA;;;;;
10;22;43;3;ZURITA;;;;;
10;22;44;1;ALASTUEY;;;;;
10;22;44;2;ARBUES;;;;;
10;22;44;3;ARRES;;;;;
10;22;44;4;BAILO;;;;;
10;22;44;5;LARUES;;;;;
10;22;45;1;BALDELLOU;;;;;
10;22;46;1;BALLOBAR;;;;;
10;22;47;1;BANASTAS;;;;;
10;22;48;1;BARBASTRO;;;;;
10;22;48;2;BURCEAT;;;;;
10;22;48;3;CREGENZAN;;;;;
10;22;49;1;BARBUES;;;;;
10;22;50;1;BARBUÑALES;;;;;
10;22;51;1;ALMAZORRE;;;;;
10;22;51;2;BARCABO;;;;;
10;22;51;3;BETORZ;;;;;
10;22;51;4;ERIPOL;;;;;
10;22;51;5;HOSPITALED;;;;;
10;22;51;6;LECINA;;;;;
10;22;51;7;SANTA MARIA DE LA NUEZ;;;;;
10;22;51;8;SUELVES;;;;;
10;22;52;1;BELVER DE CINCA;;;;;
10;22;52;2;MONTE JULIA;;;;;
10;22;52;3;SAN MIGUEL;;;;;
10;22;52;4;VALONGA;;;;;
10;22;53;1;ALER;;;;;
10;22;53;2;ANTENZA;;;;;
10;22;53;3;BENABARRE;;;;;
10;22;53;4;CALADRONES;;;;;
10;22;53;5;CASTILLO DEL PLA;;;;;
10;22;53;6;CISCAR;;;;;
10;22;53;7;ESTAÑA;;;;;
10;22;53;8;PILZAN;;;;;
10;22;53;9;PURROY DE LA SOLANA;;;;;
10;22;54;1;ANCILES;;;;;
10;22;54;2;BENASQUE;;;;;
10;22;54;3;CERLER;;;;;
10;22;55;1;BERBEGAL;;;;;
10;22;57;1;BIELSA;;;;;
10;22;57;2;CHISAGÜES;;;;;
10;22;57;3;ESPIERBA;;;;;
10;22;57;4;JAVIERRE;;;;;
10;22;57;5;PARZAN;;;;;
10;22;57;6;SALINAS DE BIELSA;;;;;
10;22;58;1;LAS ALMUNIAS;;;;;
10;22;58;2;BIERGE;;;;;
10;22;58;3;MORRANO;;;;;
10;22;58;4;RODELLAR;;;;;
10;22;58;5;SAN ROMÁN;;;;;
10;22;59;1;ASO DE SOBREMONTE;;;;;
10;22;59;2;BARBENUTA;;;;;
10;22;59;3;BETES DE SOBREMONTE;;;;;
10;22;59;4;BIESCAS;;;;;
10;22;59;5;ESCUER;;;;;
10;22;59;6;ESPIERRE;;;;;
10;22;59;7;GAVIN;;;;;
10;22;59;8;JAVIERRE DEL OBISPO;;;;;
10;22;59;9;OLIVAN;;;;;
10;22;59;10;OROS ALTO;;;;;
10;22;59;11;OROS BAJO;;;;;
10;22;59;12;PIEDRAFITA DE JACA;;;;;
10;22;59;13;YOSA DE SOBREMONTE;;;;;
10;22;60;1;BINACED;;;;;
10;22;60;2;VALCARCA;;;;;
10;22;61;1;BINEFAR;;;;;
10;22;62;1;ARASAN;;;;;
10;22;62;2;BISAURRI;;;;;
10;22;62;3;GABAS;;;;;
10;22;62;4;SAN FELIU DE VERI;;;;;
10;22;62;5;SAN MARTIN DE VERI;;;;;
10;22;62;6;URMELLA;;;;;
10;22;63;1;BISCARRUES;;;;;
10;22;63;2;ERES;;;;;
10;22;63;3;PIEDRAMORRERA;;;;;
10;22;63;4;PRESA DEL GALLEGO;;;;;
10;22;64;1;BLECUA;;;;;
10;22;64;2;TORRES DE MONTES;;;;;
10;22;66;1;ASCASO;;;;;
10;22;66;2;BOLTAÑA;;;;;
10;22;66;3;CAMPODARBE;;;;;
10;22;66;4;MARGUDGUED;;;;;
10;22;66;5;MORILLO DE SAMPIETRO;;;;;
10;22;66;6;EL PUEYO DE MORCAT;;;;;
10;22;66;7;SIESTE;;;;;
10;22;66;8;LA VALLE;;;;;
10;22;66;9;AGUILAR;;;;;
10;22;66;10;MATIDERO;;;;;
10;22;66;11;SESO;;;;;
10;22;66;12;SILVES;;;;;
10;22;67;1;BONANSA;;;;;
10;22;67;2;CIRES;;;;;
10;22;67;3;GABARRET;;;;;
10;22;67;4;BIBILES;;;;;
10;22;67;5;BUIRA;;;;;
10;22;67;6;ESPOLLA;;;;;
10;22;67;7;TORRE DE BUIRA;;;;;
10;22;68;1;BORAU;;;;;
10;22;69;1;ASIN DE BROTO;;;;;
10;22;69;2;BERGUA;;;;;
10;22;69;3;BROTO;;;;;
10;22;69;4;BUESA;;;;;
10;22;69;5;OTO;;;;;
10;22;69;6;SARVISE;;;;;
10;22;72;1;ANZANIGO;;;;;
10;22;72;2;AQUILUE;;;;;
10;22;72;3;CALDEARENAS;;;;;
10;22;72;4;ESTALLO;;;;;
10;22;72;5;JAVIERRELATRE;;;;;
10;22;72;6;LATRE;;;;;
10;22;72;7;SAN VICENTE;;;;;
10;22;72;8;SERUE;;;;;
10;22;72;9;SIESO DE JACA;;;;;
10;22;74;1;BELEDER;;;;;
10;22;74;2;CAMPO;;;;;
10;22;75;1;CAMPORRELLS;;;;;
10;22;76;1;BERDUN;;;;;
10;22;76;2;BINIES;;;;;
10;22;76;3;MAJONES;;;;;
10;22;76;4;MARTES;;;;;
10;22;76;5;VILLARREAL DE LA CANAL;;;;;
10;22;77;1;CANDASNOS;;;;;
10;22;78;1;CANFRANC;;;;;
10;22;78;2;CANFRANC-ESTACION;;;;;
10;22;79;1;CAPDESASO;;;;;
10;22;80;1;CAPELLA;;;;;
10;22;80;2;LAGUARRES;;;;;
10;22;80;3;POCIELLO;;;;;
10;22;81;1;CASBAS DE HUESCA;;;;;
10;22;81;2;JUNZANO;;;;;
10;22;81;3;LABATA;;;;;
10;22;81;4;PANZANO;;;;;
10;22;81;5;SIESO DE HUESCA;;;;;
10;22;81;6;SANTA CILIA DE PANZANO;;;;;
10;22;82;1;CASTEJON DEL PUENTE;;;;;
10;22;83;1;CASTEJON DE LOS MONEGROS;;;;;
10;22;84;1;CASETJON DE SOS;;;;;
10;22;84;2;LIRI;;;;;
10;22;84;3;RAMASTUE;;;;;
10;22;84;4;EL RUN;;;;;
10;22;85;1;CASTELFLORITE;;;;;
10;22;86;1;ARATORES;;;;;
10;22;86;2;CASTIELLO DE JACA;;;;;
10;22;87;1;CASTIGALEU;;;;;
10;22;87;2;SAN LORENZO;;;;;
10;22;88;1;CASTILLAZUELO;;;;;
10;22;89;1;CASTILLONROY;;;;;
10;22;89;2;PIÑANA;;;;;
10;22;89;3;SANTA ANA;;;;;
10;22;90;1;ASQUE;;;;;
10;22;90;2;COLUNGO;;;;;
10;22;94;1;CHALEMERA;;;;;
10;22;95;1;CHIA;;;;;
10;22;96;1;CHIMILLAS;;;;;
10;22;99;1;ESPLUS;;;;;
10;22;99;2;LAS PUEBLAS;;;;;
10;22;99;3;RAFALES;;;;;
10;22;99;4;SANTA MARIA DEL PILAR;;;;;
10;22;99;5;TORREGROSA;;;;;
10;22;99;6;LA BOCHOSA;;;;;
10;22;99;7;EGASA;;;;;
10;22;99;8;MASPA;;;;;
10;22;99;9;MONCASI;;;;;
10;22;99;10;ROLZASA;;;;;
10;22;102;1;ESTADA;;;;;
10;22;103;1;ESTADILLA;;;;;
10;22;105;1;CASERRAS DEL CASTILLO;;;;;
10;22;105;2;ESTOPIÑAN;;;;;
10;22;105;3;SAGANTA;;;;;
10;22;106;1;FAGO;;;;;
10;22;107;1;BUERBA;;;;;
10;22;107;2;BUISAN;;;;;
10;22;107;3;FANLO;;;;;
10;22;107;4;NERIN;;;;;
10;22;107;5;VIO;;;;;
10;22;107;6;YEBA;;;;;
10;22;109;1;ALBELLA;;;;;
10;22;109;2;ARRESA;;;;;
10;22;109;3;BORRASTRE;;;;;
10;22;109;4;FISCAL;;;;;
10;22;109;5;JANOVAS;;;;;
10;22;109;6;JAVIERRE DE ARA;;;;;
10;22;109;7;LACORT;;;;;
10;22;109;8;LARDIES;;;;;
10;22;109;9;LIGÜERRE DE ARA;;;;;
10;22;109;10;PLANILLO;;;;;
10;22;109;11;SAN FELICES DE ARA;;;;;
10;22;109;12;SAN JUSTE;;;;;
10;22;109;13;SAN MARTIN DE SOLANA;;;;;
10;22;109;14;SANTA OLARIA DE ARA;;;;;
10;22;110;1;COFITA;;;;;
10;22;110;2;FONZ;;;;;
10;22;111;1;BACAMORTA;;;;;
10;22;111;2;LAS COLLADAS;;;;;
10;22;111;3;ESPLUGA;;;;;
10;22;111;4;FORADADA DE TOSCAR;;;;;
10;22;111;5;LACORT;;;;;
10;22;111;6;LASCORZ;;;;;
10;22;111;7;MORILLO DE LIENA;;;;;
10;22;111;8;NAVARRI;;;;;
10;22;111;9;SENZ;;;;;
10;22;111;10;VIU;;;;;
10;22;112;1;FRAGA;;;;;
10;22;112;2;MIRALSOT;;;;;
10;22;112;3;LITERA;;;;;
10;22;113;1;ALUEZA;;;;;
10;22;113;2;ATIART;;;;;
10;22;113;3;BUETAS;;;;;
10;22;113;4;LA CABEZONADA;;;;;
10;22;113;5;CHARO;;;;;
10;22;113;6;FORMIGALES;;;;;
10;22;113;7;FOSADO;;;;;
10;22;113;8;FUENDECAMPO;;;;;
10;22;113;9;EL HUMO DE MURO;;;;;
10;22;113;10;EL HUMO DE RAÑIN;;;;;
10;22;113;11;ALUJAN;;;;;
10;22;113;12;MEDIANO;;;;;
10;22;113;13;MORILLO DE MONCLUS;;;;;
10;22;113;14;EL POCINO;;;;;
10;22;113;15;RAÑIN;;;;;
10;22;113;16;SALINAS DE TRILLO;;;;;
10;22;113;17;SAMITIER;;;;;
10;22;113;18;SAMPER;;;;;
10;22;113;19;SAN JUAN;;;;;
10;22;113;20;SOLIPUEYO;;;;;
10;22;113;21;TIERRANTOTA;;;;;
10;22;113;22;TRONCEDO;;;;;
10;22;113;23;CANETO;;;;;
10;22;113;24;CLAMOSA;;;;;
10;22;113;25;LAPENILLA;;;;;
10;22;113;26;TRILLO;;;;;
10;22;113;27;TRILLO;;;;;
10;22;114;1;GISTAIN;;;;;
10;22;115;1;ARTASONA;;;;;
10;22;115;2;COSCOJUELA DE FANTOVA;;;;;
10;22;115;3;ENATE;;;;;
10;22;115;4;EL GRADO;;;;;
10;22;115;5;EL TOZAL;;;;;
10;22;116;1;CALLEN;;;;;
10;22;116;2;CURBE;;;;;
10;22;116;3;FRAELLA;;;;;
10;22;116;4;GRAÑEN;;;;;
10;22;116;5;MONTESUSIN;;;;;
10;22;117;1;ABENOZAS;;;;;
10;22;117;2;AGUILAR;;;;;
10;22;117;3;AGUINALIU;;;;;
10;22;117;4;BELLESTAR;;;;;
10;22;117;5;BENAVENTE DE ARAGON;;;;;
10;22;117;6;CENTENERA;;;;;
10;22;117;7;EJEP;;;;;
10;22;117;8;GRAUS;;;;;
10;22;117;9;GÜEL;;;;;
10;22;117;10;JUSEU;;;;;
10;22;117;11;PANILLO;;;;;
10;22;117;12;PANO;;;;;
10;22;117;13;LA PUEBLA DE FANTOVA;;;;;
10;22;117;14;LA PUEBLA DEL MON;;;;;
10;22;117;15;PUEYO DE MARGUILLEN;;;;;
10;22;117;16;EL SOLER;;;;;
10;22;117;17;TORRE DE ESERA;;;;;
10;22;117;18;TORRE DE OBATO;;;;;
10;22;117;19;TORRE LABAD;;;;;
10;22;117;20;TORRES DEL OBISPO;;;;;
10;22;117;21;LAS VENTAS DE SANTA LUCIA;;;;;
10;22;117;22;ERDAO;;;;;
10;22;119;1;CAMPO REDONDO;;;;;
10;22;119;2;LA ESTACION;;;;;
10;22;119;3;GURREA DE GALLEGO;;;;;
10;22;119;4;LA PAUL;;;;;
10;22;119;5;EL TEMPLE;;;;;
10;22;122;1;HOZ DE JACA;;;;;
10;22;124;1;HUERTO;;;;;
10;22;124;2;USON;;;;;
10;22;124;3;VENTA DE BALLERIAS;;;;;
10;22;125;1;APIES;;;;;
10;22;125;2;BANARIES;;;;;
10;22;125;3;BALLESTAR DEL FLUMEN;;;;;
10;22;125;4;BUÑALES;;;;;
10;22;125;5;CUARTE;;;;;
10;22;125;6;FORNILLOS DE APIES;;;;;
10;22;125;7;HUERRIOS;;;;;
10;22;125;8;HUESCA;;;;;
10;22;125;9;TABERNAS DE ISUELA;;;;;
10;22;126;1;IBIECA;;;;;
10;22;127;1;IGRIES;;;;;
10;22;127;2;YEQUEDA;;;;;
10;22;128;1;FORNILLOS;;;;;
10;22;128;2;ILCHE;;;;;
10;22;128;3;MONESMA;;;;;
10;22;128;4;MORILLA;;;;;
10;22;128;5;ODINA;;;;;
10;22;128;6;PERMISAN;;;;;
10;22;129;1;ESDOLOMADA;;;;;
10;22;129;2;MERLI;;;;;
10;22;129;3;MONT DE RODA;;;;;
10;22;129;4;LA PUEBLA DE RODA;;;;;
10;22;129;5;RIGUALA DE SERRADUY;;;;;
10;22;129;6;RODA DE ISABENA;;;;;
10;22;129;7;SAN ESTEBAN DE MALL;;;;;
10;22;129;8;SERRADUY;;;;;
10;22;129;9;LA VILETA DE SERRADUY;;;;;
10;22;130;1;ABAY;;;;;
10;22;130;2;ABENA;;;;;
10;22;130;3;ARA;;;;;
10;22;130;4;ARAGUAS DEL SOLANO;;;;;
10;22;130;5;ASCARA;;;;;
10;22;130;6;ASIESO;;;;;
10;22;130;7;ATARES;;;;;
10;22;130;8;BANAGUAS;;;;;
10;22;130;9;BARAGUAS;;;;;
10;22;130;10;BAROS;;;;;
10;22;130;11;BERNUES;;;;;
10;22;130;12;BESCOS DE GARCIPOLLERA;;;;;
10;22;130;13;BINUE;;;;;
10;22;130;14;BOTAYA;;;;;
10;22;130;15;CANIAS;;;;;
10;22;130;16;ESPUENDOLAS;;;;;
10;22;130;17;GRACIONEPEL;;;;;
10;22;130;18;GUASA;;;;;
10;22;130;19;GUASILLO;;;;;
10;22;130;20;IPAS;;;;;
10;22;130;21;JACA;;;;;
10;22;130;22;JARLATA;;;;;
10;22;130;23;LERES;;;;;
10;22;130;24;MARTILLUE;;;;;
10;22;130;25;NAVASA;;;;;
10;22;130;26;NAVASILLA;;;;;
10;22;130;27;NOVES;;;;;
10;22;130;28;ORANTE;;;;;
10;22;130;29;OSIA;;;;;
10;22;130;30;ULLE;;;;;
10;22;130;31;VILLANOVILLA;;;;;
10;22;130;32;PUERTO ASTUN;;;;;
10;22;130;33;BADAGUAS;;;;;
10;22;130;34;FRAGINAL;;;;;
10;22;130;35;LASTIESAS ALTAS;;;;;
10;22;130;36;LASTIESAS BAJAS;;;;;
10;22;131;1;JASA;;;;;
10;22;133;1;LABUERDA;;;;;
10;22;133;2;SAN VICENTE;;;;;
10;22;133;3;FONTANAL;;;;;
10;22;135;1;LALUENGA;;;;;
10;22;136;1;LALUEZA;;;;;
10;22;136;2;MARCEN;;;;;
10;22;136;3;SAN LORENZO DEL FLUMEN;;;;;
10;22;137;1;CANTALOBOS;;;;;
10;22;137;2;LANAJA;;;;;
10;22;137;3;ORILLENA;;;;;
10;22;139;1;LAPERDIGUERA;;;;;
10;22;141;1;LASCELLAS;;;;;
10;22;141;2;PONZANO;;;;;
10;22;142;1;LASCUARRE;;;;;
10;22;143;1;ABELLA;;;;;
10;22;143;2;ALINS;;;;;
10;22;143;3;ARDANUE;;;;;
10;22;143;4;DENUY;;;;;
10;22;143;5;ESPES;;;;;
10;22;143;6;ESPES ALTO;;;;;
10;22;143;7;LASPAULES;;;;;
10;22;143;8;LLAGUNAS;;;;;
10;22;143;9;NERIL;;;;;
10;22;143;10;SUILS;;;;;
10;22;143;11;VILLAPLANA;;;;;
10;22;143;12;VILLARUE;;;;;
10;22;144;1;EL CASAL;;;;;
10;22;144;2;CERESA;;;;;
10;22;144;3;LASPUÑA;;;;;
10;22;149;1;LINAS DE MARCUELLO;;;;;
10;22;149;2;LOARRE;;;;;
10;22;149;3;SANTA ENGRACIA DE LOARRE;;;;;
10;22;149;4;SARSAMARCUELLO;;;;;
10;22;150;1;AGUAS;;;;;
10;22;150;2;LA ALMUNIA DEL ROMERAL;;;;;
10;22;150;3;AYERA;;;;;
10;22;150;4;BANDALIES;;;;;
10;22;150;5;BARLUENGA;;;;;
10;22;150;6;CASTILSABAS;;;;;
10;22;150;7;COSCULLANO;;;;;
10;22;150;8;CHIBLUCO;;;;;
10;22;150;9;LOPORZANO;;;;;
10;22;150;10;LOSCERTALES;;;;;
10;22;150;11;LOS MOLINOS;;;;;
10;22;150;12;SAN JULIAN DE BANZO;;;;;
10;22;150;13;SANTA EULALIA LA MAYOR;;;;;
10;22;150;14;SASA DEL ABADIADO;;;;;
10;22;150;15;SIPAN;;;;;
10;22;150;16;VADIELLO;;;;;
10;22;151;1;LOSCORRALES;;;;;
10;22;151;2;PUIPULLIN;;;;;
10;22;155;1;CAJIGAR;;;;;
10;22;155;2;MONESMA;;;;;
10;22;156;1;CASTILLO POMPIEN;;;;;
10;22;156;2;LASCASAS;;;;;
10;22;156;3;MONFLORITE;;;;;
10;22;156;4;POMPENILLO;;;;;
10;22;157;1;ANETO;;;;;
10;22;157;2;ARDANUY;;;;;
10;22;157;3;BENIFONS;;;;;
10;22;157;4;BONO;;;;;
10;22;157;5;CASTANESA;;;;;
10;22;157;6;CASTARNE;;;;;
10;22;157;7;ESCANE;;;;;
10;22;157;8;ESTET;;;;;
10;22;157;9;FONCHANINA;;;;;
10;22;157;10;FORCAT;;;;;
10;22;157;11;GINASTE;;;;;
10;22;157;12;MONTANUY;;;;;
10;22;157;13;NOALES;;;;;
10;22;157;14;RIBERA;;;;;
10;22;157;15;SEÑIU;;;;;
10;22;157;16;VIÑAL;;;;;
10;22;157;17;ERVERA;;;;;
10;22;158;1;CONCHEL;;;;;
10;22;158;2;LA ESTACION DE SELGUA;;;;;
10;22;158;3;MONZON;;;;;
10;22;158;4;POBLADO MONSANTO;;;;;
10;22;158;5;SELGUA;;;;;
10;22;160;1;NAVAL;;;;;
10;22;160;2;MIPANAS;;;;;
10;22;162;1;NOVALES;;;;;
10;22;163;1;ARASCUES;;;;;
10;22;163;2;BELSUE;;;;;
10;22;163;3;NOCITO;;;;;
10;22;163;4;NUENO;;;;;
10;22;163;5;SABAYES;;;;;
10;22;163;6;SANTA EULALIA DE LA PEÑA;;;;;
10;22;164;1;OLVENA;;;;;
10;22;165;1;ONTIÑENA;;;;;
10;22;167;1;ALMUDAFAR;;;;;
10;22;167;2;OSSO DE CINCA;;;;;
10;22;168;1;PALO;;;;;
10;22;170;1;BAÑOS DE PANTICOSA;;;;;
10;22;170;2;PANTICOSA;;;;;
10;22;170;3;EL PUEYO DE JACA;;;;;
10;22;172;1;PEÑALBA;;;;;
10;22;173;1;CENTENERO;;;;;
10;22;173;2;ENA;;;;;
10;22;173;3;LA PEÑA ESTACION;;;;;
10;22;173;4;RASAL;;;;;
10;22;173;5;RIGLOS;;;;;
10;22;173;6;SALINAS DE JACA;;;;;
10;22;173;7;SANTA MARIA;;;;;
10;22;173;8;TRISTE;;;;;
10;22;173;9;VILLALANGUA;;;;;
10;22;173;10;YESTE;;;;;
10;22;174;1;LAGUNARROTA;;;;;
10;22;174;2;PERALTA DE ALCOFEA;;;;;
10;22;174;3;EL TORMILLO;;;;;
10;22;175;1;CALASANZ;;;;;
10;22;175;2;CUATROCORZ;;;;;
10;22;175;3;GABASA;;;;;
10;22;175;4;PERALTA DE LA SAL;;;;;
10;22;176;1;PERALTILLA;;;;;
10;22;177;1;BESIANS;;;;;
10;22;177;2;PERARRUA;;;;;
10;22;178;1;PERTUSA;;;;;
10;22;181;1;PIRACES;;;;;
10;22;182;1;PLAN;;;;;
10;22;182;2;SARAVILLO;;;;;
10;22;182;3;SERVETO;;;;;
10;22;184;1;POLEÑINO;;;;;
10;22;186;1;POZAN DE VERO;;;;;
10;22;187;1;LA PUEBLA DE CASTRO;;;;;
10;22;187;2;LAGO DE BARASONA;;;;;
10;22;188;1;MONTAÑANA;;;;;
10;22;188;2;PUENTE DE MONTAÑANA;;;;;
10;22;188;3;TORRE BARO;;;;;
10;22;189;1;BELSIERRE;;;;;
10;22;189;2;BESTUE;;;;;
10;22;189;3;ESCALONA;;;;;
10;22;189;4;MURO DE BELLOS;;;;;
10;22;189;5;PUERTOLAS;;;;;
10;22;189;6;PUYARRUEGO;;;;;
10;22;189;7;SANTA MARIA;;;;;
10;22;189;8;BIES;;;;;
10;22;189;9;ESCUAIN;;;;;
10;22;189;10;LAS HUERTAS DE MURO;;;;;
10;22;189;11;SANTA JUSTA;;;;;
10;22;190;1;ARAGUAS;;;;;
10;22;190;2;LOS MOLINOS;;;;;
10;22;190;3;LA MUERA;;;;;
10;22;190;4;ONCINS;;;;;
10;22;190;5;LA PARDINA;;;;;
10;22;190;6;EL PLANO;;;;;
10;22;190;7;EL PUEYO DE ARAGUAS;;;;;
10;22;190;8;SAN LORIEN;;;;;
10;22;190;9;EL SOTO;;;;;
10;22;190;10;TORRELISA;;;;;
10;22;190;11;SAN VICTORIAN;;;;;
10;22;190;12;CASA CASTAN;;;;;
10;22;193;1;PUEYO DE SANTA CRUZ;;;;;
10;22;195;1;QUICENA;;;;;
10;22;197;1;ROBRES;;;;;
10;22;199;1;ABENILLA;;;;;
10;22;199;2;ACUMUER;;;;;
10;22;199;3;AINETO;;;;;
10;22;199;4;ALLUE;;;;;
10;22;199;5;ARGUISAL;;;;;
10;22;199;6;ARRASO;;;;;
10;22;199;7;ARTO;;;;;
10;22;199;8;AURIN;;;;;
10;22;199;9;BARA;;;;;
10;22;199;10;BARANGUA;;;;;
10;22;199;11;BELARRA;;;;;
10;22;199;12;BORRES;;;;;
10;22;199;13;CAMPARES;;;;;
10;22;199;14;CARTIRANA;;;;;
10;22;199;15;CASTILLO DE GUARGA;;;;;
10;22;199;16;CASTILLO DE LERES;;;;;
10;22;199;17;CERESOLA;;;;;
10;22;199;18;GESERA;;;;;
10;22;199;19;GILLUÉ;;;;;
10;22;199;20;GRASA;;;;;
10;22;199;21;HOSTAL DE IPIES;;;;;
10;22;199;22;IPIES;;;;;
10;22;199;23;ISUN DE BASA;;;;;
10;22;199;24;LAGUARTA;;;;;
10;22;199;25;LANAVE;;;;;
10;22;199;26;LARREDE;;;;;
10;22;199;27;LARRES;;;;;
10;22;199;28;LASAOSA;;;;;
10;22;199;29;LASIESO;;;;;
10;22;199;30;LATAS;;;;;
10;22;199;31;LATRAS;;;;;
10;22;199;32;LAYES;;;;;
10;22;199;33;MOLINO DE VILLOBAS;;;;;
10;22;199;34;ORDOVES;;;;;
10;22;199;35;ORNA DE GALLEGO;;;;;
10;22;199;36;OSAN;;;;;
10;22;199;37;PARDINILLA;;;;;
10;22;199;38;EL PUENTE DE SABIÑANIGO;;;;;
10;22;199;39;RAPUN;;;;;
10;22;199;40;SABIÑANIGO;;;;;
10;22;199;41;SABIÑANIGO ALTO (SAN FELICIANO);;;;;
10;22;199;42;SAN ESTEBAN DE GUARGA;;;;;
10;22;199;43;SAN ROMAN DE BASA;;;;;
10;22;199;44;SARDAS;;;;;
10;22;199;45;SASAL;;;;;
10;22;199;46;SATUE;;;;;
10;22;199;47;SENEGUE;;;;;
10;22;199;48;SORRIPAS;;;;;
10;22;199;49;YESPOLA;;;;;
10;22;199;50;BENTUE DE NOCITO;;;;;
10;22;199;51;USED;;;;;
10;22;199;52;ARTOSILLA;;;;;
10;22;199;53;IBORT;;;;;
10;22;199;54;SOLANILLA;;;;;
10;22;200;1;ERESUE;;;;;
10;22;200;2;ERISTE;;;;;
10;22;200;3;SAHUN;;;;;
10;22;201;1;SALAS ALTAS;;;;;
10;22;202;1;SALAS BAJAS;;;;;
10;22;203;1;SALILLAS;;;;;
10;22;204;1;ESCARRILLA;;;;;
10;22;204;2;FORMIGAL;;;;;
10;22;204;3;SALLENT DE GALLEGO;;;;;
10;22;204;4;SANDINIES;;;;;
10;22;204;5;TRAMACASTILLA DE TENA;;;;;
10;22;204;6;FRONTERA DEL PORTALET;;;;;
10;22;204;7;LANUZA;;;;;
10;22;205;1;SAN ESTEBAN DE LITERA;;;;;
10;22;206;1;SANGARREN;;;;;
10;22;207;1;SAN JUAN DE PLAN;;;;;
10;22;208;1;SANTA CILIA;;;;;
10;22;208;2;SOMANES;;;;;
10;22;209;1;BINACUA;;;;;
10;22;209;2;SANTA CRUZ DE LA SEROS;;;;;
10;22;212;1;SANTALIESTRA Y SAN QUILEZ;;;;;
10;22;212;2;CABALLERA;;;;;
10;22;213;1;LA CARTUJA DE MONEGROS;;;;;
10;22;213;2;LAMASADERA;;;;;
10;22;213;3;LASTANOSA;;;;;
10;22;213;4;PALLARUELO DE MONEGROS;;;;;
10;22;213;5;SAN JUAN DEL FLUMEN;;;;;
10;22;213;6;SARIÑENA;;;;;
10;22;214;1;SECASTILLA;;;;;
10;22;214;2;TORRECIUDAD;;;;;
10;22;214;3;UBIERGO;;;;;
10;22;215;1;ABI;;;;;
10;22;215;2;BARBARUENS;;;;;
10;22;215;3;SEIRA;;;;;
10;22;217;1;SENA;;;;;
10;22;218;1;SENES DE ALCUBIERRE;;;;;
10;22;220;1;SESA;;;;;
10;22;221;1;SESUE;;;;;
10;22;221;2;SOS;;;;;
10;22;222;1;ARBANIES;;;;;
10;22;222;2;CASTEJON DE ARBANIES;;;;;
10;22;222;3;LIESA;;;;;
10;22;222;4;SIETAMO;;;;;
10;22;223;1;SANTORENS;;;;;
10;22;223;2;SOPEIRA;;;;;
10;22;223;3;PALLEROL;;;;;
10;22;223;4;LA MELUSA;;;;;
10;22;225;1;ALGAYON;;;;;
10;22;225;2;TAMARITE DE LITERA;;;;;
10;22;226;1;TARDIENTA;;;;;
10;22;227;1;HOSPITAL;;;;;
10;22;227;2;LAFORTUNADA;;;;;
10;22;227;3;REVILLA;;;;;
10;22;227;4;SALINAS;;;;;
10;22;227;5;SIN;;;;;
10;22;227;6;TELLA;;;;;
10;22;227;7;BADAIN;;;;;
10;22;228;1;TIERZ;;;;;
10;22;229;1;ALMUNIA DE SAN LORENZO;;;;;
10;22;229;2;LUZAS;;;;;
10;22;229;3;SAGARRAS BAJAS;;;;;
10;22;229;4;TOLVA;;;;;
10;22;230;1;FRAGEN;;;;;
10;22;230;2;LINAS DE BROTO;;;;;
10;22;230;3;TORLA;;;;;
10;22;230;4;VIU;;;;;
10;22;232;1;TORRALBA DE ARAGON;;;;;
10;22;233;1;TORRE LA RIBERA;;;;;
10;22;233;2;VILAS DE TURBON;;;;;
10;22;233;3;VILLACARLI;;;;;
10;22;233;4;VISALIBONS;;;;;
10;22;234;1;TORRENTE DE CINCA;;;;;
10;22;235;1;LACUADRADA;;;;;
10;22;235;2;TORRES DE ALCANADRE;;;;;
10;22;236;1;TORRES DE BARBUES;;;;;
10;22;236;2;VALFONDA DE SANTA ANA;;;;;
10;22;239;1;TRAMACED;;;;;
10;22;242;1;VALFARTA;;;;;
10;22;243;1;AGUASCALDAS;;;;;
10;22;243;2;BIESCAS;;;;;
10;22;243;3;LLERT;;;;;
10;22;243;4;SANTA MAURA;;;;;
10;22;244;1;EGEA;;;;;
10;22;244;2;PADARNIU;;;;;
10;22;244;3;PUEYO;;;;;
10;22;244;4;REPEROS;;;;;
10;22;244;5;SALA;;;;;
10;22;244;6;SERRATE;;;;;
10;22;245;1;VELILLA DE CINCA;;;;;
10;22;246;1;BALLABRIGA;;;;;
10;22;246;2;BERANUY;;;;;
10;22;246;3;BIASCAS DE OBARRA;;;;;
10;22;246;4;CALVERA;;;;;
10;22;246;5;LAS HERRERIAS;;;;;
10;22;246;6;MORENS;;;;;
10;22;246;7;PARDINELLA;;;;;
10;22;247;1;CHIRIVETA;;;;;
10;22;247;2;ESTALL;;;;;
10;22;247;3;LITERA;;;;;
10;22;247;4;VIACAMP;;;;;
10;22;248;1;VICIEN;;;;;
10;22;249;1;VILLANOVA;;;;;
10;22;250;1;VILLANUA;;;;;
10;22;251;1;VILLANUEVA DE SIGENA;;;;;
10;22;252;1;FANLILLO;;;;;
10;22;252;2;ORUS;;;;;
10;22;252;3;SAN JULIAN DE BASA;;;;;
10;22;252;4;SOBAS;;;;;
10;22;252;5;YEBRA DE BASA;;;;;
10;22;253;1;YESERO;;;;;
10;22;254;1;ZAIDIN;;;;;
10;22;901;1;EMBUN;;;;;
10;22;901;2;HECHO;;;;;
10;22;901;3;SANTA LUCIA;;;;;
10;22;901;4;SIRESA;;;;;
10;22;901;5;URDUES;;;;;
10;22;902;1;JAVIERREGAY;;;;;
10;22;902;2;PUENTE LA REINA DE JACA;;;;;
10;22;902;3;SANTA ENGRACIA DE JACA;;;;;
10;22;903;1;ESTICHE DE CINCA;;;;;
10;22;903;2;POMAR DE CINCA;;;;;
10;22;903;3;SANTALECINA;;;;;
10;22;904;1;ANIES;;;;;
10;22;904;2;BOLEA;;;;;
10;22;904;3;ESQUEDAS;;;;;
10;22;904;4;LIERTA;;;;;
10;22;904;5;PLASENCIA DEL MONTE;;;;;
10;22;904;6;PUIBOLEA;;;;;
10;22;904;7;QUINZANO;;;;;
10;22;905;1;LAS CASAS DE NUEVO;;;;;
10;22;905;2;LUPIÑEN;;;;;
10;22;905;3;MONTMESA;;;;;
10;22;905;4;ORTILLA;;;;;
10;22;906;1;BUERA;;;;;
10;22;906;2;HUERTA DE VERO;;;;;
10;22;907;1;AINSA;;;;;
10;22;907;2;ARCUSA;;;;;
10;22;907;3;ARRO;;;;;
10;22;907;4;BANASTON;;;;;
10;22;907;5;LAS BELLOSTAS;;;;;
10;22;907;6;CAMPORROTUNO;;;;;
10;22;907;7;CASTEJON DE SOBRARBE;;;;;
10;22;907;8;CASTELLAZO;;;;;
10;22;907;9;COSCOJUELA DE SOBRARBE;;;;;
10;22;907;10;EL COSCOLLAR;;;;;
10;22;907;11;GUASO;;;;;
10;22;907;12;LATORRE;;;;;
10;22;907;13;LATORRECILLA;;;;;
10;22;907;14;OLSON;;;;;
10;22;907;15;LA PARDINA;;;;;
10;22;907;16;PAULES DE SARSA;;;;;
10;22;907;17;GERBE;;;;;
10;22;907;18;JABIERRE DEL OLSON;;;;;
10;22;907;19;MONDOT;;;;;
10;22;907;20;SANTA MARIA DE BUIL;;;;;
10;22;907;21;GRIEBAL;;;;;
10;22;907;22;MORILLO DE TOU;;;;;
10;22;907;23;SARSA DE SURTA;;;;;
10;22;908;1;COSTEAN;;;;;
10;22;908;2;GUARDIA;;;;;
10;22;908;3;HOZ DE BARBASTRO;;;;;
10;22;908;4;MONTESA;;;;;
10;22;908;5;SALINAS DE HOZ;;;;;
10;22;909;1;VENCILLON;;;;;
10;22;998;0;NO DETERMINADA;;;;;
10;22;999;0;NO DETERMINADA;;;;;
10;44;1;1;ABABUJ;;;;;
10;44;2;1;ABEJUELA;;;;;
10;44;2;2;LA CERVERA;;;;;
10;44;3;1;AGUATON;;;;;
10;44;4;1;AGUAVIVA;;;;;
10;44;5;1;AGUILAR DEL ALFAMBRA;;;;;
10;44;6;1;ALACON;;;;;
10;44;7;1;ALBA;;;;;
10;44;8;1;ALBALATE DEL ARZOBISPO;;;;;
10;44;9;1;ALBARRACIN;;;;;
10;44;9;2;EL CAÑIGRAL;;;;;
10;44;9;3;LAS CASILLAS DE BEZAS;;;;;
10;44;9;4;COLLADO DE LA GRULLA;;;;;
10;44;9;5;SANTA BARBARA;;;;;
10;44;9;6;VALLE CABRIEL;;;;;
10;44;9;7;LA VEGA;;;;;
10;44;9;8;EL MEMBRILLO;;;;;
10;44;9;9;SAN PEDRO;;;;;
10;44;9;10;VALDEVECAR;;;;;
10;44;10;1;ALBENTOSA;;;;;
10;44;10;2;VENTA DEL AIRE;;;;;
10;44;10;3;ESTACION MORA DE RUBIELOS;;;;;
10;44;10;4;FUEN DEL CEPO;;;;;
10;44;10;5;LOS MASES;;;;;
10;44;11;1;ALCAINE;;;;;
10;44;12;1;ALCALA DE LA SELVA;;;;;
10;44;12;2;LA VIRGEN DE LA VEGA;;;;;
10;44;13;1;ALCAÑIZ;;;;;
10;44;13;2;PUIG MORENO;;;;;
10;44;13;3;VALMUEL;;;;;
10;44;14;1;ALCORISA;;;;;
10;44;16;1;ALFAMBRA;;;;;
10;44;17;1;ALDEHUELA;;;;;
10;44;17;2;ALIAGA;;;;;
10;44;17;3;CAMPOS;;;;;
10;44;17;4;LA CAÑADILLA;;;;;
10;44;17;5;CIRUJEDA;;;;;
10;44;17;6;SANTA BARBARA;;;;;
10;44;18;1;ALMOHAJA;;;;;
10;44;19;1;ALOBRAS;;;;;
10;44;20;1;ALPEÑES;;;;;
10;44;21;1;ALLEPUZ;;;;;
10;44;21;2;CAUDE;;;;;
10;44;21;3;SOLLAVIENTOS;;;;;
10;44;22;1;ALLOZA;;;;;
10;44;23;1;ALLUEVA;;;;;
10;44;24;1;ANADON;;;;;
10;44;25;1;ANDORRA;;;;;
10;44;26;1;ARCOS DE LAS SALINAS;;;;;
10;44;26;2;LA HIGUERA;;;;;
10;44;26;3;HOYA DE LA CARRASCA;;;;;
10;44;27;1;ARENS DE LLEDO;;;;;
10;44;28;1;ARGENTE;;;;;
10;44;29;1;ARIÑO;;;;;
10;44;31;1;AZAILA;;;;;
10;44;32;1;BADENAS;;;;;
10;44;33;1;BAGUENA;;;;;
10;44;34;1;BAÑON;;;;;
10;44;35;1;BARRACHINA;;;;;
10;44;36;1;BEA;;;;;
10;44;37;1;BECEITE;;;;;
10;44;38;1;BELMONTE DE SAN JOSE;;;;;
10;44;39;1;BELLO;;;;;
10;44;40;1;BERGE;;;;;
10;44;41;1;BEZAS;;;;;
10;44;42;1;BLANCAS10;;;;;
10;44;43;1;BLESA;;;;;
10;44;44;1;BORDON;;;;;
10;44;45;1;BROCHALES;;;;;
10;44;46;1;BUEÑA;;;;;
10;44;47;1;BURBAGUENA;;;;;
10;44;48;1;CABRA DE MORA;;;;;
10;44;49;1;CALACEITE;;;;;
10;44;50;1;CALAMOCHA;;;;;
10;44;50;2;COLLADOS;;;;;
10;44;50;3;CUENCABUENA;;;;;
10;44;50;4;CUTANDA;;;;;
10;44;50;5;ESTACION VEGA;;;;;
10;44;50;6;LECHAGO;;;;;
10;44;50;7;LUCO DE JILOCA;;;;;
10;44;50;8;NAVARRETE DEL RIO;;;;;
10;44;50;9;NUEROS;;;;;
10;44;50;10;OLALLA;;;;;
10;44;50;11;EL POYO DEL CID;;;;;
10;44;50;12;SALOBRAL GASCONES;;;;;
10;44;50;13;VALVERDE;;;;;
10;44;50;14;EL VILLAREJO DE LOS OLMOS;;;;;
10;44;51;1;CALANDA;;;;;
10;44;52;1;CALOMARDE;;;;;
10;44;53;1;CAMAÑAS;;;;;
10;44;54;1;CAMARENA DE LA SIERRA;;;;;
10;44;54;2;MAS DE NAVARRETE;;;;;
10;44;55;1;CAMARILLAS;;;;;
10;44;56;1;CAMINREAL;;;;;
10;44;56;2;LA ESTACION;;;;;
10;44;56;3;VILLALBA DE LOS MORALES;;;;;
10;44;59;1;CANTAVIEJA;;;;;
10;44;59;2;CASAS DE SAN JUAN;;;;;
10;44;59;3;SOLANA;;;;;
10;44;59;4;UMBRIA;;;;;
10;44;59;5;VEGA;;;;;
10;44;60;1;CAÑADA DE BENATANDUZ;;;;;
10;44;61;1;LA CAÑADA DE VERICH;;;;;
10;44;62;1;CAÑADA VELLIDA;;;;;
10;44;63;1;CAÑIZAR DEL OLIVAR;;;;;
10;44;64;1;CASCANTE DEL RIO;;;;;
10;44;65;1;CASTEJON DE TORNOS;;;;;
10;44;66;1;CASTEL DE CABRA;;;;;
10;44;67;1;CASTELNOU;;;;;
10;44;68;1;CASTELSERAS;;;;;
10;44;70;1;EL CASTELLAR;;;;;
10;44;71;1;ABENFIGO;;;;;
10;44;71;2;LOS ALAGONES;;;;;
10;44;71;3;LA ALGECIRA;;;;;
10;44;71;4;CASTELLOTE;;;;;
10;44;71;5;EL CRESPOL;;;;;
10;44;71;6;CUEVAS DE CAÑART;;;;;
10;44;71;7;DOS TORRES DE MERCADER;;;;;
10;44;71;8;LADRUÑAN;;;;;
10;44;71;9;LUCO DE BORDON;;;;;
10;44;71;10;LAS PLANAS;;;;;
10;44;71;11;TORREMOCHA;;;;;
10;44;74;1;CEDRILLAS;;;;;
10;44;75;1;CELADAS;;;;;
10;44;76;1;CELLA;;;;;
10;44;76;2;ESTACION CENTRAL Y MINERA;;;;;
10;44;76;3;LAS GRANJAS;;;;;
10;44;77;1;LA CEROLLERA;;;;;
10;44;80;1;LA CODOÑERA;;;;;
10;44;82;1;CASA GRANDE;;;;;
10;44;82;2;CORBALAN;;;;;
10;44;84;1;CORTES DE ARAGON;;;;;
10;44;85;1;CORBATON;;;;;
10;44;85;2;COSA;;;;;
10;44;86;1;CRETAS;;;;;
10;44;87;1;CRIVILLEN;;;;;
10;44;87;2;MASES DE CRIVILLEN;;;;;
10;44;88;1;LA CUBA;;;;;
10;44;89;1;CUBLA;;;;;
10;44;90;1;CUCALON;;;;;
10;44;92;1;EL CUERVO;;;;;
10;44;93;1;CUEVAS DE ALMUDEN;;;;;
10;44;94;1;CUEVAS LABRADAS;;;;;
10;44;96;1;EJULVE;;;;;
10;44;97;1;ESCORIHUELA;;;;;
10;44;99;1;ESCUCHA;;;;;
10;44;99;2;VALDECONEJOS;;;;;
10;44;100;1;ESTERCUEL;;;;;
10;44;101;1;FERRERUELA DE HUERVA;;;;;
10;44;102;1;FONFRIA;;;;;
10;44;103;1;FORMICHE ALTO;;;;;
10;44;103;2;FORMICHE BAJO;;;;;
10;44;105;1;FORNOLES;;;;;
10;44;106;1;FORTANETE;;;;;
10;44;107;1;FOZ-CALANDA;;;;;
10;44;108;2;LA FRESNEDA;;;;;
10;44;109;1;CASAS DE FRIAS;;;;;
10;44;109;2;FRIAS DE ALBARRACIN;;;;;
10;44;110;1;FUENFERRADA;;;;;
10;44;111;1;FUENTES CALIENTES;;;;;
10;44;112;1;FUENTES CLARAS;;;;;
10;44;113;1;FUENTES DE RUBIELOS;;;;;
10;44;114;1;FUENTESPALDA;;;;;
10;44;115;1;GALVE;;;;;
10;44;116;1;GARGALLO;;;;;
10;44;117;1;GEA DE ALBARRACIN;;;;;
10;44;118;1;LA GINEBROSA;;;;;
10;44;119;1;GRIEGOS;;;;;
10;44;120;1;GUADALAVIAR;;;;;
10;44;121;1;GUDAR;;;;;
10;44;122;1;HIJAR;;;;;
10;44;123;1;COBATILLAS;;;;;
10;44;123;2;HINOJOSA DE JARQUE;;;;;
10;44;124;1;LA HOZ DE LA VIEJA;;;;;
10;44;125;1;HUESA DEL COMUN;;;;;
10;44;125;2;RUDILLA;;;;;
10;44;126;1;LA IGLESUELA DEL CID;;;;;
10;44;127;1;ARROYOFRIO;;;;;
10;44;127;2;JABALOYAS;;;;;
10;44;128;1;JARQUE DE LA VAL;;;;;
10;44;129;1;JATIEL;;;;;
10;44;130;1;JORCAS;;;;;
10;44;131;1;JOSA;;;;;
10;44;132;1;LAGUERUELA;;;;;
10;44;133;1;LANZUELA;;;;;
10;44;135;1;LIBROS;;;;;
10;44;136;1;LIDON;;;;;
10;44;137;1;CASTELVISPAL;;;;;
10;44;137;2;LINARES DE MORA;;;;;
10;44;138;1;EL COLLADICO;;;;;
10;44;138;2;LOSCOS;;;;;
10;44;138;3;MEZQUITA DE LOSCOS;;;;;
10;44;138;4;PIEDRAHITA;;;;;
10;44;141;1;LLEDO;;;;;
10;44;142;1;MAICAS;;;;;
10;44;143;1;ALCOTAS;;;;;
10;44;143;2;LAS ALHAMBRAS;;;;;
10;44;143;3;LOS CEREZOS;;;;;
10;44;143;4;MANZANERA;;;;;
10;44;143;5;LOS OLMOS;;;;;
10;44;143;6;PARAISO BAJO;;;;;
10;44;143;7;EL PAUL;;;;;
10;44;144;1;MARTIN DEL RIO;;;;;
10;44;144;2;LA RAMBLA DE MARTIN;;;;;
10;44;145;1;MAS DE LAS MATAS;;;;;
10;44;146;1;LA MATA DE LOS OLMOS;;;;;
10;44;147;1;MAZALEON;;;;;
10;44;148;1;MEZQUITA DE JARQUE;;;;;
10;44;149;1;MIRAMBEL;;;;;
10;44;150;1;MIRAVETE DE LA SIERRA;;;;;
10;44;151;1;MOLINOS;;;;;
10;44;152;1;MONFORTE DE MOYUELA;;;;;
10;44;153;1;MONREAL DEL CAMPO;;;;;
10;44;154;1;MONROYO;;;;;
10;44;155;1;MONTALBAN;;;;;
10;44;155;2;PEÑAS ROYAS;;;;;
10;44;156;1;MONTEAGUDO DEL CASTILLO;;;;;
10;44;157;1;MONTERDE DE ALBARRACIN;;;;;
10;44;158;1;MORA DE RUBIELOS;;;;;
10;44;159;1;MOSCARDON;;;;;
10;44;160;1;MOSQUERUELA;;;;;
10;44;161;1;MUNIESA;;;;;
10;44;163;1;NOGUERA;;;;;
10;44;164;1;NOGUERAS;;;;;
10;44;165;1;NOGUERUELAS;;;;;
10;44;167;1;OBON;;;;;
10;44;168;1;ODON;;;;;
10;44;169;1;OJOS NEGROS;;;;;
10;44;169;2;SIERRA MENERA;;;;;
10;44;171;1;LA ARTIGA;;;;;
10;44;171;2;EL CASUCHO;;;;;
10;44;171;3;LA CIVERA;;;;;
10;44;171;4;LOS DINES O IBAÑEZ BAJOS;;;;;
10;44;171;5;LOS GILES;;;;;
10;44;171;6;LOS LUCAS;;;;;
10;44;171;7;EL MASICO;;;;;
10;44;171;8;LOS MOYAS;;;;;
10;44;171;9;OLBA;;;;;
10;44;171;10;LOS PERTEGACES;;;;;
10;44;171;11;LOS RAMONES;;;;;
10;44;171;12;LOS TARRAGONES;;;;;
10;44;171;13;LA TOSCA;;;;;
10;44;171;14;LAS VENTAS;;;;;
10;44;171;15;LOS VILLANUEVAS;;;;;
10;44;172;1;OLIETE;;;;;
10;44;173;1;LOS OLMOS;;;;;
10;44;174;1;ORIHUELA DEL TREMEDAL;;;;;
10;44;175;1;ORRIOS;;;;;
10;44;176;1;PALOMAR DE ARROYOS;;;;;
10;44;177;1;CERVERA DEL RINCON;;;;;
10;44;177;2;CUEVAS DE PORTALRUBIO;;;;;
10;44;177;3;PANCRUDO;;;;;
10;44;177;4;PORTALRUBIO;;;;;
10;44;178;1;JAGANTA;;;;;
10;44;178;2;LAS PARRAS DE CASTELLOTE;;;;;
10;44;179;1;PEÑARROYA DE TASTAVINS;;;;;
10;44;180;1;PERACENSE;;;;;
10;44;181;1;PERALEJOS;;;;;
10;44;182;2;PERALES DEL ALFAMBRA;;;;;
10;44;182;3;VILLALBA ALTA;;;;;
10;44;183;1;PITARQUE;;;;;
10;44;184;1;PLOU;;;;;
10;44;185;1;EL POBO;;;;;
10;44;187;1;LA PORTELLADA;;;;;
10;44;189;1;POZONDON;;;;;
10;44;190;1;POZUEL DEL CAMPO;;;;;
10;44;191;1;LA ESTACION;;;;;
10;44;191;2;LA PUEBLA DE HIJAR;;;;;
10;44;192;1;LA PUEBLA DE VALVERDE;;;;;
10;44;193;1;PUERTOMINGALVO;;;;;
10;44;194;1;RAFALES;;;;;
10;44;195;1;RILLO;;;;;
10;44;195;2;SON DEL PUERTO;;;;;
10;44;196;1;RIODEVA;;;;;
10;44;197;1;RODENAS;;;;;
10;44;198;1;ROYUELA;;;;;
10;44;199;1;RUBIALES;;;;;
10;44;200;1;RUBIELOS DE LA CERDA;;;;;
10;44;201;1;RUBIELOS DE MORA;;;;;
10;44;203;1;SALCEDILLO;;;;;
10;44;204;1;SALDON;;;;;
10;44;205;1;LA ESTACION DE SAMPER;;;;;
10;44;205;2;SAMPER DE CALANDA;;;;;
10;44;206;1;LOS BALTASARES;;;;;
10;44;206;2;CABALLERO;;;;;
10;44;206;3;POVILES;;;;;
10;44;206;4;LA FUENSECA;;;;;
10;44;206;5;LA GARCIA;;;;;
10;44;206;6;LA HOZ;;;;;
10;44;206;7;JUAN DIN;;;;;
10;44;206;8;LINARES Y CERRITO;;;;;
10;44;206;9;MAS BLANCO;;;;;
10;44;206;10;MASES Y TAMBORIL;;;;;
10;44;206;11;LOS PASTORES;;;;;
10;44;206;12;LOS PEIROS;;;;;
10;44;206;13;POZO LA MUELA;;;;;
10;44;206;14;SAN AGUSTIN;;;;;
10;44;206;15;LA SOLANA;;;;;
10;44;206;16;TARIN NUEVO Y VIEJO;;;;;
10;44;207;1;SAN MARTIN DEL RIO;;;;;
10;44;208;1;SNTA CRUZ DE NOGUERAS;;;;;
10;44;209;1;SANTA EULALIA;;;;;
10;44;210;1;LA ESCALERUELA;;;;;
10;44;210;2;SARRION;;;;;
10;44;211;1;SEGURA DE LOS BAÑOS;;;;;
10;44;212;1;SENO;;;;;
10;44;213;1;SINGRA;;;;;
10;44;215;1;TERRIENTE;;;;;
10;44;215;2;EL VILLAREJO;;;;;
10;44;216;1;ALDEHUELA;;;;;
10;44;216;2;EL CAMPILLO;;;;;
10;44;216;3;CASTRALVO;;;;;
10;44;216;4;CAUDE;;;;;
10;44;216;5;CONCUD;;;;;
10;44;216;6;LA GUEA;;;;;
10;44;216;7;SAN BLAS;;;;;
10;44;216;8;TERUEL;;;;;
10;44;216;9;TORTAJADA;;;;;
10;44;216;10;VALDECEBRO;;;;;
10;44;216;11;VILLALBA BAJA;;;;;
10;44;216;12;VILLASPESA;;;;;
10;44;217;1;MASEGOSO;;;;;
10;44;217;2;TORIL;;;;;
10;44;218;1;TORMON;;;;;
10;44;219;1;TORNOS;;;;;
10;44;220;1;TORRALBA DE LOS SISONES;;;;;
10;44;221;1;TORRECILLA DE ALCAÑIZ;;;;;
10;44;222;1;GODOS;;;;;
10;44;222;2;TORRECILLA DEL REBOLLAR;;;;;
10;44;223;1;TORRE DE ARCAS;;;;;
10;44;224;1;TORRE DE LAS ARCAS;;;;;
10;44;225;1;TORRE DEL COMPTE;;;;;
10;44;226;1;TORRELACARCEL;;;;;
10;44;227;1;TORRE LOS NEGROS;;;;;
10;44;228;1;TORREMOCHA DE JILOCA;;;;;
10;44;229;1;TORRES DE ALBARRACIN;;;;;
10;44;230;1;TORREVELILLA;;;;;
10;44;231;1;TORRIJAS;;;;;
10;44;232;1;TORRIJO DEL CAMPO;;;;;
10;44;234;1;MAS DE LA CABRERA;;;;;
10;44;234;2;TRAMACASTIEL;;;;;
10;44;235;1;TRAMACASTILLA;;;;;
10;44;236;1;TRONCHON;;;;;
10;44;237;1;URREA DE GAEN;;;;;
10;44;238;1;BARRIADA OBRERA DEL SUR;;;;;
10;44;238;2;LAS PARRAS DE MARTIN;;;;;
10;44;238;3;UTRILLAS;;;;;
10;44;239;1;VALACLOCHE;;;;;
10;44;240;1;VALBONA;;;;;
10;44;241;1;VALDEALGORFA;;;;;
10;44;241;2;LAS VENTAS;;;;;
10;44;243;1;VALDECUENCA;;;;;
10;44;244;1;VALDELINARES;;;;;
10;44;245;1;VALDELTORMO;;;;;
10;44;246;1;VALDERROBLES;;;;;
10;44;247;1;VALDEJUNQUERA;;;;;
10;44;249;1;EL VALLECILLO;;;;;
10;44;250;1;VEGUILLAS DE LA SIERRA;;;;;
10;44;251;1;VILLAFRANCA DEL CAMPO;;;;;
10;44;252;1;VILLAHERMOSA DEL CAMPO;;;;;
10;44;256;1;VILLANUEVA DEL REBOLLAR DE LA SIERRA;;;;;
10;44;257;1;VILLAR DEL COBO;;;;;
10;44;258;1;VILLAR DEL SALZ;;;;;
10;44;260;1;MONTORO DE MEZQUITA;;;;;
10;44;260;2;VILLARLUENGO;;;;;
10;44;261;1;VILLARQUEMADO;;;;;
10;44;262;1;VILLARROYA DE LOS PINARES;;;;;
10;44;263;1;VILLASTAR;;;;;
10;44;264;1;EL CAMPO;;;;;
10;44;264;2;VILLEL;;;;;
10;44;265;1;VINACEITE;;;;;
10;44;266;1;VISIEDO;;;;;
10;44;267;1;ARMILLAS;;;;;
10;44;267;2;VIVEL DEL RIO MARTIN;;;;;
10;44;268;1;LA ZOMA;;;;;
10;44;999;0;NO DETERMINADA;;;;;
10;50;1;1;ABANTO;;;;;
10;50;2;1;ACERED;;;;;
10;50;3;1;AGÓN;;;;;
10;50;4;1;AGUARÓN;;;;;
10;50;5;1;AGUILÓN;;;;;
10;50;6;1;AINZÓN;;;;;
10;50;7;1;ALADREN;;;;;
10;50;8;1;ALAGÓN;;;;;
10;50;9;1;ALARBA;;;;;
10;50;10;1;ALBERITE DE SAN JUAN;;;;;
10;50;11;1;ALBETA;;;;;
10;50;12;1;ALBORGE;;;;;
10;50;13;1;ALCALÁ DE EBRO;;;;;
10;50;14;1;ALCALÁ DE MONCAYO;;;;;
10;50;15;1;ALCONCHEL DE ARIZA;;;;;
10;50;16;1;ALDEHUELA DE LIESTOS;;;;;
10;50;17;1;ALFAJARÍN;;;;;
10;50;17;2;EL CONDADO;;;;;
10;50;17;3;LOS HUERTOS;;;;;
10;50;18;1;ALFAMÉN;;;;;
10;50;19;1;ALFORQUE;;;;;
10;50;20;1;ALHAMA DE ARAGÓN;;;;;
10;50;21;1;ALMOCHUEL;;;;;
10;50;22;1;LA ALMOLDA;;;;;
10;50;23;1;ALMONACID DE CUBA;;;;;
10;50;24;1;ALMONACID DE LA SIERRA;;;;;
10;50;25;1;LA ALMUNIA DE DOÑA GODINA;;;;;
10;50;26;1;ALPARTIR;;;;;
10;50;27;1;AMBEL;;;;;
10;50;28;1;ANENTO;;;;;
10;50;29;1;ANIÑÓN;;;;;
10;50;30;1;AÑÓN DE MONCAYO;;;;;
10;50;31;1;ARANDA DE MONCAYO;;;;;
10;50;32;1;ARANDIGA;;;;;
10;50;33;1;ARDISA;;;;;
10;50;33;2;CASAS DE ESPER;;;;;
10;50;34;1;ARIZA;;;;;
10;50;35;1;ARTIEDA;;;;;
10;50;36;1;ASÍN;;;;;
10;50;37;1;ATEA;;;;;
10;50;38;1;ATECA;;;;;
10;50;39;1;AZUARA;;;;;
10;50;40;1;BADULES;;;;;
10;50;41;1;BAGÜÉS;;;;;
10;50;42;1;BALCONCHAN;;;;;
10;50;43;1;BÁRBOLES;;;;;
10;50;43;2;OITURA;;;;;
10;50;43;3;PERAMAN;;;;;
10;50;44;1;BARDALLUR;;;;;
10;50;45;1;BELCHITE;;;;;
10;50;46;1;BELMONTE DE GRACIÁN;;;;;
10;50;47;1;BERDEJO;;;;;
10;50;48;1;BERRUECO;;;;;
10;50;50;1;BIJUESCA;;;;;
10;50;51;1;BIOTA;;;;;
10;50;51;2;MALPICA DE ARBA;;;;;
10;50;52;1;BISIMBRE;;;;;
10;50;53;1;BOQUIÑENI;;;;;
10;50;53;2;ALTO DON DIEGO;;;;;
10;50;53;3;EL CALVARIO;;;;;
10;50;53;4;CAMINO DEL POZUELO;;;;;
10;50;53;5;SAN MIGUEL;;;;;
10;50;54;1;BORDALBA;;;;;
10;50;55;1;BORJA;;;;;
10;50;55;2;SANTUARIO DE MISERICORDIA;;;;;
10;50;56;1;BOTORRITA;;;;;
10;50;57;1;BREA DE ARAGÓN;;;;;
10;50;58;1;BUBIERCA;;;;;
10;50;59;1;BUJARALOZ;;;;;
10;50;60;1;BULBUENTE;;;;;
10;50;61;1;BURETA;;;;;
10;50;62;1;EL BUERGO DE EBRO;;;;;
10;50;62;2;URBANIZACIÓN VIRGEN DE LA COLUMNA;;;;;
10;50;62;3;PARAJE SIMÓN;;;;;
10;50;63;1;EL BUSTE;;;;;
10;50;64;1;CABAÑAS DE EBRO;;;;;
10;50;65;1;CABOLAFUENTE;;;;;
10;50;66;1;CADRETE;;;;;
10;50;66;2;LAS COLINAS;;;;;
10;50;66;3;MURALLAS DE SANTA FE;;;;;
10;50;66;4;EL SISALLETE;;;;;
10;50;67;1;CALATAYUD;;;;;
10;50;67;2;CAMPIEL;;;;;
10;50;67;3;CARRAMOLINA;;;;;
10;50;67;4;EMBID DE LA RIBERA;;;;;
10;50;67;5;HUERMEDA;;;;;
10;50;67;6;MARIVELLA;;;;;
10;50;67;7;RIBOTA;;;;;
10;50;67;8;SAN RAMÓN;;;;;
10;50;67;9;TERRER;;;;;
10;50;67;10;TORRES;;;;;
10;50;68;1;CALATORAO;;;;;
10;50;69;1;CALCENA;;;;;
10;50;70;1;CALMARZA;;;;;
10;50;71;1;CAMPILLO DE ARAGÓN;;;;;
10;50;72;1;CARENAS;;;;;
10;50;72;2;LA TRANQUERA;;;;;
10;50;73;1;CARIÑENA;;;;;
10;50;74;1;CASPE;;;;;
10;50;74;2;PLAYAS DE CHACÓN;;;;;
10;50;74;3;ESTACION CHIPRANA;;;;;
10;50;74;4;ESTACION VALDEPILAS;;;;;
10;50;74;5;PERCUÑAR;;;;;
10;50;74;6;POBLADO DE PESCADORES;;;;;
10;50;74;7;MIRAFLORES;;;;;
10;50;74;8;ZARAGOCETA;;;;;
10;50;75;1;CASTEJÓN DE ALARBA;;;;;
10;50;76;1;CASTEJÓN DE LAS ARMAS;;;;;
10;50;77;1;CASTEJÓN DE VALDEJASA;;;;;
10;50;78;1;CASTILISCAR;;;;;
10;50;79;1;CERVERA DE LA CAÑADA;;;;;
10;50;80;1;CERVERUELA;;;;;
10;50;81;1;CETINA;;;;;
10;50;82;1;CIMBALLA;;;;;
10;50;83;1;CINCO OLIVAS;;;;;
10;50;84;1;CLARES DE RIBOTA;;;;;
10;50;85;1;CODO;;;;;
10;50;86;1;CODOS;;;;;
10;50;87;1;CONTAMINA;;;;;
10;50;88;1;COSUENDA;;;;;
10;50;89;1;CUARTE DE HUERVA;;;;;
10;50;89;2;PARADOR DEL CICLISTA;;;;;
10;50;89;3;URBANIZACIÓN AMELIA;;;;;
10;50;89;4;URBANIZACIÓN SANTA FE;;;;;
10;50;90;1;CUBEL;;;;;
10;50;91;1;LAS CUERLAS;;;;;
10;50;92;1;CHIPRANA;;;;;
10;50;93;1;CHODES;;;;;
10;50;94;1;DAROCA;;;;;
10;50;95;1;BARDENA DEL CAUDILLO;;;;;
10;50;95;2;EL BAYO;;;;;
10;50;95;3;EJEA DE LOS CABALLEROS;;;;;
10;50;95;4;FARASDUES;;;;;
10;50;95;5;PINSORO;;;;;
10;50;95;6;RIVAS;;;;;
10;50;95;7;EL SABINAR;;;;;
10;50;95;8;SANTA ANASTASIA;;;;;
10;50;95;9;VALAREÑA;;;;;
10;50;96;1;CASA DE LA VEGA;;;;;
10;50;96;2;EMBID DE ARIZA;;;;;
10;50;98;1;ENCINACORBA;;;;;
10;50;99;1;ÉPILA;;;;;
10;50;99;2;FABRICA AZUCARERA;;;;;
10;50;99;3;SANTUARIO DE RODANAS;;;;;
10;50;100;1;ERLA;;;;;
10;50;101;1;ESCATRÓN;;;;;
10;50;102;1;FABARA;;;;;
10;50;104;1;FARLETE;;;;;
10;50;105;1;FAYÓN;;;;;
10;50;106;1;LOS FAYOS;;;;;
10;50;107;1;FIGUERUELAS;;;;;
10;50;108;1;FOMBUENA;;;;;
10;50;109;1;EL FRAGO;;;;;
10;50;110;1;ALUENDA;;;;;
10;50;110;2;EL FRASNO;;;;;
10;50;110;3;INOGES;;;;;
10;50;110;4;PIETAS;;;;;
10;50;111;1;FRESCANO;;;;;
10;50;113;1;FUENDEJALÓN;;;;;
10;50;114;1;FUENDETODOS;;;;;
10;50;115;1;FUENTES DE EBRO;;;;;
10;50;115;2;RODEN;;;;;
10;50;116;1;FUENTE DE JILOCA;;;;;
10;50;117;1;GALLOCANTA;;;;;
10;50;118;1;GALLUR;;;;;
10;50;118;2;URBANIZACIÓN SAN ANTONIO;;;;;
10;50;119;1;GELSA;;;;;
10;50;120;1;GODOJOS;;;;;
10;50;121;1;GOTOR;;;;;
10;50;122;1;GRISEL;;;;;
10;50;123;1;GRISÉN;;;;;
10;50;124;1;HERRERA DE LOS NAVARROS;;;;;
10;50;124;2;VIRGEN DE HERRERA;;;;;
10;50;125;1;IBDES;;;;;
10;50;126;1;ILLUECA;;;;;
10;50;128;1;ISUERRE;;;;;
10;50;129;1;JARABA;;;;;
10;50;130;1;JARQUE;;;;;
10;50;131;1;JAULÍN;;;;;
10;50;132;1;LA JOYOSA;;;;;
10;50;132;2;MARLOFA;;;;;
10;50;133;1;LAGATA;;;;;
10;50;134;1;LANGA DEL CASTILLO;;;;;
10;50;135;1;LAYANA;;;;;
10;50;136;1;LECERA;;;;;
10;50;137;1;LECIÑENA;;;;;
10;50;138;1;LECHÓN;;;;;
10;50;139;1;LETUX;;;;;
10;50;140;1;LITAGO;;;;;
10;50;141;1;LITUÉNIGO;;;;;
10;50;142;1;LOBERA DE ONSELLA;;;;;
10;50;143;1;LONGARES;;;;;
10;50;144;1;LONGÁS;;;;;
10;50;146;1;BERBEDEL;;;;;
10;50;146;2;LUCENA DE JALÓN;;;;;
10;50;147;1;LOS CABEZOS;;;;;
10;50;147;2;LUCENI;;;;;
10;50;147;3;MONTE COMUNES;;;;;
10;50;148;1;LUESIA;;;;;
10;50;149;1;LUESMA;;;;;
10;50;150;1;LUMPIAQUE;;;;;
10;50;151;1;LACORVILLA;;;;;
10;50;151;2;LUNA;;;;;
10;50;152;1;MAELLA;;;;;
10;50;153;1;MAGALLÓN;;;;;
10;50;154;1;MAINAR;;;;;
10;50;155;1;MALANQUILLA;;;;;
10;50;156;1;MALEJÁN;;;;;
10;50;157;1;MALÓN;;;;;
10;50;159;1;MALUENDA;;;;;
10;50;160;1;MALLÉN;;;;;
10;50;161;1;MANCHONES;;;;;
10;50;162;1;MARA;;;;;
10;50;163;1;MARIA DE HUERVA;;;;;
10;50;163;2;PASO DE LOS CARROS;;;;;
10;50;163;3;BOSQUE ALTO;;;;;
10;50;163;4;CAMPO DEL NIÑO;;;;;
10;50;163;5;MONTE PINAR;;;;;
10;50;163;6;PASO DE LOS CARROS;;;;;
10;50;163;7;VAL DE PINAR;;;;;
10;50;164;1;MEDIANA DE ARAGÓN;;;;;
10;50;164;2;MOLINO ALTO;;;;;
10;50;165;1;MEQUINENZA;;;;;
10;50;166;1;MESONES DE ISUELA;;;;;
10;50;167;1;AYLES;;;;;
10;50;167;2;MEZALOCHA;;;;;
10;50;168;1;MIANOS;;;;;
10;50;169;1;MIEDES DE ARAGÓN;;;;;
10;50;170;1;MONEGRILLO;;;;;
10;50;171;1;MONEVA;;;;;
10;50;172;1;GRANJA DE SAN PEDRO;;;;;
10;50;172;2;MONREAL DE ARIZA;;;;;
10;50;173;1;LLUMES;;;;;
10;50;173;2;MONTERDE;;;;;
10;50;174;1;MONTÓN;;;;;
10;50;175;1;LAS HUERTAS;;;;;
10;50;175;2;MORATA DE JALON;;;;;
10;50;176;1;MORATA DE JILOCA;;;;;
10;50;177;1;MORÉS;;;;;
10;50;177;2;PURROY;;;;;
10;50;178;1;MOROS;;;;;
10;50;179;1;MOYUELA;;;;;
10;50;180;1;MOZOTA;;;;;
10;50;181;1;LA ESTACION;;;;;
10;50;181;2;MUEL;;;;;
10;50;181;3;VIRGEN DE LA FUENTE;;;;;
10;50;181;4;MONTESOL;;;;;
10;50;181;5;PARQUEMUEL;;;;;
10;50;182;1;ALTO DE LA MUELA;;;;;
10;50;182;2;LA MUELA;;;;;
10;50;183;1;MUNEBREGA;;;;;
10;50;184;1;MURERO;;;;;
10;50;185;1;CONCILIO;;;;;
10;50;185;2;MORAN;;;;;
10;50;185;3;MURILLO DE GALLEGO;;;;;
10;50;186;1;GORDUES;;;;;
10;50;186;2;GORDUN;;;;;
10;50;186;3;NAVARDUN;;;;;
10;50;187;1;NIGÜELLA;;;;;
10;50;188;1;NOMBREVILLA;;;;;
10;50;189;1;NONASPE;;;;;
10;50;190;1;NOVALLAS;;;;;
10;50;191;1;NOVILLAS;;;;;
10;50;192;1;LUGAR NUEVO;;;;;
10;50;192;2;MONASTERIO DE PIEDRA;;;;;
10;50;192;3;NUEVALOS;;;;;
10;50;192;4;LA TRANQUERA;;;;;
10;50;193;1;NUEZ DE EBRO;;;;;
10;50;194;1;OLVÉS;;;;;
10;50;195;1;ORCAJO;;;;;
10;50;196;1;ORERA;;;;;
10;50;197;1;ORÉS;;;;;
10;50;198;1;OSEJA;;;;;
10;50;199;1;AGUILAR DE EBRO;;;;;
10;50;199;2;OSERA DE EBRO;;;;;
10;50;199;3;URBANIZACIÓN EXTRAMUROS;;;;;
10;50;200;1;PANIZA;;;;;
10;50;201;1;PARACUELLOS DE JILOCA;;;;;
10;50;202;1;PARACUELLOS DE LA RIBERA;;;;;
10;50;203;1;LA ALFRANCA;;;;;
10;50;203;2;PASTRIZ;;;;;
10;50;204;1;PEDROLA;;;;;
10;50;205;1;LAS PEDROSAS;;;;;
10;50;206;1;PERDIGUERA;;;;;
10;50;207;1;MARRACOS;;;;;
10;50;207;2;PIEDRATAJADA;;;;;
10;50;207;3;SALTO DEL LOBO;;;;;
10;50;208;1;PINA DE EBRO;;;;;
10;50;209;1;PINSEQUE;;;;;
10;50;209;2;URBANIZACIÓN LAGO AZUL;;;;;
10;50;209;3;URBANIZACIÓN PRADOS DEL REY;;;;;
10;50;210;1;PINTANO;;;;;
10;50;210;2;UNDUES PINTANO;;;;;
10;50;211;1;PLASENCIA DE JALÓN;;;;;
10;50;211;2;LA VENTA;;;;;
10;50;212;1;PLEITAS;;;;;
10;50;213;1;PLENAS;;;;;
10;50;214;1;POMER;;;;;
10;50;215;1;POZUEL DE ARIZA;;;;;
10;50;216;1;POZUELO DE ARAGÓN;;;;;
10;50;217;1;PRADILLA DE EBRO;;;;;
10;50;218;1;PUEBLA DE ALBORTÓN;;;;;
10;50;219;1;LA PUEBLA DE ALFIDÉN;;;;;
10;50;220;1;PUENDELUNA;;;;;
10;50;221;1;PURUJOSA;;;;;
10;50;222;1;QUINTO;;;;;
10;50;223;1;REMOLINOS;;;;;
10;50;224;1;RETASCÓN;;;;;
10;50;225;1;RICLA;;;;;
10;50;227;1;ROMANOS;;;;;
10;50;228;1;RUEDA DE JALÓN;;;;;
10;50;229;1;RUESCA;;;;;
10;50;230;1;ALERA;;;;;
10;50;230;2;SADABA;;;;;
10;50;231;1;SALILLAS DE JALÓN;;;;;
10;50;232;1;LORBES;;;;;
10;50;232;2;SALVATIERRA DE ESCA;;;;;
10;50;233;1;SAMPER DEL SALZ;;;;;
10;50;234;1;SAN MARTÍN DE LA VIRGEN DEL MONCAYO;;;;;
10;50;234;2;SAN MARTIN URBANIZACION;;;;;
10;50;235;1;SAN MATEO DE GÁLLEGO;;;;;
10;50;236;1;LA ALDEHUELA DE SANTA CRUZ;;;;;
10;50;236;2;SANTA CRUZ DE GRIO;;;;;
10;50;237;1;SANTA CRUZ DEL MONCAYO;;;;;
10;50;238;1;SANTA EULALI DE GÁLLEGO;;;;;
10;50;239;1;SANTED;;;;;
10;50;240;1;MENUZA;;;;;
10;50;240;2;SASTAGO;;;;;
10;50;241;1;SABIÑÁN;;;;;
10;50;242;1;SEDILES;;;;;
10;50;243;1;SESTRICA;;;;;
10;50;243;2;VIVIER DE LA SIERRA;;;;;
10;50;244;1;SIERRA DE LUNA;;;;;
10;50;245;1;ASSO-VERAL;;;;;
10;50;245;2;ESCO;;;;;
10;50;245;3;SIGÜES;;;;;
10;50;245;4;TIERMAS;;;;;
10;50;246;1;SISAMÓN;;;;;
10;50;247;1;SOBRADIEL;;;;;
10;50;247;2;SOTO DE CANDESPINA;;;;;
10;50;248;1;BARUES;;;;;
10;50;248;2;CAMPO REAL;;;;;
10;50;248;3;MAMILLAS;;;;;
10;50;248;4;SOFUENTES;;;;;
10;50;248;5;SOS DEL REY CATOLICO;;;;;
10;50;248;80;CASTILLO BARUES;;;;;
10;50;248;81;NOVELLACO;;;;;
10;50;249;1;TABUENCA;;;;;
10;50;250;1;TALAMENTES;;;;;
10;50;251;1;TARAZONA;;;;;
10;50;251;2;CUNCHILLOS;;;;;
10;50;251;3;TORRES DE MONTECIERZO;;;;;
10;50;251;4;TORTOLES;;;;;
10;50;252;1;SANCHO ABARCA;;;;;
10;50;252;2;SANTA ENGRACIA;;;;;
10;50;252;3;TAUSTE;;;;;
10;50;253;1;AZUCARERA;;;;;
10;50;253;2;TERRER;;;;;
10;50;254;1;TIERGA;;;;;
10;50;255;1;TOBED;;;;;
10;50;256;1;TORRALBA DE LOS FRAILES;;;;;
10;50;257;1;TORRALBA DE RIBOTA;;;;;
10;50;258;1;TORRALBILLA;;;;;
10;50;259;1;TORREHERMOSA;;;;;
10;50;260;1;TOMILLARES;;;;;
10;50;260;2;TORRELAPAJA;;;;;
10;50;261;1;TORRELLAS;;;;;
10;50;262;1;GRANJA DE SANTA INES;;;;;
10;50;262;2;TORRES DE BERRELLÉN;;;;;
10;50;263;1;TORRIJO DE LA CAÑADA;;;;;
10;50;264;1;TOSOS;;;;;
10;50;265;1;TRASMOZ;;;;;
10;50;266;1;TRASOBARES;;;;;
10;50;267;1;UNCASTILLO;;;;;
10;50;268;1;URDUÉS DE LERDA;;;;;
10;50;269;1;URREA DE JALÓN;;;;;
10;50;270;1;URRIÉS;;;;;
10;50;271;1;USED;;;;;
10;50;272;1;UTEBO;;;;;
10;50;272;2;SETABIA;;;;;
10;50;273;1;VALDEHORNA;;;;;
10;50;274;1;VAL DE SAN MARTÍN;;;;;
10;50;275;1;VALMADRID;;;;;
10;50;276;1;VALPALMAS;;;;;
10;50;277;1;VALTORRES;;;;;
10;50;278;1;VELILLA DE EBRO;;;;;
10;50;279;1;VELILLA DE JILOCA;;;;;
10;50;280;1;VERA DE MONCAYO;;;;;
10;50;280;2;VERUELA;;;;;
10;50;281;1;VIERLAS;;;;;
10;50;282;1;LA VILUEÑA;;;;;
10;50;283;1;VILLADOZ;;;;;
10;50;284;1;VILLAFELICHE;;;;;
10;50;285;1;VILLAFRANCA DE EBRO;;;;;
10;50;286;1;VILLALBA DE PEREJIL;;;;;
10;50;287;1;VILLALENGUA;;;;;
10;50;288;1;EL BATAN;;;;;
10;50;288;2;EL COMERCIO;;;;;
10;50;288;3;VILLANUEVA DE GALLEGO;;;;;
10;50;289;1;VILLANUEVA DE JILOCA;;;0;0;0
10;50;290;1;VILLANUEVA DE HUERVA;;;;;
10;50;291;1;VILLAR DE LOS NAVARROS;;;;;
10;50;292;1;VILLARREAL DE HUERVA;;;;;
10;50;293;1;VILLARROYA DE LA SIERRA;;;;;
10;50;294;1;VILLARROYA DEL CAMPO;;;;;
10;50;295;1;VISTABELLA;;;;;
10;50;296;1;LA ZAIDA;;;;;
10;50;297;1;ALFOCEA;;;;;
10;50;297;2;CARTUJA BAJA;;;;;
10;50;297;3;CASETAS;;;;;
10;50;297;4;GARRAPINILLOS;;;;;
10;50;297;5;JUSLIBOL;;;;;
10;50;297;6;MALPICA;;;;;
10;50;297;7;MONTAÑANA;;;;;
10;50;297;8;MONZALBARBA;;;;;
10;50;297;9;MOVERA;;;;;
10;50;297;10;PEÑAFLOR;;;;;
10;50;297;11;SAN JUAN DE MOZARRIFAR;;;;;
10;50;297;12;SANTA ISABEL;;;;;
10;50;297;13;TORRECILLA DE VALMADRID;;;;;
10;50;297;14;VENTA DEL OLIVAR;;;;;
10;50;297;15;VILLAMAYOR;;;;;
10;50;297;16;VILLARRAPA;;;;;
10;50;297;17;ZARAGOZA;;;;;
10;50;297;18;SAN GREGORIO;;;;;
10;50;297;19;SANTA FE DE HUERVA;;;;;
10;50;297;20;SAN GREGORIO;;;;;
10;50;297;21;COGULLADA;;;;;
10;50;298;1;EL ALIAGAR;;;;;
10;50;298;2;AZUD DEL RABAL;;;;;
10;50;298;3;EL CAMPILLO;;;;;
10;50;298;4;ESTACION PORTAZGO;;;;;
10;50;298;5;LAS GALIAS;;;;;
10;50;298;6;LAS LOMAS DEL GÁLLEGO;;;;;
10;50;298;7;ONTINAR DEL SALZ;;;;;
10;50;298;8;PUILATOS;;;;;
10;50;298;9;EL TURRULLON;;;;;
10;50;298;10;ZUERA;;;;;
10;50;901;1;BIEL;;;;;
10;50;901;2;FUENCALDERAS;;;;;
10;50;901;3;VIVER DE LA SIERRA;;;;;
10;50;902;1;MARRACOS;;;;;
10;50;902;2;SALTO DEL LOBO;;;;;
10;50;903;1;VILLAMAYOR DE GÁLLEGO;;;0;0;0
10;50;999;0;NO DETERMINADA;;;;;
11;2;0;1;INDETERMINADO;;;;;
11;2;1;1;ABENGIBRE;;;;;
11;2;2;1;ALATOZ;;;;;
11;2;3;1;AGUAS NUEVAS;;;;;
11;2;3;2;ALBACETE;;;;;
11;2;3;3;LOS ANGUIJES;;;;;
11;2;3;4;ARGAMASÓN;;;;;
11;2;3;5;BACARIZA;;;;;
11;2;3;6;CAMPILLO DE LAS DOBLAS;;;;;
11;2;3;7;CASA CAPITAN;;;;;
11;2;3;8;CASA GRANDE;;;;;
11;2;3;9;LOS LLANOS;;;;;
11;2;3;11;LA PULGOSA;;;;;
11;2;3;12;EL SALOBRAL;;;;;
11;2;3;13;SANTA ANA;;;;;
11;2;3;14;TINAJEROS;;;;;
11;2;3;15;LA TORRECICA;;;;;
11;2;3;16;VILLAR DE POZO-RUBIO;;;;;
11;2;3;17;ABUZADERAS;;;;;
11;2;3;18;CASA DE LAS MONJAS;;;;;
11;2;3;19;CERRO LOBO;;;;;
11;2;3;20;URBANIZACION EL PEÑASCAL;;;;;
11;2;3;21;URBANIZACION LOS ROSALES;;;;;
11;2;3;22;URBANIZACION SANTA CLARA;;;;;
11;2;3;23;URBANIZACION LA HOYA DE CASA JUAREZ;;;;;
11;2;3;24;URBANIZACION OSUNA;;;;;
11;2;3;25;ANGUIJES (LOS);;;;;
11;2;3;26;URBANIZACION ALTOS DE ESCUCHA;;;;;
11;2;3;27;URBANIZACION CASAS VIEJAS;;;;;
11;2;3;28;URBANIZACION LA FLORIDA;;;;;
11;2;3;29;LLANOS (LOS);;;;;
11;2;3;30;BASE AEREA DE LOS LLANOS;;;;;
11;2;3;31;PULGOSA (LA);;;;;
11;2;3;32;SALOBRAL (EL);;;;;
11;2;3;33;URBANIZACION RIACHUELOS 1;;;;;
11;2;3;34;TORRECICA (LA);;;;;
11;2;3;35;URBANIZACION PINARES DEL JUCAR;;;;;
11;2;4;1;ALBATANA;;;;;
11;2;5;1;ALBOREA;;;;;
11;2;6;1;ALCADOZO;;;;;
11;2;6;2;CASASOLA;;;;;
11;2;6;3;FUENTE DEL PINO;;;;;
11;2;6;4;LA HERRERIA;;;;;
11;2;6;5;LA MOLATA;;;;;
11;2;6;6;MOLINAR;;;;;
11;2;6;7;SANTA ANA;;;;;
11;2;6;8;HERRERIA (LA);;;;;
11;2;6;9;MOLATA (LA);;;;;
11;2;7;1;ALCALA DEL JUCAR;;;;;
11;2;7;2;CASAS DEL CERRO;;;;;
11;2;7;3;LAS ERAS;;;;;
11;2;7;4;LA GILA;;;;;
11;2;7;5;MARIMÍNGUEZ;;;;;
11;2;7;6;TOLOSA;;;;;
11;2;7;7;ZULEMA;;;;;
11;2;7;8;ERAS (LAS);;;;;
11;2;7;9;GILA (LA);;;;;
11;2;8;1;ALCARAZ;;;;;
11;2;8;2;CANALEJA;;;;;
11;2;8;3;EL HORCAJO;;;;;
11;2;8;4;LA HOZ;;;;;
11;2;8;5;EL JARDIN;;;;;
11;2;8;6;LA MESTA;;;;;
11;2;8;7;SOLANILLA;;;;;
11;2;8;8;HORCAJO (EL);;;;;
11;2;8;9;HOZ (LA);;;;;
11;2;8;10;JARDIN (EL);;;;;
11;2;8;11;MESTA (LA);;;;;
11;2;9;1;ALMANSA;;;;;
11;2;10;1;ALPERA;;;;;
11;2;11;1;AYNA;;;;;
11;2;11;2;LA DEHESA;;;;;
11;2;11;3;EL GINETE;;;;;
11;2;11;4;EL GRIEGO;;;;;
11;2;11;5;MORISCOTE;;;;;
11;2;11;6;LA NAVAZUELA;;;;;
11;2;11;7;LA NOGUERA;;;;;
11;2;11;8;ROYO-ODREA;;;;;
11;2;11;9;LA SARGUILLA;;;;;
11;2;11;10;EL VILLAREJO;;;;;
11;2;11;11;EL POZUELO;;;;;
11;2;11;12;DEHESA (LA);;;;;
11;2;11;13;GINETE (EL);;;;;
11;2;11;14;GRIEGO (EL);;;;;
11;2;11;15;NAVAZUELA (LA);;;;;
11;2;11;16;NOGUERA (LA);;;;;
11;2;11;17;HOYAS (LAS);;;;;
11;2;11;18;SARGUILLA (LA);;;;;
11;2;11;19;VILLAREJO (EL);;;;;
11;2;11;20;POZUELO (EL);;;;;
11;2;12;1;BALAZOTE;;;;;
11;2;13;1;BALSA DE VES;;;;;
11;2;13;2;CANTOBLANCO;;;;;
11;2;13;3;LA PARED;;;;;
11;2;13;4;EL VISO;;;;;
11;2;13;5;PARED (LA);;;;;
11;2;13;6;VISO (EL);;;;;
11;2;14;1;EL BALLESTERO;;;;;
11;2;14;2;BALLESTERO (EL);;;;;
11;2;15;1;BARRAX;;;;;
11;2;16;1;BIENSERVIDA;;;;;
11;2;17;1;EL ALTICO;;;;;
11;2;17;2;BOGARRA;;;;;
11;2;17;3;CAÑADAS DE HACHES DE ABAJO;;;;;
11;2;17;4;CAÑADAS DE HACHES DE ARRIBA;;;;;
11;2;17;5;LAS CASAS DE HACHES;;;;;
11;2;17;6;LA DEHESA DEL VAL;;;;;
11;2;17;7;LAS MOHEDAS;;;;;
11;2;17;8;POTICHE;;;;;
11;2;17;9;YEGUARIZAS;;;;;
11;2;17;10;ALTICO (EL);;;;;
11;2;17;11;CASAS DE HACHES (LAS);;;;;
11;2;17;12;DEHESA DEL VAL (LA);;;;;
11;2;17;13;CASAS DE RAMON;;;;;
11;2;17;14;MOHEDAS (LAS);;;;;
11;2;17;15;VIZCAINOS (LOS);;;;;
11;2;18;1;BONETE;;;;;
11;2;19;1;EL BONILLO;;;;;
11;2;19;2;SOTUELAMOS;;;;;
11;2;19;3;BONILLO (EL);;;;;
11;2;20;1;CARCELEN;;;;;
11;2;20;2;CASAS DE JUAN GIL;;;;;
11;2;21;1;CASAS DE JUAN NUÑEZ;;;;;
11;2;22;1;BERRO;;;;;
11;2;22;2;CASAS DE LAZARO;;;;;
11;2;22;3;CUCHARAL;;;;;
11;2;22;4;NAVALENGUA;;;;;
11;2;22;5;EL BATÁN;;;;;
11;2;22;6;BATÁN MAZOS;;;;;
11;2;22;7;BATAN (EL);;;;;
11;2;23;1;CASAS DE VES;;;;;
11;2;24;1;CASAS IBAÑEZ;;;;;
11;2;24;2;SERRADIEL;;;;;
11;2;25;1;CAUDETE;;;;;
11;2;26;1;CENIZATE;;;;;
11;2;27;1;CORRAL-RUBIO;;;;;
11;2;27;2;LA HIGUERA;;;;;
11;2;27;3;HIGUERA (LA);;;;;
11;2;28;1;ARROYOFRIO;;;;;
11;2;28;2;COTILLAS;;;;;
11;2;28;3;RESINERA - RIO DE COTILLAS;;;;;
11;2;28;4;RIO DE COTILLAS O RESINERA;;;;;
11;2;29;1;CASA BLANCA DE LOS RIOTEROS;;;;;
11;2;29;2;CHINCHILLA DE MONTE-ARAGÓN;;;;;
11;2;29;3;ESTACION DE CHINCHILLA;;;;;
11;2;29;4;LA FELIPA;;;;;
11;2;29;5;HORNA;;;;;
11;2;29;6;PINILLA;;;;;
11;2;29;7;POZO BUENO;;;;;
11;2;29;8;POZO DE LA PEÑA;;;;;
11;2;29;9;VILLAR DE CHINCHILLA;;;;;
11;2;29;10;FELIPA (LA);;;;;
11;2;30;1;ELCHE DE LA SIERRA;;;;;
11;2;30;2;FUENTE DEL TAIF;;;;;
11;2;30;3;HORNO-CIEGO;;;;;
11;2;30;4;PEÑARRUBIA;;;;;
11;2;30;5;VICORTO;;;;;
11;2;30;6;VILLARES;;;;;
11;2;30;7;GALLEGO;;;;;
11;2;30;8;LA LONGUERA;;;;;
11;2;30;9;PERALTA;;;;;
11;2;30;10;PUERTO DEL PINO;;;;;
11;2;30;11;LONGUERA (LA);;;;;
11;2;31;1;FÉREZ;;;;;
11;2;32;1;FUENSANTA;;;;;
11;2;33;1;FUENTE-ÁLAMO;;;;;
11;2;34;1;BORMATE;;;;;
11;2;34;2;CAMPOALBILLO;;;;;
11;2;34;3;FUENTEALBILLA;;;;;
11;2;35;1;LA GINETA;;;;;
11;2;35;2;LA GRAJUELA;;;;;
11;2;35;3;GINETA (LA);;;;;
11;2;35;4;OLIVOS (LOS);;;;;
11;2;35;5;GRAJUELA (LA);;;;;
11;2;36;1;GOLOSALVO;;;;;
11;2;37;1;AGRA;;;;;
11;2;37;2;AGRAMÓN;;;;;
11;2;37;3;CANCARIX;;;;;
11;2;37;4;CAÑADA DE AGRA;;;;;
11;2;37;5;HELLÍN;;;;;
11;2;37;6;ISSO;;;;;
11;2;37;7;LAS MINAS;;;;;
11;2;37;9;MINGOGIL;;;;;
11;2;37;10;NAVA CAMPAÑA;;;;;
11;2;37;11;TORRE UCHEA;;;;;
11;2;37;12;RINCÓN DEL MORO;;;;;
11;2;37;13;LA HORCA;;;;;
11;2;37;14;MINATEDA;;;;;
11;2;37;15;AGRAMON ESTACION;;;;;
11;2;37;16;MINAS (LAS);;;;;
11;2;37;17;HORCA (LA);;;;;
11;2;38;2;LA HERRERA;;;;;
11;2;38;3;CASA HITA;;;;;
11;2;38;4;CASA IDEAS;;;;;
11;2;38;5;CASA NUEVA DEL CUARTICO;;;;;
11;2;38;6;CASILLA DE ABAJO;;;;;
11;2;38;7;CASILLA DE ARRIBA;;;;;
11;2;38;8;EL CUARTICO;;;;;
11;2;38;9;CUARTO ALBORGA;;;;;
11;2;38;10;LA CHORIZA;;;;;
11;2;38;11;LA CHOZA;;;;;
11;2;38;12;ONCEBREROS;;;;;
11;2;38;13;HERRERA (LA);;;;;
11;2;38;14;CUARTICO (EL);;;;;
11;2;38;15;CHORIZA (LA);;;;;
11;2;39;2;CASILLAS DE MARÍN DE ABAJO;;;;;
11;2;39;3;HIGUERUELA;;;;;
11;2;39;4;ONCEBREROS;;;;;
11;2;40;1;HOYA-GONZALO;;;;;
11;2;41;1;ALCOZAREJOS;;;;;
11;2;41;2;CALZADA DE VERGARA;;;;;
11;2;41;3;CUBAS;;;;;
11;2;41;4;JORQUERA;;;;;
11;2;41;5;MALDONADO;;;;;
11;2;42;1;ABEJUELA;;;;;
11;2;42;2;LA DEHESA;;;;;
11;2;42;3;LETUR;;;;;
11;2;42;4;LA SIERRA;;;;;
11;2;42;5;DEHESA (LA);;;;;
11;2;42;6;CASAS (LAS);;;;;
11;2;42;7;CASAS BLAS CANO;;;;;
11;2;42;8;CASAS DE PEDRO TOMAS;;;;;
11;2;42;9;CASAS DEL PINO;;;;;
11;2;42;10;COLLADO (EL);;;;;
11;2;42;11;TOBAR (EL);;;;;
11;2;42;12;ERA DEL ROSAL;;;;;
11;2;42;13;SAN ANTON;;;;;
11;2;42;14;SIERRA (LA);;;;;
11;2;42;15;CASA BLANCA;;;;;
11;2;42;16;FUENTE LA SABINA;;;;;
11;2;43;1;LEZUZA;;;;;
11;2;43;2;TIRIEZ;;;;;
11;2;43;3;LA YUNQUERA;;;;;
11;2;43;4;VALDELARAS DE ABAJO;;;;;
11;2;43;5;VALDELARAS DE ARRIBA;;;;;
11;2;43;6;YUNQUERA (LA);;;;;
11;2;44;1;CAÑADA DE TOBARRA;;;;;
11;2;44;2;CASABLANCA;;;;;
11;2;44;3;EL GINETE;;;;;
11;2;44;4;HIJAR;;;;;
11;2;44;5;LIETOR;;;;;
11;2;44;6;MULLIDAR;;;;;
11;2;44;7;TALAVE;;;;;
11;2;44;8;GINETE (EL);;;;;
11;2;45;1;MADRIGUERAS;;;;;
11;2;46;1;MAHORA;;;;;
11;2;47;1;CILLERUELO;;;;;
11;2;47;2;ITUERO;;;;;
11;2;47;3;MASEGOSO;;;;;
11;2;47;4;PEÑARRUBIA;;;;;
11;2;48;1;MINAYA;;;;;
11;2;49;1;LOS ALEJOS;;;;;
11;2;49;2;LA ALFERA;;;;;
11;2;49;3;LAS ANIMAS;;;;;
11;2;49;4;CAÑADA DE MOROTE;;;;;
11;2;49;5;CAÑADA DEL PROVENCIO;;;;;
11;2;49;6;LOS COLLADOS;;;;;
11;2;49;7;FUENTE-CARRASCA;;;;;
11;2;49;8;FUENTE-HIGUERA;;;;;
11;2;49;9;LAS HOYAS;;;;;
11;2;49;10;MESONES;;;;;
11;2;49;11;MOLINICOS;;;;;
11;2;49;12;EL PARDAL;;;;;
11;2;49;13;PINILLA;;;;;
11;2;49;14;QUEJIGAL;;;;;
11;2;49;15;TORRE-PEDRO;;;;;
11;2;49;16;VEGALLERA;;;;;
11;2;49;17;ALEJOS (LOS);;;;;
11;2;49;18;ALFERA (LA);;;;;
11;2;49;19;ANIMAS (LAS);;;;;
11;2;49;20;COLLADOS (LOS);;;;;
11;2;49;21;HOYAS (LAS);;;;;
11;2;49;22;PARDAL (EL);;;;;
11;2;49;23;CHOVALES (LOS);;;;;
11;2;50;1;MONTALVOS;;;;;
11;2;51;1;MONTEALEGRE DEL CASTILLO;;;;;
11;2;52;1;MOTILLEJA;;;;;
11;2;53;1;MUNERA;;;;;
11;2;54;1;NAVAS DE JORQUERA;;;;;
11;2;55;1;BEG;;;;;
11;2;55;2;VIZCABLE;;;;;
11;2;55;3;CAÑADAS;;;;;
11;2;55;4;CASAS DE LA CABEZA;;;;;
11;2;55;5;LA DEHESA;;;;;
11;2;55;6;LOS CHORRETITES DE ABAJO;;;;;
11;2;55;7;JUTIA;;;;;
11;2;55;8;HUEBRAS;;;;;
11;2;55;9;NERPIO;;;;;
11;2;55;10;PEDRO ANDRÉS;;;;;
11;2;55;11;TURRILLA;;;;;
11;2;55;12;YETAS;;;;;
11;2;55;13;MOLATA (LA);;;;;
11;2;55;14;FUENTE DE LA CARRASCA;;;;;
11;2;55;15;DEHESA (LA);;;;;
11;2;55;16;CORTIJO DEL HERRERO;;;;;
11;2;55;17;CHORRETITES DE ABAJO (LOS);;;;;
11;2;55;18;CORTIJO NUEVO;;;;;
11;2;55;19;BOJADILLAS;;;;;
11;2;55;20;YETAS DE ABAJO;;;;;
11;2;56;1;ONTUR;;;;;
11;2;57;1;LAGUNAS DE RUIDERA;;;;;
11;2;57;2;OSSA DE MONTIEL;;;;;
11;2;57;3;OSSA MENOR-CABEZA DE LA DEHESA;;;;;
11;2;58;1;BATÁN DEL PUERTO;;;;;
11;2;58;2;CASA NUEVA;;;;;
11;2;58;3;CASA ROSA;;;;;
11;2;58;4;LOS CATALMEREJOS;;;;;
11;2;58;5;CORTIJO DE TORTAS;;;;;
11;2;58;6;PATERNA DEL MADERA;;;;;
11;2;58;7;RIO MADERA;;;;;
11;2;58;8;CATALMEREJOS (LOS);;;;;
11;2;58;9;RIO MADERA DE ABAJO;;;;;
11;2;58;10;RIO MADERA DE LA ESCUELA;;;;;
11;2;59;1;ARTEAGA DE ARRIBA;;;;;
11;2;59;2;BURRUECO;;;;;
11;2;59;3;CERROBLANCO;;;;;
11;2;59;4;FUENLABRADA;;;;;
11;2;59;5;PEÑASCOSA;;;;;
11;2;59;6;PESEBRE;;;;;
11;2;59;7;ZORIO;;;;;
11;2;60;2;CASA CAÑETE;;;;;
11;2;60;5;FONTANAR DE LAS VILLAS;;;;;
11;2;60;6;LA FUENSANTA;;;;;
11;2;60;7;PEÑAS DE SAN PEDRO;;;;;
11;2;60;12;LA SOLANA;;;;;
11;2;60;13;FUENSANTA (LA);;;;;
11;2;60;14;CASA DE LA RAMBLA;;;;;
11;2;60;15;ROYO (EL);;;;;
11;2;60;16;SAHUCO (EL);;;;;
11;2;60;17;SOLANA (LA);;;;;
11;2;61;1;LAS ANORIAS;;;;;
11;2;61;2;PÉTROLA;;;;;
11;2;61;3;ANORIAS (LAS);;;;;
11;2;62;1;POVEDILLA;;;;;
11;2;63;1;CAMPILLO DE LA VIRGEN;;;;;
11;2;63;2;NAVA DE ABAJO;;;;;
11;2;63;3;NAVA DE ARRIBA;;;;;
11;2;63;4;LOS POCICOS;;;;;
11;2;63;5;POZOHONDO;;;;;
11;2;63;6;POCICOS (LOS);;;;;
11;2;64;1;POZO-LORENTE;;;;;
11;2;65;2;POZUELO;;;;;
11;2;65;3;LA ZARZA;;;;;
11;2;65;4;LA CASICA;;;;;
11;2;65;5;EL MADROÑO;;;;;
11;2;65;6;ZARZA (LA);;;;;
11;2;65;7;CASICA (LA);;;;;
11;2;65;8;MADROÑO (EL);;;;;
11;2;66;1;LA RECUEJA;;;;;
11;2;66;2;RECUEJA (LA);;;;;
11;2;67;1;CASA DE LA NOGUERA;;;;;
11;2;67;2;CORTIJO DEL CURA;;;;;
11;2;67;3;LA DEHESA;;;;;
11;2;67;4;RIOPAR;;;;;
11;2;67;5;EL GOLLIZO;;;;;
11;2;67;6;EL LAMINADOR;;;;;
11;2;67;7;LUGAR NUEVO;;;;;
11;2;67;8;EL NOGUERÓN;;;;;
11;2;67;9;RIOPAR VIEJO;;;;;
11;2;67;10;UMBRÍA-ANGULO;;;;;
11;2;67;11;DEHESA (LA);;;;;
11;2;67;12;CASA DE LAS TABLAS;;;;;
11;2;67;13;GOLLIZO (EL);;;;;
11;2;67;14;LAMINADOR (EL);;;;;
11;2;67;15;ARRECIFE;;;;;
11;2;67;16;NOGUERON (EL);;;;;
11;2;67;17;CARRIZAL (EL);;;;;
11;2;67;18;VILLAR (EL);;;;;
11;2;68;1;EL CUBILLO;;;;;
11;2;68;2;LOS CHOSPES;;;;;
11;2;68;3;ROBLEDO;;;;;
11;2;68;4;CUBILLO (EL);;;;;
11;2;68;5;CHOSPES (LOS);;;;;
11;2;69;1;LA RODA;;;;;
11;2;69;2;SANTA MARTA;;;;;
11;2;69;3;RODA (LA);;;;;
11;2;70;1;REOLID;;;;;
11;2;70;2;SALOBRE;;;;;
11;2;71;1;CAÑADA JUNCOSA;;;;;
11;2;71;2;CASAS DE ABAJO;;;;;
11;2;71;3;CUEVAS DEL MOLINO DE LAS DOS PIEDRAS;;;;;
11;2;71;4;SAN PEDRO;;;;;
11;2;72;1;CAÑADA BUENDÍA;;;;;
11;2;72;2;EL CAÑAR;;;;;
11;2;72;4;SOCOVOS;;;;;
11;2;72;5;LOS OLMOS;;;;;
11;2;72;6;TAZONA;;;;;
11;2;72;7;CAÑAR (EL);;;;;
11;2;72;8;OLMOS (LOS);;;;;
11;2;73;1;TARAZONA DE LA MANCHA;;;;;
11;2;74;1;ALJUBE;;;;;
11;2;74;2;CORDOVILLA;;;;;
11;2;74;3;MORA DE SANTA QUITERIA;;;;;
11;2;74;4;SANTIAGO DE MORA;;;;;
11;2;74;5;SIERRA;;;;;
11;2;74;6;TOBARRA;;;;;
11;2;74;7;LOS MARDOS;;;;;
11;2;74;8;MARDOS (LOS);;;;;
11;2;75;1;VALDEGANGA;;;;;
11;2;75;2;PUENTE TORRES;;;;;
11;2;76;1;VIANOS;;;;;
11;2;76;2;PARIDERAS;;;;;
11;2;76;3;ZAPATEROS;;;;;
11;2;77;1;VILLA DE VES;;;;;
11;2;77;2;BARRIO DEL SANTUARIO;;;;;
11;2;78;1;VILLAGORDO DEL JÚCAR;;;;;
11;2;79;1;VILLAMALEA;;;;;
11;2;79;2;CARCELES (LOS);;;;;
11;2;79;3;TABAQUEROS;;;;;
11;2;80;1;VILLAPALACIOS;;;;;
11;2;81;1;CASA DE LA PEÑA;;;;;
11;2;81;3;VILLARROBLEDO;;;;;
11;2;81;4;VENTAS DE ALCOLEA;;;;;
11;2;82;1;CILANCO;;;;;
11;2;82;2;VILLATOYA;;;;;
11;2;83;1;VILLAVALIENTE;;;;;
11;2;84;1;BELLOTAR;;;;;
11;2;84;2;CAMPILLO;;;;;
11;2;84;3;CARRASCOSA;;;;;
11;2;84;4;VENTA DE MENDOZA;;;;;
11;2;84;5;VILLAVERDE DE GUADALIMAR;;;;;
11;2;84;6;COLLADO;;;;;
11;2;84;7;PIFANIOS (LOS);;;;;
11;2;84;8;POLLO DE ABAJO;;;;;
11;2;84;9;SEMILLA BAJA;;;;;
11;2;84;10;PARRIZON;;;;;
11;2;84;11;RESINERA;;;;;
11;2;84;12;VENTA DEL TABAQUERO;;;;;
11;2;84;13;CUEVA AHUMADA;;;;;
11;2;85;1;VIVEROS;;;;;
11;2;86;1;ALCANTARILLA;;;;;
11;2;86;2;ARGUELLITE;;;;;
11;2;86;3;FUENTES;;;;;
11;2;86;4;GONTAR;;;;;
11;2;86;5;GRAYA;;;;;
11;2;86;6;JARTOS;;;;;
11;2;86;7;MOROPECHE;;;;;
11;2;86;8;PAULES;;;;;
11;2;86;9;RALA;;;;;
11;2;86;10;RASPILLA;;;;;
11;2;86;11;SEGE;;;;;
11;2;86;12;TINDAVAR;;;;;
11;2;86;13;TUS;;;;;
11;2;86;14;YESTE;;;;;
11;2;86;15;ALCANTARILLA DE ABAJO;;;;;
11;2;86;16;LADONAR;;;;;
11;2;86;17;PAROLIS;;;;;
11;2;86;18;PLAÑEL;;;;;
11;2;86;19;PRADOS (LOS);;;;;
11;2;86;20;BOCHE;;;;;
11;2;86;21;COLLADO CARRASCAS;;;;;
11;2;86;22;CASAS DE ABAJO;;;;;
11;2;86;23;CHORREONES;;;;;
11;2;86;24;COLLADO (EL);;;;;
11;2;86;25;ERMITA (LA);;;;;
11;2;86;26;MORRION (EL);;;;;
11;2;86;27;CASAS DE LA CUESTA;;;;;
11;2;86;28;CASAS DEL RIO;;;;;
11;2;86;29;CHURRITALES;;;;;
11;2;86;30;GALLEGOS (LOS);;;;;
11;2;86;31;MACALON;;;;;
11;2;86;32;MARCHANA;;;;;
11;2;86;33;TORRES (LAS);;;;;
11;2;86;34;ARROYO MOROTE DE ABAJO;;;;;
11;2;86;35;MARTINEZ (LOS);;;;;
11;2;86;36;PAJARELES;;;;;
11;2;86;37;PANTANO;;;;;
11;2;86;38;MAJADA CARRASCAS;;;;;
11;2;86;39;MUÑOCES;;;;;
11;2;86;40;TEJERUELA;;;;;
11;2;86;41;PAULES DE ARRIBA;;;;;
11;2;86;42;CORTIJO DE LA JULIANA;;;;;
11;2;86;43;LLANO DE LA TORRE;;;;;
11;2;86;44;CAMPOS (LOS);;;;;
11;2;86;45;PARRILLA (LA);;;;;
11;2;86;46;QUEBRADAS;;;;;
11;2;86;47;ARROYO SUJAYAR;;;;;
11;2;86;48;CLARAS;;;;;
11;2;86;49;FUENTE HIGUERA;;;;;
11;2;86;50;JUAN QUILEZ;;;;;
11;2;86;51;LLANO ALIPAN;;;;;
11;2;86;52;TORIL;;;;;
11;2;86;53;CARRASCAL (EL);;;;;
11;2;86;54;CASICA (LA);;;;;
11;2;86;55;COLLADO TORNERO;;;;;
11;2;86;56;GILES (LOS);;;;;
11;2;86;57;LAGUNICAS;;;;;
11;2;86;58;MANUELES (LOS);;;;;
11;2;86;59;MOHEDA (LA);;;;;
11;2;86;60;PEDAZUELO;;;;;
11;2;86;61;VADO DE TUS;;;;;
11;2;86;62;VILLAR DE TUS;;;;;
11;2;901;1;POZO CAÑADA;;;;;
11;2;999;1;OTRA PROVINCIA;;;;;
11;13;0;1;INDETERMINADO;;;;;
11;13;1;1;ABENOJAR;;;;;
11;13;1;2;FRESNO (EL);;;;;
11;13;1;3;NAVALMEDIO DE MORALES;;;;;
11;13;1;4;FONTANOSAS;;;;;
11;13;2;1;AGUDO;;;;;
11;13;3;1;ALAMILLO;;;;;
11;13;4;1;ALBALADEJO;;;;;
11;13;5;1;ALAMEDA DE CERVERA;;;;;
11;13;5;2;ALCAZAR DE SAN JUAN;;;;;
11;13;5;3;CINCO CASAS;;;;;
11;13;6;1;ALCOBA;;;;;
11;13;6;2;SANTA QUITERIA;;;;;
11;13;7;1;ALCOLEA DE CALATRAVA;;;;;
11;13;8;1;ALCUBILLAS;;;;;
11;13;9;1;ALDEA DEL REY;;;;;
11;13;10;1;ALHAMBRA;;;;;
11;13;10;2;POZO DE LA SERNA;;;;;
11;13;11;1;ALMADEN;;;;;
11;13;12;1;ALMADENEJOS;;;;;
11;13;12;2;GARGANTIEL;;;;;
11;13;13;1;ALMAGRO;;;;;
11;13;14;1;ALMEDINA;;;;;
11;13;15;1;ALMODOVAR DEL CAMPO;;;;;
11;13;15;2;BIENVENIDA;;;;;
11;13;15;3;FONTANOSAS;;;;;
11;13;15;4;HORCAJO (MINAS DEL);;;;;
11;13;15;5;NAVACERRADA;;;;;
11;13;15;6;RETAMAR;;;;;
11;13;15;7;SAN BENITO;;;;;
11;13;15;8;TIRTEAFUERA;;;;;
11;13;15;9;VALDEAZOGUES;;;;;
11;13;15;10;VEREDAS;;;;;
11;13;15;11;VIÑUELA;;;;;
11;13;16;1;ALMURADIEL;;;;;
11;13;16;2;VENTA DE CARDENAS;;;;;
11;13;17;1;ANCHURAS;;;;;
11;13;17;2;ENCINACAIDA;;;;;
11;13;17;3;ENJAMBRE;;;;;
11;13;17;4;GAMONOSO;;;;;
11;13;17;5;HUERTAS DEL SAUCERAL (LAS);;;;;
11;13;18;1;ARENAS DE SAN JUAN;;;;;
11;13;19;1;ARGAMASILLA DE ALBA;;;;;
11;13;20;1;ARGAMASILLA DE CALATRAVA;;;;;
11;13;20;2;RESIDENCIAL LOS ENCINARES;;;;;
11;13;21;1;ARROBA DE LOS MONTES;;;;;
11;13;22;1;BALLESTEROS DE CALATRAVA;;;;;
11;13;23;1;BOLAÑOS DE CALATRAVA;;;;;
11;13;24;1;BRAZATORTAS;;;;;
11;13;24;2;ESTACION (LA);;;;;
11;13;24;3;GARGANTA (LA);;;;;
11;13;25;1;CABEZARADOS;;;;;
11;13;26;1;CABEZARRUBIAS DEL PUERTO;;;;;
11;13;27;1;CALZADA DE CALATRAVA;;;;;
11;13;27;2;HUERTEZUELAS;;;;;
11;13;27;3;MIRONES (LOS);;;;;
11;13;28;2;CAMPO DE CRIPTANA;;;;;
11;13;29;1;CAÑADA DE CALATRAVA;;;;;
11;13;30;1;CARACUEL DE CALATRAVA;;;;;
11;13;31;1;CARRION DE CALATRAVA;;;;;
11;13;32;1;CARRIZOSA;;;;;
11;13;33;1;CASTELAR DE SANTIAGO;;;;;
11;13;34;1;CASAS (LAS);;;;;
11;13;34;2;CIUDAD REAL;;;;;
11;13;34;4;VALVERDE;;;;;
11;13;34;5;POBLACHUELA (LA);;;;;
11;13;35;1;CORRAL DE CALATRAVA;;;;;
11;13;36;1;CORTIJOS DE ABAJO;;;;;
11;13;36;2;CORTIJOS DE ARRIBA;;;;;
11;13;36;3;CORTIJOS (LOS);;;;;
11;13;37;1;COZAR;;;;;
11;13;38;1;CHILLON;;;;;
11;13;39;1;DAIMIEL;;;;;
11;13;40;1;FERNAN CABALLERO;;;;;
11;13;41;1;FONTANAREJO;;;;;
11;13;42;1;FUENCALIENTE;;;;;
11;13;42;2;VENTILLAS;;;;;
11;13;43;1;FUENLLANA;;;;;
11;13;44;1;BALLESTEROS;;;;;
11;13;44;2;CHARCO DEL TAMUJO;;;;;
11;13;44;3;FUENTE EL FRESNO;;;;;
11;13;45;1;GRANATULA DE CALATRAVA;;;;;
11;13;46;1;GUADALMEZ;;;;;
11;13;47;1;HERENCIA;;;;;
11;13;48;1;HINOJOSAS DE CALATRAVA;;;;;
11;13;49;1;HORCAJO DE LOS MONTES;;;;;
11;13;50;1;LABORES (LAS);;;;;
11;13;51;3;LUCIANA;;;;;
11;13;52;1;CRISTO DEL ESPIRITU SANTO;;;;;
11;13;52;2;FUENCALIENTE;;;;;
11;13;52;3;MALAGON;;;;;
11;13;52;4;PERALOSAS (LAS);;;;;
11;13;52;5;PIEDRALA;;;;;
11;13;52;6;QUILES (LOS);;;;;
11;13;52;7;SOTILLO (EL);;;;;
11;13;52;8;VALDEHIERRO;;;;;
11;13;53;1;HERRERA DE LA MANCHA;;;;;
11;13;53;3;MANZANARES;;;;;
11;13;54;1;MEMBRILLA;;;;;
11;13;55;1;HOYO (EL);;;;;
11;13;55;2;MESTANZA;;;;;
11;13;55;3;SOLANILLA DEL TAMARAL;;;;;
11;13;56;1;MIGUELTURRA;;;;;
11;13;56;2;PERALVILLO;;;;;
11;13;57;1;MONTIEL;;;;;
11;13;58;1;MORAL DE CALATRAVA;;;;;
11;13;59;1;NAVALPINO;;;;;
11;13;60;1;NAVAS DE ESTENA;;;;;
11;13;61;1;PEDRO MUÑOZ;;;;;
11;13;62;1;PICON;;;;;
11;13;62;2;PEÑUELAS (LAS);;;;;
11;13;63;1;ALCORNOCAL (EL);;;;;
11;13;63;2;PIEDRABUENA;;;;;
11;13;64;1;POBLETE;;;;;
11;13;65;2;PORZUNA;;;;;
11;13;65;4;TIÑOSILLAS (LAS);;;;;
11;13;65;5;TORNO (EL);;;;;
11;13;65;6;TRINCHETO (EL);;;;;
11;13;65;7;CASAS DEL RIO (LAS);;;;;
11;13;66;1;POZUELO DE CALATRAVA;;;;;
11;13;67;1;POZUELOS DE CALATRAVA (LOS);;;;;
11;13;68;1;PUEBLA DE DON RODRIGO;;;;;
11;13;69;1;PUEBLA DEL PRINCIPE;;;;;
11;13;70;1;PUERTO LAPICE;;;;;
11;13;71;4;PUERTOLLANO;;;;;
11;13;71;5;VILLAR (EL);;;;;
11;13;71;6;URBANIZACION CIUDAD JARDIN;;;;;
11;13;72;1;PUEBLONUEVO DEL BULLAQUE;;;;;
11;13;72;2;MOLINILLO (EL);;;;;
11;13;72;3;RETUERTA DEL BULLAQUE;;;;;
11;13;73;1;SACERUELA;;;;;
11;13;74;1;SAN CARLOS DEL VALLE;;;;;
11;13;75;1;SAN LORENZO DE CALATRAVA;;;;;
11;13;76;1;SANTA CRUZ DE LOS CAÑAMOS;;;;;
11;13;77;1;SANTA CRUZ DE MUDELA;;;;;
11;13;78;1;SOCUELLAMOS;;;;;
11;13;79;1;SOLANA (LA);;;;;
11;13;80;2;SOLANA DEL PINO;;;;;
11;13;81;1;TERRINCHES;;;;;
11;13;81;2;ALDEA DEL COTO;;;;;
11;13;82;1;ESTACION RIO ZANCARA;;;;;
11;13;82;2;TOMELLOSO;;;;;
11;13;83;1;TORRALBA DE CALATRAVA;;;;;
11;13;83;2;CAMPOMOJADO;;;;;
11;13;83;3;POLIGONO LA VEGA;;;;;
11;13;84;1;TORRE DE JUAN ABAD;;;;;
11;13;85;1;TORRENUEVA;;;;;
11;13;86;1;VALDEMANCO DEL ESTERAS;;;;;
11;13;87;1;VALDEPEÑAS;;;;;
11;13;87;2;CONSOLACION;;;;;
11;13;87;3;PERAL (EL);;;;;
11;13;88;1;VALENZUELA DE CALATRAVA;;;;;
11;13;89;1;CAÑAMARES;;;;;
11;13;89;2;VILLAHERMOSA;;;;;
11;13;90;1;VILLAMANRIQUE;;;;;
11;13;91;1;VILLAMAYOR DE CALATRAVA;;;;;
11;13;92;1;VILLANUEVA DE LA FUENTE;;;;;
11;13;93;1;VILLANUEVA DE LOS INFANTES;;;;;
11;13;94;1;ALAMEDA (LA);;;;;
11;13;94;2;BELVIS;;;;;
11;13;94;3;VILLANUEVA DE SAN CARLOS;;;;;
11;13;95;1;VILLAR DEL POZO;;;;;
11;13;96;1;VILLARRUBIA DE LOS OJOS;;;;;
11;13;97;1;VILLARTA DE SAN JUAN;;;;;
11;13;98;1;BAZAN;;;;;
11;13;98;6;UMBRIA DE FRESNEDAS;;;;;
11;13;98;7;VILLALBA DE CALATRAVA;;;;;
11;13;98;8;VISO DEL MARQUES;;;;;
11;13;901;1;ROBLEDO (EL);;;;;
11;13;901;2;ISLAS (LAS);;;;;
11;13;901;3;TABLILLAS (LAS);;;;;
11;13;901;4;NAVALAJARRA;;;;;
11;13;901;5;NAVALRINCON;;;;;
11;13;902;1;RUIDERA;;;;;
11;13;903;1;ARENALES DE SAN GREGORIO;;;;;
11;13;904;1;LLANOS DEL CAUDILLO;;;;;
11;13;999;1;OTRA PROVINCIA;;;;;
11;16;0;1;INDETERMINADO;;;;;
11;16;1;1;ABIA DE LA OBISPALÍA;;;;;
11;16;2;1;EL ACEBRÓN;;;;;
11;16;2;2;ACEBRON (EL);;;;;
11;16;3;1;ALARCÓN;;;;;
11;16;3;2;CERRO TEJERAS;;;;;
11;16;4;1;ALBALADEJO DEL CUENDE;;;;;
11;16;5;1;ALBALATE DE LAS NOGUERAS;;;;;
11;16;6;1;ALBENDEA;;;;;
11;16;7;1;LA ALBERCA DE ZÁNCARA;;;;;
11;16;7;2;ALBERCA DE ZANCARA (LA);;;;;
11;16;8;1;ALCALÁ DE LA VEGA;;;;;
11;16;8;2;EL CUBILLO;;;;;
11;16;8;3;CUBILLO (EL);;;;;
11;16;9;1;ALCANTUD;;;;;
11;16;10;1;ALCÁZAR DEL REY;;;;;
11;16;11;1;ALCOHUJATE;;;;;
11;16;12;1;ALCONCHEL DE LA ESTRELLA;;;;;
11;16;13;1;ALGARRA;;;;;
11;16;14;1;ALIAGUILLA;;;;;
11;16;15;1;LA ALMARCHA;;;;;
11;16;15;2;ALMARCHA (LA);;;;;
11;16;16;1;ALMENDROS;;;;;
11;16;17;1;ALMODÓVAR DEL PINAR;;;;;
11;16;18;1;ALMONACID DEL MARQUESADO;;;;;
11;16;19;1;ALTAREJOS;;;;;
11;16;19;2;POVEDA DE LA OBISPALÍA;;;;;
11;16;20;1;ARANDILLA DEL ARROYO;;;;;
11;16;22;1;ARCOS DE LA SIERRA;;;;;
11;16;23;1;ARCOS DE LA CANTERA;;;;;
11;16;23;2;CHILLARÓN DE CUENCA;;;;;
11;16;23;3;SEÑORIO DEL PINAR;;;;;
11;16;24;1;ARGUISUELAS;;;;;
11;16;25;1;ARRANCACEPAS;;;;;
11;16;26;1;ATALAYA DEL CAÑAVATE;;;;;
11;16;27;1;BARAJAS DE MELO;;;;;
11;16;27;2;EL BALLESTAR;;;;;
11;16;27;3;BALLESTAR (EL);;;;;
11;16;29;1;BARCHÍN DEL HOYO;;;;;
11;16;30;1;BASCUÑANA DE SAN PEDRO;;;;;
11;16;31;1;BEAMUD;;;;;
11;16;32;1;BELINCHÓN;;;;;
11;16;33;1;BELMONTE;;;;;
11;16;34;1;BELMONTEJO;;;;;
11;16;35;1;BETETA;;;;;
11;16;35;2;SOLÁN DE CABRAS;;;;;
11;16;35;3;EL TOBAR;;;;;
11;16;35;4;TOBAR (EL);;;;;
11;16;36;1;BONICHES;;;;;
11;16;38;1;BUCIEGAS;;;;;
11;16;39;1;BUENACHE DE ALARCÓN;;;;;
11;16;40;1;BUENACHE DE LA SIERRA;;;;;
11;16;41;1;BUENDÍA;;;;;
11;16;41;2;PANTANO DE BUENDÍA;;;;;
11;16;41;3;SOL-MARINA SANTA CRUZ;;;;;
11;16;42;1;CAMPILLO DE ALTOBUEY;;;;;
11;16;43;1;CAMPILLOS-PARAVIENTOS;;;;;
11;16;44;1;CAMPILLOS-SIERRA;;;;;
11;16;45;1;CANALEJAS DEL ARROYO;;;;;
11;16;46;1;CAÑADA DEL HOYO;;;;;
11;16;47;1;CAÑADA JUNCOSA;;;;;
11;16;48;1;CAÑAMARES;;;;;
11;16;49;1;EL CAÑAVATE;;;;;
11;16;49;2;CAÑAVATE (EL);;;;;
11;16;50;1;CAÑAVERAS;;;;;
11;16;51;1;CAÑAVERUELAS;;;;;
11;16;52;1;CAÑETE;;;;;
11;16;53;1;CAÑIZARES;;;;;
11;16;53;2;HUERTA DE MAROJALES;;;;;
11;16;53;3;PUENTE DE VADILLOS;;;;;
11;16;55;1;CARBONERAS DE GUADAZAÓN;;;;;
11;16;56;1;CARDENETE;;;;;
11;16;57;1;CARRASCOSA;;;;;
11;16;57;2;HERRERÍA DE SANTA CRISTINA;;;;;
11;16;58;1;CARRASCOSA DE HARO;;;;;
11;16;60;1;EL CARMEN;;;;;
11;16;60;2;CASAS DE BENÍTEZ;;;;;
11;16;60;3;LA LOSA;;;;;
11;16;60;4;CARMEN (EL);;;;;
11;16;60;5;LOSA (LA);;;;;
11;16;61;1;CASAS DE FERNANDO ALONSO;;;;;
11;16;62;1;CASAS DE GARCIMOLINA;;;;;
11;16;63;1;CASAS DE GUIJARRO;;;;;
11;16;64;1;CASAS DE HARO;;;;;
11;16;65;1;CASAS DE LOS PINOS;;;;;
11;16;65;2;CASAS DE ROLDÁN;;;;;
11;16;65;3;LOS ESTESOS;;;;;
11;16;65;4;ESTESOS (LOS);;;;;
11;16;66;1;CASASIMARRO;;;;;
11;16;67;1;CASTEJÓN;;;;;
11;16;68;1;CASTILLO DE INIESTA;;;;;
11;16;70;1;CASTILLEJO-SIERRA;;;;;
11;16;71;1;CASTILLO-ALBARAÑEZ;;;;;
11;16;72;1;CASTILLO DE GARCIMUÑOZ;;;;;
11;16;73;1;CERVERA DEL LLANO;;;;;
11;16;74;1;LA CIERVA;;;;;
11;16;74;2;CIERVA (LA);;;;;
11;16;78;1;COLLIGA;;;;;
11;16;78;3;CUENCA;;;;;
11;16;78;4;LA MELGOSA;;;;;
11;16;78;5;MOHORTE;;;;;
11;16;78;6;NOHALES;;;;;
11;16;78;7;TONDOS;;;;;
11;16;78;8;VALDECABRAS;;;;;
11;16;78;9;VILLANUEVA DE LOS ESCUDEROS;;;;;
11;16;78;10;MELGOSA (LA);;;;;
11;16;79;1;CUEVA DEL HIERRO;;;;;
11;16;81;1;CHUMILLAS;;;;;
11;16;82;1;ENGUÍDANOS;;;;;
11;16;82;2;SALTO;;;;;
11;16;83;1;FRESNEDA DE ALTAREJOS;;;;;
11;16;84;1;FRESNEDA DE LA SIERRA;;;;;
11;16;85;1;LA FRONTERA;;;;;
11;16;85;2;FRONTERA (LA);;;;;
11;16;86;1;FUENTE DE PEDRO NAHARRO;;;;;
11;16;87;1;FUENTELESPINO DE HARO;;;;;
11;16;88;1;FUENTELESPINO DE MOYA;;;;;
11;16;89;1;FUENTES;;;;;
11;16;89;2;ZOMAS (LAS);;;;;
11;16;91;1;FUERTESCUSA;;;;;
11;16;92;1;GABALDÓN;;;;;
11;16;93;1;GARABALLA;;;;;
11;16;94;1;GASCUEÑA;;;;;
11;16;95;1;GRAJA DE CAMPALBO;;;;;
11;16;96;1;GRAJA DE INIESTA;;;;;
11;16;97;1;HENAREJOS;;;;;
11;16;98;1;EL HERRUMBLAR;;;;;
11;16;98;2;HERRUMBLAR (EL);;;;;
11;16;99;1;LA HINOJOSA;;;;;
11;16;99;2;HINOJOSA (LA);;;;;
11;16;100;1;LOS HINOJOSOS;;;;;
11;16;100;2;HINOJOSOS (LOS);;;;;
11;16;101;1;EL HITO;;;;;
11;16;101;2;HITO (EL);;;;;
11;16;102;1;HONRUBIA;;;;;
11;16;103;1;HONTANAYA;;;;;
11;16;104;1;HONTECILLAS;;;;;
11;16;106;1;HORCAJO DE SANTIAGO;;;;;
11;16;107;1;HUÉLAMO;;;;;
11;16;108;1;HUELVES;;;;;
11;16;109;1;HUÉRGUINA;;;;;
11;16;110;1;HUERTA DE LA OBISPALÍA;;;;;
11;16;111;1;HUERTA DEL MARQUESADO;;;;;
11;16;112;1;BONILLA;;;;;
11;16;112;3;CARACENILLA;;;;;
11;16;112;4;CASTILLEJO DEL ROMERAL;;;;;
11;16;112;5;HUETE;;;;;
11;16;112;6;LA LANGA;;;;;
11;16;112;7;MONCALVILLO DEL HUETE;;;;;
11;16;112;8;SACEDA DEL RÍO;;;;;
11;16;112;9;VALDEMORO DEL REY;;;;;
11;16;112;10;VERDELPINO DE HUETE;;;;;
11;16;112;11;LANGA (LA);;;;;
11;16;113;1;ALCAHOZO;;;;;
11;16;113;2;CASAS DE JUAN FERNÁNDEZ;;;;;
11;16;113;3;INIESTA;;;;;
11;16;115;1;LAGUNA DEL MARQUESADO;;;;;
11;16;116;1;LAGUNASECA;;;;;
11;16;117;1;LANDETE;;;;;
11;16;117;2;MAZANERUELA;;;;;
11;16;118;1;LEDAÑA;;;;;
11;16;119;1;LEGANIEL;;;;;
11;16;121;1;LAS MAJADAS;;;;;
11;16;121;2;MAJADAS (LAS);;;;;
11;16;122;1;MARIANA;;;;;
11;16;123;1;MASEGOSA;;;;;
11;16;124;1;LAS MESAS;;;;;
11;16;124;2;MESAS (LAS);;;;;
11;16;125;1;MINGLANILLA;;;;;
11;16;126;1;LA CAÑADA;;;;;
11;16;126;3;MIRA;;;;;
11;16;126;4;CAÑADA (LA);;;;;
11;16;128;1;MONREAL DEL LLANO;;;;;
11;16;129;1;MONTALBANEJO;;;;;
11;16;130;1;MONTALBO;;;;;
11;16;131;1;MONTEAGUDO DE LAS SALINAS;;;;;
11;16;132;1;MOTA DE ALTAREJOS;;;;;
11;16;133;1;MOTA DEL CUERVO;;;;;
11;16;134;1;MOTILLA DEL PALANCAR;;;;;
11;16;135;1;EL ARRABAL;;;;;
11;16;135;2;LOS HUERTOS;;;;;
11;16;135;3;MOYA;;;;;
11;16;135;4;PEDRO IZQUIERDO;;;;;
11;16;135;5;SANTO DOMINGO DE MOYA;;;;;
11;16;135;6;ARRABAL (EL);;;;;
11;16;135;7;HUERTOS (LOS);;;;;
11;16;137;1;NARBONETA;;;;;
11;16;139;1;OLIVARES DE JÚCAR;;;;;
11;16;140;1;OLMEDA DE LA CUESTA;;;;;
11;16;141;1;OLMEDA DEL REY;;;;;
11;16;142;1;IBERDROLA S.A;;;;;
11;16;142;2;OLMEDILLA DE ALARCÓN;;;;;
11;16;142;3;IBERDROLA;;;;;
11;16;143;1;OLMEDILLA DE ELIZ;;;;;
11;16;145;1;OSA DE LA VEGA;;;;;
11;16;146;1;PAJARÓN;;;;;
11;16;147;1;PAJARONCILLO;;;;;
11;16;148;1;PALOMARES DEL CAMPO;;;;;
11;16;149;1;MOLINOS DE PAPEL;;;;;
11;16;149;2;PALOMERA;;;;;
11;16;150;2;PARACUELLOS;;;;;
11;16;151;1;PAREDES;;;;;
11;16;152;1;LA PARRA DE LAS VEGAS;;;;;
11;16;152;2;PARRA DE LAS VEGAS (LA);;;;;
11;16;153;1;EL PEDERNOSO;;;;;
11;16;153;2;PEDERNOSO (EL);;;;;
11;16;154;1;LAS PEDROÑERAS;;;;;
11;16;154;2;PEDROÑERAS (LAS);;;;;
11;16;155;1;EL PERAL;;;;;
11;16;155;2;PERAL (EL);;;;;
11;16;156;1;LA PERALEJA;;;;;
11;16;156;2;PERALEJA (LA);;;;;
11;16;157;1;LA PESQUERA;;;;;
11;16;157;2;PESQUERA (LA);;;;;
11;16;158;1;EL PICAZO;;;;;
11;16;158;2;PICAZO (EL);;;;;
11;16;159;1;PINAREJO;;;;;
11;16;160;1;PINEDA DE CIGÜELA;;;;;
11;16;161;1;PIQUERAS DEL CASTILLO;;;;;
11;16;162;1;PORTALRUBIO DE GUADAMEJUD;;;;;
11;16;163;1;PORTILLA;;;;;
11;16;165;1;POYATOS;;;;;
11;16;166;1;POZOAMARGO;;;;;
11;16;167;1;POZORRUBIO;;;;;
11;16;169;1;EL POZUELO;;;;;
11;16;169;2;POZUELO (EL);;;;;
11;16;170;1;PRIEGO;;;;;
11;16;171;1;EL PROVENCIO;;;;;
11;16;171;2;PROVENCIO (EL);;;;;
11;16;172;1;PUEBLA DE ALMENARA;;;;;
11;16;173;1;GARCINARRO;;;;;
11;16;173;2;JABALERA;;;;;
11;16;173;3;MAZARULLEQUE;;;;;
11;16;173;4;PUEBLA DE DON FRANCISCO;;;;;
11;16;174;1;PUEBLA DEL SALVADOR;;;;;
11;16;175;1;QUINTANAR DEL REY;;;;;
11;16;176;1;RADA DE HARO;;;;;
11;16;177;1;REÍLLO;;;;;
11;16;181;1;ROZALÉN DEL MONTE;;;;;
11;16;185;1;SACEDA-TRASIERRA;;;;;
11;16;186;1;SAELICES;;;;;
11;16;187;1;SALINAS DEL MANZANO;;;;;
11;16;188;1;SALMERONCILLOS DE ABAJO;;;;;
11;16;188;2;SALMERONCILLOS DE ARRIBA;;;;;
11;16;188;3;SALMERONCILLOS;;;;;
11;16;189;1;CASAS NUEVAS;;;;;
11;16;189;2;HOYA DEL PERAL;;;;;
11;16;189;3;SALVACAÑETE;;;;;
11;16;189;4;VALLE CARMONA;;;;;
11;16;190;2;SAN CLEMENTE;;;;;
11;16;191;1;SAN LORENZO DE LA PARRILLA;;;;;
11;16;192;1;SAN MARTÍN DE BONICHES;;;;;
11;16;193;1;SAN PEDRO PALMICHES;;;;;
11;16;194;1;HIGUERUELA;;;;;
11;16;194;2;LA OLMEDA;;;;;
11;16;194;3;LAS RINCONADAS;;;;;
11;16;194;4;SANTA CRUZ DE MOYA;;;;;
11;16;194;5;OLMEDA (LA);;;;;
11;16;194;6;RINCONADAS (LAS);;;;;
11;16;195;1;SANTA MARÍA DEL CAMPO RUS;;;;;
11;16;196;1;SANTA MARÍA DE LOS LLANOS;;;;;
11;16;197;1;SANTA MARÍA DEL VAL;;;;;
11;16;198;1;SISANTE;;;;;
11;16;199;1;SOLERA DE GABALDÓN;;;;;
11;16;202;1;CASILLAS DE RANERA;;;;;
11;16;202;2;TALAYUELAS;;;;;
11;16;203;1;TARANCÓN;;;;;
11;16;204;1;TEBAR;;;;;
11;16;205;1;TEJADILLOS;;;;;
11;16;206;1;TINAJAS;;;;;
11;16;209;1;TORRALBA;;;;;
11;16;211;1;HORCAJADA DE LA TORRE;;;;;
11;16;211;2;NAHARROS;;;;;
11;16;211;3;TORREJONCILLO DEL REY;;;;;
11;16;211;4;VILLAR DEL ÁGUILA;;;;;
11;16;211;5;VILLAR DEL HORNO;;;;;
11;16;211;6;VILLAREJO-SOBREHUERTA;;;;;
11;16;212;1;TORRUBIA DEL CAMPO;;;;;
11;16;213;1;TORRUBIA DEL CASTILLO;;;;;
11;16;215;1;TRAGACETE;;;;;
11;16;216;1;TRESJUNCOS;;;;;
11;16;217;1;TRIBALDOS;;;;;
11;16;218;1;UCLÉS;;;;;
11;16;219;1;UÑA;;;;;
11;16;224;1;VALDEMECA;;;;;
11;16;225;1;VALDEMORILLO DE LA SIERRA;;;;;
11;16;227;1;VALDEMORO-SIERRA;;;;;
11;16;228;1;VALDEOLIVAS;;;;;
11;16;231;1;VALHERMOSO DE LA FUENTE;;;;;
11;16;234;1;VALSALOBRE;;;;;
11;16;236;1;VALVERDE DE JÚCAR;;;;;
11;16;237;1;VALVERDEJO;;;;;
11;16;238;1;EL SIMARRO;;;;;
11;16;238;2;VARA DE REY;;;;;
11;16;238;3;VILLAR DE CANTOS;;;;;
11;16;238;4;SIMARRO (EL);;;;;
11;16;239;2;VEGA DEL CODORNO;;;;;
11;16;239;4;LOS EUSTAQUIOS;;;;;
11;16;239;6;LOS PERALES;;;;;
11;16;239;7;EL PERCHEL;;;;;
11;16;239;8;EUSTAQUIOS (LOS);;;;;
11;16;239;9;PERALES (LOS);;;;;
11;16;239;10;PERCHEL (EL);;;;;
11;16;240;1;VELLISCA;;;;;
11;16;242;1;VILLACONEJOS DE TRABAQUE;;;;;
11;16;243;2;VILLAESCUSA DE HARO;;;;;
11;16;244;1;CASAS DEL OLMO;;;;;
11;16;244;2;VILLAGARCÍA DEL LLANO;;;;;
11;16;245;2;VILLALBA DE LA SIERRA;;;;;
11;16;246;1;VILLALBA DEL REY;;;;;
11;16;247;1;VILLALGORDO DEL MARQUESADO;;;;;
11;16;248;1;VILLALPARDO;;;;;
11;16;249;1;VILLAMAYOR DE SANTIAGO;;;;;
11;16;250;1;VILLANUEVA DE GUADAMEJUD;;;;;
11;16;251;1;CASAS DE SANTA CRUZ;;;;;
11;16;251;3;RIBERA DE SAN HERMENEGILDO;;;;;
11;16;251;4;VILLANUEVA DE LA JARA;;;;;
11;16;253;1;CASALONGA;;;;;
11;16;253;2;VILLAR DE CAÑAS;;;;;
11;16;254;1;NOHEDA;;;;;
11;16;254;4;VILLAR DE DOMINGO GARCÍA;;;;;
11;16;255;1;VILLAR DE LA ENCINA;;;;;
11;16;258;1;VILLAR DEL HUMO;;;;;
11;16;259;1;VILLAR DEL INFANTADO;;;;;
11;16;263;1;BARBALIMPIA;;;;;
11;16;263;3;VILLAR DE OLALLA;;;;;
11;16;263;4;VILLAREJO SECO;;;;;
11;16;263;5;PERNALOSAS (LAS);;;;;
11;16;264;1;VILLAREJO DE FUENTES;;;;;
11;16;265;1;VILLAREJO DE LA PEÑUELA;;;;;
11;16;266;1;VILLAREJO-PERIESTEBAN;;;;;
11;16;269;2;VILLARES DEL SAZ;;;;;
11;16;270;1;VILLARRUBIO;;;;;
11;16;271;1;VILLARTA;;;;;
11;16;272;1;BOLLIGA;;;;;
11;16;272;2;CULEBRAS;;;;;
11;16;272;3;FUENTESBUENAS;;;;;
11;16;272;4;VALDECAÑAS;;;;;
11;16;272;5;LA VENTOSA;;;;;
11;16;272;6;VILLAREJO DEL ESPARTAL;;;;;
11;16;272;7;VILLAS DE LA VENTOSA;;;;;
11;16;272;8;VENTOSA (LA);;;;;
11;16;273;1;VILLAVERDE Y PASACONSOL;;;;;
11;16;274;1;VÍLLORA;;;;;
11;16;275;1;VINDEL;;;;;
11;16;276;1;YEMEDA;;;;;
11;16;277;1;ZAFRA DE ZÁNCARA;;;;;
11;16;278;2;ZAFRILLA;;;;;
11;16;279;1;ZARZA DE TAJO;;;;;
11;16;280;1;ZARZUELA;;;;;
11;16;901;1;CARRASCOSA DEL CAMPO;;;;;
11;16;901;2;LORANCA DEL CAMPO;;;;;
11;16;901;3;OLMEDILLA DEL CAMPO;;;;;
11;16;901;4;VALPARAÍSO DE ABAJO;;;;;
11;16;901;5;VALPARAÍSO DE ARRIBA;;;;;
11;16;901;6;CAMPOS DEL PARAISO;;;;;
11;16;902;2;TÓRTOLA;;;;;
11;16;902;3;VALDEGANGA DE CUENCA;;;;;
11;16;902;4;VALDETORTOLA;;;;;
11;16;903;1;VALERA DE ABAJO;;;;;
11;16;903;2;VALERIA;;;;;
11;16;903;3;VALERAS (LAS);;;;;
11;16;904;1;FUENTESCLARAS DEL CHILLARÓN;;;;;
11;16;904;2;JÁBAGA;;;;;
11;16;904;3;NAVALÓN;;;;;
11;16;904;4;SOTOCA;;;;;
11;16;904;6;VILLAR DEL SAZ DE NAVALÓN;;;;;
11;16;904;7;FUENTENAVA DE JABAGA;;;;;
11;16;904;8;SEÑORIO DEL PINAR;;;;;
11;16;905;1;ARCAS;;;;;
11;16;905;2;VILLAR DEL SAZ DE ARCAS;;;;;
11;16;905;3;ARCAS DEL VILLAR;;;;;
11;16;905;4;CAÑADA MOLINA;;;;;
11;16;906;1;VALDECOLMENAS DE ABAJO;;;;;
11;16;906;2;VALDECOLMENAS DE ARRIBA;;;;;
11;16;906;3;VALDECOLMENAS (LOS);;;;;
11;16;907;1;ALMODOVAR MONTE REY;;;;;
11;16;908;2;POZOSECO;;;;;
11;16;908;3;RUBIELOS ALTOS;;;;;
11;16;908;4;RUBIELOS BAJOS;;;;;
11;16;908;5;POZORRUBIELOS DE LA MANCHA;;;;;
11;16;909;1;COLLADOS;;;;;
11;16;909;2;PAJARES;;;;;
11;16;909;3;RIBAGORDA;;;;;
11;16;909;4;RIBATAJADA;;;;;
11;16;909;5;RIBATAJADILLA;;;;;
11;16;909;6;SOTOS;;;;;
11;16;909;7;TORRECILLA;;;;;
11;16;909;8;VILLASECA;;;;;
11;16;909;9;SOTORRIBAS;;;;;
11;16;910;1;CUEVAS DE VELASCO;;;;;
11;16;910;2;VILLAR DEL MAESTRE;;;;;
11;16;910;3;VILLAR Y VELASCO;;;;;
11;16;999;1;OTRA PROVINCIA;;;;;
11;19;0;1;INDETERMINADO;;;;;
11;19;1;1;ABANADES;;;;;
11;19;2;1;ABLANQUE;;;;;
11;19;3;1;ADOBES;;;;;
11;19;4;1;ALAMINOS;;;;;
11;19;5;1;ALARILLA;;;;;
11;19;6;1;ALBALATE DE ZORITA;;;;;
11;19;6;2;NUEVA SIERRA DE ALTOMIRA;;;;;
11;19;7;1;ALBARES;;;;;
11;19;8;1;ALBENDIEGO;;;;;
11;19;9;1;ALCOCER;;;;;
11;19;10;1;ALCOLEA DE LAS PEÑAS;;;;;
11;19;11;1;ALCOLEA DEL PINAR;;;;;
11;19;11;2;CORTES DE TAJUÑA;;;;;
11;19;11;3;GARBAJOSA;;;;;
11;19;11;4;TORTONDA;;;;;
11;19;11;5;VILLAVERDE DEL DUCADO;;;;;
11;19;13;1;ALCOROCHES;;;;;
11;19;15;1;ALDEANUEVA DE GUADALAJARA;;;;;
11;19;16;1;ALGAR DE MESA;;;;;
11;19;17;1;ALGORA;;;;;
11;19;18;1;ALHONDIGA;;;;;
11;19;19;1;ALIQUE;;;;;
11;19;20;1;ALMADRONES;;;;;
11;19;21;1;ALMOGUERA;;;;;
11;19;21;2;VALDEHORMEÑA;;;;;
11;19;22;1;ALMONACID DE ZORITA;;;;;
11;19;22;2;POBLADO CENTRAL NUCLEAR;;;;;
11;19;22;3;SALTO DE BOLARQUE;;;;;
11;19;23;1;ALOCEN;;;;;
11;19;24;1;ALOVERA;;;;;
11;19;27;1;ALUSTANTE;;;;;
11;19;27;2;MOTOS;;;;;
11;19;31;1;ANGON;;;;;
11;19;32;1;AGUILAR DE ANGUITA;;;;;
11;19;32;2;ANGUITA;;;;;
11;19;32;3;PADILLA DEL DUCADO;;;;;
11;19;32;4;SANTA MARIA DEL ESPINO;;;;;
11;19;32;5;VILLAREJO DE MEDINA;;;;;
11;19;33;1;ANQUELA DEL DUCADO;;;;;
11;19;33;2;TOBILLOS;;;;;
11;19;34;1;ANQUELA DEL PEDREGAL;;;;;
11;19;36;1;ARANZUEQUE;;;;;
11;19;37;1;ARBANCON;;;;;
11;19;38;1;ARBETETA;;;;;
11;19;39;1;ARGECILLA;;;;;
11;19;40;1;ARMALLONES;;;;;
11;19;41;1;ARMUÑA DE TAJUÑA;;;;;
11;19;42;1;ARROYO DE LAS FRAGUAS;;;;;
11;19;43;1;ATANZON;;;;;
11;19;44;1;ALPEDROCHES;;;;;
11;19;44;2;ATIENZA;;;;;
11;19;44;3;BOCHONES;;;;;
11;19;44;4;CASILLAS;;;;;
11;19;44;5;MADRIGAL;;;;;
11;19;45;1;AUÑON;;;;;
11;19;45;2;ENTREPEÑAS;;;;;
11;19;46;1;AZUQUECA DE HENARES;;;;;
11;19;47;1;BAIDES;;;;;
11;19;47;3;CERRILLAR;;;;;
11;19;48;1;BAÑOS DE TAJO;;;;;
11;19;49;1;BAÑUELOS;;;;;
11;19;50;1;BARRIOPEDRO;;;;;
11;19;51;1;BERNINCHES;;;;;
11;19;52;1;BODERA (LA);;;;;
11;19;53;1;ARCHILLA;;;;;
11;19;53;2;BALCONETE;;;;;
11;19;53;3;BRIHUEGA;;;;;
11;19;53;4;CASTILMIMBRE;;;;;
11;19;53;5;CIVICA;;;;;
11;19;53;6;FUENTES DE LA ALCARRIA;;;;;
11;19;53;7;HONTANARES;;;;;
11;19;53;8;MALACUERA;;;;;
11;19;53;9;OLMEDA DEL EXTREMO;;;;;
11;19;53;10;PAJARES;;;;;
11;19;53;11;ROMANCOS;;;;;
11;19;53;12;SANTA CLARA;;;;;
11;19;53;13;TOMELLOSA;;;;;
11;19;53;14;VALDESAZ;;;;;
11;19;53;15;VILLAVICIOSA DE TAJUÑA;;;;;
11;19;53;16;YELA;;;;;
11;19;54;1;BUDIA;;;;;
11;19;54;2;PICAZO;;;;;
11;19;54;3;VALDELAGUA;;;;;
11;19;54;4;MONTE MEMBRIBE;;;;;
11;19;54;5;PEÑARRUBIA;;;;;
11;19;55;1;BUJALARO;;;;;
11;19;55;2;MOLINO (EL);;;;;
11;19;57;1;BUSTARES;;;;;
11;19;58;1;CABANILLAS DEL CAMPO;;;;;
11;19;58;2;CAMPO DE GOLF-POLIGONO 13;;;;;
11;19;59;1;CAMPILLO DE DUEÑAS;;;;;
11;19;60;1;CAMPILLEJO;;;;;
11;19;60;2;CAMPILLO DE RANAS;;;;;
11;19;60;3;ESPINAR (EL);;;;;
11;19;60;4;ROBLELACASA;;;;;
11;19;60;5;ROBLELUENGO;;;;;
11;19;60;6;MATALLANA;;;;;
11;19;60;7;VEREDA (LA);;;;;
11;19;61;1;CAMPISABALOS;;;;;
11;19;64;1;CANREDONDO;;;;;
11;19;65;1;CANTALOJAS;;;;;
11;19;65;2;VILLACADIMA;;;;;
11;19;66;1;CAÑIZAR;;;;;
11;19;67;1;BOCIGANO;;;;;
11;19;67;2;CABIDA;;;;;
11;19;67;3;CARDOSO DE LA SIERRA (EL);;;;;
11;19;67;4;COLMENAR DE LA SIERRA;;;;;
11;19;67;5;CORRALEJO;;;;;
11;19;67;6;PEÑALBA DE LA SIERRA;;;;;
11;19;70;1;CASA DE UCEDA;;;;;
11;19;71;1;CASAR (EL);;;;;
11;19;71;2;COLINAS (LAS);;;;;
11;19;71;3;COTO (EL);;;;;
11;19;71;4;MESONES;;;;;
11;19;71;5;MONTECALDERON;;;;;
11;19;71;6;LAGO DEL JARAL;;;;;
11;19;71;7;ARENALES (LOS);;;;;
11;19;71;8;VALDELOSLLANOS;;;;;
11;19;73;1;CASAS DE SAN GALINDO;;;;;
11;19;74;1;CASPUEÑAS;;;;;
11;19;75;1;CASTEJON DE HENARES;;;;;
11;19;76;1;CASTELLAR DE LA MUELA;;;;;
11;19;78;1;CASTILFORTE;;;;;
11;19;79;1;CASTILNUEVO;;;;;
11;19;80;1;CENDEJAS DE ENMEDIO;;;;;
11;19;80;2;CENDEJAS DEL PADRASTRO;;;;;
11;19;81;1;CENDEJAS DE LA TORRE;;;;;
11;19;81;2;CARRETERA DE MATILLAS;;;;;
11;19;82;1;CENTENERA;;;;;
11;19;86;1;CARRASCOSA DE TAJO;;;;;
11;19;86;2;CIFUENTES;;;;;
11;19;86;3;GARGOLES DE ABAJO;;;;;
11;19;86;4;GARGOLES DE ARRIBA;;;;;
11;19;86;5;GUALDA;;;;;
11;19;86;6;HUETOS;;;;;
11;19;86;7;MORANCHEL;;;;;
11;19;86;8;OTER;;;;;
11;19;86;9;RUGUILLA;;;;;
11;19;86;10;SOTOCA DE TAJO;;;;;
11;19;86;11;VAL DE SAN GARCIA;;;;;
11;19;87;1;CINCOVILLAS;;;;;
11;19;88;1;CIRUELAS;;;;;
11;19;89;1;CIRUELOS DEL PINAR;;;;;
11;19;90;1;COBETA;;;;;
11;19;91;1;COGOLLOR;;;;;
11;19;92;1;ALEAS;;;;;
11;19;92;2;BELEÑA DE SORBE;;;;;
11;19;92;3;COGOLLUDO;;;;;
11;19;92;4;TORREBELEÑA;;;;;
11;19;92;5;VEGUILLAS;;;;;
11;19;95;1;CONDEMIOS DE ABAJO;;;;;
11;19;96;1;ALDEANUEVA DE ATIENZA;;;;;
11;19;96;2;CONDEMIOS DE ARRIBA;;;;;
11;19;97;1;CONGOSTRINA;;;;;
11;19;98;1;COPERNAL;;;;;
11;19;99;1;ARAGONCILLO;;;;;
11;19;99;2;CANALES DE MOLINA;;;;;
11;19;99;3;CASTELLOTE;;;;;
11;19;99;4;CORDUENTE;;;;;
11;19;99;5;CUEVAS LABRADAS;;;;;
11;19;99;6;LEBRANCON;;;;;
11;19;99;7;TEROLEJA;;;;;
11;19;99;8;TERRAZA;;;;;
11;19;99;9;TORETE;;;;;
11;19;99;10;VALSALOBRE;;;;;
11;19;99;11;VENTOSA;;;;;
11;19;102;1;CUBILLO DE UCEDA (EL);;;;;
11;19;103;1;CHECA;;;;;
11;19;104;1;CHEQUILLA;;;;;
11;19;105;1;ALBOLLEQUE;;;;;
11;19;105;2;CHILOECHES;;;;;
11;19;105;3;CLAVIN (EL);;;;;
11;19;105;4;CELADA (LA);;;;;
11;19;105;5;MAPA (EL);;;;;
11;19;105;6;MONTE DE LOS SANTOS;;;;;
11;19;105;7;CASASOLA;;;;;
11;19;106;1;CHILLARON DEL REY;;;;;
11;19;107;1;DRIEBES;;;;;
11;19;108;1;DURON;;;;;
11;19;109;1;EMBID;;;;;
11;19;110;1;ESCAMILLA;;;;;
11;19;111;1;ESCARICHE;;;;;
11;19;112;1;ESCOPETE;;;;;
11;19;112;2;MONTEUMBRIA;;;;;
11;19;113;1;CARRASCOSA DE HENARES;;;;;
11;19;113;2;ESPINOSA DE HENARES;;;;;
11;19;114;1;ESPLEGARES;;;;;
11;19;115;1;ANCHUELA DEL CAMPO;;;;;
11;19;115;2;ESTABLES;;;;;
11;19;116;1;ESTRIEGANA;;;;;
11;19;117;1;FONTANAR;;;;;
11;19;118;1;FUEMBELLIDA;;;;;
11;19;119;1;FUENCEMILLAN;;;;;
11;19;120;1;FUENTELAHIGUERA DE ALBATAGES;;;;;
11;19;121;1;FUENTELENCINA;;;;;
11;19;122;1;FUENTELSAZ;;;;;
11;19;123;1;FUENTELVIEJO;;;;;
11;19;124;1;FUENTENOVILLA;;;;;
11;19;124;2;FUENTES (LAS);;;;;
11;19;125;1;GAJANEJOS;;;;;
11;19;126;1;GALAPAGOS;;;;;
11;19;126;2;RESIDENCIAL MONTELAR;;;;;
11;19;126;3;MERINAS (LAS);;;;;
11;19;127;1;GALVE DE SORBE;;;;;
11;19;129;1;GASCUEÑA DE BORNOVA;;;;;
11;19;130;1;GUADALAJARA;;;;;
11;19;130;2;IRIEPAL;;;;;
11;19;130;3;TARACENA;;;;;
11;19;130;4;TARACENA;;;;;
11;19;130;5;USANOS;;;;;
11;19;130;6;VALDENOCHES;;;;;
11;19;132;1;HENCHE;;;;;
11;19;133;1;HERAS DE AYUSO;;;;;
11;19;134;1;HERRERIA;;;;;
11;19;135;1;HIENDELAENCINA;;;;;
11;19;136;1;HIJES;;;;;
11;19;138;1;HITA;;;;;
11;19;138;2;PADILLA DE HITA;;;;;
11;19;138;3;ARCIPRESTE;;;;;
11;19;139;1;HOMBRADOS;;;;;
11;19;142;1;HONTOBA;;;;;
11;19;142;2;MANANTIALES (LOS);;;;;
11;19;142;3;MIRADOR (EL);;;;;
11;19;143;1;HORCHE;;;;;
11;19;145;1;HORTEZUELA DE OCEN (LA);;;;;
11;19;146;1;HUERCE (LA);;;;;
11;19;146;3;VALDEPINILLOS;;;;;
11;19;147;1;HUERMECES DEL CERRO;;;;;
11;19;148;1;HUERTAHERNANDO;;;;;
11;19;150;1;HUEVA;;;;;
11;19;151;1;CEREZO DE MOHERNANDO;;;;;
11;19;151;2;HUMANES;;;;;
11;19;151;3;RAZBONA;;;;;
11;19;152;1;ALGARGA;;;;;
11;19;152;2;ILLANA;;;;;
11;19;152;3;CUARTILLEJO (EL);;;;;
11;19;152;4;RIO LLANO;;;;;
11;19;152;5;SAN JOAQUIN;;;;;
11;19;152;6;SOTO (EL);;;;;
11;19;153;1;INIESTOLA;;;;;
11;19;154;1;INVIERNAS (LAS);;;;;
11;19;155;1;IRUESTE;;;;;
11;19;156;1;CASTILBLANCO DE HENARES;;;;;
11;19;156;2;JADRAQUE;;;;;
11;19;157;1;JIRUEQUE;;;;;
11;19;159;1;LEDANCA;;;;;
11;19;159;2;MONASTERIO DE LAS MONJAS BENEDICTINAS;;;;;
11;19;159;3;VALFERMOSO DE LAS MONJAS;;;;;
11;19;160;1;LORANCA DE TAJUÑA;;;;;
11;19;160;2;OLMILLO (EL);;;;;
11;19;160;3;URBANIZACION MONTEJARAL;;;;;
11;19;160;4;URBANIZACION MONTEJARAL;;;;;
11;19;161;1;LUPIANA;;;;;
11;19;162;1;LUZAGA;;;;;
11;19;163;1;LUZON;;;;;
11;19;165;1;MAJAELRAYO;;;;;
11;19;166;1;MALAGA DEL FRESNO;;;;;
11;19;167;1;MALAGUILLA;;;;;
11;19;168;1;ARAGOSA;;;;;
11;19;168;2;MANDAYONA;;;;;
11;19;169;1;MANTIEL;;;;;
11;19;170;1;BALBACIL;;;;;
11;19;170;2;CLARES;;;;;
11;19;170;3;CODES;;;;;
11;19;170;4;MARANCHON;;;;;
11;19;170;5;TURMIEL;;;;;
11;19;171;1;MARCHAMALO;;;;;
11;19;172;1;MASEGOSO DE TAJUÑA;;;;;
11;19;173;1;MATARRUBIA;;;;;
11;19;173;2;MONTEHUECO;;;;;
11;19;174;1;MATILLAS;;;;;
11;19;175;1;MAZARETE;;;;;
11;19;176;1;MAZUECOS;;;;;
11;19;177;1;MEDRANDA;;;;;
11;19;178;1;MEGINA;;;;;
11;19;179;1;MEMBRILLERA;;;;;
11;19;181;1;MIEDES DE ATIENZA;;;;;
11;19;182;1;MIERLA (LA);;;;;
11;19;183;1;MILMARCOS;;;;;
11;19;184;1;MILLANA;;;;;
11;19;185;1;CAÑAMARES;;;;;
11;19;185;2;MIÑOSA (LA);;;;;
11;19;185;3;NAHARROS;;;;;
11;19;185;4;TORDELLOSO;;;;;
11;19;186;1;MIRABUENO;;;;;
11;19;187;1;MIRALRIO;;;;;
11;19;188;1;MOCHALES;;;;;
11;19;189;1;MOHERNANDO;;;;;
11;19;190;1;ANCHUELA DEL PEDREGAL;;;;;
11;19;190;2;CUBILLEJO DE LA SIERRA;;;;;
11;19;190;3;CUBILLEJO DEL SITIO;;;;;
11;19;190;4;MOLINA;;;;;
11;19;190;5;TORDELPALO;;;;;
11;19;190;6;TORDELPALO;;;;;
11;19;190;7;MOLINA DE ARAGON;;;;;
11;19;191;1;MONASTERIO;;;;;
11;19;192;1;MONDEJAR;;;;;
11;19;193;1;MONTARRON;;;;;
11;19;194;1;MORATILLA DE LOS MELEROS;;;;;
11;19;195;1;MORENILLA;;;;;
11;19;196;1;MUDUEX;;;;;
11;19;197;1;NAVAS DE JADRAQUE;;;;;
11;19;198;1;NEGREDO;;;;;
11;19;199;1;OCENTEJO;;;;;
11;19;200;1;OLIVAR (EL);;;;;
11;19;201;1;BUENAFUENTE DEL SISTAL (LA);;;;;
11;19;201;2;OLMEDA DE COBETA;;;;;
11;19;202;1;OLMEDA DE JADRAQUE (LA);;;;;
11;19;202;2;SALINAS (LAS);;;;;
11;19;203;1;NAVA DE JADRAQUE (LA);;;;;
11;19;203;2;ORDIAL (EL);;;;;
11;19;204;1;OREA;;;;;
11;19;208;1;PALMACES DE JADRAQUE;;;;;
11;19;209;1;PARDOS;;;;;
11;19;210;1;PAREDES DE SIGÜENZA;;;;;
11;19;210;2;RIENDA;;;;;
11;19;211;1;ANCLAS (LAS);;;;;
11;19;211;2;CASASANA;;;;;
11;19;211;3;CERECEDA;;;;;
11;19;211;4;PAREJA;;;;;
11;19;211;5;PEÑALAGOS;;;;;
11;19;211;6;TABLADILLO;;;;;
11;19;211;7;PARAISO;;;;;
11;19;212;1;PASTRANA;;;;;
11;19;213;1;PEDREGAL (EL);;;;;
11;19;214;1;PEÑALEN;;;;;
11;19;215;1;PEÑALVER;;;;;
11;19;216;1;PERALEJOS DE LAS TRUCHAS;;;;;
11;19;217;1;PERALVECHE;;;;;
11;19;218;1;PINILLA DE JADRAQUE;;;;;
11;19;219;1;PINILLA DE MOLINA;;;;;
11;19;220;1;PIOZ;;;;;
11;19;220;2;CHARQUILLOS (LOS);;;;;
11;19;220;3;MATILLAS (LAS);;;;;
11;19;220;4;MOLINOS (LOS);;;;;
11;19;220;5;SUERTES (LAS);;;;;
11;19;220;6;ARBOLEDA (LA);;;;;
11;19;220;7;BOSQUE DEL HENARES (EL);;;;;
11;19;220;8;CHAPARRAL (EL);;;;;
11;19;220;9;TRASCASTILLO;;;;;
11;19;220;10;VALCASTILLO;;;;;
11;19;221;1;PIQUERAS;;;;;
11;19;222;1;POBO DE DUEÑAS (EL);;;;;
11;19;223;1;POVEDA DE LA SIERRA;;;;;
11;19;224;1;POZO DE ALMOGUERA;;;;;
11;19;225;1;POZO DE GUADALAJARA;;;;;
11;19;226;1;PRADENA DE ATIENZA;;;;;
11;19;227;1;ALDEHUELA;;;;;
11;19;227;2;CHERA;;;;;
11;19;227;3;PRADILLA;;;;;
11;19;227;4;PRADOS REDONDOS;;;;;
11;19;228;1;PUEBLA DE BELEÑA;;;;;
11;19;229;1;PUEBLA DE VALLES;;;;;
11;19;230;1;QUER;;;;;
11;19;231;1;REBOLLOSA DE JADRAQUE;;;;;
11;19;232;1;RECUENCO (EL);;;;;
11;19;233;1;RENERA;;;;;
11;19;234;1;PANTANO DE EL VADO;;;;;
11;19;234;2;RETIENDAS;;;;;
11;19;235;1;LOMA (LA);;;;;
11;19;235;2;RIBA DE SAELICES;;;;;
11;19;235;3;RIBARREDONDA;;;;;
11;19;237;1;RILLO DE GALLO;;;;;
11;19;238;1;CARDEÑOSA;;;;;
11;19;238;2;RIOFRIO DEL LLANO;;;;;
11;19;238;3;SANTAMERA;;;;;
11;19;239;1;ROBLEDILLO DE MOHERNANDO;;;;;
11;19;240;1;ROBLEDO DE CORPES;;;;;
11;19;241;1;ROMANILLOS DE ATIENZA;;;;;
11;19;242;1;ROMANONES;;;;;
11;19;243;1;CILLAS;;;;;
11;19;243;2;RUEDA DE LA SIERRA;;;;;
11;19;244;1;CANALES DEL DUCADO;;;;;
11;19;244;2;SACECORBO;;;;;
11;19;245;1;BRISAS (LAS);;;;;
11;19;245;2;CORCOLES;;;;;
11;19;245;4;SACEDON;;;;;
11;19;246;1;SAELICES DE LA SAL;;;;;
11;19;247;1;SALMERON;;;;;
11;19;248;1;SAN ANDRES DEL CONGOSTO;;;;;
11;19;249;1;SAN ANDRES DEL REY;;;;;
11;19;250;1;SANTIUSTE;;;;;
11;19;251;1;JODRA DEL PINAR;;;;;
11;19;251;2;SAUCA;;;;;
11;19;252;1;ANGUIX;;;;;
11;19;252;2;SAYATON;;;;;
11;19;252;3;SALTO DE BOLARQUE;;;;;
11;19;254;1;SELAS;;;;;
11;19;255;1;SETILES;;;;;
11;19;256;1;SIENES;;;;;
11;19;256;2;TORRECILLA DEL DUCADO;;;;;
11;19;257;1;ALBORECA;;;;;
11;19;257;2;ALCUNEZA;;;;;
11;19;257;3;ATANCE (EL);;;;;
11;19;257;4;BARBATONA;;;;;
11;19;257;5;BARBOLLA (LA);;;;;
11;19;257;6;BUJALCAYADO;;;;;
11;19;257;7;BUJARRABAL;;;;;
11;19;257;8;CABRERA (LA);;;;;
11;19;257;9;CARABIAS;;;;;
11;19;257;10;CERCADILLO;;;;;
11;19;257;11;CUBILLAS DEL PINAR;;;;;
11;19;257;12;GUIJOSA;;;;;
11;19;257;13;HORNA;;;;;
11;19;257;14;IMON;;;;;
11;19;257;15;MATAS;;;;;
11;19;257;16;MOJARES;;;;;
11;19;257;17;MORATILLA DE HENARES;;;;;
11;19;257;18;OLMEDILLAS;;;;;
11;19;257;19;PALAZUELOS;;;;;
11;19;257;20;PELEGRINA;;;;;
11;19;257;21;POZANCOS;;;;;
11;19;257;22;QUERENCIA;;;;;
11;19;257;23;RIBA DE SANTIUSTE;;;;;
11;19;257;24;RIOSALIDO;;;;;
11;19;257;25;SIGUENZA;;;;;
11;19;257;26;TORRE DE VALDEALMENDRAS;;;;;
11;19;257;27;URES;;;;;
11;19;257;28;VALDEALMENDRAS;;;;;
11;19;257;29;VILLACORZA;;;;;
11;19;258;1;SOLANILLOS DEL EXTREMO;;;;;
11;19;259;1;SOMOLINOS;;;;;
11;19;260;1;SOTILLO (EL);;;;;
11;19;261;1;SOTODOSOS;;;;;
11;19;262;1;ALMIRUETE;;;;;
11;19;262;2;MURIEL;;;;;
11;19;262;3;PALANCARES;;;;;
11;19;262;4;TAMAJON;;;;;
11;19;263;1;TARAGUDO;;;;;
11;19;264;1;TARAVILLA;;;;;
11;19;265;1;AMAYAS;;;;;
11;19;265;2;CONCHA;;;;;
11;19;265;3;HINOJOSA;;;;;
11;19;265;4;LABROS;;;;;
11;19;265;5;TARTANEDO;;;;;
11;19;266;1;TENDILLA;;;;;
11;19;267;1;TERZAGA;;;;;
11;19;268;1;TIERZO;;;;;
11;19;269;1;TOBA (LA);;;;;
11;19;270;1;TORDELRABANO;;;;;
11;19;271;1;TORDELLEGO;;;;;
11;19;272;1;TORDESILOS;;;;;
11;19;274;1;REBOLLOSA DE HITA;;;;;
11;19;274;2;TORIJA;;;;;
11;19;277;1;OTILLA;;;;;
11;19;277;2;TORRECUADRADA DE MOLINA;;;;;
11;19;278;1;TORRECUADRADILLA;;;;;
11;19;279;1;TORRE DEL BURGO;;;;;
11;19;280;1;PARQUE DE LAS CASTILLAS;;;;;
11;19;280;2;TORREJON DEL REY;;;;;
11;19;280;3;SEÑORIO DE MURIEL;;;;;
11;19;280;4;ERAS DE SAN SEBASTIAN;;;;;
11;19;281;1;TORREMOCHA DE JADRAQUE;;;;;
11;19;282;1;FUENSAVIÑAN (LA);;;;;
11;19;282;2;LARANUEVA;;;;;
11;19;282;3;NAVALPOTRO;;;;;
11;19;282;4;RENALES;;;;;
11;19;282;5;TORRECUADRADA DE LOS VALLES;;;;;
11;19;282;6;TORREMOCHA DEL CAMPO;;;;;
11;19;282;7;TORRESAVIÑAN (LA);;;;;
11;19;283;1;TORREMOCHA DEL PINAR;;;;;
11;19;284;1;TORREMOCHUELA;;;;;
11;19;285;1;TORRUBIA;;;;;
11;19;286;1;TORTOLA DE HENARES;;;;;
11;19;287;1;TORTUERA;;;;;
11;19;288;1;TORTUERO;;;;;
11;19;289;1;TRAID;;;;;
11;19;290;1;TRIJUEQUE;;;;;
11;19;290;2;BELTRANEJA (LA);;;;;
11;19;290;3;MIRADOR DEL CID;;;;;
11;19;291;1;AZAÑON;;;;;
11;19;291;2;INSTITUTO LEPROLOGICO;;;;;
11;19;291;3;MORILLEJO;;;;;
11;19;291;4;PUERTA (LA);;;;;
11;19;291;5;TRILLO;;;;;
11;19;291;6;VIANA DE MONDEJAR;;;;;
11;19;291;7;SANTA MARIA DE OVILA;;;;;
11;19;291;8;VALDENAYA;;;;;
11;19;291;9;FINCA LA SOLANA;;;;;
11;19;293;1;CARAQUIZ;;;;;
11;19;293;2;UCEDA;;;;;
11;19;293;3;PEÑARRUBIA;;;;;
11;19;294;1;UJADOS;;;;;
11;19;296;1;UTANDE;;;;;
11;19;297;1;VALDARACHAS;;;;;
11;19;298;1;VALDEARENAS;;;;;
11;19;299;1;VALDEAVELLANO;;;;;
11;19;300;1;SOTOLARGO;;;;;
11;19;300;2;VALDEAVERUELO;;;;;
11;19;301;1;VALDECONCHA;;;;;
11;19;302;1;VALDEGRUDAS;;;;;
11;19;303;1;VALDELCUBO;;;;;
11;19;304;1;DEHESAS (LAS);;;;;
11;19;304;2;VALDENUÑO-FERNANDEZ;;;;;
11;19;305;1;ALPEDRETE DE LA SIERRA;;;;;
11;19;305;2;VALDEPEÑAS DE LA SIERRA;;;;;
11;19;306;1;VALDERREBOLLO;;;;;
11;19;307;1;VALDESOTOS;;;;;
11;19;308;1;VALFERMOSO DE TAJUÑA;;;;;
11;19;309;1;ESCALERA;;;;;
11;19;309;2;VALHERMOSO;;;;;
11;19;310;1;VALTABLADO DEL RIO;;;;;
11;19;311;1;VALVERDE DE LOS ARROYOS;;;;;
11;19;311;2;ZARZUELA DE GALVE;;;;;
11;19;314;1;VIANA DE JADRAQUE;;;;;
11;19;317;1;VILLANUEVA DE ALCORON;;;;;
11;19;318;1;VILLANUEVA DE ARGECILLA;;;;;
11;19;319;1;VILLANUEVA DE LA TORRE;;;;;
11;19;321;1;VILLARES DE JADRAQUE;;;;;
11;19;322;1;VILLASECA DE HENARES;;;;;
11;19;323;1;VILLASECA DE UCEDA;;;;;
11;19;324;1;VILLEL DE MESA;;;;;
11;19;325;1;VIÑUELAS;;;;;
11;19;326;1;SANATORIO DE ALCOHETE;;;;;
11;19;326;2;YEBES;;;;;
11;19;326;3;VALDELUZ;;;;;
11;19;327;1;YEBRA;;;;;
11;19;329;1;YELAMOS DE ABAJO;;;;;
11;19;330;1;YELAMOS DE ARRIBA;;;;;
11;19;331;1;YUNQUERA DE HENARES;;;;;
11;19;332;1;YUNTA (LA);;;;;
11;19;333;1;HUERTAPELAYO;;;;;
11;19;333;2;VILLAR DE COBETA;;;;;
11;19;333;3;ZAOREJAS;;;;;
11;19;334;1;ZARZUELA DE JADRAQUE;;;;;
11;19;335;1;ZORITA DE LOS CANES;;;;;
11;19;901;1;SEMILLAS;;;;;
11;19;999;1;OTRA PROVINCIA;;;;;
11;45;0;1;INDETERMINADO;;;;;
11;45;1;1;AJOFRIN;;;;;
11;45;2;1;ALAMEDA DE SAGRA;;;;;
11;45;3;1;ALBARREAL DE TAJO;;;;;
11;45;3;2;MONTALBA;;;;;
11;45;4;1;ALCABON;;;;;
11;45;5;1;ALCAÑIZO;;;;;
11;45;6;1;ALCAUDETE DE LA JARA;;;;;
11;45;7;1;ALCOLEA DE TAJO;;;;;
11;45;7;2;BERCIAL DE SAN RAFAEL (EL);;;;;
11;45;7;3;BERCIAL (EL);;;;;
11;45;7;4;VISTALEGRE;;;;;
11;45;8;1;ALDEA EN CABO;;;;;
11;45;9;1;ALDEANUEVA DE BARBARROYA;;;;;
11;45;10;1;ALDEANUEVA DE SAN BARTALOME;;;;;
11;45;11;1;ALMENDRAL DE LA CAÑADA;;;;;
11;45;12;1;ALMONACID DE TOLEDO;;;;;
11;45;13;1;ALMOROX;;;;;
11;45;13;2;PARQUE ROMILLO;;;;;
11;45;13;3;PINAR (EL);;;;;
11;45;13;4;VALCARRILLO CAMPUZANO;;;;;
11;45;14;1;AÑOVER DE TAJO;;;;;
11;45;15;1;ARCICOLLAR;;;;;
11;45;16;1;ARGES;;;;;
11;45;16;2;GUAJARAZ;;;;;
11;45;17;1;AZUTAN;;;;;
11;45;18;1;BARCIENCE;;;;;
11;45;19;1;BARGAS;;;;;
11;45;19;2;CRUZ DEL PORTILLO (LA);;;;;
11;45;19;3;PERDICES (LAS);;;;;
11;45;19;5;SANTA CLARA;;;;;
11;45;20;1;BELVIS DE LA JARA;;;;;
11;45;21;1;BOROX;;;;;
11;45;21;2;NUEVO BOROX;;;;;
11;45;22;1;BUENAVENTURA;;;;;
11;45;22;2;BUEN SUCESO (EL);;;;;
11;45;23;1;BURGUILLOS DE TOLEDO;;;;;
11;45;24;1;BURUJON;;;;;
11;45;25;1;CABAÑAS DE LA SAGRA;;;;;
11;45;26;1;CABAÑAS DE YEPES;;;;;
11;45;27;1;CABEZAMESADA;;;;;
11;45;28;1;ALBERCHE DEL CAUDILLO;;;;;
11;45;28;2;CALERA Y CHOZAS;;;;;
11;45;28;3;MONTEPALOMAS;;;;;
11;45;29;1;CALERUELA;;;;;
11;45;30;1;CALZADA DE OROPESA (LA);;;;;
11;45;31;1;CAMARENA;;;;;
11;45;31;2;MONTEVIEJO;;;;;
11;45;31;3;VENTA REAL;;;;;
11;45;32;1;CAMARENILLA;;;;;
11;45;33;1;CAMPILLO DE LA JARA (EL);;;;;
11;45;34;1;CAMUÑAS;;;;;
11;45;35;1;CARDIEL DE LOS MONTES;;;;;
11;45;35;2;ATALAYA DEL ALBERCHE;;;;;
11;45;36;1;CARMENA;;;;;
11;45;37;1;CARPIO DE TAJO (EL);;;;;
11;45;38;1;CARRANQUE;;;;;
11;45;38;2;CARRASCAL;;;;;
11;45;38;4;CHAPARRAL;;;;;
11;45;38;8;SACALIÑAS;;;;;
11;45;39;1;CARRICHES;;;;;
11;45;40;1;CASAR DE ESCALONA (EL);;;;;
11;45;40;2;CAÑADA (LA);;;;;
11;45;40;3;CERRO ALBERCHE;;;;;
11;45;40;4;MIRADOR MIRALBERCHE PICONES;;;;;
11;45;40;5;VEGA LA CHINA;;;;;
11;45;40;6;VIÑAS (LAS);;;;;
11;45;40;7;BULAGA (LA);;;;;
11;45;40;8;LABRANZAS (LAS);;;;;
11;45;40;9;TEJAR (EL);;;;;
11;45;40;10;MIRADOR MIRALBERCHE;;;;;
11;45;41;1;CASARRUBIOS DEL MONTE;;;;;
11;45;41;2;CALYPO FADO;;;;;
11;45;41;3;MONTE NUEVO;;;;;
11;45;41;4;POLIGONO INDUSTRIAL MONTE BOYAL;;;;;
11;45;42;1;CASASBUENAS;;;;;
11;45;43;1;CASTILLO DE BAYUELA;;;;;
11;45;45;1;CAZALEGAS;;;;;
11;45;46;1;CEBOLLA;;;;;
11;45;47;1;CEDILLO DEL CONDADO;;;;;
11;45;47;2;FUENTECILLAS (LAS);;;;;
11;45;47;4;CHARCAS (LAS);;;;;
11;45;47;5;TOCECANTO;;;;;
11;45;48;1;CERRALBOS (LOS);;;;;
11;45;49;1;CERVERA DE LOS MONTES;;;;;
11;45;50;1;CIRUELOS;;;;;
11;45;51;1;COBEJA;;;;;
11;45;52;1;COBISA;;;;;
11;45;52;2;OLIVAR Y SECTOR 3;;;;;
11;45;52;3;BELLAVISTA;;;;;
11;45;52;4;MONTECOBISA;;;;;
11;45;52;5;POZO DE LAS NIEVES;;;;;
11;45;52;6;PUERTA DE TOLEDO;;;;;
11;45;52;7;ZARZUELA (LA);;;;;
11;45;52;8;SECTOR 2;;;;;
11;45;52;9;CERCA DE COBISA (LA);;;;;
11;45;52;10;HACIENDA (LA);;;;;
11;45;52;11;OLIVAR (EL);;;;;
11;45;52;12;VALLE (EL);;;;;
11;45;53;1;CONSUEGRA;;;;;
11;45;54;1;CORRAL DE ALMAGUER;;;;;
11;45;55;1;CUERVA;;;;;
11;45;56;1;CHOZAS DE CANALES;;;;;
11;45;56;2;CAÑIZO;;;;;
11;45;56;3;VAQUERIZO;;;;;
11;45;57;1;CHUECA;;;;;
11;45;58;1;DOMINGO PEREZ;;;;;
11;45;59;1;DOSBARRIOS;;;;;
11;45;60;1;ERUSTES;;;;;
11;45;60;2;BARRIO ESTACION;;;;;
11;45;61;1;ESCALONA;;;;;
11;45;61;2;ALMOROJUELO;;;;;
11;45;61;3;CARRASQUILLA CONEJEROS;;;;;
11;45;61;4;CASTILLO DE ESCALONA;;;;;
11;45;61;5;CIGARRALES DEL ALBERCHE;;;;;
11;45;61;6;MIRAGREDOS;;;;;
11;45;61;7;PLAYA DE ESCALONA;;;;;
11;45;61;8;PRIMIE;;;;;
11;45;61;9;RIBERA DEL ALBERCHE;;;;;
11;45;61;10;VEGA DE ESCALONA;;;;;
11;45;61;11;VILLARTA;;;;;
11;45;62;1;ESCALONILLA;;;;;
11;45;63;1;ESPINOSO DEL REY;;;;;
11;45;64;1;ESQUIVIAS;;;;;
11;45;65;1;ESTRELLA (LA);;;;;
11;45;65;2;FUENTES;;;;;
11;45;66;1;FUENSALIDA;;;;;
11;45;66;2;URBANIZACION LAS FUENTES;;;;;
11;45;67;1;GALVEZ;;;;;
11;45;68;1;GARCIOTUN;;;;;
11;45;69;1;GERINDOTE;;;;;
11;45;70;1;GUADAMUR;;;;;
11;45;70;2;ROBLEDAL (EL);;;;;
11;45;71;1;GUARDIA (LA);;;;;
11;45;72;1;HERENCIAS (LAS);;;;;
11;45;72;2;MEMBRILLO (EL);;;;;
11;45;73;1;HERRERUELA DE OROPESA;;;;;
11;45;74;1;HINOJOSA DE SAN VICENTE;;;;;
11;45;75;1;HONTANAR;;;;;
11;45;76;1;HORMIGOS;;;;;
11;45;76;2;SOTOALBERCHE FUENTEROMERO;;;;;
11;45;76;3;FUENTE ROMERO;;;;;
11;45;76;4;SOTOALBERCHE;;;;;
11;45;77;1;HUECAS;;;;;
11;45;78;1;HUERTA DE VALDECARABANOS;;;;;
11;45;79;1;IGLESUELA (LA);;;;;
11;45;80;1;ILLAN DE VACAS;;;;;
11;45;81;1;ILLESCAS;;;;;
11;45;81;2;ALMORALES (LOS);;;;;
11;45;81;3;CARCAVAS;;;;;
11;45;81;4;MORATALAZ;;;;;
11;45;81;5;NEGRETES (LOS);;;;;
11;45;81;6;OLIVOS (LOS);;;;;
11;45;81;7;PRADILLOS (LOS);;;;;
11;45;81;8;SEÑORIO DE ILLESCAS (EL);;;;;
11;45;81;9;VIÑAS PERDIDAS;;;;;
11;45;81;10;BALAGUERA;;;;;
11;45;81;11;VILLAREAL;;;;;
11;45;81;12;POLIGONO ARDOZ;;;;;
11;45;81;13;YESEROS (LOS);;;;;
11;45;82;1;LAGARTERA;;;;;
11;45;83;1;LAYOS;;;;;
11;45;84;1;LILLO;;;;;
11;45;84;2;CARAHORMA;;;;;
11;45;85;1;LOMINCHAR;;;;;
11;45;85;2;LARGAS (LAS);;;;;
11;45;85;3;PALOMA (LA);;;;;
11;45;86;1;LUCILLOS;;;;;
11;45;86;2;KIEM;;;;;
11;45;87;1;MADRIDEJOS;;;;;
11;45;88;1;MAGAN;;;;;
11;45;89;1;BERNUY;;;;;
11;45;89;2;MALPICA DE TAJO;;;;;
11;45;90;1;MANZANEQUE;;;;;
11;45;91;1;MAQUEDA;;;;;
11;45;92;1;MARJALIZA;;;;;
11;45;93;1;MARRUPE;;;;;
11;45;94;1;MASCARAQUE;;;;;
11;45;95;1;MATA (LA);;;;;
11;45;96;1;CASTAÑAR (EL);;;;;
11;45;96;2;MAZARAMBROZ;;;;;
11;45;97;1;MEJORADA;;;;;
11;45;98;1;MENASALBAS;;;;;
11;45;98;2;NAVILLAS (LAS);;;;;
11;45;99;1;MENTRIDA;;;;;
11;45;99;2;ALAMEDA DE MENTRIDA;;;;;
11;45;99;3;AVION (EL);;;;;
11;45;99;4;CAPELLANA;;;;;
11;45;99;5;CAMINO DEL CERRO;;;;;
11;45;99;6;DEHESA DEL CAÑO;;;;;
11;45;99;7;ENCINASOLA PALANQUILLAS;;;;;
11;45;99;8;MORERA VALCARILLO;;;;;
11;45;99;9;VALDECORRALES;;;;;
11;45;99;10;CERRO DEL CAÑO;;;;;
11;45;99;11;MIRADOR (EL);;;;;
11;45;99;12;VALDECASTAÑOS;;;;;
11;45;99;13;ALTOS DE MENTRIDA;;;;;
11;45;99;14;SAN NICOLAS;;;;;
11;45;99;15;PALACIO (EL);;;;;
11;45;99;16;SAN ROQUE;;;;;
11;45;99;17;CASTAÑO (EL);;;;;
11;45;99;18;CERRO ALTO (LA VIÑA);;;;;
11;45;100;1;MESEGAR DE TAJO;;;;;
11;45;101;1;MIGUEL ESTEBAN;;;;;
11;45;102;2;MOCEJON;;;;;
11;45;103;1;MOHEDAS DE LA JARA;;;;;
11;45;104;1;MONTEARAGON;;;;;
11;45;105;1;MONTESCLAROS;;;;;
11;45;106;1;MORA;;;;;
11;45;107;1;NAMBROCA;;;;;
11;45;107;2;NIEVES (LAS);;;;;
11;45;108;1;NAVA DE RICOMALILLO (LA);;;;;
11;45;109;1;NAVAHERMOSA;;;;;
11;45;109;2;RIO CEDENA;;;;;
11;45;110;1;NAVALCAN;;;;;
11;45;111;1;NAVALMORALEJO;;;;;
11;45;112;1;NAVALMORALES (LOS);;;;;
11;45;112;2;RIO CEDENA;;;;;
11;45;113;1;ALARES (LOS);;;;;
11;45;113;2;NAVALUCILLOS (LOS);;;;;
11;45;113;3;ROBLEDO DEL BUEY;;;;;
11;45;113;4;VALDEAZORES;;;;;
11;45;114;1;NAVAMORCUENDE;;;;;
11;45;115;1;NOBLEJAS;;;;;
11;45;115;2;ALMENDROS DEL TAJO (LOS);;;;;
11;45;116;1;NOEZ;;;;;
11;45;117;1;NOMBELA;;;;;
11;45;117;2;URBANIZACION MOJON BLANCO;;;;;
11;45;118;1;NOVES;;;;;
11;45;119;1;NUMANCIA DE LA SAGRA;;;;;
11;45;119;2;PINAR DE VILLERICHE (EL);;;;;
11;45;120;1;NUÑO GOMEZ;;;;;
11;45;121;1;OCAÑA;;;;;
11;45;122;1;OLIAS DEL REY;;;;;
11;45;122;2;BEATO (EL);;;;;
11;45;122;3;CAMINO BARGAS A MAZARRACIN;;;;;
11;45;122;4;CAÑADA DE MAGAN;;;;;
11;45;122;5;SAN FRANCISCO CAVERO;;;;;
11;45;123;1;ONTIGOLA;;;;;
11;45;123;3;RESIDENCIAL ONTIGOLA;;;;;
11;45;124;1;ARISGOTAS;;;;;
11;45;124;2;ORGAZ;;;;;
11;45;125;1;CORCHUELA;;;;;
11;45;125;2;OROPESA;;;;;
11;45;126;1;OTERO;;;;;
11;45;126;2;ENCINILLA (LA);;;;;
11;45;126;3;MEZCUA (LA);;;;;
11;45;126;4;VILLARROELES (LOS);;;;;
11;45;127;1;PALOMEQUE;;;;;
11;45;127;2;VALDEPORRO;;;;;
11;45;128;1;PANTOJA;;;;;
11;45;129;1;PAREDES DE ESCALONA;;;;;
11;45;130;1;PARRILLAS;;;;;
11;45;131;1;PELAHUSTAN;;;;;
11;45;132;1;PEPINO;;;;;
11;45;132;2;GRAN CHAPARRAL (EL);;;;;
11;45;132;4;CORNICABRAL (EL);;;;;
11;45;132;6;CHAPARRAL (EL);;;;;
11;45;132;7;MANZANOS (LOS);;;;;
11;45;132;8;ESPINOSILLO (EL);;;;;
11;45;132;9;BUENAVISTA POLIGONO;;;;;
11;45;132;10;NIEVES (LAS);;;;;
11;45;132;11;VALDEFUENTES POLIGONO;;;;;
11;45;132;12;ZARQUILLOS;;;;;
11;45;132;13;SOTO DE ESPINOSILLO;;;;;
11;45;132;14;PRADO DEL ARCA;;;;;
11;45;133;1;POLAN;;;;;
11;45;134;1;PORTILLO DE TOLEDO;;;;;
11;45;135;1;PUEBLA DE ALMORADIEL (LA);;;;;
11;45;136;1;PUEBLA DE MONTALBAN (LA);;;;;
11;45;136;2;RINCONADA (LA);;;;;
11;45;137;1;PUEBLANUEVA (LA);;;;;
11;45;137;2;VEGAS Y SAN ANTONIO (LAS);;;;;
11;45;137;3;SAN ANTONIO;;;;;
11;45;137;4;VEGAS (LAS);;;;;
11;45;138;1;PUENTE DEL ARZOBISPO (EL);;;;;
11;45;139;1;PUERTO DE SAN VICENTE;;;;;
11;45;140;1;PULGAR;;;;;
11;45;141;1;QUERO;;;;;
11;45;142;1;QUINTANAR DE LA ORDEN;;;;;
11;45;143;1;QUISMONDO;;;;;
11;45;144;1;REAL DE SAN VICENTE (EL);;;;;
11;45;145;1;RECAS;;;;;
11;45;146;1;RETAMOSO;;;;;
11;45;146;2;RETAMOSO DE LA JARA;;;;;
11;45;147;1;RIELVES;;;;;
11;45;148;1;HUNFRIAS (LAS);;;;;
11;45;148;2;NAVALTORIL;;;;;
11;45;148;3;PIEDRAESCRITA;;;;;
11;45;148;4;ROBLEDILLO;;;;;
11;45;148;5;ROBLEDO DEL MAZO;;;;;
11;45;149;1;ROMERAL (EL);;;;;
11;45;150;1;SAN BARTOLOME DE LAS ABIERTAS;;;;;
11;45;151;1;SAN MARTIN DE MONTALBAN;;;;;
11;45;152;1;SAN MARTIN DE PUSA;;;;;
11;45;153;1;SAN PABLO DE LOS MONTES;;;;;
11;45;154;1;SAN ROMAN DE LOS MONTES;;;;;
11;45;154;2;SERRANILLOS PLAYA;;;;;
11;45;154;3;REGADIOS SAN ROMAN;;;;;
11;45;155;1;SANTA ANA DE PUSA;;;;;
11;45;156;1;SANTA CRUZ DE LA ZARZA;;;;;
11;45;157;1;CALALBERCHE;;;;;
11;45;157;3;SANTA CRUZ DEL RETAMAR;;;;;
11;45;157;4;CRUZ VERDE;;;;;
11;45;158;1;SANTA OLALLA;;;;;
11;45;159;1;SARTAJADA;;;;;
11;45;160;1;SEGURILLA;;;;;
11;45;161;2;ESTACION (LA);;;;;
11;45;161;3;SESEÑA;;;;;
11;45;161;4;SESEÑA NUEVO;;;;;
11;45;161;5;URBANIZACION EL QUIÑON;;;;;
11;45;161;6;URBANIZACION VALLE GRANDE;;;;;
11;45;162;1;SEVILLEJA DE LA JARA;;;;;
11;45;162;2;GARGANTILLA;;;;;
11;45;162;3;MINAS DE SANTA QUITERIA;;;;;
11;45;162;4;PUERTO REY;;;;;
11;45;162;5;SEVILLEJA DE LA JARA;;;;;
11;45;162;6;BUENASBODAS;;;;;
11;45;163;1;CASALGORDO;;;;;
11;45;163;2;SONSECA;;;;;
11;45;164;1;SOTILLO DE LAS PALOMAS;;;;;
11;45;165;1;BARRIO DE SANTA MARIA;;;;;
11;45;165;2;CASAR DE TALAVERA (EL);;;;;
11;45;165;3;COLONIA NUESTRA SEÑORA DEL PRADO;;;;;
11;45;165;5;GAMONAL;;;;;
11;45;165;6;TALAVERA DE LA REINA;;;;;
11;45;165;7;TALAVERA LA NUEVA;;;;;
11;45;166;1;TEMBLEQUE;;;;;
11;45;167;1;TOBOSO (EL);;;;;
11;45;168;1;TOLEDO;;;;;
11;45;168;2;AZUCAICA;;;;;
11;45;168;3;POLIGONO STA M  DE BENQUERENCIA;;;;;
11;45;169;1;TORRALBA DE OROPESA;;;;;
11;45;170;1;FRESNEDA (LA);;;;;
11;45;170;2;TORECILLA DE LA JARA;;;;;
11;45;171;1;TORRE DE ESTEBAN HAMBRAN (LA);;;;;
11;45;172;1;TORRICO;;;;;
11;45;173;1;TORRIJOS;;;;;
11;45;174;1;TOTANES;;;;;
11;45;175;1;TURLEQUE;;;;;
11;45;176;1;UGENA;;;;;
11;45;176;3;PALOMINOS MIMOSAS;;;;;
11;45;176;4;PENDON PRADILLO TOPO;;;;;
11;45;176;5;TORREJONCILLO DE LOS HIGOS;;;;;
11;45;176;7;VIÑA GRANDE;;;;;
11;45;176;8;URBANIZACION CAMINO DE BOADILLA;;;;;
11;45;176;9;URBANIZACION FUENTEVIEJA;;;;;
11;45;176;10;URBANIZACION LAS MIMOSAS;;;;;
11;45;176;11;URBANIZACION EL PENDON;;;;;
11;45;176;12;URBANIZACION VEREDA DEL TOPO;;;;;
11;45;176;13;LLANO (EL);;;;;
11;45;177;1;URDA;;;;;
11;45;179;1;VALDEVERDEJA;;;;;
11;45;180;1;VALMOJADO;;;;;
11;45;181;1;VELADA;;;;;
11;45;182;1;VENTAS CON PEÑA AGUILERA (LAS);;;;;
11;45;183;1;VENTAS DE RETAMOSA (LA);;;;;
11;45;183;2;BOLAS (LAS);;;;;
11;45;183;3;ROSAS (LAS);;;;;
11;45;184;1;VENTAS DE SAN JULIAN (LAS);;;;;
11;45;185;1;VILLACAÑAS;;;;;
11;45;186;1;VILLA DE DON FADRIQUE (LA);;;;;
11;45;187;1;VILLAFRANCA DE LOS CABALLEROS;;;;;
11;45;187;2;LAGUNAS (LAS);;;;;
11;45;188;1;VILLALUENGA DE LA SAGRA;;;;;
11;45;188;2;PINAR DE LA SAGRA (EL);;;;;
11;45;189;1;VILLAMIEL DE TOLEDO;;;;;
11;45;190;1;VILLAMINAYA;;;;;
11;45;191;1;VILLAMUELAS;;;;;
11;45;192;1;VILLANUEVA DE ALCARDETE;;;;;
11;45;193;1;VILLANUEVA DE BOGAS;;;;;
11;45;194;1;VILLAREJO DE MONTALBAN;;;;;
11;45;195;1;VILLARRUBIA DE SANTIAGO;;;;;
11;45;196;1;ACECA;;;;;
11;45;196;2;VILLASECA DE LA SAGRA;;;;;
11;45;197;1;VILLASEQUILLA;;;;;
11;45;198;1;VILLATOBAS;;;;;
11;45;199;1;VISO DE SAN JUAN (EL);;;;;
11;45;199;2;GUADARRAMA CENTRO;;;;;
11;45;199;3;GUADARRAMA OESTE;;;;;
11;45;199;4;ALFERZA (LA);;;;;
11;45;199;5;ALMENDROS (LOS);;;;;
11;45;199;6;BARRERO (EL);;;;;
11;45;199;7;BATAN (EL);;;;;
11;45;199;8;CAMINO DEL RIO;;;;;
11;45;199;9;CAMINO MADRID-A;;;;;
11;45;199;10;CANTALPAJARO;;;;;
11;45;199;11;CASTILLO DE OLMO;;;;;
11;45;199;12;CERRON (EL);;;;;
11;45;199;13;CHAPARRAL (EL);;;;;
11;45;199;14;COLORADA (LA);;;;;
11;45;199;15;CRISTO INDUSTRIAL (EL);;;;;
11;45;199;16;CRISTO RESIDENCIAL (EL);;;;;
11;45;199;17;ERMITA (LA);;;;;
11;45;199;18;FUENTE SERENA;;;;;
11;45;199;19;PALOMA (LA);;;;;
11;45;199;20;POLIGONO INDUSTRIAL LA ERMITA;;;;;
11;45;199;21;PROLONGACION EL CHAPARRAL;;;;;
11;45;199;22;ROSALES I (LOS);;;;;
11;45;199;23;VALDECLARA;;;;;
11;45;199;24;VALDEHOYAS I;;;;;
11;45;199;25;VIÑAS (LAS);;;;;
11;45;199;26;ZANJAS (LAS);;;;;
11;45;199;27;ALAMEDA (LA);;;;;
11;45;199;28;ARROYO DE HUERTA;;;;;
11;45;199;29;ARROYO TORMANTOS Y CALZADILLA;;;;;
11;45;199;30;CAMINO DE FRAILES;;;;;
11;45;199;31;CAMINO DE HUERTAS;;;;;
11;45;199;32;CASCABELA (LA);;;;;
11;45;199;33;FLORES (LAS);;;;;
11;45;199;34;GUADARRAMA-A;;;;;
11;45;199;35;OLIVOS (LOS);;;;;
11;45;199;36;PRADO DE LOS CABALLOS;;;;;
11;45;199;37;RIACHUELO (EL);;;;;
11;45;199;38;SAN MARCOS;;;;;
11;45;199;39;SAUCO (EL);;;;;
11;45;199;40;SOTO MANDUCHA;;;;;
11;45;199;41;VALDEHERNANDO;;;;;
11;45;199;42;VALDELAFUENTE;;;;;
11;45;199;43;VALLE DE LA CUNA;;;;;
11;45;199;44;VEGA DEL CASTILLO;;;;;
11;45;199;45;ZARZA (LA);;;;;
11;45;200;1;ESTACION EMPERADOR;;;;;
11;45;200;3;ESTACION URDA PELECHES;;;;;
11;45;200;4;MONTES DE MORA;;;;;
11;45;200;5;YEBENES (LOS);;;;;
11;45;201;1;YELES;;;;;
11;45;201;2;CAMINO DE YUNCOS;;;;;
11;45;201;3;CISNEROS;;;;;
11;45;201;4;ESTACION;;;;;
11;45;201;5;PRADILLOS;;;;;
11;45;202;1;YEPES;;;;;
11;45;203;1;YUNCLER;;;;;
11;45;203;2;IDARSAGRA;;;;;
11;45;203;3;SAUCES (LOS);;;;;
11;45;204;1;YUNCLILLOS;;;;;
11;45;205;1;YUNCOS;;;;;
11;45;205;2;ARROYO VEDADO;;;;;
11;45;205;3;CERVANTES;;;;;
11;45;205;4;MAULON GRAMALES;;;;;
11;45;205;5;POZUELO;;;;;
11;45;205;6;HOYA (LA);;;;;
11;45;901;1;SANTO DOMINGO - CAUDILLA;;;;;
11;45;901;2;VAL DE SANTO DOMINGO;;;;;
11;45;999;1;OTRA PROVINCIA;;;;;
12;35;1;1;AGAETE;;;;;
12;35;1;2;VALLE DE AGAETE;;;;;
12;35;1;4;GUAYEDRA;;;;;
12;35;1;5;HORNILLO (EL);;;;;
12;35;1;6;LLANOS (LOS);;;;;
12;35;1;7;PUERTO DE LAS NIEVES;;;;;
12;35;1;8;RISCO (EL);;;;;
12;35;1;10;SAO (EL);;;;;
12;35;2;1;AGÜIMES;;;;;
12;35;2;2;PLAYA DE ARINAGA;;;;;
12;35;2;3;BANDA (LA);;;;;
12;35;2;4;CORRALILLOS LOS;;;;;
12;35;2;5;CRUCE DE ARINAGA;;;;;
12;35;2;6;GOLETA (LA);;;;;
12;35;2;7;ROSAS (LAS);;;;;
12;35;2;8;TEMISAS;;;;;
12;35;2;9;VARGAS;;;;;
12;35;2;12;CUARTERÍA EL UNO;;;;;
12;35;2;18;MONTAÑA SAN FRANCISCO;;;;;
12;35;2;19;MONTAÑA LOS VELEZ;;;;;
12;35;2;23;POLIGONO RESIDENCIAL DE ARINAGA;;;;;
12;35;3;1;AGUA DE BUEYES;;;;;
12;35;3;2;ANTIGUA;;;;;
12;35;3;3;CASILLAS DE MORALES;;;;;
12;35;3;4;TRIQUIVIJATE;;;;;
12;35;3;5;VALLES DE ORTEGA;;;;;
12;35;3;6;CASTILLO (EL);;;;;
12;35;4;3;ARRECIFE;;;;;
12;35;5;1;ACUSA VERDE;;;;;
12;35;5;2;ARTENARA;;;;;
12;35;5;3;CORUÑA;;;;;
12;35;5;5;LUGAREJOS;;;;;
12;35;5;6;ARBEJAS (LAS);;;;;
12;35;5;7;CANDELARIA;;;;;
12;35;5;8;CUEVAS (LAS);;;;;
12;35;6;2;ARUCAS;;;;;
12;35;6;3;BAÑADEROS;;;;;
12;35;6;5;CARDONES;;;;;
12;35;6;6;CASTILLOS (LOS);;;;;
12;35;6;8;JUAN XXIII;;;;;
12;35;6;11;PORTALES (LOS);;;;;
12;35;6;12;SAN ANDRES;;;;;
12;35;6;13;SANTIDAD;;;;;
12;35;6;14;TRAPICHE;;;;;
12;35;6;15;TRASMONTAÑA;;;;;
12;35;6;16;VISVIQUE;;;;;
12;35;6;17;TINOCAS;;;;;
12;35;6;18;PUERTILLO (EL);;;;;
12;35;6;19;TRES BARRIOS;;;;;
12;35;7;1;BETANCURIA;;;;;
12;35;7;2;VALLE DE SANTA INES;;;;;
12;35;7;3;VEGA DE RIO PALMAS;;;;;
12;35;8;1;BARRANCO DE LAS MADRES;;;;;
12;35;8;2;BUENLUGAR;;;;;
12;35;8;3;CALDERA (LA);;;;;
12;35;8;4;CAMBALUD;;;;;
12;35;8;5;CASABLANCA;;;;;
12;35;8;6;CORTIJO (EL);;;;;
12;35;8;7;DOLORES (LOS);;;;;
12;35;8;8;FIRGAS;;;;;
12;35;8;10;PADILLA;;;;;
12;35;8;11;PELLAS (LAS);;;;;
12;35;8;13;RISCO (EL);;;;;
12;35;8;14;ROSALES (LOS);;;;;
12;35;8;16;SAN ANTON;;;;;
12;35;8;17;ZUMACAL (EL);;;;;
12;35;8;18;CRUZ (LA);;;;;
12;35;8;19;LOMO QUINTANILLA;;;;;
12;35;8;20;TRAPICHE;;;;;
12;35;9;1;CAIDEROS;;;;;
12;35;9;2;FAGAJESTO;;;;;
12;35;9;3;GALDAR;;;;;
12;35;9;5;JUNCALILLO;;;;;
12;35;9;6;PUERTO DE SARDINA;;;;;
12;35;9;8;SAN ISIDRO;;;;;
12;35;9;10;SAUCILLO;;;;;
12;35;9;12;HOYA DE PINEDA;;;;;
12;35;9;13;QUINTANAS Y PISO FIRME (LOS);;;;;
12;35;9;14;BARRIAL;;;;;
12;35;9;15;MARMOLEJOS;;;;;
12;35;10;1;ARRIETA;;;;;
12;35;10;2;CHARCO DEL PALO;;;;;
12;35;10;3;GUINATE;;;;;
12;35;10;4;HARIA;;;;;
12;35;10;5;MAGUEZ;;;;;
12;35;10;6;MALA;;;;;
12;35;10;7;ORZOLA;;;;;
12;35;10;8;PUNTA MUJERES;;;;;
12;35;10;9;TABAYESCO;;;;;
12;35;10;10;YE;;;;;
12;35;11;1;CARRIZAL;;;;;
12;35;11;2;INGENIO;;;;;
12;35;11;3;AGUATONA;;;;;
12;35;11;4;BARRANCO DE GUAYADEQUE;;;;;
12;35;11;5;BURRERO (EL);;;;;
12;35;11;6;CARRION (EL);;;;;
12;35;11;7;LOMO DEL HOSPITAL;;;;;
12;35;11;8;MARFU;;;;;
12;35;11;9;MEJIAS (LAS);;;;;
12;35;11;10;MONDRAGON;;;;;
12;35;11;11;MORISCOS (LOS);;;;;
12;35;11;12;PASADILLA-ROQUE;;;;;
12;35;11;13;PUNTILLA (LAS);;;;;
12;35;12;1;ALMACIGOS (LOS);;;;;
12;35;12;2;AQUAMARINA;;;;;
12;35;12;3;ARGUINEGUIN;;;;;
12;35;12;4;BARRANQUILLO ANDRES;;;;;
12;35;12;5;BURRILLAS (LAS);;;;;
12;35;12;6;CAIDERO (EL);;;;;
12;35;12;9;CASAS BLANCAS;;;;;
12;35;12;10;CASAS DE VENEGUERA;;;;;
12;35;12;11;CASILLAS (LAS);;;;;
12;35;12;12;CERCADO (EL);;;;;
12;35;12;15;FILIPINAS (LAS);;;;;
12;35;12;17;HORNO (EL);;;;;
12;35;12;18;HORNO DE LA TEJA;;;;;
12;35;12;19;HUMBRIDILLA (LA);;;;;
12;35;12;20;LOMOQUIEBRE;;;;;
12;35;12;21;LLANOS (LOS);;;;;
12;35;12;22;MOGAN;;;;;
12;35;12;23;MOLINO DE VIENTO (EL);;;;;
12;35;12;24;NAVARROS (LOS);;;;;
12;35;12;25;PALMITOS (LOS);;;;;
12;35;12;26;PASITOS (LOS);;;;;
12;35;12;27;PATALAVACA;;;;;
12;35;12;28;PEÑONES (LOS);;;;;
12;35;12;29;PIE DE LA CUESTA;;;;;
12;35;12;30;PLATERO;;;;;
12;35;12;31;PLAYA DE MOGAN;;;;;
12;35;12;32;PLAYA DEL TAURO (LA);;;;;
12;35;12;34;PLAYA DEL CURA (LA);;;;;
12;35;12;35;PUEBLO DE TAURO;;;;;
12;35;12;36;PUERTO RICO;;;;;
12;35;12;37;ROSILLA (LA);;;;;
12;35;12;38;SORIA;;;;;
12;35;12;39;TABAIBALES;;;;;
12;35;12;40;TAURITO;;;;;
12;35;12;41;VERGA (LA);;;;;
12;35;12;42;ZAO (EL);;;;;
12;35;12;43;CHARCA  (LA)12;;;;;
12;35;12;44;VENTO  (EL);;;;;
12;35;12;45;BALITO;;;;;
12;35;12;46;BARRANCO DEL CURA;;;;;
12;35;12;48;CANARIOS I;;;;;
12;35;12;49;CANARIOS II,III IV,V;;;;;
12;35;12;50;CORNISA DEL SUROESTE;;;;;
12;35;12;51;CORTADORES DE PUERTO RICO;;;;;
12;35;13;1;BARRANCO DEL LAUREL;;;;;
12;35;13;2;BARRANCO DEL PINAR;;;;;
12;35;13;3;CABO VERDE;;;;;
12;35;13;4;CARRETERIA;;;;;
12;35;13;5;COSTA (LA);;;;;
12;35;13;6;DORAMAS;;;;;
12;35;13;7;DRAGOS (LOS);;;;;
12;35;13;8;FRONTON;;;;;
12;35;13;9;HOYAS DEL CAVADERO;;;;;
12;35;13;10;JURADA (LA);;;;;
12;35;13;11;LANCE;;;;;
12;35;13;12;LOMO BLANCO;;;;;
12;35;13;13;LOMO DEL PEÑÓN;;;;;
12;35;13;14;VILLA DE MOYA;;;;;
12;35;13;15;PALMITO;;;;;
12;35;13;16;PALO;;;;;
12;35;13;17;FONTANALES;;;;;
12;35;13;19;TABLERO (EL);;;;;
12;35;13;20;TILES (LOS);;;;;
12;35;13;21;TRUJILLO;;;;;
12;35;13;22;MORETO (EL);;;;;
12;35;13;23;TOSCALES (LOS);;;;;
12;35;14;1;CALDERETA;;;;;
12;35;14;2;CORRALEJO;;;;;
12;35;14;3;COTILLO (EL);;;;;
12;35;14;4;LAJARES;;;;;
12;35;14;5;OLIVA (LA);;;;;
12;35;14;6;ROQUE (EL);;;;;
12;35;14;7;TINDAYA;;;;;
12;35;14;8;VALLEBRON;;;;;
12;35;14;9;VILLAVERDE;;;;;
12;35;14;10;ISLA DE LOBOS;;;;;
12;35;14;11;MAJANICHO;;;;;
12;35;14;12;PARQUE HOLANDES;;;;;
12;35;15;1;CARDON;;;;;
12;35;15;2;CHILEGUA;;;;;
12;35;15;3; LAJITA (LA);;;;;
12;35;15;4;MORRO JABLE;;;;;
12;35;15;5;PAJARA;;;;;
12;35;15;6;TOTO;;;;;
12;35;15;7;AJUY;;;;;
12;35;15;8;COSTA CALMA;;;;;
12;35;15;9;ESQUINZO;;;;;
12;35;15;10;MAL NOMBRE;;;;;
12;35;15;11;PARED (LA);;;;;
12;35;15;12;PIEDRAS CAIDAS;;;;;
12;35;15;13;SOLANA MATORRAL;;;;;
12;35;15;14;PUNTA JANDIA;;;;;
12;35;16;1;ALMATRICHE;;;;;
12;35;16;12;GILES (LOS);;;;;
12;35;16;14;HOYOS (LOS);;;;;
12;35;16;19;MARZAGAN;;;;;
12;35;16;24;PALMAS DE GRAN CANARIA (LAS);;;;;
12;35;16;30;SAN LORENZO;;;;;
12;35;16;36;TAMARACEITE;;;;;
12;35;16;37;TENOYA;;;;;
12;35;16;49;MONTAÑETA (LA);;;;;
12;35;16;50;TAFIRA;;;;;
12;35;17;1;AMPUYENTA (LA);;;;;
12;35;17;2;ASOMADA (LA);;;;;
12;35;17;3;CASILLAS DEL ANGEL;;;;;
12;35;17;5;GUISGUEY;;;;;
12;35;17;6;LLANOS DE LA CONCEPCIÓN;;;;;
12;35;17;7;MATILLA (LA);;;;;
12;35;17;8;MATORRAL (EL);;;;;
12;35;17;9;PUERTO DEL ROSARIO;;;;;
12;35;17;10;PUERTO LAJAS;;;;;
12;35;17;11;TEFIA;;;;;
12;35;17;12;TESJUATES;;;;;
12;35;17;13;TETIR;;;;;
12;35;17;14;TIME (EL);;;;;
12;35;17;15;ESTANCOS (EL);;;;;
12;35;17;16;PARCELAS (LAS);;;;;
12;35;17;17;PUERTITO DE LOS MOLINOS;;;;;
12;35;18;2;GUIME;;;;;
12;35;18;3;ISLOTE (EL);;;;;
12;35;18;4;MONTAÑA BLANCA;;;;;
12;35;18;5;PLAYA HONDA;;;;;
12;35;18;6;SAN BARTOLOME;;;;;
12;35;19;1;AGUALATENTE;;;;;
12;35;19;2;ALDEA BLANCA;;;;;
12;35;19;4;ARTEARA;;;;;
12;35;19;5;AYACATA;;;;;
12;35;19;6;AYAGURES;;;;;
12;35;19;8;CASAS BLANCAS;;;;;
12;35;19;9;CASTILLO DEL ROMERAL;;;;;
12;35;19;10;CERCADOS DE ARAÑA;;;;;
12;35;19;11;CERCADOS DE ESPINO;;;;;
12;35;19;12;CULATA (LA);;;;;
12;35;19;13;FATAGA;;;;;
12;35;19;14;FLORIDA (LA);;;;;
12;35;19;15;HOYA GARCIA;;;;;
12;35;19;16;JUAN GRANDE;;;;;
12;35;19;17;LOMITO DE TAIDIA;;;;;
12;35;19;18;LOMO DE LA PALMA;;;;;
12;35;19;20;MASPALOMAS;;;;;
12;35;19;21;MATORRAL (EL);;;;;
12;35;19;22;MONTAÑA (LA);;;;;
12;35;19;24;MONTAÑA LA DATA;;;;;
12;35;19;26;PLATA (LA);;;;;
12;35;19;27;PLAYA DEL INGLES;;;;;
12;35;19;28;RISCO BLANCO;;;;;
12;35;19;29;SAN AGUSTIN;;;;;
12;35;19;30;TUNTE;;;;;
12;35;19;31;SEQUERO (EL);;;;;
12;35;19;32;SITIOS (LOS);;;;;
12;35;19;33;TABLERO (EL);;;;;
12;35;19;34;TAIDIA;;;;;
12;35;19;36;HOYA GRANDE;;;;;
12;35;19;37;HOYA DE TUNTE;;;;;
12;35;19;38;SAN FERNANDO;;;;;
12;35;19;39;BAHIA FELIZ;;;;;
12;35;19;40;BERRIEL;;;;;
12;35;19;41;CANALIZO (EL);;;;;
12;35;19;42;CASERONES DE FATAGA (LOS);;;;;
12;35;19;44;CERCADOS (LOS);;;;;
12;35;19;45;CIUDAD DE LIMA;;;;;
12;35;19;46;CHIRA;;;;;
12;35;19;48;FILIPINAS (LAS);;;;;
12;35;19;49;HORTIGONES (LOS);;;;;
12;35;19;50;HUESA BERMEJA;;;;;
12;35;19;51;HUMBRÍA (LA);;;;;
12;35;19;52;MEDIA FANEGA;;;;;
12;35;19;53;MIMBRE (LA);;;;;
12;35;19;54;MONTAÑA DE ROSIANA;;;;;
12;35;19;55;MORAL (EL);;;;;
12;35;19;56;PAJAR (EL);;;;;
12;35;19;57;PALMITOS (LOS);;;;;
12;35;19;58;PASITO BLANCO;;;;;
12;35;19;59;PEDRAZO;;;;;
12;35;19;60;PERERA;;;;;
12;35;19;61;PLAYA DEL AGUILA;;;;;
12;35;19;62;RISCO LA CANDELILLA;;;;;
12;35;19;63;RODEOS (LOS);;;;;
12;35;19;64;SALOBRE (EL);;;;;
12;35;19;65;SANTA AGUEDA;;;;;
12;35;19;66;SONNELAND;;;;;
12;35;19;67;TARAJILLO;;;;;
12;35;19;68;TEDERAS (LAS);;;;;
12;35;19;69;TREJO;;;;;
12;35;19;70;CAMPO INTERNACIONAL;;;;;
12;35;19;71;CALDERIN;;;;;
12;35;19;72;MELONERAS (LAS);;;;;
12;35;20;1;ALBERCON;;;;;
12;35;20;2;ARTEJEVEZ;;;;;
12;35;20;3;ESPINOS (LOS);;;;;
12;35;20;4;HOYO (EL);;;;;
12;35;20;5;MARCIEGAS (LAS);;;;;
12;35;20;6;MEDEROS;;;;;
12;35;20;7;MOLINOS (LOS);;;;;
12;35;20;8;SAN NICOLAS DE TOLENTINO;;;;;
12;35;20;9;TASARTE;;;;;
12;35;20;10;TASARTICO;;;;;
12;35;20;11;TOCODOMAN;;;;;
12;35;20;12;CARDONERA (LA);;;;;
12;35;20;13;CERCADILLOS;;;;;
12;35;20;14;MOLINO DE AGUA;;;;;
12;35;20;15;MOLINO DE VIENTO;;;;;
12;35;20;16;PINILLO (EL);;;;;
12;35;20;17;PLAYA DE SAN NICOLAS;;;;;
12;35;21;1;ANGOSTURA (LA);;;;;
12;35;21;2;ATALAYA (LA);;;;;
12;35;21;3;GAMONAL (EL);;;;;
12;35;21;4;MONTE LENTISCAL;;;;;
12;35;21;5;PINO SANTO;;;;;
12;35;21;7;SANTA BRIGIDA;;;;;
12;35;21;8;VEGA DE ENMEDIO;;;;;
12;35;21;9;LENTISCOS (LOS);;;;;
12;35;21;10;OLIVOS (LOS);;;;;
12;35;21;11;SAN JOSE DE LAS VEGAS;;;;;
12;35;22;1;CRUCE DE SARDINA;;;;;
12;35;22;2;DOCTORAL (EL);;;;;
12;35;22;3;CASA PASTORES;;;;;
12;35;22;10;SANTA LUCIA;;;;;
12;35;22;11;SARDINA;;;;;
12;35;22;13;VECINDARIO;;;;;
12;35;22;23;INGENIO (EL);;;;;
12;35;22;24;LAGUNAS (LAS);;;;;
12;35;22;25;MORISCO (EL);;;;;
12;35;22;26;PARRAL GRANDE;;;;;
12;35;22;27;POZO IZQUIERDO;;;;;
12;35;22;28;ROSIANA;;;;;
12;35;22;29;RUEDA (LA);;;;;
12;35;22;30;SORRUEDA (LA);;;;;
12;35;23;1;BARRANCO DEL PINAR;;;;;
12;35;23;2;BARRANQUILLO FRIO;;;;;
12;35;23;3;BASCAMAO;;;;;
12;35;23;4;CALABOZO (EL);;;;;
12;35;23;5;CASAS DE AGUILAR;;;;;
12;35;23;6;JUNQUILLO (EL);;;;;
12;35;23;7;MONDRAGONES;;;;;
12;35;23;8;MONTAÑA ALTA;;;;;
12;35;23;9;PALMITAL (EL);;;;;
12;35;23;10;PASO MARIA DE LOS SANTOS;;;;;
12;35;23;11;SAN FELIPE;;;;;
12;35;23;12;SAN JUAN;;;;;
12;35;23;13;SANTA MARIA DE GUIA;;;;;
12;35;23;14;TRES PALMAS;;;;;
12;35;23;15;VERDEJO;;;;;
12;35;23;16;VERGARA;;;;;
12;35;24;1;CABRERAS (LAS);;;;;
12;35;24;2;CALETA DE FAMARA;;;;;
12;35;24;4;CALETAS (LAS);;;;;
12;35;24;5;COSTA TEGUISE;;;;;
12;35;24;6;GUATIZA;;;;;
12;35;24;8;LADERAS (LAS);;;;;
12;35;24;9;MOJON (EL);;;;;
12;35;24;10;MOZAGA;;;;;
12;35;24;11;MUÑIQUE;;;;;
12;35;24;12;NAZARET;;;;;
12;35;24;14;SOO;;;;;
12;35;24;15;TAHICHE;;;;;
12;35;24;16;TAO;;;;;
12;35;24;17;VILLA DE TEGUISE;;;;;
12;35;24;18;TESEGUITE;;;;;
12;35;24;19;TIAGUA;;;;;
12;35;24;20;VALLES (LOS);;;;;
12;35;24;21;ANCONES (LOS);;;;;
12;35;24;22;CALETA DE CABALLO;;;;;
12;35;24;23;COCOTEROS (LOS);;;;;
12;35;24;24;CHARCO DEL PALO;;;;;
12;35;24;25;GRACIOSA (LA);;;;;
12;35;24;27;TOMAREN;;;;;
12;35;25;1;CARRIZAL (EL);;;;;
12;35;25;2;CUEVAS CAIDAS;;;;;
12;35;25;3;CULATA (LA);;;;;
12;35;25;4;CHORRILLO (EL);;;;;
12;35;25;5;DEGOLLADA (LA);;;;;
12;35;25;6;ESPINILLO (EL);;;;;
12;35;25;8;JUNCAL (EL);;;;;
12;35;25;9;LOMO DE LOS SANTOS;;;;;
12;35;25;10;MAJUELO (EL);;;;;
12;35;25;11;RINCON (EL);;;;;
12;35;25;12;SOLANA (LA);;;;;
12;35;25;13;TEJEDA;;;;;
12;35;25;14;TIMAGADA;;;;;
12;35;25;15;TOSCON (EL);;;;;
12;35;25;16;CASAS DEL LOMO;;;;;
12;35;25;17;CRUCITAS (LAS);;;;;
12;35;25;19;ROQUE (EL);;;;;
12;35;26;2;BREÑA (LA);;;;;
12;35;26;3;CALERO (EL);;;;;
12;35;26;4;CALLEJON DE CASTILLO;;;;;
12;35;26;5;CARACOL (EL);;;;;
12;35;26;6;CASAS NUEVAS;;;;;
12;35;26;7;CASERONES (LOS);;;;;
12;35;26;8;CAZADORES;;;;;
12;35;26;9;CENDRO;;;;;
12;35;26;11;CUATRO PUERTAS;;;;;
12;35;26;12;GANDO;;;;;
12;35;26;14;GARITA (LA);;;;;
12;35;26;15;GAVIA (LA);;;;;
12;35;26;16;GORO (EL);;;;;
12;35;26;17;GOTERAS (LAS);;;;;
12;35;26;18;HIGUERA CANARIA (LA);;;;;
12;35;26;19;HORNOS DEL REY (LOS);;;;;
12;35;26;20;HUESAS (LAS);;;;;
12;35;26;21;JEREZ;;;;;
12;35;26;22;JINAMAR;;;;;
12;35;26;24;LOMO DE LA HERRADURA;;;;;
12;35;26;25;LOMO MAGULLO;;;;;
12;35;26;26;LOMO DEL CEMENTERIO;;;;;
12;35;26;27;MAJADILLA (LA);;;;;
12;35;26;28;MARPEQUEÑA;;;;;
12;35;26;29;MATANZA (LA);;;;;
12;35;26;30;MEDIANIAS (LAS);;;;;
12;35;26;31;MONTAÑA DE LAS PALMAS;;;;;
12;35;26;32;OJOS DE GARZA;;;;;
12;35;26;33;PALMITAL (EL);;;;;
12;35;26;34;PARDILLA (LA);;;;;
12;35;26;36;PLAYA DE MELENARA;;;;;
12;35;26;37;PLAYA DE SALINETAS;;;;;
12;35;26;38;PLAYA DEL HOMBRE;;;;;
12;35;26;39;REMUDAS (LAS);;;;;
12;35;26;40;SAN ANTONIO;;;;;
12;35;26;42;SAN JOSE DE LAS LONGUERAS;;;;;
12;35;26;43;TARA;;;;;
12;35;26;44;TELDE;;;;;
12;35;26;45;VALLE DE CASARES Y SOLANA;;;;;
12;35;26;46;VALLE DE LOS NUEVE;;;;;
12;35;26;47;TECEN;;;;;
12;35;26;48;VALLE DE JINAMAR;;;;;
12;35;27;1;ALAMO (EL);;;;;
12;35;27;2;ARBEJALES;;;;;
12;35;27;3;ESPARTERO;;;;;
12;35;27;5;PALMAR (EL);;;;;
12;35;27;6;MIRAFLOR;;;;;
12;35;27;8;TEROR;;;;;
12;35;27;9;ROSADAS (LAS);;;;;
12;35;27;10;SAN JOSE DEL ALAMO;;;;;
12;35;27;11;BLANCO (LO);;;;;
12;35;27;12;HORNILLO (EL);;;;;
12;35;27;13;SAN ISDRO;;;;;
12;35;28;1;ASOMADA (LA);;;;;
12;35;28;2; CONIL;;;;;
12;35;28;3;MACHER;;;;;
12;35;28;4;MASDACHE;;;;;
12;35;28;7;PUERTO DEL CARMEN;;;;;
12;35;28;8;TIAS;;;;;
12;35;28;9;VEGA DE TEGOYO;;;;;
12;35;29;1;CUCHILLO (EL);;;;;
12;35;29;2;MANCHA BLANCA;;;;;
12;35;29;3;SANTA (LA);;;;;
12;35;29;4;TINAJO;;;;;
12;35;29;5;VEGUETA (LA);;;;;
12;35;30;1;CASITAS (LAS);;;;;
12;35;30;2;GINIGINAMAR;;;;;
12;35;30;4;GRAN TARAJAL;;;;;
12;35;30;5;PLAYITAS (LAS);;;;;
12;35;30;6;TARAJALEJO;;;;;
12;35;30;8;TESEJERAGUE;;;;;
12;35;30;9;TISCAMANITA;;;;;
12;35;30;10;TUINEJE;;;;;
12;35;30;12;JUAN GOPAR;;;;;
12;35;30;13;TEGUITAR;;;;;
12;35;31;2;CASILLA (LAS);;;;;
12;35;31;5;ERA DE LA MOTA;;;;;
12;35;31;6;HELECHAL (EL);;;;;
12;35;31;9;LOMITOS DE CORREA;;;;;
12;35;31;11;LLANETES (LOS);;;;;
12;35;31;14;MONTAÑON (EL);;;;;
12;35;31;16;RINCON (EL);;;;;
12;35;31;18;TECEN DE VALSEQUILLO;;;;;
12;35;31;19;TENTENIGUADA;;;;;
12;35;31;20;VALSEQUILLO;;;;;
12;35;31;21;VALLE DE SAN ROQUE DE VALSEQUILLO;;;;;
12;35;31;22;VEGAS (LAS);;;;;
12;35;31;24;BARRERA (LA);;;;;
12;35;31;26;LLANIO DEL CONDE;;;;;
12;35;31;27;CANTERA (LA);;;;;
12;35;31;28;PEDREGAL (EL);;;;;
12;35;31;29;TRONCON (EL);;;;;
12;35;32;1;BARRANCO;;;;;
12;35;32;2;BARRANQUILLO;;;;;
12;35;32;3;CARPINTERIAS;;;;;
12;35;32;4;CASERON;;;;;
12;35;32;5;LANZAROTE;;;;;
12;35;32;6;MADRELAGUA;;;;;
12;35;32;7;MONAGAS;;;;;
12;35;32;8;TROYANAS;;;;;
12;35;32;9;VALSENDERO;;;;;
12;35;32;10;VALLESECO;;;;;
12;35;32;11;ZAMORA;;;;;
12;35;32;12;ZUMACAL;;;;;
12;35;33;1;ARIÑEZ;;;;;
12;35;33;2;BODEGUILLA (LA);;;;;
12;35;33;3;CAMARETAS;;;;;
12;35;33;4;CUEVA GRANDE;;;;;
12;35;33;5;HOYA DE GAMONAL;;;;;
12;35;33;6;LAGUNETAS (LAS);;;;;
12;35;33;7;LECHUCILLA (LA);;;;;
12;35;33;8;LECHUZA (LA);;;;;
12;35;33;9;RISCO PRIETO;;;;;
12;35;33;10;UTICA;;;;;
12;35;33;11;VEGA DE SAN MATEO;;;;;
12;35;33;12;YEDRA (LA);;;;;
12;35;33;13;CRUZ DE TEJEDA;;;;;
12;35;33;14;CRUZ DEL HERRERO;;;;;
12;35;33;15;CRUZ DE SAUCILLO;;;;;
12;35;33;16;GALAS;;;;;
12;35;33;17;GALLEGO (EL);;;;;
12;35;33;18;LOMO CARBONERO;;;;;
12;35;33;19;SOLANA (LA);;;;;
12;35;34;1;BREÑAS (LAS);;;;;
12;35;34;2;FEMES;;;;;
12;35;34;3;GOLFO (EL);;;;;
12;35;34;4;PLAYA BLANCA;;;;;
12;35;34;5;UGA;;;;;
12;35;34;7;YAIZA;;;;;
12;35;34;8;CASITAS (LAS);;;;;
12;35;34;9;HOYA (LA);;;;;
12;35;34;10;PLAYA QUEMADA;;;;;
12;35;34;11;CORTIJO VIEJO;;;;;
12;35;34;12;DEGOLLADA (LA);;;;;
12;35;34;13;GERIA (LA);;;;;
12;35;34;15;MACIOT;;;;;
12;35;34;16;PUERTO CALERO;;;;;
12;38;1;1;ADEJE;;;;;
12;38;1;2;ARMEÑIME;;;;;
12;38;1;4;CALDERA (LA);;;;;
12;38;1;5;CALETA (LA);;;;;
12;38;1;6;CALLAO SALVAJE;;;;;
12;38;1;7;CANCELAS (LAS);;;;;
12;38;1;9;FAÑABE;;;;;
12;38;1;10;IFONCHE Y BENITEZ;;;;;
12;38;1;11;MARAZUL;;;;;
12;38;1;14;MORADITAS (LAS);;;;;
12;38;1;15;IBOYBO;;;;;
12;38;1;17;PLAYA DE LAS AMERICAS;;;;;
12;38;1;19;PUERTITO (EL);;;;;
12;38;1;20;QUINTA (LA) - TAUCHO;;;;;
12;38;1;21;RICASA;;;;;
12;38;1;25;TIJOCO BAJO;;;;;
12;38;2;1;AGULO;;;;;
12;38;2;2;LEPE;;;;;
12;38;2;3;PALMITA (LA);;;;;
12;38;2;4;ROSAS (LAS);;;;;
12;38;2;5;CRUZ DE TIERNO;;;;;
12;38;2;6;JUEGO DE BOLAS;;;;;
12;38;2;7;MERIGA;;;;;
12;38;2;8;PAJAR DE BENTO;;;;;
12;38;2;9;PIEDRA GORDA;;;;;
12;38;2;10;SERPA;;;;;
12;38;2;11;VEGA (LA);;;;;
12;38;3;1;ALAJERO;;;;;
12;38;3;2;ALMACIGOS;;;;;
12;38;3;3;ANTONCOJO;;;;;
12;38;3;4;ARGUAYODA;;;;;
12;38;3;5;BARRANCO DE SANTIAGO O GUARIMIAR;;;;;
12;38;3;6;IMADA;;;;;
12;38;3;7;PLAYA DE SANTIAGO;;;;;
12;38;3;8;QUISE;;;;;
12;38;3;9;TARGA;;;;;
12;38;4;1;ARAFO;;;;;
12;38;4;3;HIDALGA (LA);;;;;
12;38;5;1;ARICO EL NUEVO;;;;;
12;38;5;2;VILLA DE ARICO;;;;;
12;38;5;3;ARICO VIEJO;;;;;
12;38;5;5;CISNERA (LA);;;;;
12;38;5;11;GAVILANES (LOS);;;;;
12;38;5;12;ICOR;;;;;
12;38;5;15;PORIS DE ABONA;;;;;
12;38;5;16;RIO (EL);;;;;
12;38;5;18;SAN MIGUEL DE TAJAO;;;;;
12;38;6;1;ARONA;;;;;
12;38;6;2;BUZANADA;;;;;
12;38;6;3;CABO BLANCO;;;;;
12;38;6;4;CAMELLA (LA);;;;;
12;38;6;5;CRISTIANOS (LOS);;;;;
12;38;6;6;CHO;;;;;
12;38;6;7;FRAILE (EL);;;;;
12;38;6;8;GALLETAS (LAS);;;;;
12;38;6;9;GUAZA;;;;;
12;38;6;13;COSTA DEL SILENCIO;;;;;
12;38;6;14;CHAYOFA;;;;;
12;38;6;16;PALM-MAR;;;;;
12;38;6;17;PLAYA DE LAS AMERICAS;;;;;
12;38;6;18;VALLE DE SAN LORENZO;;;;;
12;38;6;27;GUARGACHO;;;;;
12;38;7;1;BARLOVENTO;;;;;
12;38;7;2;CABEZADAS (LA);;;;;
12;38;7;3;CUESTA (LA);;;;;
12;38;7;4;GALLEGOS;;;;;
12;38;7;5;LOMO MACHIN;;;;;
12;38;7;6;PALMITA (LA);;;;;
12;38;7;7;PAREDES (LAS);;;;;
12;38;7;8;TOPACIEGAS;;;;;
12;38;7;9;TOSCA (LA);;;;;
12;38;8;1;BOTAZO;;;;;
12;38;8;2;BREÑA;;;;;
12;38;8;3;BUENAVISTA DE ABAJO;;;;;
12;38;8;4;BUENAVISTA DE ARRIBA;;;;;
12;38;8;5;CUESTA (LA);;;;;
12;38;8;6;LEDAS (LAS);;;;;
12;38;8;7;LLANITO (EL);;;;;
12;38;8;8;MIRANDA;;;;;
12;38;8;9;SAN PEDRO DE BREÑA ALTA;;;;;
12;38;9;1;SAN JOSE;;;;;
12;38;9;2;CANCAJOS (LOS);;;;;
12;38;9;3;FUERTE (EL);;;;;
12;38;9;4;LEDAS (LAS);;;;;
12;38;9;5;MONTAÑA (LA);;;;;
12;38;9;6;POLVACERA (LA);;;;;
12;38;9;7;SAN ANTONIO;;;;;
12;38;9;8;SOCORRO (EL);;;;;
12;38;10;1;BUENAVISTA DEL NORTE;;;;;
12;38;10;2;CANTERAS (LAS);;;;;
12;38;10;3;CARRIZALES (LOS);;;;;
12;38;10;4;MASCA;;;;;
12;38;10;5;PALMAR (EL);;;;;
12;38;10;6;PORTELAS (LAS);;;;;
12;38;10;7;TENO;;;;;
12;38;11;1;ARAYA;;;;;
12;38;11;2;BARRANCO HONDO;;;;;
12;38;11;3;CALETILLAS (LAS);;;;;
12;38;11;4;CANDELARIA;;;;;
12;38;11;5;CUEVECITAS (LAS);;;;;
12;38;11;6;IGUESTE;;;;;
12;38;11;7;MALPAIS;;;;;
12;38;12;1;CRUZ DEL ROQUE;;;;;
12;38;12;2;ERAS (LAS);;;;;
12;38;12;3;FASNIA;;;;;
12;38;12;4;ROQUES (LOS);;;;;
12;38;12;5;SABINA ALTA;;;;;
12;38;12;6;SOMBRERA (LA);;;;;
12;38;12;7;ZARZA (LA);;;;;
12;38;13;6;SABINOSA;;;;;
12;38;13;9;GOLFO (EL);;;;;
12;38;13;10;PINAR (EL);;;;;
12;38;14;1;CALETAS (LAS);;;;;
12;38;14;2;CANARIOS (LOS);;;;;
12;38;14;3;CHARCO (EL);;;;;
12;38;14;4;FAJANA (LA);;;;;
12;38;14;5;INDIAS (LAS);;;;;
12;38;14;6;QUEMADOS (LOS);;;;;
12;38;15;1;CALETA DE INTERIAN (LA);;;;;
12;38;15;2;CRUCES (LAS);;;;;
12;38;15;3;GARACHICO;;;;;
12;38;15;4;GENOVES;;;;;
12;38;15;5;GUINCHO (EL);;;;;
12;38;15;6;MONTAÑETA (LA);;;;;
12;38;15;7;SAN JUAN DEL REPARO;;;;;
12;38;15;8;SAN PEDRO DE DAUTE;;;;;
12;38;16;1;CUEVA DEL AGUA;;;;;
12;38;16;2;DON PEDRO;;;;;
12;38;16;3;FRANCESES;;;;;
12;38;16;4;SANTO DOMINGO;;;;;
12;38;16;5;HOYA GRANDE;;;;;
12;38;16;6;JUAN ADALID - EL MUDO;;;;;
12;38;16;7;LLANO NEGRO;;;;;
12;38;16;9;PALMAR (EL);;;;;
12;38;16;10;ROQUE DEL FARO;;;;;
12;38;16;11;TABLADO (EL);;;;;
12;38;16;12;TRICIAS (LAS);;;;;
12;38;16;13;CASTILLO (EL);;;;;
12;38;16;15;MATA (LA);;;;;
12;38;17;1;ABRIGOS (LOS);;;;;
12;38;17;3;BLANQUITOS (LOS);;;;;
12;38;17;6;CRUZ DE TEA;;;;;
12;38;17;8;CHARCO DEL PINO;;;;;
12;38;17;9;CHIMICHE;;;;;
12;38;17;10;DESIERTO (EL);;;;;
12;38;17;12;GRANADILLA DE ABONA;;;;;
12;38;17;14;MEDANO (EL);;;;;
12;38;17;16;SALTO (EL);;;;;
12;38;17;17;SAN ISIDRO;;;;;
12;38;18;1;CONVENTO (EL);;;;;
12;38;18;2;CRUCITAS (LAS);;;;;
12;38;18;3;GUANCHA (LA);;;;;
12;38;18;4;HOYA LOS PABLOS;;;;;
12;38;18;5;LOMO BLANCO;;;;;
12;38;18;6;LONGUERAS (LAS);;;;;
12;38;18;7;LLANO DE MENDEZ;;;;;
12;38;18;8;MONTAÑETAS (LAS);;;;;
12;38;18;9;PINALETE (EL);;;;;
12;38;18;10;SANTA CATALINA;;;;;
12;38;18;11;SANTO DOMINGO;;;;;
12;38;18;12;SORRIBAS (LAS);;;;;
12;38;18;13;TIERRA DE COSTA;;;;;
12;38;19;2;ALCALA;;;;;
12;38;19;5;CHIO;;;;;
12;38;19;8;GUIA DE ISORA;;;;;
12;38;19;11;PLAYA DE SAN JUAN;;;;;
12;38;20;1;AGUERCHE;;;;;
12;38;20;2;BARRANCOS (LOS);;;;;
12;38;20;3;CALETA (LA);;;;;
12;38;20;4;CHIMAJE;;;;;
12;38;20;5;ESCOBONAL (EL);;;;;
12;38;20;6;GÜIMAR;;;;;
12;38;20;7;LOMO DE MENA;;;;;
12;38;20;8;MEDIDA (LA);;;;;
12;38;20;9;PAJARA;;;;;
12;38;20;10;PUERTITO DE GÜIMAR;;;;;
12;38;20;11;PUENTE (LA);;;;;
12;38;20;12;PUNTA PRIETA;;;;;
12;38;20;13;SOCORRO (EL);;;;;
12;38;20;14;TABLADO (EL);;;;;
12;38;20;15;BALANDRA - LOS PICOS;;;;;
12;38;20;16;IZAÑA;;;;;
12;38;21;1;ACEVIÑOS (LOS);;;;;
12;38;21;2;CABEZADAS (LAS);;;;;
12;38;21;3;CALLEJON DE ORDAIZ;;;;;
12;38;21;4;CASAS (LAS);;;;;
12;38;21;5;CEDRO (EL);;;;;
12;38;21;6;CORRALETE (EL);;;;;
12;38;21;7;CURATO (EL);;;;;
12;38;21;8;ESTANQUILLO (EL);;;;;
12;38;21;9;HERMIGUA;;;;;
12;38;21;10;HOYETAS (LAS);;;;;
12;38;21;11;IBO ALFARO;;;;;
12;38;21;12;LLANO CAMPOS;;;;;
12;38;21;13;MONTEFORTE;;;;;
12;38;21;14;NUEVITAS (LAS);;;;;
12;38;21;15;PALMAREJO;;;;;
12;38;21;16;PIEDRA ROMANA;;;;;
12;38;21;17;POYATAS (LAS);;;;;
12;38;21;18;SANTA CATALINA;;;;;
12;38;21;19;TABAIBAL (EL);;;;;
12;38;21;20;LO MACHADO;;;0;0;0
12;38;22;1;AMPARO (EL);;;;;
12;38;22;2;BUEN PASO;;;;;
12;38;22;3;CAÑAS (LAS);;;;;
12;38;22;4;CUEVA DEL VIENTO;;;;;
12;38;22;5;FLORIDA (LA);;;;;
12;38;22;6;FUENTE LA VEGA;;;;;
12;38;22;7;ICOD DE LOS VINOS;;;;;
12;38;22;8;MANCHA (LA);;;;;
12;38;22;9;SAN FELIPE;;;;;
12;38;22;10;SAN MARCOS;;;;;
12;38;22;11;SANTA BARBARA;;;;;
12;38;22;12;VEGA (LA);;;;;
12;38;23;1;ANDENES (LOS);;;;;
12;38;23;2;BAJAMAR;;;;;
12;38;23;3;BALDIOS (LOS);;;;;
12;38;23;4;CUESTA (LA);;;;;
12;38;23;5;CHUMBERAS (LAS);;;;;
12;38;23;6;FINCA ESPAÑA;;;;;
12;38;23;7;GENETO;;;;;
12;38;23;8;GRACIA;;;;;
12;38;23;9;GUAJARA;;;;;
12;38;23;10;GUAMASA;;;;;
12;38;23;11;JARDINA;;;;;
12;38;23;12;MERCEDES (LAS);;;;;
12;38;23;13;MONTAÑAS (LAS);;;;;
12;38;23;14;ORTIGAL (EL);;;;;
12;38;23;15;PUNTA DEL HIDALGO;;;;;
12;38;23;16;RODEOS (LOS);;;;;
12;38;23;17;SAN CRISTOBAL DE LA LAGUNA;;;;;
12;38;23;18;SAN LAZARO;;;;;
12;38;23;19;TACO;;;;;
12;38;23;20;TEJINA;;;;;
12;38;23;21;VALLE DE GUERRA;;;;;
12;38;23;22;VALLES (LOS);;;;;
12;38;23;23;VEGA LAGUNERA (LA);;;;;
12;38;23;24;VEGA DE LAS MERCEDES;;;;;
12;38;24;2;BARROS (LOS);;;;;
12;38;24;5;LLANOS DE ARIDANE (LOS);;;;;
12;38;24;6;MANCHAS (LAS);;;;;
12;38;24;8;PUERTO NAOS;;;;;
12;38;24;10;TAJUYA;;;;;
12;38;24;11;TODOQUE;;;;;
12;38;24;12;TRIANA;;;;;
12;38;24;13;ARGUAL;;;;;
12;38;24;14;LAGUNA (LA);;;;;
12;38;24;15;MONTAÑA TENISCA;;;;;
12;38;24;16;RETAMAR;;;;;
12;38;25;1;MATANZA DE ACENTEJO (LA);;;;;
12;38;25;2;GUIA;;;;;
12;38;25;3;BREÑAS (LAS);;;;;
12;38;25;4;CALETON (EL);;;;;
12;38;25;5;ACENTEJO;;;;;
12;38;25;6;SAN ANTONIO;;;;;
12;38;25;7;SAN CRISTOBAL;;;;;
12;38;26;1;AGUAMANSA;;;;;
12;38;26;2;ARENAS (LAS);;;;;
12;38;26;3;BEBEDERO (EL);;;;;
12;38;26;4;BENIJOS;;;;;
12;38;26;5;CHASNA;;;;;
12;38;26;6;CANDIAS (LAS);;;;;
12;38;26;7;CAÑADAS DEL TEIDE (LAS);;;;;
12;38;26;9;DEHESA ALTA;;;;;
12;38;26;10;DEHESA BAJA;;;;;
12;38;26;11;DURAZNO (EL);;;;;
12;38;26;12;FLORIDA (LA);;;;;
12;38;26;13;FRONTONES (LOS);;;;;
12;38;26;14;GOMEZ (LOS);;;;;
12;38;26;15;HACIENDA PERDIDA;;;;;
12;38;26;16;LUZ (LA);;;;;
12;38;26;17;MARZAGA (LA);;;;;
12;38;26;18;MONTIJOS;;;;;
12;38;26;19;OROTAVA (LA);;;;;
12;38;26;20;PERDOMA (LA);;;;;
12;38;26;21;PINO ALTO;;;;;
12;38;26;22;PINOLERIS;;;;;
12;38;26;23;RECHAZOS (LOS);;;;;
12;38;26;24;RINCON (EL);;;;;
12;38;26;25;SAN ANTONIO;;;;;
12;38;26;26;SAN JERONIMO;;;;;
12;38;26;27;SAN MIGUEL;;;;;
12;38;26;28;SAUCE (EL);;;;;
12;38;26;29;CUEVAS (LAS);;;;;
12;38;27;1;BARRIAL (EL);;;;;
12;38;27;4;MANCHAS (LAS);;;;;
12;38;27;5;PASO (EL);;;;;
12;38;27;6;PASO DE ABAJO;;;;;
12;38;27;8;TACANDE;;;;;
12;38;27;9;TAJUYA;;;;;
12;38;27;11;ROSA (LA);;;;;
12;38;28;4;PUERTO DE LA CRUZ;;;;;
12;38;29;1;FAGUNDO;;;;;
12;38;29;2;PINAR (EL);;;;;
12;38;29;3;PUNTAGORDA;;;;;
12;38;29;4;ROQUE (EL);;;;;
12;38;30;1;GALGA (LA);;;;;
12;38;30;2;GRANEL (EL);;;;;
12;38;30;3;PUNTALLANA;;;;;
12;38;30;4;SANTA LUCIA;;;;;
12;38;30;5;TENAGUA;;;;;
12;38;31;4;CRUZ SANTA;;;;;
12;38;31;7;ICOD EL ALTO;;;;;
12;38;31;26;LONGUERA - TOSCAL;;;;;
12;38;31;27;MONTAÑA - ZAMORA;;;;;
12;38;31;28;PALO BLANCO - LLANADAS;;;;;
12;38;31;29;REALEJOS (LOS);;;;;
12;38;32;1;BARRANCO HONDO;;;;;
12;38;32;2;BARRERAS (LAS);;;;;
12;38;32;3;ESPERANZA (LA);;;;;
12;38;32;4;LOMO PELADO;;;;;
12;38;32;5;LLANO DEL MORO;;;;;
12;38;32;6;MACHADO;;;;;
12;38;32;7;RADAZUL;;;;;
12;38;32;8;ROSAS (LAS);;;;;
12;38;32;9;SAN ISIDRO;;;;;
12;38;32;10;TABAIBA;;;;;
12;38;33;1;BERMUDEZ;;;;;
12;38;33;2;CARDAL (EL);;;;;
12;38;33;4;FUENTE NUEVA;;;;;
12;38;33;5;GARACHICO;;;;;
12;38;33;6;HOYA GRANDE;;;;;
12;38;33;7;LLANO LA PALMA;;;;;
12;38;33;8;LLANO EL PINO;;;;;
12;38;33;9;OROTAVA;;;;;
12;38;33;10;QUINTA ZOCA;;;;;
12;38;33;11;RAMIREZ;;;;;
12;38;33;12;ROQUE (EL);;;;;
12;38;33;13;SAN ANDRES;;;;;
12;38;33;14;SAN JUAN;;;;;
12;38;33;15;SAN PEDRO;;;;;
12;38;33;16;SAUCES (LOS);;;;;
12;38;33;17;TANQUE (EL);;;;;
12;38;33;18;VERADA BAJAMAR;;;;;
12;38;33;19;VERADA DE LAS LOMADAS;;;;;
12;38;34;1;AGUAS (LAS);;;;;
12;38;34;10;ROSAS (LAS);;;;;
12;38;34;11;SAN JOSE;;;;;
12;38;34;12;SAN JUAN DE LA RAMBLA;;;;;
12;38;34;13;VERA (LA);;;;;
12;38;34;14;ROSARIO (EL);;;;;
12;38;35;1;ALDEA BLANCA;;;;;
12;38;35;2;FRONTON (EL);;;;;
12;38;35;4;ROQUE (EL);;;;;
12;38;35;5;SAN MIGUEL;;;;;
12;38;35;6;TAMAIDE;;;;;
12;38;35;7;ZOCAS (LAS);;;;;
12;38;35;8;CHAFIRAS (LAS);;;;;
12;38;35;9;MONTE (EL) O GUARGACHO;;;;;
12;38;36;1;ATAJO (EL);;;;;
12;38;36;2;AYAMOSNA;;;;;
12;38;36;3;BARRANCO DE SANTIAGO;;;;;
12;38;36;4;BENCHIJIGUA;;;;;
12;38;36;5;CABRITO (EL);;;;;
12;38;36;6;CHEJELIPES;;;;;
12;38;36;7;INCHEREDA;;;;;
12;38;36;8;JERDUÑE;;;;;
12;38;36;9;JORADO (EL);;;;;
12;38;36;10;LAGUNA DE SANTIAGO;;;;;
12;38;36;11;LAJA (LA);;;;;
12;38;36;12;LO DEL GATO;;;;;
12;38;36;13;LOMITO FRAGOSO Y HONDURAS;;;;;
12;38;36;14;MOLINITO (EL);;;;;
12;38;36;15;SAN ANTONIO Y PILAR;;;;;
12;38;36;16;SAN SEBASTIAN DE LA GOMERA;;;;;
12;38;36;18;TEJIADE;;;;;
12;38;36;19;TOSCAS (LAS);;;;;
12;38;36;20;VEGAIPALA;;;;;
12;38;36;21;TECINA;;;;;
12;38;37;1;ALAMOS (LOS);;;;;
12;38;37;2;BARRANCO DE LA MADERA;;;;;
12;38;37;3;BARRANCO DEL RIO;;;;;
12;38;37;4;CANDELARIA;;;;;
12;38;37;5;CUESTA DEL LLANO DE LA CRUZ;;;;;
12;38;37;6;DORADOR (EL);;;;;
12;38;37;7;FRONTON (EL);;;;;
12;38;37;8;GLORIETA (LA);;;;;
12;38;37;9;JUAN MAYOR;;;;;
12;38;37;10;LAJITAS (LAS);;;;;
12;38;37;11;LOMO DE LOS GOMEROS;;;;;
12;38;37;12;LOMO DEL CENTRO;;;;;
12;38;37;13;LOMO ESPANTA;;;;;
12;38;37;14;LLANO GRANDE;;;;;
12;38;37;15;MIRANDA;;;;;
12;38;37;16;MORRO (EL);;;;;
12;38;37;17;NIEVES (LAS);;;;;
12;38;37;18;PLANTO (EL);;;;;
12;38;37;19;POCITO (EL);;;;;
12;38;37;20;PORTADA (LA);;;;;
12;38;37;21;ROQUE DE ABAJO;;;;;
12;38;37;22;ROQUE DE ARRIBA;;;;;
12;38;37;23;SANTA CRUZ DE LA PALMA;;;;;
12;38;37;24;TIERRITAS (LAS);;;;;
12;38;37;25;TOSCAS (LAS);;;;;
12;38;37;26;VELHOCO;;;;;
12;38;37;27;VERADA (LA);;;;;
12;38;38;1;ALMACIGA;;;;;
12;38;38;3;BARRANCO GRANDE;;;;;
12;38;38;6;CAMPITOS (LOS);;;;;
12;38;38;7;AFUR;;;;;
12;38;38;8;CASAS DE LA CUMBRE (LAS);;;;;
12;38;38;10;CUEVA BERMEJA;;;;;
12;38;38;11;CUMBRILLA (LA);;;;;
12;38;38;12;CHAMORGA;;;;;
12;38;38;13;DRAGUILLO (EL);;;;;
12;38;38;14;IGUESTE DE SAN ANDRÉS;;;;;
12;38;38;16;LOMO DE LAS BODEGAS;;;;;
12;38;38;17;LLANO DEL MORO;;;;;
12;38;38;18;MARIA JIMENEZ;;;;;
12;38;38;22;ROQUE NEGRO;;;;;
12;38;38;23;SAN ANDRES;;;;;
12;38;38;25;SANTA CRUZ DE TENERIFE;;;;;
12;38;38;26;SANTA MARIA DEL MAR;;;;;
12;38;38;27;SOBRADILLO (EL);;;;;
12;38;38;28;TABLERO (EL);;;;;
12;38;38;29;TABORNO;;;;;
12;38;38;30;TAGANANA;;;;;
12;38;38;31;TINCER;;;;;
12;38;38;37;VALLESECO;;;;;
12;38;38;39;ACORAN;;;;;
12;38;38;40;ALISIOS;;;;;
12;38;38;41;AÑAZA;;;;;
12;38;38;42;BAILADERO;;;;;
12;38;38;43;ROQUE BERMEJO;;;;;
12;38;38;44;CHORRILLO (EL);;;;;
12;38;38;45;VALLE TAHODIO;;;;;
12;38;38;46;CATALANES;;;;;
12;38;39;1;CANTILLO (EL);;;;;
12;38;39;2;CORUJERA (LA);;;;;
12;38;39;3;CUESTA DE LA VILLA;;;;;
12;38;39;4;FARROBILLO (EL);;;;;
12;38;39;5;SANTA URSULA;;;;;
12;38;39;6;TOSCA DE ANA MARIA;;;;;
12;38;39;7;VERA (LA);;;;;
12;38;39;8;QUINTA (LA);;;;;
12;38;39;9;TOSCA BARRIOS;;;;;
12;38;40;1;ARGUAYO;;;;;
12;38;40;2;MANCHAS (LAS);;;;;
12;38;40;3;MOLLEDO (EL);;;;;
12;38;40;4;PUERTO DE SANTIAGO;;;;;
12;38;40;5;RETAMAR (EL);;;;;
12;38;40;6;SANTIAGO DEL TEIDE;;;;;
12;38;40;7;TAMAIMO;;;;;
12;38;40;8;ACANTILADOS DE LOS GIGANTES;;;;;
12;38;40;9;VALLE DE ARRIBA;;;;;
12;38;41;1;RAVELO;;;;;
12;38;41;2;SAUZAL;;;;;
12;38;42;1;CALETA (LA);;;;;
12;38;42;3;ERJOS;;;;;
12;38;42;6;SAN BERNARDO;;;;;
12;38;42;7;SAN JOSE;;;;;
12;38;42;9;TIERRA DEL TRIGO (LA);;;;;
12;38;42;10;CASCO (EL);;;;;
12;38;43;1;ADELANTADO;;;;;
12;38;43;2;AGUA GARCIA;;;;;
12;38;43;3;BARRANCO DE LAS LAJAS;;;;;
12;38;43;4;CAMPO DE GOLF;;;;;
12;38;43;5;CARIDAD (LA);;;;;
12;38;43;6;CASAS ALTAS (LAS);;;;;
12;38;43;7;GUAYONJE;;;;;
12;38;43;8;SANTA CATALINA LAS TOSCAS;;;;;
12;38;43;9;JUAN FERNANDEZ;;;;;
12;38;43;10;MESA DEL MAR;;;;;
12;38;43;11;NARANJEROS (LOS);;;;;
12;38;43;12;PRIS (EL);;;;;
12;38;43;14;PUERTO DE LA MADERA;;;;;
12;38;43;15;SAN JERONIMO LOS PERALES;;;;;
12;38;43;16;TACORONTE;;;;;
12;38;43;17;LOMO COLORADO;;;;;
12;38;43;18;LUZ (LA);;;;;
12;38;43;19;SAN JUAN PERALES;;;;;
12;38;43;20;TAGORO;;;;;
12;38;43;21;CANTILLO (EL);;;;;
12;38;43;22;TORREON (EL);;;;;
12;38;44;2;ERJOS DE EL TANQUE;;;;;
12;38;44;3;RUIGOMEZ;;;;;
12;38;44;4;SAN JOSE DE LOS LLANOS;;;;;
12;38;44;5;TANQUE (EL);;;;;
12;38;45;1;CARDON;;;;;
12;38;45;2;COSTA (LA);;;;;
12;38;45;3;MARINA;;;;;
12;38;45;4;PUERTO;;;;;
12;38;45;5;SAN BORONDON;;;;;
12;38;45;6;TARAJAL;;;;;
12;38;45;7;TAZACORTE;;;;;
12;38;46;1;CANTERAS (LAS);;;;;
12;38;46;9;PEDRO ALVAREZ;;;;;
12;38;46;10;PORTEZUELO (EL);;;;;
12;38;46;13;SOCORRO (EL);;;;;
12;38;46;15;TEGUESTE CENTRO;;;;;
12;38;46;16;TOSCAS (LAS);;;;;
12;38;47;1;AGUATAVAR;;;;;
12;38;47;2;AMAGAR;;;;;
12;38;47;3;ARECIDA;;;;;
12;38;47;4;JESUS (EL);;;;;
12;38;47;5;PINAR (EL);;;;;
12;38;47;6;PUNTA (LA);;;;;
12;38;47;7;PUEBLO (EL);;;;;
12;38;47;8;TINIZARA;;;;;
12;38;47;9;BELLIDO;;;;;
12;38;47;10;COSTA (LA);;;;;
12;38;48;2;CALETA;;;;;
12;38;48;5;ECHEDO;;;;;
12;38;48;7;GUARAZOCA;;;;;
12;38;48;9;ISORA;;;;;
12;38;48;12;MOCANAL;;;;;
12;38;48;14;PUERTO DE LA ESTACA;;;;;
12;38;48;16;SAN ANDRES;;;;;
12;38;48;18;TAMADUSTE;;;;;
12;38;48;20;TIÑOR;;;;;
12;38;48;22;VALVERDE;;;;;
12;38;48;23;PLAYAS (LAS);;;;;
12;38;48;24;TEMIJIRAQUE;;;;;
12;38;48;25;ERESE;;;;;
12;38;49;1;ARURE;;;;;
12;38;49;2;CALERA (LA);;;;;
12;38;49;3;CASA DE LA SEDA;;;;;
12;38;49;4;GRANADOS (LOS);;;;;
12;38;49;6;HAYAS (LAS);;;;;
12;38;49;7;HORNILLO (EL);;;;;
12;38;49;8;LOMO DEL BALO;;;;;
12;38;49;10;PUNTILLA (LA);;;;;
12;38;49;11;RETAMAL (EL);;;;;
12;38;49;13;TAGULUCHE;;;;;
12;38;49;14;VIZCAINA (LA);;;;;
12;38;49;15;VUELTAS;;;;;
12;38;49;16;BORBALAN;;;;;
12;38;50;1;ALOJERA;;;;;
12;38;50;2;ARGUAMUL;;;;;
12;38;50;3;BANDA DE LAS ROSAS;;;;;
12;38;50;4;BELLOS (LOS);;;;;
12;38;50;5;CERCADO (EL);;;;;
12;38;50;6;CHAPINES (LOS);;;;;
12;38;50;7;DAMA (LA);;;;;
12;38;50;8;DEHESA (LA);;;;;
12;38;50;9;EPINA;;;;;
12;38;50;10;ERQUE;;;;;
12;38;50;11;ERQUITO;;;;;
12;38;50;12;IGUALERO;;;;;
12;38;50;13;LOROS (LOS);;;;;
12;38;50;14;MACAYO;;;;;
12;38;50;15;PAVON;;;;;
12;38;50;16;QUILLA (LA);;;;;
12;38;50;17;RAJITA (LA);;;;;
12;38;50;18;ROSA DE LAS PIEDRAS;;;;;
12;38;50;19;TAMARGADA;;;;;
12;38;50;20;TAZO;;;;;
12;38;50;21;TEMOCODA;;;;;
12;38;50;22;VALLE ABAJO;;;;;
12;38;50;23;VALLEHERMOSO;;;;;
12;38;50;24;CHIPUDE;;;;;
12;38;50;25;AMBROSIO;;;;;
12;38;50;26;ARGAGA;;;;;
12;38;50;27;GARABATO;;;;;
12;38;51;1;ALTOS - ARROYOS (LOS);;;;;
12;38;51;2;BAJOS Y TAGORO;;;;;
12;38;51;3;RESBALA (LA);;;;;
12;38;51;4;VERA - CARRIL (LA);;;;;
12;38;51;5;VICTORIA DE ACENTEJO (LA);;;;;
12;38;52;1;ESCALONA (LA);;;;;
12;38;52;2;JAMA;;;;;
12;38;52;3;TREVEJOS;;;;;
12;38;52;4;VILAFLOR;;;;;
12;38;53;1;CALLEJONES;;;;;
12;38;53;2;LODERO;;;;;
12;38;53;3;LOMO OSCURO;;;;;
12;38;53;4;MALPAISES (ARRIBA);;;;;
12;38;53;5;MONTE;;;;;
12;38;53;6;MONTE DE BREÑA;;;;;
12;38;53;7;MONTE DE LUNA;;;;;
12;38;53;8;MONTE DE PUEBLO;;;;;
12;38;53;9;POLEAL;;;;;
12;38;53;10;PUEBLO (EL);;;;;
12;38;53;11;ROSA (LA);;;;;
12;38;53;12;SABINA (LA);;;;;
12;38;53;13;SAN SIMON;;;;;
12;38;53;14;TIGALATE;;;;;
12;38;53;15;TIGUERORTE;;;;;
12;38;53;16;MALPAISES (ABAJO);;;;;
12;38;901;0;NO DETERMINADA;;;;;
13;31;1;1;ABÁIGAR;;;;;
13;31;2;1;ABÁRZUZA;;;;;
13;31;2;2;ANDÉRAZ;;;;;
13;31;2;3;IRANZU;;;;;
13;31;3;1;ABAURREGAINA/ABAURREA ALTA;;;;;
13;31;4;1;ABAURREPEA/ABAURREA BAJA;;;;;
13;31;5;1;ABERIN;;;;;
13;31;5;2;ARÍNZANO;;;;;
13;31;5;3;CASERÍO DE ECHÁVARRI;;;;;
13;31;5;4;MUNIÁIN DE LA SOLANA;;;;;
13;31;6;1;ABLITAS;;;;;
13;31;7;1;ADIÓS;;;;;
13;31;7;2;LARRÁIN;;;;;
13;31;8;1;AGUILAR DE CODÉS;;;;;
13;31;9;1;AIBAR <> OIBAR;;;;;
13;31;10;1;ALTSASU/ALSASUA;;;;;
13;31;11;1;AMILLANO;;;;;
13;31;11;2;ARAMENDÍA;;;;;
13;31;11;3;ARBEIZA;;;;;
13;31;11;4;ARTAVIA;;;;;
13;31;11;5;ECHÁVARRI;;;;;
13;31;11;6;EULZ;;;;;
13;31;11;7;GALDEANO;;;;;
13;31;11;8;LARRIÓN;;;;;
13;31;11;9;MUNETA;;;;;
13;31;11;10;ZUBIELQUI;;;;;
13;31;12;1;ALLO;;;;;
13;31;13;1;ARTAZA;;;;;
13;31;13;2;BAQUEDANO;;;;;
13;31;13;3;BARÍNDANO;;;;;
13;31;13;4;ECALA;;;;;
13;31;13;5;GOLLANO;;;;;
13;31;13;6;SAN MARTIN DE AMÉSCOA;;;;;
13;31;13;7;URRA;;;;;
13;31;13;8;ZUDAIRE;;;;;
13;31;14;1;ANCÍN;;;;;
13;31;14;2;MENDILIBARRI;;;;;
13;31;15;1;ANDOSILLA;;;;;
13;31;16;2;ANSOÁIN;;;;;
13;31;17;1;ARITZU;;;;;
13;31;17;2;BURUTAIN;;;;;
13;31;17;3;ETXAIDE;;;;;
13;31;17;4;EGOZKUE;;;;;
13;31;17;5;ETSAIN;;;;;
13;31;17;6;ETULAIN;;;;;
13;31;17;7;LEAZKUE;;;;;
13;31;17;8;OLAGUE;;;;;
13;31;18;1;AÑORBE;;;;;
13;31;19;1;AOIZ <> AGOITZ;;;;;
13;31;20;3;AZKARATE;;;;;
13;31;20;4;GAINTZA;;;;;
13;31;20;5;INTZA;;;;;
13;31;20;6;UZTEGI;;;;;
13;31;20;100;ARRIBE-ATALLU;;;;;
13;31;21;1;ARANARACHE;;;;;
13;31;22;1;ARANTZA;;;;;
13;31;22;2;AIENTSA;;;;;
13;31;22;3;AZKILARREA;;;;;
13;31;22;4;BORDALARREA;;;;;
13;31;22;5;EGUZKIALDEA;;;;;
13;31;23;1;ARANGUREN;;;;;
13;31;23;2;GÓNGORA <> GONGORA;;;;;
13;31;23;3;ILUNDÁIN  <> ILUNDAIN;;;;;
13;31;23;4;LABIANO;;;;;
13;31;23;5;LAQUIDÁIN <> LAKIDAIN;;;;;
13;31;23;6;MUTILVA ALTA <> MUTILOAGOITI;;;;;
13;31;23;7;MULTIVA BAJA <> MUTILOABEITI;;;;;
13;31;23;8;TAJONAR <> TAXOARE;;;;;
13;31;23;9;ZOLINA;;;;;
13;31;24;1;ARANO;;;;;
13;31;24;2;LATSE;;;;;
13;31;24;3;SURO;;;;;
13;31;24;4;URUMEA;;;;;
13;31;25;1;AIZKORBE;;;;;
13;31;25;2;EKAI;;;;;
13;31;25;3;ETXARREN;;;;;
13;31;25;4;ETXEBERRI;;;;;
13;31;25;5;EGIARRETA;;;;;
13;31;25;6;ERROTZ;;;;;
13;31;25;8;IZURDIAGA;;;;;
13;31;25;9;MURGINDUETA;;;;;
13;31;25;10;ITSASPERRI;;;;;
13;31;25;11;SATRUSTEGI;;;;;
13;31;25;12;URRITZOLA;;;;;
13;31;25;13;HIRIBERRI/VILLANUEVA;;;;;
13;31;25;14;IHABAR;;;;;
13;31;25;15;ZUHATZU;;;;;
13;31;26;1;ARAS;;;;;
13;31;27;1;ARBIZU;;;;;
13;31;28;1;ARCE <> ARTZI;;;;;
13;31;28;2;ARRIETA;;;;;
13;31;28;3;ARTOZQUI <> ARTOZKI;;;;;
13;31;28;4;AZPARREN;;;;;
13;31;28;5;EQUIZA <> /EKIZA;;;;;
13;31;28;6;ESPOZ <> ESPOTZ;;;;;
13;31;28;7;GORRÁIZ DE ARCE <>GORRAITZ-ARTZIBAR;;;;;
13;31;28;8;GURPEGUI <> GURPEGI;;;;;
13;31;28;9;IMÍZCOZ/IMIZKOTZ;;;;;
13;31;28;10;LACABE <> LAKABE;;;;;
13;31;28;11;LUSARRETA;;;;;
13;31;28;12;MUNIÁIN DE ARCE <> MUNIAIN-ARTZIBAR;;;;;
13;31;28;13;NAGORE;;;;;
13;31;28;14;OSA/OTSA;;;;;
13;31;28;15;SARAGÜETA <> SARAGUETA;;;;;
13;31;28;16;ULI-ALTO <> ULIBERRI;;;;;
13;31;28;17;URDÍROZ <> URDIROTZ;;;;;
13;31;28;18;ÚRIZ/URITZ;;;;;
13;31;28;19;USOZ/USOTZ;;;;;
13;31;28;20;VILLANUEVA DE ARCE <> HIRIBERRI-ARTZIBAR;;;;;
13;31;28;21;ZANDUETA;;;;;
13;31;28;22;ARIZCUREN <> ARIZKUREN;;;;;
13;31;29;1;LOS ARCOS;;;;;
13;31;30;1;ARELLANO;;;;;
13;31;31;1;ARESO;;;;;
13;31;32;1;ARGUEDAS;;;;;
13;31;33;1;ARIA;;;;;
13;31;34;1;ARIBE;;;;;
13;31;35;1;ARMAÑANZAS;;;;;
13;31;36;1;ARRÓNIZ;;;;;
13;31;37;1;ARRUAZU;;;;;
13;31;38;1;ARTAJONA;;;;;
13;31;39;1;ARTAZU;;;;;
13;31;40;1;ARÓSTEGUI;;;;;
13;31;40;2;CIGANDA;;;;;
13;31;40;3;LABASO;;;;;
13;31;40;100;BERASAÍN;;;;;
13;31;40;200;BEUNZA;;;;;
13;31;40;300;EGUARAS;;;;;
13;31;40;400;ERICE;;;;;
13;31;41;1;AYEGUI;;;;;
13;31;42;1;AZAGRA;;;;;
13;31;43;1;AZUELO;;;;;
13;31;44;1;BAKAIKU;;;;;
13;31;45;1;BARÁSOAIN;;;;;
13;31;46;1;BARBARIN;;;;;
13;31;47;1;BARGOTA;;;;;
13;31;48;1;BARILLAS;;;;;
13;31;49;1;AIZAROTZ;;;;;
13;31;49;2;ARRARATS;;;;;
13;31;49;3;BERUETE;;;;;
13;31;49;4;GARTZARON;;;;;
13;31;49;5;ITSASO;;;;;
13;31;49;6;IGOA;;;;;
13;31;49;7;JAUNTSARATS;;;;;
13;31;49;8;IHABEN;;;;;
13;31;49;100;UDABE-BERAMENDI;;;;;
13;31;49;200;OROKIETA-ERBITI;;;;;
13;31;50;3;ALMANDOZ;;;;;
13;31;50;4;ANIZ;;;;;
13;31;50;15;BERROETA;;;;;
13;31;50;21;ELBETE;;;;;
13;31;50;27;IRURITA;;;;;
13;31;50;30;AMAIUR/MAYA;;;;;
13;31;50;100;ARIZKUN;;;;;
13;31;50;200;ARRAIOZ;;;;;
13;31;50;300;AZPILKUETA;;;;;
13;31;50;400;ELIZONDO;;;;;
13;31;50;500;ERRATZU;;;;;
13;31;50;600;GARTZAIN;;;;;
13;31;50;700;LEKAROZ;;;;;
13;31;50;800;ORONOZ;;;;;
13;31;50;900;ZIGA;;;;;
13;31;51;1;BEIRE;;;;;
13;31;52;1;BELASCOÁIN;;;;;
13;31;53;1;BERBINZANA;;;;;
13;31;54;100;LEGASA;;;;;
13;31;54;200;NARBARTE;;;;;
13;31;54;300;OIEREGI;;;;;
13;31;55;1;BETELU;;;;;
13;31;56;1;OLCOZ;;;;;
13;31;56;100;BIURRUN;;;;;
13;31;57;1;BUÑUEL;;;;;
13;31;58;1;AURITZ/BURGUETE;;;;;
13;31;59;1;BURGUI <> BURGI;;;;;
13;31;60;1;BURLADA <> BURLATA;;;;;
13;31;61;1;EL BUSTO;;;;;
13;31;62;1;CABANILLAS;;;;;
13;31;63;1;CABREDO;;;;;
13;31;64;1;CADREITA;;;;;
13;31;65;1;CAPARROSO;;;;;
13;31;66;1;CÁRCAR;;;;;
13;31;67;1;CARCASTILLO;;;;;
13;31;68;1;CASCANTE;;;;;
13;31;69;1;CÁSEDA;;;;;
13;31;69;2;SAN ISIDRO DEL PINAR;;;;;
13;31;70;1;CASTEJÓN;;;;;
13;31;70;2;GIRALDELLI;;;;;
13;31;71;1;CASTILLO-NUEVO;;;;;
13;31;72;1;CINTRUÉNIGO;;;;;
13;31;73;1;ZIORDIA;;;;;
13;31;74;1;CIRAUQUI;;;;;
13;31;75;1;CIRIZA;;;;;
13;31;75;2;ELÍO;;;;;
13;31;76;1;ASTRÁIN;;;;;
13;31;76;3;CIZUR MENOR;;;;;
13;31;76;4;ERIETE;;;;;
13;31;76;5;GAZÓLAZ;;;;;
13;31;76;6;GUENDULÁIN;;;;;
13;31;76;7;LARRAYA;;;;;
13;31;76;8;MURU-ASTRÁIN;;;;;
13;31;76;9;PATERNÁIN;;;;;
13;31;76;10;SAGÜÉS;;;;;
13;31;76;11;UNDIANO;;;;;
13;31;76;12;ZARIQUIEGUI;;;;;
13;31;77;1;CORELLA;;;;;
13;31;78;1;CORTES;;;;;
13;31;79;1;DESOJO;;;;;
13;31;80;1;DICASTILLO;;;;;
13;31;81;3;DONAMARIA;;;;;
13;31;81;4;GAZTELU;;;;;
13;31;82;1;ETXALAR;;;;;
13;31;82;2;GOROSURRETA;;;;;
13;31;82;3;LAKAIN-APEZBORRO;;;;;
13;31;82;4;LARRAPIL-SARRIKU;;;;;
13;31;82;5;LURRIZTIEDERRA;;;;;
13;31;82;6;ORIZKI;;;;;
13;31;82;7;URRITZOKIETA;;;;;
13;31;83;1;ECHARRI;;;;;
13;31;84;1;ETXARRI-ARANATZ;;;;;
13;31;84;2;LIZARRAGABENGOA;;;;;
13;31;85;1;ETXAURI;;;;;
13;31;85;2;OTAZU;;;;;
13;31;86;1;ALZUZA;;;;;
13;31;86;2;ARDANAZ DE EGÜÉS;;;;;
13;31;86;3;AZPA;;;;;
13;31;86;4;BADOSTÁIN;;;;;
13;31;86;5;ECHÁLAZ;;;;;
13;31;86;6;EGÜÉS;;;;;
13;31;86;7;EGULBATI;;;;;
13;31;86;8;ELCANO;;;;;
13;31;86;9;ELÍA;;;;;
13;31;86;10;ERANSUS;;;;;
13;31;86;11;GORRÁIZ;;;;;
13;31;86;12;IBIRICU;;;;;
13;31;86;14;OLAZ;;;;;
13;31;86;15;SAGASETA;;;;;
13;31;86;16;SARRIGUREN;;;;;
13;31;86;17;USTÁRROZ;;;;;
13;31;87;1;ELGORRIAGA;;;;;
13;31;88;1;ELORZ <> ELORTZ;;;;;
13;31;88;2;EZPERUN;;;;;
13;31;88;3;GUERENDIÁIN;;;;;
13;31;88;4;IMÁRCOAIN;;;;;
13;31;88;5;NOÁIN;;;;;
13;31;88;6;ÓRIZ;;;;;
13;31;88;7;OTANO;;;;;
13;31;88;8;TORRES;;;;;
13;31;88;9;YÁRNOZ;;;;;
13;31;88;10;ZABALEGUI;;;;;
13;31;88;11;ZULUETA;;;;;
13;31;89;1;ENÉRIZ;;;;;
13;31;90;1;ERATSUN;;;;;
13;31;90;2;URRUTIÑA;;;;;
13;31;91;1;LIZARRAGA;;;;;
13;31;91;2;DORRAO/TORRANO;;;;;
13;31;91;3;UNANU;;;;;
13;31;92;1;AINTZIOA;;;;;
13;31;92;2;ERRO;;;;;
13;31;92;3;ESNOTZ;;;;;
13;31;92;4;AURIZBERRI/ESPINAL;;;;;
13;31;92;5;LINTZOAIN;;;;;
13;31;92;6;LOIZU;;;;;
13;31;92;7;ORONDRITZ;;;;;
13;31;92;8;LARRAINGOA;;;;;
13;31;92;100;ARDAITZ;;;;;
13;31;92;200;ZILBETI;;;;;
13;31;92;300;MEZKIRITZ;;;;;
13;31;92;400;BIZKARRETA-GERENDIAIN;;;;;
13;31;93;1;EZCÁROZ/EZKAROZE;;;;;
13;31;94;1;ESLAVA;;;;;
13;31;95;1;ESPARZA ;;;;;
13;31;96;1;ESPRONCEDA;;;;;
13;31;97;1;ESTELLA <> LIZARRA;;;;;
13;31;98;1;AGORRETA;;;;;
13;31;98;2;ANTXORITZ;;;;;
13;31;98;3;AKERRETA;;;;;
13;31;98;4;ARLETA;;;;;
13;31;98;5;ERREA;;;;;
13;31;98;6;ESKIROTZ;;;;;
13;31;98;7;EUGI;;;;;
13;31;98;8;GENDULAIN;;;;;
13;31;98;9;IDOI;;;;;
13;31;98;10;ILARRATZ;;;;;
13;31;98;11;ILURDOTZ;;;;;
13;31;98;12;INBULUZKETA;;;;;
13;31;98;13;IRAGI;;;;;
13;31;98;14;IROTZ;;;;;
13;31;98;15;IRURE;;;;;
13;31;98;16;LARRASOAÑA;;;;;
13;31;98;17;LERANOTZ;;;;;
13;31;98;18;OLLOKI;;;;;
13;31;98;19;OSTERITZ;;;;;
13;31;98;20;SAIGOTS;;;;;
13;31;98;21;SARASIBAR;;;;;
13;31;98;22;SETOIAN;;;;;
13;31;98;23;URDAITZ/URDÁNIZ;;;;;
13;31;98;24;URTASUN;;;;;
13;31;98;25;USETXI;;;;;
13;31;98;26;ZABALDIKA;;;;;
13;31;98;27;ZUBIRI;;;;;
13;31;98;28;ZURIAIN;;;;;
13;31;99;1;ETAYO;;;;;
13;31;99;2;LEARZA;;;;;
13;31;100;1;EULATE;;;;;
13;31;101;1;ADÉRIZ;;;;;
13;31;101;2;ANOZ;;;;;
13;31;101;3;AZOZ;;;;;
13;31;101;4;CILDOZ;;;;;
13;31;101;5;EUSA;;;;;
13;31;101;6;EZCABA;;;;;
13;31;101;7;GARRUÉS;;;;;
13;31;101;8;MAQUÍRRIAIN;;;;;
13;31;101;9;ORICÁIN;;;;;
13;31;101;10;ORRIO;;;;;
13;31;101;11;SORAUREN;;;;;
13;31;101;100;ARRE;;;;;
13;31;102;1;EZKURRA;;;;;
13;31;103;1;AYESA;;;;;
13;31;103;2;MORIONES;;;;;
13;31;104;1;FALCES;;;;;
13;31;105;1;FITERO;;;;;
13;31;106;1;EL BOCAL;;;;;
13;31;106;2;FONTELLAS;;;;;
13;31;107;1;FUNES;;;;;
13;31;108;1;FUSTIÑANA;;;;;
13;31;108;2;EL GINESTAR;;;;;
13;31;108;3;TORRE DE LEOZ;;;;;
13;31;109;1;ARLEGUI;;;;;
13;31;109;2;BARBATÁIN;;;;;
13;31;109;3;CORDOVILLA;;;;;
13;31;109;4;ESPARZA DE GALAR;;;;;
13;31;109;5;ESQUÍROZ;;;;;
13;31;109;6;GALAR;;;;;
13;31;109;7;OLAZ-SUBIZA;;;;;
13;31;109;8;SALINAS DE PAMPLONA;;;;;
13;31;109;9;SUBIZA;;;;;
13;31;110;1;GALLIPIENZO;;;;;
13;31;110;2;GALLIPIENZO NUEVO;;;;;
13;31;111;1;GALLUÉS;;;;;
13;31;111;2;ICIZ;;;;;
13;31;111;3;IZAL;;;;;
13;31;111;4;USCARRÉS;;;;;
13;31;112;1;GARAIOA;;;;;
13;31;113;1;GARDE;;;;;
13;31;114;1;GARÍANOAIN;;;;;
13;31;115;1;GARRALDA;;;;;
13;31;116;1;GENEVILLA;;;;;
13;31;117;1;AITASEMEGI;;;;;
13;31;117;2;ALKAINZURIAIN;;;;;
13;31;117;3;ALKASOALDEA;;;;;
13;31;117;4;ARTIKUTZA;;;;;
13;31;117;5;ESPIDEALEA;;;;;
13;31;117;6;GOIZUETA;;;;;
13;31;117;7;TARTAZU;;;;;
13;31;118;1;AIZPUN;;;;;
13;31;118;2;AZANZA;;;;;
13;31;118;3;GOÑI;;;;;
13;31;118;4;MUNÁRRIZ;;;;;
13;31;118;5;URDÁNOZ;;;;;
13;31;119;1;GÜESA <> GORZA;;;;;
13;31;119;2;IGAL <> IGARI;;;;;
13;31;119;3;RIPALDA <> ERRIPALDA;;;;;
13;31;120;1;ARGUIÑANO;;;;;
13;31;120;2;ARZOZ;;;;;
13;31;120;3;ESTÉNOZ;;;;;
13;31;120;4;GARÍSOAIN;;;;;
13;31;120;5;GUEMBE;;;;;
13;31;120;6;IRUJO;;;;;
13;31;120;7;IRURRE;;;;;
13;31;120;8;ITURGOYEN;;;;;
13;31;120;9;IZURZU;;;;;
13;31;120;10;LERATE;;;;;
13;31;120;11;MUEZ;;;;;
13;31;120;12;MUNIÁIN DE GUESÁLAZ;;;;;
13;31;120;13;MUZQUI;;;;;
13;31;120;14;VIDAURRE;;;;;
13;31;120;15;VIGURIA;;;;;
13;31;121;1;ARGUIÑÁRIZ;;;;;
13;31;121;2;ECHARREN DE GUIRGUILLANO;;;;;
13;31;121;3;GUIRGUILLANO;;;;;
13;31;122;1;HUARTE <>  UHARTE;;;;;
13;31;123;1;AMURGIN;;;;;
13;31;123;2;UHARTE-ARAKIL;;;;;
13;31;123;3;SAN MIGEL;;;;;
13;31;123;4;ZAMARTZE;;;;;
13;31;124;1;ABINZANO;;;;;
13;31;124;2;CELIGÚETA;;;;;
13;31;124;3;IDOCIN;;;;;
13;31;124;4;IZCO;;;;;
13;31;124;5;LECÁUN;;;;;
13;31;124;6;SALINAS DE IBARGOITI;;;;;
13;31;124;7;SENGÁRIZ;;;;;
13;31;124;8;VESOLLA;;;;;
13;31;124;9;ZABALZA DE IBARGOITI;;;;;
13;31;125;1;AZQUETA;;;;;
13;31;125;2;IGÚZQUIZA;;;;;
13;31;125;3;LABEAGA;;;;;
13;31;125;4;URBIOLA;;;;;
13;31;126;1;ETXALEKU;;;;;
13;31;126;2;ERASO;;;;;
13;31;126;3;GOLDARATZ;;;;;
13;31;126;4;LATASA;;;;;
13;31;126;5;MUSKITZ;;;;;
13;31;126;6;OSKOTZ;;;;;
13;31;126;7;URRITZA;;;;;
13;31;126;8;ZARRANTZ;;;;;
13;31;127;1;IRAÑETA;;;;;
13;31;128;1;ISABA <> IZABA;;;;;
13;31;129;1;AURTITZ;;;;;
13;31;129;2;ITUREN;;;;;
13;31;129;3;LATSAGA;;;;;
13;31;129;4;AMEZTIA;;;;;
13;31;130;1;ITURMENDI;;;;;
13;31;131;1;AGUINAGA DE IZA;;;;;
13;31;131;2;ALDABA;;;;;
13;31;131;3;ALDAZ;;;;;
13;31;131;4;ÁRIZ;;;;;
13;31;131;5;ATONDO;;;;;
13;31;131;6;CÍA;;;;;
13;31;131;7;ERICE;;;;;
13;31;131;8;GULINA;;;;;
13;31;131;9;IZA;;;;;
13;31;131;10;LARUMBE;;;;;
13;31;131;11;LETE;;;;;
13;31;131;12;OCHOVI;;;;;
13;31;131;13;ORDÉRIZ;;;;;
13;31;131;14;SARASA;;;;;
13;31;131;15;SARASATE;;;;;
13;31;131;16;ZUASTI;;;;;
13;31;132;1;ARDANZ DE IZAGAONDOA;;;;;
13;31;132;2;BEROIZ;;;;;
13;31;132;3;GUERGUITIÁIN;;;;;
13;31;132;4;IDOATE;;;;;
13;31;132;5;INDURÁIN;;;;;
13;31;132;6;IRISO;;;;;
13;31;132;7;LIZARRAGA DE IZAGAONDOA;;;;;
13;31;132;8;RETA;;;;;
13;31;132;9;TURRILLAS;;;;;
13;31;132;10;URBICÁIN;;;;;
13;31;132;11;ZUAZU;;;;;
13;31;132;12;IZÁNOZ;;;;;
13;31;132;13;MENDINUETA;;;;;
13;31;133;1;IZALZU <> ITZALTZU;;;;;
13;31;134;1;JAURRIETA;;;;;
13;31;135;1;JAVIER;;;;;
13;31;135;2;TORRE DE PEÑA;;;;;
13;31;136;1;ARÍSTREGUI;;;;;
13;31;136;2;BELZUNCE;;;;;
13;31;136;3;BEORBURU;;;;;
13;31;136;4;GARCIRIÁIN;;;;;
13;31;136;5;LARRÁYOZ;;;;;
13;31;136;6;MARCALÁIN;;;;;
13;31;136;7;NAVAZ;;;;;
13;31;136;8;NUIN;;;;;
13;31;136;9;OLLACARIZQUETA;;;;;
13;31;136;10;OSÁCAR;;;;;
13;31;136;11;OSINAGA;;;;;
13;31;136;12;UNZU;;;;;
13;31;136;13;USI;;;;;
13;31;137;1;BEINTZA-LABAIEN;;;;;
13;31;138;1;LAKUNTZA;;;;;
13;31;139;1;GALBARRA;;;;;
13;31;139;2;GASTIÁIN;;;;;
13;31;139;3;NARCUÉ;;;;;
13;31;139;4;ULIBARRI;;;;;
13;31;139;5;VILORIA;;;;;
13;31;140;1;LANTZ;;;;;
13;31;141;1;LAPOBLACIÓN;;;;;
13;31;141;2;MEANO;;;;;
13;31;142;1;LARRAGA;;;;;
13;31;143;1;LARRAONA;;;;;
13;31;144;1;ALBIASU;;;;;
13;31;144;2;ALDATZ;;;;;
13;31;144;3;ALLI;;;;;
13;31;144;4;ARRUITZ;;;;;
13;31;144;5;ASTITZ;;;;;
13;31;144;6;BARAIBAR;;;;;
13;31;144;7;ETXARRI;;;;;
13;31;144;8;GORRITI;;;;;
13;31;144;9;UITZI;;;;;
13;31;144;10;IRIBAS;;;;;
13;31;144;12;MADOTZ;;;;;
13;31;144;13;MUGIRO;;;;;
13;31;144;14;ODERITZ;;;;;
13;31;144;100;AZPIROTZ;;;;;
13;31;144;200;ERRAZKIN;;;;;
13;31;145;1;LAZAGURRÍA;;;;;
13;31;146;1;LEACHE;;;;;
13;31;147;1;BASONGAIZ;;;;;
13;31;147;2;LEGARDA;;;;;
13;31;148;1;LEGARIA;;;;;
13;31;149;1;LEITZA;;;;;
13;31;149;2;ERASOTE;;;;;
13;31;149;3;ERREKA;;;;;
13;31;149;4;GORRIZTARAN;;;;;
13;31;149;5;LEITZA;;;;;
13;31;149;6;SAKULU;;;;;
13;31;150;1;AMÁTRIAIN;;;;;
13;31;150;2;AMUNARRIZQUETA;;;;;
13;31;150;3;ARTÁRIAIN;;;;;
13;31;150;4;BENEGORRI;;;;;
13;31;150;5;BÉZQUIZ;;;;;
13;31;150;6;IRACHETA;;;;;
13;31;150;7;IRIBERRI;;;;;
13;31;150;8;LEOZ;;;;;
13;31;150;9;MAQUÍRRIAIN;;;;;
13;31;150;10;OLLETA;;;;;
13;31;150;11;SANSOÁIN;;;;;
13;31;150;12;SANSOMÁIN;;;;;
13;31;150;13;UZQUIZA;;;;;
13;31;151;1;LERGA;;;;;
13;31;152;1;LERÍN;;;;;
13;31;153;1;ALKAIAGA;;;;;
13;31;153;2;BIURRANA;;;;;
13;31;153;3;KATAZPEGI;;;;;
13;31;153;4;ENDARA;;;;;
13;31;153;5;ENDARLATSA;;;;;
13;31;153;6;FRAIN;;;;;
13;31;153;7;IZOTKALDEA;;;;;
13;31;153;8;LESAKA;;;;;
13;31;153;9;NABAZ;;;;;
13;31;153;10;ZALA;;;;;
13;31;153;11;ZALAIN ZOKO;;;;;
13;31;153;12;AUZOBERRI;;;;;
13;31;153;13;OTSANGO AUZOA;;;;;
13;31;154;1;LEZÁUN;;;;;
13;31;155;1;LIÉDENA;;;;;
13;31;156;1;SEÑORÍO DE AGUINAGA;;;;;
13;31;156;2;BEORTEGUI;;;;;
13;31;156;3;GALDÚROZ;;;;;
13;31;156;4;ILOZ;;;;;
13;31;156;5;JANÁRIZ;;;;;
13;31;156;6;LABOA;;;;;
13;31;156;7;LÉRRUZ;;;;;
13;31;156;8;LEYÚN;;;;;
13;31;156;9;LIZOÁIN;;;;;
13;31;156;10;MENDIÓROZ;;;;;
13;31;156;11;OSCÁRIZ;;;;;
13;31;156;12;REDÍN;;;;;
13;31;156;13;UROZ;;;;;
13;31;156;14;URRICELQUI;;;;;
13;31;156;15;YELZ;;;;;
13;31;156;16;ZALBA;;;;;
13;31;156;17;ZALDAIZ;;;;;
13;31;156;18;ZUNZARREN;;;;;
13;31;157;3;LODOSA;;;;;
13;31;158;1;AKOTAIN;;;;;
13;31;158;2;AÓS<>AOS;;;;;
13;31;158;3;ARTAJO <> ARTAXO;;;;;
13;31;158;4;AYANZ<> AIANTAZ;;;;;
13;31;158;5;EKAI DE LÓNGUIDA <> EKAI-LONGIDA;;;;;
13;31;158;6;ERDOZÁIN <>ERDOTZAIN;;;;;
13;31;158;7;EZKAI;;;;;
13;31;158;8;GÓRRIZ <> GORRITZ;;;;;
13;31;158;9;ITOIZ <> ITOITZ;;;;;
13;31;158;10;JAVERRI <> XABERRI;;;;;
13;31;158;11;LARRÁNGOZ <> LARRANGOTZ;;;;;
13;31;158;12;LIBERRI;;;;;
13;31;158;13;MEOZ <> MEOTZ;;;;;
13;31;158;14;MUGUETA <> MUGETA;;;;;
13;31;158;15;MURILLO DE LÓNGUIDA <> HIRIBERRI-LONGIDA;;;;;
13;31;158;16;OLAVERRI <> OLABERRI;;;;;
13;31;158;17; OLETA;;;;;
13;31;158;18;ORBÁIZ <> ORBAITZ;;;;;
13;31;158;19;RALA <> ERRALA;;;;;
13;31;158;20;ULI-BAJO <> ULIBEITI;;;;;
13;31;158;21;VILLANUEVA DE LÓNGUIDA <> ZUASTI-LONGIDA;;;;;
13;31;158;22;VILLAVETA <> BILLABETA;;;;;
13;31;158;23;ZARIKIETA;;;;;
13;31;158;24;ZUASTI DE LÓNGUIDA <> ZUASTI-LONGIDA;;;;;
13;31;158;25;ZUZA <> ZUTZA;;;;;
13;31;159;1;LUMBIER;;;;;
13;31;160;1;LUQUIN;;;;;
13;31;161;1;MAÑERU;;;;;
13;31;162;1;MARAÑÓN;;;;;
13;31;163;1;MARCILLA;;;;;
13;31;163;2;LA AZUCARERA;;;;;
13;31;163;3;CONTIENDAS;;;;;
13;31;163;4;EL OLMAR;;;;;
13;31;163;5;EL SOTO;;;;;
13;31;164;1;MÉLIDA;;;;;
13;31;165;1;IMAZ;;;;;
13;31;165;2;MENDAVIA;;;;;
13;31;166;1;ACEDO;;;;;
13;31;166;2;ASARTA;;;;;
13;31;166;3;MENDAZA;;;;;
13;31;166;4;UBAGO;;;;;
13;31;167;1;MENDIGORRÍA;;;;;
13;31;167;2;MURUZÁBAL DE ANDIÓN;;;;;
13;31;167;3;NUESTRA SEÑORA DE ANDIÓN;;;;;
13;31;168;1;ARTEAGA;;;;;
13;31;168;2;GANUZA;;;;;
13;31;168;3;METAUTEN;;;;;
13;31;168;4;OLLOBARREN;;;;;
13;31;168;5;OLLOGOYEN;;;;;
13;31;168;6;ZUFÍA;;;;;
13;31;169;3;MILAGRO;;;;;
13;31;170;1;MIRAFUENTES;;;;;
13;31;171;1;MIRANDA DE ARGA;;;;;
13;31;171;2;VERGALIJO;;;;;
13;31;172;1;MONREAL;;;;;
13;31;173;1;MONTEAGUDO;;;;;
13;31;174;1;MORENTIN;;;;;
13;31;175;1;CÁBREGA;;;;;
13;31;175;2;MUÉS;;;;;
13;31;176;1;MURCHANTE;;;;;
13;31;177;1;MURIETA;;;;;
13;31;178;1;MURILLO EL CUENDE;;;;;
13;31;178;2;RADA;;;;;
13;31;178;3;TRAIBUENAS;;;;;
13;31;179;1;MURILLO EL FRUTO;;;;;
13;31;180;1;MURUZÁBAL;;;;;
13;31;181;1;ASPURZ;;;;;
13;31;181;2;NAVASCUÉS;;;;;
13;31;181;100;USTÉS;;;;;
13;31;182;1;NAZAR;;;;;
13;31;183;1;OBANOS;;;;;
13;31;184;1;OCO;;;;;
13;31;185;1;IDAIBEA;;;;;
13;31;185;2;IRATI;;;;;
13;31;185;3;MUSKILDA;;;;;
13;31;185;4;OCHAGAVÍA;;;;;
13;31;185;5;PIKATUA;;;;;
13;31;185;6;NUESTRA SEÑORA DE LAS NIEVES;;;;;
13;31;186;1;ANOCÍBAR;;;;;
13;31;186;2;CIÁURRIZ;;;;;
13;31;186;3;GASCUE;;;;;
13;31;186;4;GUELBENZU;;;;;
13;31;186;5;GUENDULÁIN;;;;;
13;31;186;6;LATASA;;;;;
13;31;186;7;OSTIZ;;;;;
13;31;186;8;RIPA;;;;;
13;31;187;1;OITZ;;;;;
13;31;188;1;BERAIZ;;;;;
13;31;188;2;ENDÉRIZ;;;;;
13;31;188;3;OLÁIZ;;;;;
13;31;188;4;OLAVE;;;;;
13;31;188;5;OSACÁIN;;;;;
13;31;188;6;OSAVIDE;;;;;
13;31;188;7;ZANDIO;;;;;
13;31;189;1;OLAZTI/OLAZAGUTÍA;;;;;
13;31;190;1;OLEJUA;;;;;
13;31;191;1;OLITE;;;;;
13;31;192;1;BARIÁIN;;;;;
13;31;192;2;ECHAGÜE;;;;;
13;31;192;3;MENDÍVIL;;;;;
13;31;192;4;OLÓRIZ;;;;;
13;31;192;5;ORICIN;;;;;
13;31;192;100;SOLCHAGA;;;;;
13;31;193;1;ARAZURI;;;;;
13;31;193;2;ARTÁZCOZ;;;;;
13;31;193;3;ASIÁIN;;;;;
13;31;193;4;IBERO;;;;;
13;31;193;5;IZCUE;;;;;
13;31;193;6;IZU;;;;;
13;31;193;7;LIZASOÁIN;;;;;
13;31;193;8;OLZA;;;;;
13;31;193;10;OROBIA;;;;;
13;31;194;1;ANOTZ;;;;;
13;31;194;2;ARTETA;;;;;
13;31;194;3;ILTZARBE;;;;;
13;31;194;4;OLLO;;;;;
13;31;194;5;SALSIDE;;;;;
13;31;194;6;SENOSIAIN;;;;;
13;31;194;7;ULTZURRUN;;;;;
13;31;194;100;BEASOAIN-EGILLOR;;;;;
13;31;195;1;ORBAITZETAKO OLA/FÁBRICA DE ORBAITZETA;;;;;
13;31;195;2;LARRAUN;;;;;
13;31;195;3;ORBAITZETA;;;;;
13;31;195;4;IRABIAKO UHARKA7PANTANA DE IRABIA;;;;;
13;31;196;1;ORBARA;;;;;
13;31;197;1;ORÍSOAIN;;;;;
13;31;198;1;ORONZ;;;;;
13;31;199;1;OLALDEA;;;;;
13;31;199;2;OROZ-BETELU;;;;;
13;31;200;0;NO DETERMINADA;;;;;
13;31;201;2;PAMPLONA <> IRUÑA;;;;;
13;31;202;3;PERALTA;;;;;
13;31;203;1;PETILLA DE ARAGÓN;;;;;
13;31;204;1;PIEDRAMILLERA;;;;;
13;31;205;1;PITILLAS;;;;;
13;31;206;1;PUENTE LA REINA <> GARES;;;;;
13;31;206;2;SEÑORÍO DE SARRÍA;;;;;
13;31;206;3;SEÑORÍO DE VILLANUEVA;;;;;
13;31;207;1;PUEYO;;;;;
13;31;208;1;RIBAFORADA;;;;;
13;31;209;1;ADANSA;;;;;
13;31;209;2;ARBONIÉS;;;;;
13;31;209;3;BIGÜÉZAL;;;;;
13;31;209;4;DOMEÑO;;;;;
13;31;209;5;ISO;;;;;
13;31;209;6;NAPAL;;;;;
13;31;209;7;ORRADRE;;;;;
13;31;209;8;USÚN;;;;;
13;31;209;9;BERROYA;;;;;
13;31;209;10;MURILLO-BERROYA;;;;;
13;31;210;1;ENAQUESA;;;;;
13;31;210;2;MOLINO DE GARDE;;;;;
13;31;210;3;RONCAL <> ERRONKARI;;;;;
13;31;211;1;ORREAGA/RONCESVALLES;;;;;
13;31;212;1;SADA;;;;;
13;31;213;1;SALDIAS;;;;;
13;31;213;2;URRUTIÑA;;;;;
13;31;214;1;SALINAS DE ORO;;;;;
13;31;215;1;SAN ADRIÁN;;;;;
13;31;216;1;GABARDERAL;;;;;
13;31;216;2;ROCAFORTE;;;;;
13;31;216;3;SANGÜESA <> ZANGOZA;;;;;
13;31;217;1;SAN MARTÍN DE UNX;;;;;
13;31;219;1;SANSOL;;;;;
13;31;220;1;SANTACARA;;;;;
13;31;221;1;DONEZTEBE/SANTESTEBAN;;;;;
13;31;222;1;IBILCIETA <> IBILTZIETA;;;;;
13;31;222;2;SARRIÉS <> SARTZE;;;;;
13;31;223;1;SARTAGUDA;;;;;
13;31;224;1;SESMA;;;;;
13;31;225;1;SORLADA;;;;;
13;31;226;1;SUNBILLA;;;;;
13;31;227;1;TAFALLA;;;;;
13;31;228;1;TIEBAS;;;;;
13;31;228;100;MURUARTE DE RETA;;;;;
13;31;229;1;TIRAPU;;;;;
13;31;230;1;OTIÑANO;;;;;
13;31;230;2;NUESTRA SEÑORA DE CODÉS;;;;;
13;31;230;3;TORRALBA DEL RÍO;;;;;
13;31;231;1;TORRES DEL RÍO;;;;;
13;31;232;1;TUDELA;;;;;
13;31;233;1;TULEBRAS;;;;;
13;31;234;1;ÚCAR;;;;;
13;31;235;1;UJUÉ;;;;;
13;31;236;1;ALKOTZ;;;;;
13;31;236;2;ARRAITZ-ORKIN;;;;;
13;31;236;3;AUZA;;;;;
13;31;236;4;ZENOTZ;;;;;
13;31;236;5;ELTSO;;;;;
13;31;236;6;ELTZABURU;;;;;
13;31;236;7;GORRONTZ-OLANO;;;;;
13;31;236;8;GERENDIAIN;;;;;
13;31;236;9;ILARREGI;;;;;
13;31;236;10;IRAIZOTZ;;;;;
13;31;236;11;SUARBE;;;;;
13;31;236;12;LARRAINTZAR;;;;;
13;31;236;13;LIZASO;;;;;
13;31;236;14;LOZEN;;;;;
13;31;236;15;URRITZOLA-GALAIN;;;;;
13;31;237;1;ALZÓRRIZ;;;;;
13;31;237;2;ARTÁIZ;;;;;
13;31;237;3;CEMBORÁIN;;;;;
13;31;237;4;MUGUETAJARRA;;;;;
13;31;237;5;NAJURIETA;;;;;
13;31;237;6;UNCITI;;;;;
13;31;237;7;ZABALCETA;;;;;
13;31;237;8;ZOROQUIÁIN;;;;;
13;31;238;1;CARRASCAL;;;;;
13;31;238;2;UNZUÉ;;;;;
13;31;239;1;ALKERDI;;;;;
13;31;239;2;DANTXARINEA;;;;;
13;31;239;3;LANDIBAR;;;;;
13;31;239;4;LEORLAZ;;;;;
13;31;239;5;TELLERIA;;;;;
13;31;239;6;URDAZUBI/URDAX;;;;;
13;31;240;1;URDIAIN;;;;;
13;31;241;1;ADOÁIN;;;;;
13;31;241;2;ARIELZ;;;;;
13;31;241;3;ARISTU;;;;;
13;31;241;4;AYECHU;;;;;
13;31;241;5;ELCÓAZ;;;;;
13;31;241;6;EPÁROZ;;;;;
13;31;241;7;EZCÁNIZ;;;;;
13;31;241;8;GUÍNDANO;;;;;
13;31;241;9;IMIRIZALDU;;;;;
13;31;241;10;IRUROZQUI;;;;;
13;31;241;11;JACOISTI;;;;;
13;31;241;12;LAREQUI;;;;;
13;31;241;13;LARRÁUN;;;;;
13;31;241;14;ONGOZ;;;;;
13;31;241;15;OZCOIDI;;;;;
13;31;241;16;SANTA FE;;;;;
13;31;241;17;ZABALZA;;;;;
13;31;241;18;ARTANGA;;;;;
13;31;242;1;ALDUNATE;;;;;
13;31;242;3;ARTIEDA;;;;;
13;31;242;4;GREZ;;;;;
13;31;242;5;NARDÚES-ALDUNATE;;;;;
13;31;242;6;NARDÚES-ANDURRA;;;;;
13;31;242;7;RÍPODAS;;;;;
13;31;242;8;SAN VICENTE;;;;;
13;31;242;9;SANSOÁIN;;;;;
13;31;242;10;TABAR;;;;;
13;31;243;1;URROZ;;;;;
13;31;244;1;URROTZ;;;;;
13;31;245;1;URZAINQUI;;;;;
13;31;246;1;UTERGA;;;;;
13;31;247;1;UZTÁRROZ <> UZTARROZE;;;;;
13;31;248;1;AZOLETA;;;;;
13;31;248;2;GAINDOLA;;;;;
13;31;248;3;GAINEKOLETA;;;;;
13;31;248;4;PEKOTXETA;;;;;
13;31;248;5;LUZAIDE/VALCARLOS;;;;;
13;31;249;1;VALTIERRA;;;;;
13;31;250;1;KAULE;;;;;
13;31;250;2;ZIA;;;;;
13;31;250;3;DORNAKU;;;;;
13;31;250;4;XANTELERREKA/ELZAURDIA;;;;;
13;31;250;5;GARAITARRETA;;;;;
13;31;250;6;SUSPELA;;;;;
13;31;250;7;SUSPELTTIKI;;;;;
13;31;250;8;BERA/VERA DE BIDASOA;;;;;
13;31;250;9;ZALAIN;;;;;
13;31;251;1;RECAJO;;;;;
13;31;251;2;VIANA;;;;;
13;31;252;1;VIDÁNGOZ<>BIDANKOZE;;;;;
13;31;253;1;BIDAURRETA;;;;;
13;31;254;1;VILLAFRANCA;;;;;
13;31;255;1;VILLAMAYOR DE MONJARDÍN;;;;;
13;31;256;1;HIRIBERRI/VILLANUEVA DE AEZKOA;;;;;
13;31;257;1;LEGARDETA;;;;;
13;31;257;2;VILLATUERTA;;;;;
13;31;258;1;VILLAVA>>ATARRABIA;;;;;
13;31;259;1;BERRIZAUN;;;;;
13;31;259;2;FRAIN;;;;;
13;31;259;3;IRISARRI;;;;;
13;31;259;4;PIEDADEKO GAINA;;;;;
13;31;259;5;UNANUA;;;;;
13;31;259;6;IGANTZI;;;;;
13;31;259;7;ELUSTA;;;;;
13;31;259;8;SARROLA;;;;;
13;31;260;1;ALLOZ;;;;;
13;31;260;2;ANDÍA;;;;;
13;31;260;3;ARANDIGOYEN;;;;;
13;31;260;4;ARIZALA;;;;;
13;31;260;5;ARIZALETA;;;;;
13;31;260;6;BEARIN;;;;;
13;31;260;7;ERAUL;;;;;
13;31;260;8;GROCIN;;;;;
13;31;260;9;IBIRICU DE YERRI;;;;;
13;31;260;10;IRUÑELA;;;;;
13;31;260;11;LÁCAR;;;;;
13;31;260;12;LORCA;;;;;
13;31;260;13;MURILLO DE YERRI;;;;;
13;31;260;14;MURUGARREN;;;;;
13;31;260;15;RIEZU;;;;;
13;31;260;16;ÚGAR;;;;;
13;31;260;17;VENTA DE URBASA;;;;;
13;31;260;18;VILLANUEVA DE YERRI;;;;;
13;31;260;19;ZÁBAL;;;;;
13;31;260;20;ZURUCUÁIN;;;;;
13;31;260;21;MURU;;;;;
13;31;260;100;AZCONA;;;;;
13;31;261;1;LEYRE;;;;;
13;31;261;2;URBANIZACIÓN LASAITASUNA;;;;;
13;31;261;3;URBANIZACIÓN NAÚTICA DE LEYRE;;;;;
13;31;261;4;YESA;;;;;
13;31;262;1;ARRAIZA;;;;;
13;31;262;2;UBANI;;;;;
13;31;262;3;ZABALZA;;;;;
13;31;263;1;AMEZTIA;;;;;
13;31;263;2;AURKIDI;;;;;
13;31;263;3;AZKOTA;;;;;
13;31;263;4;OLAZUR;;;;;
13;31;263;5;SAREKOA;;;;;
13;31;263;6;ZUBIETA;;;;;
13;31;264;1;AZKAR;;;;;
13;31;264;2;ETXARTEA;;;;;
13;31;264;3;MADARIA;;;;;
13;31;264;4;OLAZUR;;;;;
13;31;264;5;ZUGARRAMURDI;;;;;
13;31;265;1;ZÚÑIGA;;;;;
13;31;701;0;NO DETERMINADA;;;;;
13;31;702;0;NO DETERMINADA;;;;;
13;31;704;0;NO DETERMINADA;;;;;
13;31;706;0;NO DETERMINADA;;;;;
13;31;707;0;NO DETERMINADA;;;;;
13;31;709;0;NO DETERMINADA;;;;;
13;31;710;0;NO DETERMINADA;;;;;
13;31;711;0;NO DETERMINADA;;;;;
13;31;714;0;NO DETERMINADA;;;;;
13;31;715;0;NO DETERMINADA;;;;;
13;31;716;0;NO DETERMINADA;;;;;
13;31;718;0;NO DETERMINADA;;;;;
13;31;721;0;NO DETERMINADA;;;;;
13;31;722;0;NO DETERMINADA;;;;;
13;31;723;0;NO DETERMINADA;;;;;
13;31;724;0;NO DETERMINADA;;;;;
13;31;726;0;NO DETERMINADA;;;;;
13;31;728;0;NO DETERMINADA;;;;;
13;31;729;0;NO DETERMINADA;;;;;
13;31;730;0;NO DETERMINADA;;;;;
13;31;731;0;NO DETERMINADA;;;;;
13;31;732;0;NO DETERMINADA;;;;;
13;31;735;0;NO DETERMINADA;;;;;
13;31;736;0;NO DETERMINADA;;;;;
13;31;737;0;NO DETERMINADA;;;;;
13;31;738;0;NO DETERMINADA;;;;;
13;31;739;0;NO DETERMINADA;;;;;
13;31;740;0;NO DETERMINADA;;;;;
13;31;741;0;NO DETERMINADA;;;;;
13;31;742;0;NO DETERMINADA;;;;;
13;31;743;0;NO DETERMINADA;;;;;
13;31;744;0;NO DETERMINADA;;;;;
13;31;745;0;NO DETERMINADA;;;;;
13;31;746;0;NO DETERMINADA;;;;;
13;31;749;0;NO DETERMINADA;;;;;
13;31;750;0;NO DETERMINADA;;;;;
13;31;752;0;NO DETERMINADA;;;;;
13;31;753;0;NO DETERMINADA;;;;;
13;31;755;0;NO DETERMINADA;;;;;
13;31;756;0;NO DETERMINADA;;;;;
13;31;761;0;NO DETERMINADA;;;;;
13;31;762;0;NO DETERMINADA;;;;;
13;31;763;0;NO DETERMINADA;;;;;
13;31;765;0;NO DETERMINADA;;;;;
13;31;767;0;NO DETERMINADA;;;;;
13;31;770;0;NO DETERMINADA;;;;;
13;31;771;0;NO DETERMINADA;;;;;
13;31;774;0;NO DETERMINADA;;;;;
13;31;776;0;NO DETERMINADA;;;;;
13;31;779;0;NO DETERMINADA;;;;;
13;31;781;0;NO DETERMINADA;;;;;
13;31;782;0;NO DETERMINADA;;;;;
13;31;783;0;NO DETERMINADA;;;;;
13;31;785;0;NO DETERMINADA;;;;;
13;31;786;0;NO DETERMINADA;;;;;
13;31;787;0;NO DETERMINADA;;;;;
13;31;791;0;NO DETERMINADA;;;;;
13;31;792;0;NO DETERMINADA;;;;;
13;31;800;0;NO DETERMINADA;;;;;
13;31;803;0;NO DETERMINADA;;;;;
13;31;804;0;NO DETERMINADA;;;;;
13;31;805;0;NO DETERMINADA;;;;;
13;31;806;0;NO DETERMINADA;;;;;
13;31;817;0;NO DETERMINADA;;;;;
13;31;891;0;NO DETERMINADA;;;;;
13;31;901;1;BARAÑÁIN;;;;;
13;31;902;1;AIZOÁIN;;;;;
13;31;902;2;AÑÉZCAR;;;;;
13;31;902;3;ARTICA;;;;;
13;31;902;4;BALLARIÁIN;;;;;
13;31;902;5;BERRIOPLANO;;;;;
13;31;902;6;BERRIOSUSO;;;;;
13;31;902;7;ELCARTE;;;;;
13;31;902;8;LARRAGUETA;;;;;
13;31;902;9;LOZA;;;;;
13;31;902;10;OTEIZA DE BERRIOPLANO;;;;;
13;31;903;1;BERRIOZAR;;;;;
13;31;904;1;IRURTZUN;;;;;
13;31;905;1;BERIÁIN;;;;;
13;31;906;1;ORCOYEN;;;;;
13;31;907;1;ZIZUR MAYOR <> ZIZUR NAGUSIA;;;;;
13;31;908;1;LEKUNBERRI;;;;;
13;31;998;0;NO DETERMINADA;;;;;
13;31;999;0;NO DETERMINADA;;;;;
14;6;1;1;ACEDERA;;;;;
14;6;1;2;LOS GUADALPERALES;;;;;
14;6;2;1;ACEHUCHAL;;;;;
14;6;3;1;AHILLONES;;;;;
14;6;4;1;ALANGE;;;;;
14;6;5;1;LA ALBUERA;;;;;
14;6;6;1;ALBURQUERQUE;;;;;
14;6;6;2;BENAVENTE;;;;;
14;6;6;3;CASAS DE SAN JUAN;;;;;
14;6;6;4;SILVESTRE;;;;;
14;6;6;5;TEJAREJO;;;;;
14;6;7;1;ALCONCHEL;;;;;
14;6;8;1;ALCONERA;;;;;
14;6;9;1;ALJUCÉN;;;;;
14;6;9;2;LOS CHAPARRALES;;;;;
14;6;10;1;ALMENDRAL;;;;;
14;6;11;1;ALMENDRALEJO;;;;;
14;6;11;2;SAN MARCOS;;;;;
14;6;12;1;ARROYO DE SAN SERVÁN;;;;;
14;6;13;1;ATALAYA;;;;;
14;6;14;1;AZUAGA;;;;;
14;6;14;2;LA CARDENCHOSA;;;;;
14;6;15;1;ALBALA;;;;;
14;6;15;2;ALCAZABA;;;;;
14;6;15;3;ALVARADO - LA RISCA;;;;;
14;6;15;4;BADAJOZ;;;;;
14;6;15;5;BALBOA;;;;;
14;6;15;6;BOTOA;;;;;
14;6;15;7;LAS CARBONERAS;;;;;
14;6;15;8;LA CORCHUELA;;;;;
14;6;15;9;LOS FRESNOS;;;;;
14;6;15;10;GEVORA DEL CAUDILLO;;;;;
14;6;15;11;GUADIANA DEL CAUDILLO;;;;;
14;6;15;12;NOVELDA DEL GUADIANA;;;;;
14;6;15;14;SAGRAJAS;;;;;
14;6;15;15;SANTA ENGRACIA;;;;;
14;6;15;16;VALDEBOTOA;;;;;
14;6;15;18;VILLAFRANCO DEL GUADIANA;;;;;
14;6;15;19;ATALAYA;;;;;
14;6;15;20;COMPOFRÍO;;;;;
14;6;15;21;CLUB CAMPO PINO;;;;;
14;6;15;22;CORAZÓN DE JESÚS;;;;;
14;6;15;23;CUARTEL DE SANCHA BRAVA;;;;;
14;6;15;24;DEHESILLA DEL CALAMÓN;;;;;
14;6;15;25;GOLF GUADIANA;;;;;
14;6;15;26;EL MANANTIO;;;;;
14;6;15;27;LOS MONTITOS;;;;;
14;6;15;28;LOS PINARES;;;;;
14;6;15;29;RÍO CAYA;;;;;
14;6;15;30;TRES ARROYOS;;;;;
14;6;15;31;LAS VAGUADAS;;;;;
14;6;16;1;BARCARROTA;;;;;
14;6;17;1;BATERNO;;;;;
14;6;18;1;BENQUERENCIA DE LA SIERRA;;;;;
14;6;18;2;HELECHAL;;;;;
14;6;18;3;LA NAVA;;;;;
14;6;18;4;PUERTO HURRACO;;;;;
14;6;18;5;PUERTO MEJORAL;;;;;
14;6;19;1;BERLANGA;;;;;
14;6;20;1;BIENVENIDA;;;;;
14;6;21;1;BODONAL DE LA SIERRA;;;;;
14;6;22;1;BURGUILLOS DEL CERRO;;;;;
14;6;23;1;ALMORCHÓN;;;;;
14;6;23;2;CABEZA DE BUEY;;;;;
14;6;24;1;CABEZA LA VACA;;;;;
14;6;25;1;CALAMONTE;;;;;
14;6;26;1;CALERA DE LEÓN;;;;;
14;6;27;1;CALZADILLA DE LOS BARROS;;;;;
14;6;28;1;CAMPANARIO;;;;;
14;6;28;2;LA GUARDA;;;;;
14;6;29;1;CAMPILLO DE LLERENA;;;;;
14;6;30;1;CAPILLA;;;;;
14;6;31;1;CARMONITA;;;;;
14;6;32;1;EL CARRASCALEJO;;;;;
14;6;32;2;CANCHO GORDO;;;;;
14;6;33;1;CASAS DE DON PEDRO;;;;;
14;6;34;1;CASAS DE REINA;;;;;
14;6;35;1;CASTILBLANCO;;;;;
14;6;36;1;CASTUERA;;;;;
14;6;36;2;PANTANO DE ZUJAR;;;;;
14;6;37;1;BACOCO;;;;;
14;6;37;2;LA CODOSERA;;;;;
14;6;37;3;EL MARCO;;;;;
14;6;37;4;LA RABAZA;;;;;
14;6;37;5;LA TOJERA;;;;;
14;6;37;6;LA VARSE;;;;;
14;6;37;7;LA VEGA;;;;;
14;6;38;1;CORDOBILLA DE LÁCARA;;;;;
14;6;39;1;LA CORONADA;;;;;
14;6;40;1;CORTE DE PELEAS;;;;;
14;6;40;2;CORTIJO DEL CURA;;;;;
14;6;41;1;CRISTINA;;;;;
14;6;42;1;CHELES;;;;;
14;6;43;1;DON ÁLVARO;;;;;
14;6;44;1;CONQUISTA DEL GUADIANA;;;;;
14;6;44;2;DON BENITO;;;;;
14;6;44;3;GARGALIGAS;;;;;
14;6;44;4;HERNÁN CORTÉS;;;;;
14;6;44;5;RUECAS;;;;;
14;6;44;6;EL TORVISCAL;;;;;
14;6;44;7;VALDEHORNILLOS;;;;;
14;6;44;8;VIVARES;;;;;
14;6;45;1;ENTRÍN ALTO;;;;;
14;6;45;2;ENTRÍN BAJO;;;;;
14;6;46;1;ESPARRAGALEJO;;;;;
14;6;47;1;ESPARRAGOSA DE LA SERENA;;;;;
14;6;48;1;ESPARRAGOSA DE LARES;;;;;
14;6;48;2;GALIZUELA;;;;;
14;6;49;1;FERIA;;;;;
14;6;50;2;FREGENAL DE LA SIERRA;;;;;
14;6;51;1;FUENLABRADA DE LOS MONTES;;;;;
14;6;52;1;FUENTE DE CANTOS;;;;;
14;6;53;1;ESTACIÓN;;;;;
14;6;53;2;FUENTE DEL ARCO;;;;;
14;6;53;3;VALDECIGUEÑAS;;;;;
14;6;54;1;FUENTE DEL MAESTRE;;;;;
14;6;55;1;FUENTES DE LEÓN;;;;;
14;6;56;1;GARBAYUELA;;;;;
14;6;57;1;GARLITOS;;;;;
14;6;58;1;LA GARROVILLA;;;;;
14;6;59;1;GRANJA DE TORREHERMOSA;;;;;
14;6;59;2;LOS RUBIOS;;;;;
14;6;60;3;GUAREÑA;;;;;
14;6;60;4;TORREFRESNEDA;;;;;
14;6;61;1;LA HABA;;;;;
14;6;62;1;BOHONAL;;;;;
14;6;62;2;HELECHOSA DE LOS MONTES;;;;;
14;6;63;1;HERRERA DE DUQUE;;;;;
14;6;63;2;PELOCHE;;;;;
14;6;64;1;HIGUERA DE LA SERENA;;;;;
14;6;65;1;HIGUERA DE LLERENA;;;;;
14;6;65;2;RUBIALES;;;;;
14;6;66;1;HIGUERA DE VARGAS;;;;;
14;6;67;1;HIGUERA LA REAL;;;;;
14;6;68;1;HINOJOSA DEL VALLE;;;;;
14;6;69;1;HORNACHOS;;;;;
14;6;70;2;LA BAZANA;;;;;
14;6;70;3;BROVALES;;;;;
14;6;70;4;JEREZ DE LOS CABALLEROS;;;;;
14;6;70;5;VALUENGO;;;;;
14;6;71;1;LA LAPA;;;;;
14;6;72;1;GUADAJIRA;;;;;
14;6;72;2;LOBÓN;;;;;
14;6;73;1;LLERA;;;;;
14;6;74;2;LLERENA;;;;;
14;6;75;1;MAGACELA;;;;;
14;6;76;1;MAGUILLA;;;;;
14;6;77;1;MALCOCINADO;;;;;
14;6;78;1;MALPARTIDA DE LA SERENA;;;;;
14;6;79;1;MANCHITA;;;;;
14;6;80;1;MEDELLÍN;;;;;
14;6;80;2;YELBES;;;;;
14;6;81;1;MEDINA DE LAS TORRES;;;;;
14;6;82;1;MENGABRIL;;;;;
14;6;83;1;CAMPOMANES;;;;;
14;6;83;8;ESTACIÓN DE ALJUCÉN;;;;;
14;6;83;9;ESTACIÓN DE EL CARRASCALEJO;;;;;
14;6;83;12;MÉRIDA;;;;;
14;6;83;15;CARRIÓN;;;;;
14;6;83;16;MIRALRIO;;;;;
14;6;83;17;EL PRADO;;;;;
14;6;83;18;PROSERPINA;;;;;
14;6;83;19;PSIQUIÁTRICO;;;;;
14;6;83;20;VIRGEN DE LA LUZ;;;;;
14;6;83;21;EL VIVERO;;;;;
14;6;84;1;MIRANDILLA;;;;;
14;6;85;1;MONESTERIO;;;;;
14;6;86;1;MONTEMOLÍN;;;;;
14;6;86;2;PALLARES;;;;;
14;6;86;3;SANTA MARÍA DE NAVA;;;;;
14;6;87;1;MONTERRUBIO DE LA SERENA;;;;;
14;6;88;1;BARBAÑO;;;;;
14;6;88;2;LÁCARA;;;;;
14;6;88;3;MONTIJO;;;;;
14;6;89;1;LA MORERA;;;;;
14;6;90;1;LA NAVA DE SANTIAGO;;;;;
14;6;91;1;NAVALVILLAR DE PELA;;;;;
14;6;91;2;OBANDO;;;;;
14;6;91;3;VEGAS ALTAS;;;;;
14;6;92;1;NOGALES;;;;;
14;6;93;1;OLIVA DE LA FRONTERA;;;;;
14;6;94;1;ABEJARONES DE ARRIBA Y ABAJO;;;;;
14;6;94;2;CAMPO AMENO;;;;;
14;6;94;3;LA OSA Y NAVAS;;;;;
14;6;94;4;LA GARZA;;;;;
14;6;94;5;OLIVA DE MÉRIDA;;;;;
14;6;94;6;LA ZAPATERA;;;;;
14;6;95;1;OLIVENZA;;;;;
14;6;95;2;SAN BENITO DE LA CONTIENDA;;;;;
14;6;95;3;SAN FRANCISCO DE OLIVENZA;;;;;
14;6;95;4;SAN JORGE DE ALOR;;;;;
14;6;95;5;SAN RAFAEL DE OLIVENZA;;;;;
14;6;95;6;SANTO DOMINGO;;;;;
14;6;95;7;VILLARREAL;;;;;
14;6;96;1;ORELLANA DE LA SIERRA;;;;;
14;6;97;1;ORELLANA LA VIEJA;;;;;
14;6;98;1;PALOMAS;;;;;
14;6;99;1;LA PARRA;;;;;
14;6;100;1;PEÑALSORDO;;;;;
14;6;101;1;PERALEDA DEL ZAUCEJO;;;;;
14;6;102;1;PUEBLA DE ALCOCER;;;;;
14;6;103;1;PUEBLA DE LA CALZADA;;;;;
14;6;104;1;PUEBLA DE LA REINA;;;;;
14;6;105;1;PUEBLA DEL MAESTRE;;;;;
14;6;106;1;PUEBLA DEL PRIOR;;;;;
14;6;107;1;PUEBLA DE OBANDO;;;;;
14;6;108;1;PUEBLA DE SANCHO PÉREZ;;;;;
14;6;108;2;EL RAPOSO;;;;;
14;6;109;1;QUINTANA DE LA SERENA;;;;;
14;6;110;1;REINA;;;;;
14;6;111;1;RENA;;;;;
14;6;112;1;RETAMAL DE LLERENA;;;;;
14;6;113;1;RIBERA DEL FRESNO;;;;;
14;6;114;1;RISCO;;;;;
14;6;115;1;LA ROCA DE LA SIERRA;;;;;
14;6;116;1;SALVALEÓN;;;;;
14;6;117;1;SALVATIERRA DE LOS BARROS;;;;;
14;6;118;1;SANCTI-SPIRITUS;;;;;
14;6;119;1;SAN PEDRO DE MÉRIDA;;;;;
14;6;120;1;SANTA AMALIA;;;;;
14;6;121;1;SANTA MARTA;;;;;
14;6;122;3;LOS SANTOS DE LA MAIMONA;;;;;
14;6;123;1;DEHESA MAYORGA;;;;;
14;6;123;2;DEHESA PIEDRABUENA;;;;;
14;6;123;3;SAN VICENTE DE ALCÁNTARA;;;;;
14;6;124;1;SEGURA DE LEÓN;;;;;
14;6;125;1;SIRUELA;;;;;
14;6;126;1;CORTEGANA;;;;;
14;6;126;2;RETAMAL;;;;;
14;6;126;3;SOLANA DE LOS BARROS;;;;;
14;6;127;1;PUERTO PEÑA;;;;;
14;6;127;2;TALARRUBIAS;;;;;
14;6;128;2;TALAVERA LA REAL;;;;;
14;6;129;1;TÁLIGA;;;;;
14;6;130;1;TAMUREJO;;;;;
14;6;131;1;TORRE DE MIGUEL SESMERO;;;;;
14;6;132;1;TORREMAYOR;;;;;
14;6;133;1;TORREMEJÍA;;;;;
14;6;134;1;TRASIERRA;;;;;
14;6;135;1;TRUJILLANOS;;;;;
14;6;136;4;USAGRE;;;;;
14;6;136;5;EL RAPOSO;;;;;
14;6;137;1;POBLADO A.E.T.E.A.;;;;;
14;6;137;2;POBLADO C.N.V.;;;;;
14;6;137;3;VALDECABALLEROS;;;;;
14;6;138;1;VALDETORRES;;;;;
14;6;139;3;VALENCIA DE LAS TORRES;;;;;
14;6;140;1;VALENCIA DE MOMBUEY;;;;;
14;6;141;1;NUESTRA SEÑORA DEL VALLE;;;;;
14;6;141;2;VALENCIA DEL VENTOSO;;;;;
14;6;142;1;VALVERDE DE BURGUILLOS;;;;;
14;6;143;1;VALVERDE DE LEGANES;;;;;
14;6;144;1;VALVERDE DE LLERENA;;;;;
14;6;145;1;VALVERDE DE MÉRIDA;;;;;
14;6;146;1;VALLE DE SERENA;;;;;
14;6;147;1;VALLE DE MATAMOROS;;;;;
14;6;148;1;VALLE DE SANTA ANA;;;;;
14;6;149;3;VILLAFRANCA DE LOS BARROS;;;;;
14;6;150;1;VILLAGARCÍA DE LA TORRE;;;;;
14;6;151;1;VILLAGONZALO;;;;;
14;6;152;1;VILLALBA DE LOS BARROS;;;;;
14;6;153;1;CASAS DEL CASTILLO;;;;;
14;6;153;2;ENCOMIENDA O C.Y.C.A.;;;;;
14;6;153;3;ENTRERRIOS;;;;;
14;6;153;4;VALDIVIA;;;;;
14;6;153;5;VILLANUEVA DE LA SERENA;;;;;
14;6;153;6;ZURBARÁN;;;;;
14;6;154;1;VILLANUEVA DEL FRESNO;;;;;
14;6;155;1;VILLAR DEL REY;;;;;
14;6;156;1;PALAZUELO;;;;;
14;6;156;2;PUEBLA DE ALCOLLARÍN;;;;;
14;6;156;4;VILLAR DE RENA;;;;;
14;6;157;1;VILLARTA DE LOS MONTES;;;;;
14;6;158;1;BUEN SUCESO;;;;;
14;6;158;2;CABRAHIGA;;;;;
14;6;158;3;HUERTA PLATA;;;;;
14;6;158;4;PALOMAR NAVAS;;;;;
14;6;158;5;ZAFRA;;;;;
14;6;159;1;ZAHINOS;;;;;
14;6;160;1;SAN CRISTOBAL DE ZALAMEA;;;;;
14;6;160;2;ZALAMEA DE LA SERENA;;;;;
14;6;161;1;ZARZA - CAPILLA;;;;;
14;6;162;1;LA ZARZA;;;;;
14;6;901;1;VALDELACALZADA;;;;;
14;6;902;1;PUEBLONUEVO DEL GUADIANA;;;;;
14;6;903;1;GUADIANA DEL CAUDILLO;;;0;0;0
14;6;998;0;NO DETERMINADA;;;;;
14;6;999;0;NO DETERMINADA;;;;;
14;10;1;1;ABADÍA;;;;;
14;10;2;1;ABERTURA;;;;;
14;10;3;1;ACEBO;;;;;
14;10;4;1;ACEHUCHE;;;;;
14;10;5;1;ACEITUNA;;;;;
14;10;6;1;AHIGAL;;;;;
14;10;7;1;ALBALÁ;;;;;
14;10;8;1;ALCÁNTARA;;;;;
14;10;8;2;ESTORNINOS;;;;;
14;10;8;3;POBLADO DE IBERDROLA;;;;;
14;10;9;1;ALCOLLARÍN;;;;;
14;10;10;1;ALCUESCAR;;;;;
14;10;11;1;ALDEACENTENERA;;;;;
14;10;12;1;ALDEA DEL CANO;;;;;
14;10;13;1;LA ALDEA DEL OBISPO;;;;;
14;10;14;1;ALDEANUEVA DE LA VERA;;;;;
14;10;15;1;ALDEANUEVA DEL CAMINO;;;;;
14;10;16;1;ALDEHUELA DEL JERTE;;;;;
14;10;17;1;ALÍA;;;;;
14;10;17;3;LA CALERA;;;;;
14;10;17;4;GUADISA;;;;;
14;10;17;5;PANTANO DE CÍJARA;;;;;
14;10;17;6;PUERTO DEL REY;;;;;
14;10;18;1;ALISEDA;;;;;
14;10;19;1;ALMARAZ;;;;;
14;10;20;1;ALMOHARIN;;;;;
14;10;21;1;ARROYO DE LA LUZ;;;;;
14;10;22;1;ARROYOMOLINOS DE LA VERA;;;;;
14;10;23;1;ARROYOMOLINOS;;;;;
14;10;24;1;BAÑOS;;;;;
14;10;25;1;BARRADO;;;;;
14;10;26;1;BELVÍS DE MONROY;;;;;
14;10;26;2;CASAS DE BELVÍS;;;;;
14;10;27;1;BENQUERENCIA;;;;;
14;10;28;1;BERROCALEJO;;;;;
14;10;29;1;BERZOCANA;;;;;
14;10;30;1;BOHONAL DE IBOR;;;;;
14;10;31;1;BOTIJA;;;;;
14;10;32;1;BROZAS;;;;;
14;10;33;1;CABAÑAS DEL CASTILLO;;;;;
14;10;33;2;RETAMOSA;;;;;
14;10;33;3;ROTURAS;;;;;
14;10;33;4;SOLANA;;;;;
14;10;34;1;CABEZABELLOSA;;;;;
14;10;35;1;CABEZUELA DEL VALLE;;;;;
14;10;36;1;CABRERO;;;;;
14;10;37;1;CÁCERES;;;;;
14;10;37;2;ESTACIÓN DE ARROYO - MALPARTIDA;;;;;
14;10;37;3;RINCÓN DE BALLESTEROS;;;;;
14;10;37;4;VALDESALOR;;;;;
14;10;38;1;CACHORRILLA;;;;;
14;10;39;1;CADALSO;;;;;
14;10;40;1;CALZADILLA;;;;;
14;10;41;1;ARROLOBOS;;;;;
14;10;41;2;CAMBRÓN;;;;;
14;10;41;3;CAMBRONCINO;;;;;
14;10;41;4;CAMINOMORISCO;;;;;
14;10;41;5;DEHESILLA;;;;;
14;10;41;6;HUERTA;;;;;
14;10;41;7;RIOMALO DE ABAJO;;;;;
14;10;42;1;CAMPILLO DE DELEITOSA;;;;;
14;10;43;1;CAMPO LUGAR;;;;;
14;10;43;2;PIZARRO;;;;;
14;10;44;1;CAÑAMERO;;;;;
14;10;45;1;CAÑAVERAL;;;;;
14;10;45;2;LA ESTACIÓN;;;;;
14;10;45;3;GRIMALDO;;;;;
14;10;46;1;CARBAJO;;;;;
14;10;47;1;CARCABOSO;;;;;
14;10;47;2;VALDERROSAS;;;;;
14;10;48;1;CARRASCALEJO;;;;;
14;10;49;1;CASAR DE CÁCERES;;;;;
14;10;49;2;LA PERALA;;;;;
14;10;50;1;AZABAL;;;;;
14;10;50;2;CASAR DE PALOMERO;;;;;
14;10;50;3;PEDRO-MUÑOZ;;;;;
14;10;50;4;RIVERA OVEJA;;;;;
14;10;51;1;CARABUSINO;;;;;
14;10;51;2;CASARRUBIA;;;;;
14;10;51;3;CASARES DE LAS HURDES;;;;;
14;10;51;4;HERAS;;;;;
14;10;51;5;HUETRE;;;;;
14;10;51;6;ROBLEDO;;;;;
14;10;52;1;CASAS DE DON ANTONIO;;;;;
14;10;53;1;CASAS DE DON GÓMEZ;;;;;
14;10;54;1;CASAS DEL CASTAÑAR;;;;;
14;10;55;1;CASAS DEL MONTE;;;;;
14;10;56;1;CASAS DE MILLÁN;;;;;
14;10;57;1;CASAS DE MIRAVETE;;;;;
14;10;58;1;BALDÍO;;;;;
14;10;58;2;CASATEJADA;;;;;
14;10;59;1;CASILLAS DE CORIA;;;;;
14;10;60;1;CASTAÑAR DE IBOR;;;;;
14;10;61;1;CECLAVÍN;;;;;
14;10;62;1;CEDILLO;;;;;
14;10;63;1;CEREZO;;;;;
14;10;64;1;CILLEROS;;;;;
14;10;65;1;COLLADO;;;;;
14;10;65;2;VEGA DE MESILLAS;;;;;
14;10;66;1;CONQUISTA DE LA SIERRA;;;;;
14;10;67;1;CORIA;;;;;
14;10;67;2;PUEBLA DE ARGEME;;;;;
14;10;67;3;RINCÓN DEL OBISPO;;;;;
14;10;68;1;CUACOS DE YUSTE;;;;;
14;10;69;1;LA CUMBRE;;;;;
14;10;70;1;DELEITOSA;;;;;
14;10;71;1;DESCARGAMARÍA;;;;;
14;10;72;1;ELJAS;;;;;
14;10;72;2;EL SOTO;;;;;
14;10;73;1;ESCURIAL;;;;;
14;10;75;1;FRESNEDOSO DE IBOR;;;;;
14;10;76;1;ALAGÓN;;;;;
14;10;76;2;AVARIENTOS;;;;;
14;10;76;3;FUENTE DEL SAPO;;;;;
14;10;76;4;GALISTEO;;;;;
14;10;76;5;EL RINCÓN;;;;;
14;10;76;6;SARTALEJO;;;;;
14;10;76;7;VIÑUELAS;;;;;
14;10;76;8;JARILLA DEL SUR;;;;;
14;10;77;1;GARCIAZ;;;;;
14;10;78;1;LA GARGANTA;;;;;
14;10;79;1;GARGANTA LA OLLA;;;;;
14;10;80;1;GARGANTILLA;;;;;
14;10;81;1;GARGÜERA;;;;;
14;10;82;1;GARROVILLAS DE ALCONETAR;;;;;
14;10;83;1;GARVÍN;;;;;
14;10;84;1;GATA;;;;;
14;10;84;2;LA MOHEDA DE GATA;;;;;
14;10;85;1;EL GORDO;;;;;
14;10;86;1;LA GRANJA;;;;;
14;10;87;1;GUADALUPE;;;;;
14;10;88;1;GUIJO DE CORIA;;;;;
14;10;89;1;EL BATÁN;;;;;
14;10;89;2;GUIJO DE GALISTEO;;;;;
14;10;89;3;VALRIO;;;;;
14;10;90;1;GUIJO DE GRANADILLA;;;;;
14;10;90;2;PANTANO DE GABRIEL Y GALÁN;;;;;
14;10;91;1;GUIJO DE SANTA BÁRBARA;;;;;
14;10;92;2;HERGUIJUELA;;;;;
14;10;93;1;HERNÁN-PÉREZ;;;;;
14;10;94;1;HERRERA DE ALCÁNTARA;;;;;
14;10;95;1;HERRERUELA;;;;;
14;10;96;1;HERVÁS;;;;;
14;10;97;1;HIGUERA;;;;;
14;10;98;1;HINOJAL;;;;;
14;10;99;1;HOLGUERA;;;;;
14;10;100;1;HOYOS;;;;;
14;10;101;1;HUELAGA;;;;;
14;10;102;1;IBAHERNANDO;;;;;
14;10;103;1;JARAICEJO;;;;;
14;10;104;1;JARAÍZ DE LA VERA;;;;;
14;10;105;1;JARANDILLA DE LA VERA;;;;;
14;10;106;1;JARILLA;;;;;
14;10;107;1;JERTE;;;;;
14;10;108;1;CABEZO;;;;;
14;10;108;2;LADRILLAR;;;;;
14;10;108;3;LAS MESTAS;;;;;
14;10;108;4;RIOMALO DE ARRIBA;;;;;
14;10;109;1;LOGROSÁN;;;;;
14;10;110;1;LOSAR DE LA VERA;;;;;
14;10;111;1;MADRIGAL DE LA VERA;;;;;
14;10;112;1;MADRIGALEJO;;;;;
14;10;113;1;MADROÑERA;;;;;
14;10;114;1;MAJADAS;;;;;
14;10;115;1;MALPARTIDA DE CÁCERES;;;;;
14;10;116;1;LA BAZAGONA;;;;;
14;10;116;2;HAZA DE LA CONCEPCIÓN;;;;;
14;10;116;3;MALPARTIDA DE PLASENCIA;;;;;
14;10;116;4;PALAZUELO-EMPALME;;;;;
14;10;116;5;PANTANO DE NAVABUENA;;;;;
14;10;116;6;URDIMALAS;;;;;
14;10;117;1;MARCHAGAZ;;;;;
14;10;118;1;MATA DE ALCÁNTARA;;;;;
14;10;119;1;MEMBRÍO;;;;;
14;10;120;1;MESAS DE IBOR;;;;;
14;10;121;1;ALONSO DE OJEDA;;;;;
14;10;121;2;CASAR DE MIAJADAS;;;;;
14;10;121;3;MIAJADAS;;;;;
14;10;122;1;MILLANES;;;;;
14;10;123;1;MIRABEL;;;;;
14;10;124;1;MOHEDAS DE GRANADILLA;;;;;
14;10;125;1;MONROY;;;;;
14;10;126;1;MONTÁNCHEZ;;;;;
14;10;127;1;ATALAYA;;;;;
14;10;127;2;MONTEHERMOSO;;;;;
14;10;127;3;VALRÍO;;;;;
14;10;128;4;MORALEJA;;;;;
14;10;128;9;VEGAVIANA;;;;;
14;10;129;1;MORCILLO;;;;;
14;10;130;1;NAVACONEJO;;;;;
14;10;131;1;NAVALMORAL DE LA MATA;;;;;
14;10;132;1;NAVALVILLAR DE IBOR;;;;;
14;10;133;1;NAVAS DEL MADROÑO;;;;;
14;10;134;1;NAVEZUELAS;;;;;
14;10;135;1;ACEITUNILLA;;;;;
14;10;135;2;ASEGUR;;;;;
14;10;135;3;CEREZAL;;;;;
14;10;135;4;FRAGOSA;;;;;
14;10;135;5;EL GASCO;;;;;
14;10;135;6;MARTILANDRÁN;;;;;
14;10;135;7;NUÑOMORAL;;;;;
14;10;135;8;RUBIACO;;;;;
14;10;135;9;VEGAS DE CORIA;;;;;
14;10;136;1;ALMENDRAL;;;;;
14;10;136;2;OLIVA DE PLASENCIA;;;;;
14;10;137;1;PALOMERO;;;;;
14;10;138;1;PASARÓN DE LA VERA;;;;;
14;10;139;1;PEDROSO DE ACIM;;;;;
14;10;140;1;PERALEDA DE LA MATA;;;;;
14;10;141;1;PERALEDA DE SAN ROMÁN;;;;;
14;10;142;1;PERALES DEL PUERTO;;;;;
14;10;143;1;PESCUEZA;;;;;
14;10;144;1;LA PESGA;;;;;
14;10;145;1;PIEDRAS ALBAS;;;;;
14;10;146;1;ALDEHUELA;;;;;
14;10;146;2;AVELLANAR;;;;;
14;10;146;3;CASTILLO;;;;;
14;10;146;4;ERIAS;;;;;
14;10;146;5;HORCAJO;;;;;
14;10;146;6;MESEGAL;;;;;
14;10;146;7;MUELA;;;;;
14;10;146;8;OVEJUELA;;;;;
14;10;146;9;PINOFRANQUEADO;;;;;
14;10;146;10;ROBLEDO;;;;;
14;10;146;11;SAUCEDA;;;;;
14;10;147;1;PIORNAL;;;;;
14;10;148;1;PLASENCIA;;;;;
14;10;148;2;PRADOCHANO;;;;;
14;10;148;3;SAN GIL;;;;;
14;10;149;1;PLASENZUELA;;;;;
14;10;150;1;PORTAJE;;;;;
14;10;151;1;PORTEZUELA;;;;;
14;10;152;1;POZUELO DE ZARZÓN;;;;;
14;10;153;1;PUERTO DE SANTA CRUZ;;;;;
14;10;154;1;REBOLLAR;;;;;
14;10;155;1;PAJARES DE LA RIVERA;;;;;
14;10;155;2;RIOLOBOS;;;;;
14;10;156;1;ROBLEDILLO DE GATA;;;;;
14;10;157;1;ROBLEDILLO DE LA VERA;;;;;
14;10;158;1;ROBLEDILLO DE TRUJILLO;;;;;
14;10;159;1;ROBLEDOLLANO;;;;;
14;10;160;1;ROMANGORDO;;;;;
14;10;161;1;RUANES;;;;;
14;10;162;1;SALORINO;;;;;
14;10;163;1;SALVATIERRA DE SANTIAGO;;;;;
14;10;164;1;SAN MARTÍN DE TREVEJO;;;;;
14;10;165;1;SANTA ANA;;;;;
14;10;166;1;SANTA CRUZ DE LA SIERRA;;;;;
14;10;167;1;EL BRONCO;;;;;
14;10;167;2;SANTA CRUZ DE PANIAGUA;;;;;
14;10;168;1;SANTA MARTA DE MAGASCA;;;;;
14;10;169;1;SANTIAGO DE ALCÁNTARA;;;;;
14;10;170;1;SANTIAGO DEL CAMPO;;;;;
14;10;171;1;SANTIBAÑEZ EL ALTO;;;;;
14;10;172;1;SANTIBAÑEZ EL BAJO;;;;;
14;10;173;1;SAUCEDILLA;;;;;
14;10;174;1;SEGURA DE TORO;;;;;
14;10;175;1;SERRADILLA;;;;;
14;10;175;2;VILLARREAL DE SAN CARLOS;;;;;
14;10;176;1;SERREJÓN;;;;;
14;10;177;1;SIERRA DE FUENTES;;;;;
14;10;178;1;TALAVÁN;;;;;
14;10;179;1;TALAVERUELA DE LA VERA;;;;;
14;10;180;1;LA BARQUILLA;;;;;
14;10;180;2;BARQUILLA DE PINARES;;;;;
14;10;180;3;EL CENTENILLO;;;;;
14;10;180;7;PUEBLONUEVO DE MIRAMONTES;;;;;
14;10;180;9;SANTA MARÍA DE LAS LOMAS;;;;;
14;10;180;10;TALAYUELA;;;;;
14;10;180;11;TIÉTAR;;;;;
14;10;180;12;PALANCOSO;;;;;
14;10;181;1;TEJEDA DE TIÉTAR;;;;;
14;10;181;2;VALDEIÑIGOS;;;;;
14;10;182;1;LA HERGUIJUELA;;;;;
14;10;182;2;MAULIQUE;;;;;
14;10;182;3;MIRABEL;;;;;
14;10;182;4;SALTO DEL TORREJÓN;;;;;
14;10;182;5;TORIL;;;;;
14;10;183;1;TORNAVACAS;;;;;
14;10;184;1;EL TORNO;;;;;
14;10;185;1;TORRECILLA DE LOS ÁNGELES;;;;;
14;10;186;1;TORRECILLAS DE LA TIESA;;;;;
14;10;187;1;TORRE DE DON MIGUEL;;;;;
14;10;188;1;TORRE DE SANTA MARÍA;;;;;
14;10;189;1;TORREJONCILLO;;;;;
14;10;189;2;VALDENCÍN;;;;;
14;10;190;1;TORREJÓN EL RUBIO;;;;;
14;10;191;1;TORREMENGA;;;;;
14;10;192;1;TORREMOCHA;;;;;
14;10;193;1;TORREORGAZ;;;;;
14;10;194;1;TORREQUEMADA;;;;;
14;10;195;1;BELÉN;;;;;
14;10;195;2;HUERTAS DE MAGDALENA;;;;;
14;10;195;3;PAGO DE SAN CLEMENTE;;;;;
14;10;195;4;TRUJILLO;;;;;
14;10;196;1;VALDASTILLAS;;;;;
14;10;197;1;VALDECAÑAS DE TAJO;;;;;
14;10;197;2;VALDEMORESNO;;;;;
14;10;198;1;VALDEFUENTES;;;;;
14;10;199;1;VALDEHUNCAR;;;;;
14;10;200;1;VALDELACASA DE TAJO;;;;;
14;10;201;1;VALDEMORALES;;;;;
14;10;202;1;VALDEOBISPO;;;;;
14;10;203;1;ALCORNEO;;;;;
14;10;203;2;LA ACEÑA DE LA BORREGA;;;;;
14;10;203;3;LAS CASIÑAS;;;;;
14;10;203;4;ESTACIÓN FERROCARRIL;;;;;
14;10;203;5;LA FONTAÑERA;;;;;
14;10;203;6;LAS HUERTAS DE CANSA;;;;;
14;10;203;7;JOLA;;;;;
14;10;203;8;LAS LANCHUELAS;;;;;
14;10;203;9;EL PINO;;;;;
14;10;203;10;SAN PEDRO DE LOS MAJARRETES;;;;;
14;10;203;11;VALENCIA DE ALCÁNTARA;;;;;
14;10;204;1;VALVERDE DE LA VERA;;;;;
14;10;205;1;VALVERDE DEL FRESNO;;;;;
14;10;206;1;VIANDAR DE LA VERA;;;;;
14;10;207;1;VILLA DEL CAMPO;;;;;
14;10;208;1;VILLA DEL REY;;;;;
14;10;209;1;VILLAMESÍAS;;;;;
14;10;210;1;TREVEJO;;;;;
14;10;210;2;VILLAMIEL;;;;;
14;10;211;1;VILLANUEVA DE LA SIERRA;;;;;
14;10;212;1;VILLANUEVA DE LA VERA;;;;;
14;10;213;1;NAVATRASIERRA;;;;;
14;10;213;2;VILLAR DEL PEDROSO;;;;;
14;10;214;1;VILLAR DE PLASENCIA;;;;;
14;10;215;1;VILLASBUENAS DE GATA;;;;;
14;10;216;1;ZARZA DE GRANADILLA;;;;;
14;10;216;2;GRANADILLA;;;;;
14;10;217;1;ZARZA DE MONTÁNCHEZ;;;;;
14;10;218;1;ZARZA LA MAYOR;;;;;
14;10;219;1;ZORITA;;;;;
14;10;901;1;ROSALEJO;;;;;
14;10;902;1;VEGAVIANA;;;;;
14;10;903;1;ALAGÓN DEL RÍO;;;;;
14;10;904;1;TIETAR;;;0;0;0
14;10;905;1;PUEBLONUEVO DE MIRAMONTES;;;0;0;0
14;10;998;0;NO DETERMINADA;;;;;
14;10;999;0;NO DETERMINADA;;;;;
15;7;1;1;ALARÓ;;;;;
15;7;2;1;ALAIOR;;;;;
15;7;2;2;CALA'N PORTER;;;;;
15;7;2;4;SAN JAIME MEDITERRÁNEO;;;;;
15;7;2;5;SON BOU;;;;;
15;7;2;6;LA ARGENTINA;;;;;
15;7;2;7;TORRE SOLI NOU;;;;;
15;7;2;8;CALES COVES;;;;;
15;7;2;9;SON VITAMINA;;;;;
15;7;3;1;ALCÚDIA;;;;;
15;7;3;2;MAL PAS - BONAIRE;;;;;
15;7;3;3;PORT D'ALCÚDIA;;;;;
15;7;3;4;SON FE;;;;;
15;7;3;5;MARINA MANRESA;;;;;
15;7;3;6;PLATJA D'ALCÚDIA;;;;;
15;7;4;1;ALGAIDA;;;;;
15;7;4;3;PINA;;;;;
15;7;4;5;RANDA;;;;;
15;7;5;1;ANDRATX;;;;;
15;7;5;2;ES CAMP DE MAR;;;;;
15;7;5;3;PORT D'ANDRATX;;;;;
15;7;5;4;S'ARRACO;;;;;
15;7;5;5;SANT ELM I SA DRAGONERA;;;;;
15;7;6;1;ARTÁ;;;;;
15;7;6;2;COLONIA DE SANT PERE;;;;;
15;7;6;4;URBANITZACIÓ BETLEM;;;;;
15;7;6;5;URBANITZACIÓ MONTFARRUTX;;;;;
15;7;6;6;URBANITZACIÓ S'ESTANYOL;;;;;
15;7;6;7;URBANITZACIÓ SANT PERE;;;;;
15;7;7;1;BAÑALBUFAR;;;;;
15;7;7;2;ES PORT DES CANONGE;;;;;
15;7;7;3;SON COLL;;;;;
15;7;8;1;BINIAGUAL;;;;;
15;7;8;2;BINISSALEM;;;;;
15;7;9;1;BÚGER;;;;;
15;7;10;1;BAIX DES PUIG;;;;;
15;7;10;2;BUNYOLA;;;;;
15;7;10;3;ORIENT;;;;;
15;7;10;4;PALMANYOLA;;;;;
15;7;11;1;CAS CATALA - SES ILLETES;;;;;
15;7;11;2;BADIA DE PALMA;;;;;
15;7;11;3;CALVIÀ;;;;;
15;7;11;4;ES CAPDELLA;;;;;
15;7;11;5;COSTA DE LA CALMA;;;;;
15;7;11;6;COSTA D'EN BLANES;;;;;
15;7;11;7;MAGALUF;;;;;
15;7;11;8;PEGUERA;;;;;
15;7;11;9;PALMANOVA;;;;;
15;7;11;10;SA PORRASSA;;;;;
15;7;11;11;PORTALS NOUS;;;;;
15;7;11;12;SANTA PONÇA;;;;;
15;7;11;13;CASTELL DE BENDINAT;;;;;
15;7;11;14;GALATZO;;;;;
15;7;11;15;PORTALS VELLS;;;;;
15;7;11;16;SOL DE MALLORCA;;;;;
15;7;11;17;SON FERRER;;;;;
15;7;11;18;EL TORO;;;;;
15;7;12;1;CAMPANET;;;;;
15;7;12;2;ULLARO;;;;;
15;7;13;1;CAMPOS;;;;;
15;7;13;2;SES COVETES;;;;;
15;7;13;3;EL PALMER;;;;;
15;7;13;4;SA RAPITA;;;;;
15;7;13;5;SA SORDA;;;;;
15;7;13;6;DANT SA RAPITA;;;;;
15;7;13;7;SA VINYOLA;;;;;
15;7;14;1;CALA RATJADA;;;;;
15;7;14;2;CAPDEPERA;;;;;
15;7;14;3;FONT DE SA CALA;;;;;
15;7;14;4;CALA GAT;;;;;
15;7;14;5;CALA LLITERAS;;;;;
15;7;14;6;CALA MESQUIDA;;;;;
15;7;14;7;CANYAMEL;;;;;
15;7;14;8;ES CARREGADOR;;;;;
15;7;14;9;PEDRUSCADA;;;;;
15;7;14;10;PROVENSALS;;;;;
15;7;14;11;SON MOLL;;;;;
15;7;15;1;ALMUDAINA;;;;;
15;7;15;2;BARRANCH;;;;;
15;7;15;3;CIUTADELLA DE MENORCA;;;;;
15;7;15;4;SAN JUAN;;;;;
15;7;15;5;SANTANDRIA;;;;;
15;7;15;6;SON MORELL;;;;;
15;7;15;7;TORRE SAURA;;;;;
15;7;15;8;TORRE TRENCADA;;;;;
15;7;15;9;TRES ALQUERIAS;;;;;
15;7;15;10;TUDONS;;;;;
15;7;15;11;LA VALL;;;;;
15;7;16;1;CONSELL;;;;;
15;7;17;1;COSTITX;;;;;
15;7;18;1;DEYÁ;;;;;
15;7;18;2;LLUC ALCARI;;;;;
15;7;18;3;SA CALA;;;;;
15;7;18;4;SES COVES;;;;;
15;7;18;5;S'EMPELTADA;;;;;
15;7;18;6;SON COLL;;;;;
15;7;19;1;CALA TUENT - SA CALOBRA;;;;;
15;7;19;2;ESCORCA;;;;;
15;7;19;3;LLUC;;;;;
15;7;20;1;S'ESGLEIETA;;;;;
15;7;20;2;ESPORLES;;;;;
15;7;21;1;ESTELLENCS;;;;;
15;7;22;1;CAS CONCOS DES CAVALLER;;;;;
15;7;22;2;ES CARRITXO;;;;;
15;7;22;3;FELANITX;;;;;
15;7;22;4;S'HORTA;;;;;
15;7;22;6;PORTOCOLOM;;;;;
15;7;22;7;SON MESQUIDA;;;;;
15;7;22;8;SON NEGRE;;;;;
15;7;22;9;SON PROENÇ;;;;;
15;7;22;10;SON VALLS;;;;;
15;7;22;11;CALA FERRERA;;;;;
15;7;22;12;CALA SERENA;;;;;
15;7;23;1;FERRERIES;;;;;
15;7;23;2;CALA GALDANA;;;;;
15;7;24;1;ES CALO;;;;;
15;7;24;2;ES CAP DE BARBARIA;;;;;
15;7;24;3;PILAR DE LA MOLA;;;;;
15;7;24;4;PUJOLS;;;;;
15;7;24;5;SES SALINES;;;;;
15;7;24;6;SANT FERRÁN DE SES ROQUES;;;;;
15;7;24;7;SANT FRANCESC DE FORMENTERA;;;;;
15;7;24;8;LA SAVINA;;;;;
15;7;24;9;SES BARDETES;;;;;
15;7;25;1;FORNALUTX;;;;;
15;7;26;1;EIVISSA;;;;;
15;7;27;1;INCA;;;;;
15;7;28;1;LLORET DE VISTALEGRE;;;;;
15;7;29;1;LLOSETA;;;;;
15;7;30;1;LLUBÍ;;;;;
15;7;31;1;S'ARENAL;;;;;
15;7;31;2;S'ESANYOL DE MIGJORN;;;;;
15;7;31;3;LLUCMAJOR;;;;;
15;7;31;4;BADIA BLAVA;;;;;
15;7;31;5;BADIA GRAN;;;;;
15;7;31;6;BELLAVISTA;;;;;
15;7;31;7;CALA BLAVA;;;;;
15;7;31;8;CALA PI;;;;;
15;7;31;9;TOLLERIC;;;;;
15;7;31;10;LES PALMERES;;;;;
15;7;31;11;SON VERÍ NOU;;;;;
15;7;31;12;SA TORRE;;;;;
15;7;31;13;MAIORIS DECIMA;;;;;
15;7;31;14;PUIG DE ROS;;;;;
15;7;32;1;BINIXIQUER;;;;;
15;7;32;2;ES CANUTELLS;;;;;
15;7;32;3;ES GRAU;;;;;
15;7;32;4;CALA LLONGA;;;;;
15;7;32;5;SA MESQUIDA;;;;;
15;7;32;6;ES MURTAR;;;;;
15;7;32;7;SANT ANTONI;;;;;
15;7;32;9;LLUCMAÇANES;;;;;
15;7;32;10;MAO;;;;;
15;7;32;12;SANT CLIMENT;;;;;
15;7;32;14;BINIDALI;;;;;
15;7;33;1;CALA ANGUILA - CALA MENDIA;;;;;
15;7;33;2;S'ILLOT - CALA MORLANDA;;;;;
15;7;33;3;CALA MURADA;;;;;
15;7;33;4;CALES DE MALLORCA;;;;;
15;7;33;6;MANACOR;;;;;
15;7;33;7;S'ESTANY DEN MAS;;;;;
15;7;33;9;PORTO CRISTO;;;;;
15;7;33;11;SON MACIA;;;;;
15;7;34;1;MANCOR DE LA VALL;;;;;
15;7;35;1;MARÍA DE LA SALUT;;;;;
15;7;36;1;SA CABANETA;;;;;
15;7;36;2;MARRATXINET;;;;;
15;7;36;3;PLA DE NA TESA;;;;;
15;7;36;4;ES PONT D'INCA;;;;;
15;7;36;5;PORTOL;;;;;
15;7;37;1;FORNELLS;;;;;
15;7;37;2;ES MERCADAL;;;;;
15;7;37;3;ARENAL D'EN CASTELL;;;;;
15;7;37;4;NA MACARET;;;;;
15;7;37;5;PORT D'ADDAIA;;;;;
15;7;37;6;SES SALINES;;;;;
15;7;37;7;SON PARC;;;;;
15;7;37;8;URBANITZACIÓ COVES NOVES;;;;;
15;7;38;1;MONTUÏRI;;;;;
15;7;39;1;MURO;;;;;
15;7;39;2;PLATJA DE MURO;;;;;
15;7;40;1;S'ARANJASSA;;;;;
15;7;40;3;CAN PASTILLA;;;;;
15;7;40;5;SA CASA BLANCA;;;;;
15;7;40;6;ES COLL D'EN RABASSA;;;;;
15;7;40;7;SA CREU VERMELLA ;;;;;
15;7;40;8;ESTABLIMENTS;;;;;
15;7;40;9;GENOVA;;;;;
15;7;40;10;SA INDIOTERIA;;;;;
15;7;40;12;PALMA;;;;;
15;7;40;13;ES PIL.LARI;;;;;
15;7;40;14;SANT AGUSTÍ;;;;;
15;7;40;15;SANT JORDI;;;;;
15;7;40;16;ES SECAR DE LA REAL;;;;;
15;7;40;17;SON SANT JOAN;;;;;
15;7;40;18;SON SARDINA;;;;;
15;7;40;19;SA VILETA;;;;;
15;7;40;20;PLATJA DE PALMA;;;;;
15;7;41;2;PETRA;;;;;
15;7;42;1;CAN SINGALA;;;;;
15;7;42;3;CALA SAN VICENTE;;;;;
15;7;42;4;POLLENÇA;;;;;
15;7;42;5;PUERTO DE POLLENÇA;;;;;
15;7;42;6;AERODROM MILITAR;;;;;
15;7;42;7;BELLRESGUARD;;;;;
15;7;42;8;LA FONT;;;;;
15;7;42;9;LAS PALMERAS;;;;;
15;7;42;10;EL VILA;;;;;
15;7;43;1;PORRERES;;;;;
15;7;44;1;SA POBLA;;;;;
15;7;45;1;GALILEA;;;;;
15;7;45;2;PUIGPUNYENT;;;;;
15;7;45;3;SON SERRALTA;;;;;
15;7;46;1;BUSCASTELL;;;;;
15;7;46;2;SANT ANTONI DE PORTMANY;;;;;
15;7;46;3;SAN MATEU D'EUBARCA;;;;;
15;7;46;4;SANT RAFAEL;;;;;
15;7;46;5;SANTA AGNES DE CORONA;;;;;
15;7;47;1;BINIALI;;;;;
15;7;47;2;CA'S CANA;;;;;
15;7;47;3;JORNETS;;;;;
15;7;47;4;RUBERTS;;;;;
15;7;47;5;SENCELLES;;;;;
15;7;47;6;SON ARROSA;;;;;
15;7;48;1;ES CUBELLS;;;;;
15;7;48;2;SANT AGUSTÍ DES VEDRA;;;;;
15;7;48;3;SANT FRANCESC DE S'ESTANY;;;;;
15;7;48;4;SANT JORDI DE SES SALINES;;;;;
15;7;48;5;SANT JOSEP DE SA TALAIA;;;;;
15;7;49;1;SANT JOAN;;;;;
15;7;50;1;SANT JOAN DE LABRITJA;;;;;
15;7;50;2;SANT LLORENÇ DE BALAFIA;;;;;
15;7;50;3;SANT MIQUEL DE BALANSAT;;;;;
15;7;50;4;SANT VICENT DE SA CALA;;;;;
15;7;50;5;CALA DE PORTINATX;;;;;
15;7;50;6;CALA DE SANT VICENT;;;;;
15;7;50;7;PORT DE SANT MIQUEL;;;;;
15;7;51;1;S'ILLOT;;;;;
15;7;51;2;SANT LLORENÇ DES CARDASSAR;;;;;
15;7;51;3;SON CARRIO;;;;;
15;7;51;4;SON MORO;;;;;
15;7;51;5;SA COMA;;;;;
15;7;51;6;SON MORO BONAVISTA;;;;;
15;7;52;1;ALCAUFAR;;;;;
15;7;52;3;BINIANCOLLA;;;;;
15;7;52;4;BINIBECA VELL;;;;;
15;7;52;7;BINISAFUA - PLAYA;;;;;
15;7;52;10;POU NOU - CONSELL;;;;;
15;7;52;11;PUNTA PRIMA;;;;;
15;7;52;12;S'ALGAR;;;;;
15;7;52;13;S'UESTRA;;;;;
15;7;52;14;SANT LLUIS;;;;;
15;7;52;15;TORRET;;;;;
15;7;52;16;BINIBECA NOU;;;;;
15;7;52;17;BINISAFUA ROTERS;;;;;
15;7;52;18;CAP D'EN FONT;;;;;
15;7;52;19;SON REMEI - SON GANXO;;;;;
15;7;53;1;ALQUERIES;;;;;
15;7;53;2;COVES;;;;;
15;7;53;3;OLLERIES;;;;;
15;7;53;4;SANTA EUGÈNIA;;;;;
15;7;54;1;NUESTRA SEÑORA DE JESÚS;;;;;
15;7;54;2;PUIG D'EN VALLS;;;;;
15;7;54;3;SAN CARLOS;;;;;
15;7;54;4;SANTA EULALIA;;;;;
15;7;54;5;SANTA GERTRUDIS;;;;;
15;7;55;1;CA'N PICAFORT;;;;;
15;7;55;2;SANTA MARGALIDA;;;;;
15;7;55;3;SON SERRA DE MARINA;;;;;
15;7;56;1;SANTA MARÍA DEL CAMÍ;;;;;
15;7;57;1;ALQUERÍA BLANCA;;;;;
15;7;57;2;CALA D'OR;;;;;
15;7;57;3;CALA FIGUERA;;;;;
15;7;57;4;CALONGE;;;;;
15;7;57;5;LA COSTA;;;;;
15;7;57;6;LLOMBARDS;;;;;
15;7;57;7;PORTO PETRO;;;;;
15;7;57;8;SANTANYÍ;;;;;
15;7;57;9;CALA LLOMBARDS;;;;;
15;7;57;10;CALA SANTANYÍ;;;;;
15;7;57;11;CAP D'ES MORO;;;;;
15;7;58;1;BINIAMAR;;;;;
15;7;58;2;CAIMARI;;;;;
15;7;58;3;MOSCARI;;;;;
15;7;58;4;SELVA;;;;;
15;7;59;2;COLONIA DE SANT JORDI;;;;;
15;7;59;3;SES SALINES;;;;;
15;7;60;1;SINEU;;;;;
15;7;61;1;BINIARAIX;;;;;
15;7;61;2;L'HORTA;;;;;
15;7;61;3;EL PORT;;;;;
15;7;61;4;SOLLER;;;;;
15;7;61;5;ALCONASSER;;;;;
15;7;62;2;CALA BONA;;;;;
15;7;62;3;CALA MILLOR;;;;;
15;7;62;5;COSTA DE LOS PINOS;;;;;
15;7;62;8;SON SERVERA;;;;;
15;7;62;11;PORT NOU, PORT VERD I PORT VELL;;;;;
15;7;63;1;ES NOGUERAL;;;;;
15;7;63;2;ES PORT;;;;;
15;7;63;3;SON FERRANDELL;;;;;
15;7;63;4;VALLDEMOSSA;;;;;
15;7;63;5;SON MAXELLA;;;;;
15;7;63;6;S'ARCHIDUC;;;;;
15;7;64;1;TREBALUGER;;;;;
15;7;64;2;ES CASTELL;;;;;
15;7;64;3;SON VILAR;;;;;
15;7;64;4;CALA SANT ESTEVE;;;;;
15;7;64;5;EL FONDUCO;;;;;
15;7;64;6;SANTA ANNA;;;;;
15;7;64;7;SINIA D'EN RIERA;;;;;
15;7;64;8;SOL DE L'EST;;;;;
15;7;65;1;VILAFRANCA DE BONANY;;;;;
15;7;901;1;ARIANY;;;;;
15;7;902;1;ES MIGJORN GRAN;;;;;
16;28;1;1;ACEBEDA (LA);;;;;
16;28;2;1;AJALBIR;;;;;
16;28;3;1;ALAMEDA DEL VALLE;;;;;
16;28;4;1;ÁLAMO (EL);;;;;
16;28;4;2;CAMINO DE BATRES;;;;;
16;28;5;1;ALCALÁ DE HENARES;;;;;
16;28;5;2;BASE AÉREA DE TORREJÓN;;;;;
16;28;5;4;ECCE HOMO Y CUESTA DE ZULEMA;;;;;
16;28;5;5;ENCIN Y LA CANALEJA (EL);;;;;
16;28;5;6;ORUGA (LA);;;;;
16;28;5;7;SOTO DE LA CIUDAD Y GERAFIN;;;;;
16;28;5;8;TOROTE Y SOTO ESPINILLOS;;;;;
16;28;5;9;ESPINILLOS;;;;;
16;28;5;10;PRISIÓN DE ALCALÁ-MECO;;;;;
16;28;6;1;ALCOBENDAS;;;;;
16;28;7;1;ALCORCÓN;;;;;
16;28;7;2;CAMPODÓN;;;;;
16;28;7;3;VENTA LA RUBIA;;;;;
16;28;7;4;VENTORRO DEL CANO;;;;;
16;28;7;5;CARRETERA DE SAN MARTÍN;;;;;
16;28;7;6;FUENTE CISNEROS;;;;;
16;28;7;7;MONTE PRÍNCIPE;;;;;
16;28;7;8;PRAONAL (EL);;;;;
16;28;8;1;ALDEA DEL FRESNO;;;;;
16;28;8;2;CORRALES (LOS);;;;;
16;28;8;3;DEHESA DE HERNÁN VICENTE;;;;;
16;28;8;4;DEHESA DE LAS HOYAS;;;;;
16;28;8;5;DEHESILLA (LA);;;;;
16;28;8;6;NAVAYUNCOSA;;;;;
16;28;8;7;RINCÓN (EL);;;;;
16;28;8;8;SANTO (EL);;;;;
16;28;8;9;SUERTES VIEJAS;;;;;
16;28;8;10;CHAPARRAL (EL);;;;;
16;28;8;11;ESTACIÓN DE ALBERCHE;;;;;
16;28;8;12;SERANTES;;;;;
16;28;8;13;CANCHOS (LOS);;;;;
16;28;9;1;ALGETE;;;;;
16;28;9;2;CARMELITAS (LAS);;;;;
16;28;9;3;HEREDAD DE LA TORRE;;;;;
16;28;9;4;MORATONES;;;;;
16;28;9;5;NOGAL (EL);;;;;
16;28;9;6;PRADO NORTE;;;;;
16;28;9;7;SALOMÓN Y TRAS EL RIO;;;;;
16;28;9;8;SANTO DOMINGO;;;;;
16;28;9;11;DEHESA NUEVA;;;;;
16;28;9;12;SOTO MOZANAQUE;;;;;
16;28;9;13;TORRECILLA (LA);;;;;
16;28;10;1;ALPEDRETE;;;;;
16;28;10;17;VALDENCINA;;;;;
16;28;10;18;NEGRALES-LOS LLANOS (LOS),;;;;;
16;28;11;1;AMBITE;;;;;
16;28;11;2;SIERRA DE TAJUÑA;;;;;
16;28;11;3;VALDEALCALÁ;;;;;
16;28;11;4;PEÑA AMBITE;;;;;
16;28;11;5;VALDEMERA;;;;;
16;28;11;6;VEGA (LA);;;;;
16;28;12;1;ANCHUELO;;;;;
16;28;12;2;CERRO DE MIRALBUENO;;;;;
16;28;13;1;ALGODOR;;;;;
16;28;13;2;ARANJUEZ;;;;;
16;28;13;3;CASTILLEJO;;;;;
16;28;13;4;REAL CORTIJO DE SAN ISIDRO;;;;;
16;28;13;5;FLAMENCA (LA);;;;;
16;28;13;6;INFANTAS (LAS);;;;;
16;28;13;7;VILLAMEJOR;;;;;
16;28;13;8;CERRO (EL);;;;;
16;28;13;9;MONTAÑA (LA);;;;;
16;28;13;10;SOTO DEL HINOJAR;;;;;
16;28;13;11;SOTOMAYOR;;;;;
16;28;14;1;ARGANDA;;;;;
16;28;14;3;PUENTE DE ARGANDA;;;;;
16;28;14;5;CAMPILLO (EL);;;;;
16;28;14;6;SERNA (LA);;;;;
16;28;14;7;VILLARES (LOS);;;;;
16;28;15;1;ARROYOMOLINOS;;;;;
16;28;15;2;CASTAÑERAS;;;;;
16;28;15;3;MONTE DE SAN MARTÍN;;;;;
16;28;15;4;VALDEFUENTES;;;;;
16;28;16;1;ATAZAR (EL);;;;;
16;28;17;1;BATRES;;;;;
16;28;17;3;MONTE DE BATRES;;;;;
16;28;17;4;OLIVOS (LOS);;;;;
16;28;18;1;BECERRIL DE LA SIERRA ;;;;;
16;28;18;2;BERROCAL (EL);;;;;
16;28;18;3;CEBALES (LOS);;;;;
16;28;18;4;MONTELLANO;;;;;
16;28;18;5;NAVAHUERTA Y LAS TEJONERAS;;;;;
16;28;18;6;VISTA REAL;;;;;
16;28;18;7;CABEZA MEDIANA;;;;;
16;28;19;1;BELMONTE DE TAJO;;;;;
16;28;20;1;BERZOSA DEL LOZOYA;;;;;
16;28;20;2;LLANILLOS (LOS);;;;;
16;28;21;1;BERRUECO (EL);;;;;
16;28;21;2;PEÑAGUILA;;;;;
16;28;21;3;POZUELOS (LOS);;;;;
16;28;21;4;PRADERA DEL AMOR;;;;;
16;28;21;5;DEHESA BOYAL;;;;;
16;28;22;1;BOADILLA DEL MONTE;;;;;
16;28;22;11;PRADO DEL ESPINO-SAN BABILES;;;;;
16;28;22;12;PRADO GRANDE;;;;;
16;28;22;13;ROMANILLOS;;;;;
16;28;22;16;URBANIZACIONES ESTE;;;;;
16;28;22;17;URBANIZACIONES NORESTE;;;;;
16;28;23;1;BOALO (EL);;;;;
16;28;23;2;CERCEDA;;;;;
16;28;23;3;MATAELPINO;;;;;
16;28;23;4;ALCOREJO (EL);;;;;
16;28;23;5;PEÑA DE LAS GALLINAS;;;;;
16;28;23;6;BERROCAL I (EL);;;;;
16;28;23;7;BERROCAL II (EL);;;;;
16;28;23;8;C. DE LOS MUCHACHOS Y MAJADA DE LOS PALANES;;;;;
16;28;23;9;CHAPARRALES (LOS);;;;;
16;28;23;10;POZUELOS (LOS);;;;;
16;28;23;11;SAN MURIEL;;;;;
16;28;24;1;BRAOJOS;;;;;
16;28;25;1;BREA DE TAJO;;;;;
16;28;25;2;ALAMEDA Y EL QUEJIGAL (LA);;;;;
16;28;25;3;MONTE ROBLEDAL;;;;;
16;28;26;1;BRUNETE;;;;;
16;28;26;2;DEHESA (LA);;;;;
16;28;26;3;VALLE DE LOS ROSALES (EL);;;;;
16;28;26;4;BARRANCA (LA);;;;;
16;28;27;1;BUITRAGO DEL LOZOYA;;;;;
16;28;27;2;RIOSEQUILLO;;;;;
16;28;28;1;BUSTARVIEJO;;;;;
16;28;28;2;CABEZA RASA;;;;;
16;28;28;3;COLLADO (EL);;;;;
16;28;28;5;ENCINILLA (LA);;;;;
16;28;28;6;HOYUELO (EL);;;;;
16;28;28;7;MANATIAL (EL);;;;;
16;28;28;8;PALANCAR (EL);;;;;
16;28;28;9;PEDREGAL (EL);;;;;
16;28;28;13;PESQUERA-EL PORNOSO (LA);;;;;
16;28;29;1;CABANILLAS DE LA SIERRA;;;;;
16;28;29;2;D'OREMOR;;;;;
16;28;29;3;LAGUNAZOS (LOS);;;;;
16;28;30;1;CABRERA (LA);;;;;
16;28;30;2;ASPERILLA (LA);;;;;
16;28;30;3;CABRERITA Y EL ROBLE (LA);;;;;
16;28;30;5;CONVENTO (EL);;;;;
16;28;30;6;ENCERRADA (LA);;;;;
16;28;30;7;RABUSERA (LA);;;;;
16;28;31;1;CADALSO DE LOS VIDRIOS;;;;;
16;28;31;2;BARRANCOS Y EL PALANCAR (LOS);;;;;
16;28;31;3;BOQUERÓN (EL);;;;;
16;28;31;4;CASTELLANA Y EL PILAR (EL);;;;;
16;28;31;5;ENTREPINOS;;;;;
16;28;31;6;LACHARRASA;;;;;
16;28;31;7;MAHILLO (EL);;;;;
16;28;31;8;MARISCALAS (LAS);;;;;
16;28;31;9;MARRA (LA);;;;;
16;28;31;10;PINAR DEL CONCEJO;;;;;
16;28;31;12;USERO (EL);;;;;
16;28;31;13;VALHONDO Y LOS VELASCOS;;;;;
16;28;31;14;VALLE DE LA DEHESA;;;;;
16;28;32;1;CAMARMA DE ESTERUELAS;;;;;
16;28;32;3;ALCAMAR;;;;;
16;28;32;4;PRACTICANTE (EL);;;;;
16;28;33;1;CAMPO REAL;;;;;
16;28;33;2;MONTEHERMOSO;;;;;
16;28;33;3;POLIGONO BORONDO;;;;;
16;28;34;1;CANENCIA;;;;;
16;28;35;1;CARABAÑA;;;;;
16;28;35;2;DEHESA Y EL HORCAJO (LA);;;;;
16;28;35;3;VEGA (LA);;;;;
16;28;36;1;CASARRUBUELOS;;;;;
16;28;37;1;CENICIENTOS;;;;;
16;28;37;2;ALMENDROS (LOS);;;;;
16;28;37;3;JUNCAL (EL);;;;;
16;28;37;4;ENCINAR DE LA PARRA;;;;;
16;28;38;1;CAMORRITOS;;;;;
16;28;38;2;CERCEDILLA;;;;;
16;28;38;3;PUERTO DE NAVACERRADA;;;;;
16;28;38;5;BAILLO Y LAS HOJARASCAS (EL);;;;;
16;28;38;6;DEHESAS (LAS);;;;;
16;28;39;1;CERVERA DE BUITRAGO;;;;;
16;28;39;2;CERCADOS (LOS);;;;;
16;28;40;1;CIEMPOZUELOS;;;;;
16;28;40;2;ARRIADAS (LAS);;;;;
16;28;40;3;BUZANCA;;;;;
16;28;40;4;CASA DE POSTAS;;;;;
16;28;40;5;ESPARTINAS;;;;;
16;28;40;6;LAVADERO (EL);;;;;
16;28;40;7;MOLINO DEL REY;;;;;
16;28;40;8;SAN ANTÓN;;;;;
16;28;40;9;SOTO GUTIERREZ;;;;;
16;28;41;1;COBEÑA;;;;;
16;28;41;2;CAMPO NUEVO;;;;;
16;28;42;1;COLMENAR DEL ARROYO;;;;;
16;28;42;2;VALLE DEL SOL;;;;;
16;28;43;1;ALDEHUELA (LA);;;;;
16;28;43;2;COLMENAR DE OREJA;;;;;
16;28;43;3;SAN MIGUEL;;;;;
16;28;43;4;BALCÓN DE TAJO-URTAJO;;;;;
16;28;43;5;BERLINCHAS (LAS);;;;;
16;28;43;6;CASA CONCHA;;;;;
16;28;43;7;CASA DEL RELOJ;;;;;
16;28;43;8;CASTELLANOS;;;;;
16;28;43;9;GITANA (LA);;;;;
16;28;43;10;VALDEGUERRA;;;;;
16;28;43;14;VALLE DE SAN JUAN-LOS VALLEJOS;;;;;
16;28;44;1;COLMENAREJO;;;;;
16;28;45;1;COLMENAR VIEJO;;;;;
16;28;45;3;CHORTALES (LOS);;;;;
16;28;45;4;FAMET;;;;;
16;28;45;5;NAVARROSILLOS-POLÍGONO SUR;;;;;
16;28;45;6;PUEBLAS (LAS);;;;;
16;28;45;7;SAN PEDRO;;;;;
16;28;46;1;COLLADO MEDIANO;;;;;
16;28;46;2;BARRIZALES (LOS);;;;;
16;28;46;6;REAJO DEL ROBLE;;;;;
16;28;46;7;SERRANÍA DE LA PALOMA;;;;;
16;28;47;1;COLLADO VILLALBA;;;;;
16;28;47;2;DEHESA MUNICIPAL;;;;;
16;28;47;5;ESTACIÓN (LA);;;;;
16;28;47;9;ERAS (LAS);;;;;
16;28;47;10;CERCA DE LA CASCARILLA;;;;;
16;28;47;11;DOMINIO DE FONTENEBRO;;;;;
16;28;48;1;CORPA;;;;;
16;28;49;1;COSLADA;;;;;
16;28;50;1;CUBAS;;;;;
16;28;50;2;NUBE (LA);;;;;
16;28;50;3;PINAR (EL);;;;;
16;28;50;4;SOTO (EL);;;;;
16;28;50;5;ARROYADAS (LAS);;;;;
16;28;50;6;CAMINO DE BATRES;;;;;
16;28;50;8;SALMUEROS (LOS);;;;;
16;28;51;1;CHAPINERÍA;;;;;
16;28;51;2;VALQUIGOSO;;;;;
16;28;52;1;CHINCHÓN;;;;;
16;28;52;2;NUEVO CHINCHÓN;;;;;
16;28;52;3;COHONARES (LOS);;;;;
16;28;52;4;CUBILLAS (LAS);;;;;
16;28;52;5;VALDEMOLINOS;;;;;
16;28;52;6;VALGRANDE;;;;;
16;28;52;7;CAMINO DEL MONTERO;;;;;
16;28;52;8;JARA ALTA;;;;;
16;28;52;9;JARA BAJA;;;;;
16;28;52;10;SOTO GUTIERREZ;;;;;
16;28;52;11;VALROMEROSO;;;;;
16;28;52;12;VEGA (LA);;;;;
16;28;53;1;DAGANZO DE ARRIBA;;;;;
16;28;53;2;ASOCIACIÓN DEPORTIVO CULTURAL DAGANZO;;;;;
16;28;53;3;FRAILES (LOS);;;;;
16;28;54;1;ALCOR (EL);;;;;
16;28;54;2;CAMPILLO (EL);;;;;
16;28;54;4;ESCORIAL (EL);;;;;
16;28;54;5;GRANJILLA (LA);;;;;
16;28;54;6;NAVALQUEJIGO;;;;;
16;28;54;7;PERALEJO;;;;;
16;28;54;8;PINOSOL;;;;;
16;28;54;9;RADAS (LAS);;;;;
16;28;55;2;ESTREMERA;;;;;
16;28;55;4;VEGA (LA);;;;;
16;28;55;5;CAMPETÓN (EL);;;;;
16;28;56;1;FRESNEDILLAS DE LA OLIVA;;;;;
16;28;57;1;FRESNO DE TOROTE;;;;;
16;28;57;2;SERRACINES;;;;;
16;28;57;3;JARDÍN DE SERRACINES;;;;;
16;28;58;1;FUENLABRADA;;;;;
16;28;58;5;LORANCA;;;;;
16;28;59;1;FUENTE EL SAZ DE JARAMA;;;;;
16;28;59;2;ADOBERAS;;;;;
16;28;59;3;CHAPARRAL Y EL SOTO (EL);;;;;
16;28;59;4;SALGAR (EL);;;;;
16;28;59;5;SUERTES Y DEHESA VIEJA (LAS);;;;;
16;28;60;1;FUENTIDUEÑA DE TAJO;;;;;
16;28;60;2;ALARILLA ;;;;;
16;28;60;3;VEGAS (LAS);;;;;
16;28;60;4;VISOS Y LAS DEHESAS (LOS);;;;;
16;28;61;1;BELLAVISTA;;;;;
16;28;61;4;CUESTAS (LAS);;;;;
16;28;61;5;ENCINAR-SAN ALBERTO-VISTA NEVADA;;;;;
16;28;61;6;ESPAÑA;;;;;
16;28;61;7;FUENTE LA TEJA;;;;;
16;28;61;8;GALAPAGAR;;;;;
16;28;61;9;GUIJO (EL);;;;;
16;28;61;15;RANCHOS (LOS);;;;;
16;28;61;16;RONCESVALLES;;;;;
16;28;61;17;POCILLO (EL);;;;;
16;28;61;18;COLUMNAS (LAS);;;;;
16;28;61;19;CHAPARRAL (EL);;;;;
16;28;61;20;PARQUELAGOS;;;;;
16;28;61;21;NAVATA (LA);;;;;
16;28;62;2;CUADRÓN (EL);;;;;
16;28;62;3;GARGANTA DE LOS MONTES;;;;;
16;28;62;4;ERAS DEL SOTO (LAS);;;;;
16;28;62;5;PAJARILLA (LAS);;;;;
16;28;62;6;VERDUGAL (EL);;;;;
16;28;62;7;CAÑIZUELA;;;;;
16;28;62;9;PRADOS REDONDOS;;;;;
16;28;63;1;GARGANTILLA DEL LOZOYA;;;;;
16;28;63;2;PINILLA DE BUITRAGO;;;;;
16;28;63;3;ERAS (LAS);;;;;
16;28;63;5;RETUERTA (LA);;;;;
16;28;63;6;TEJERA (LA);;;;;
16;28;63;7;TOMILLAR (EL);;;;;
16;28;63;8;CAÑIZUELA;;;;;
16;28;63;9;ESTACIÓN (LA);;;;;
16;28;64;1;ESTACIÓN DE GASCONES BUITRAGO;;;;;
16;28;64;2;GASCONES;;;;;
16;28;64;3;VENTA DE MEA Y CALCETAS;;;;;
16;28;64;4;REDONDO DE ABAJO;;;;;
16;28;64;5;REDONDO DE ARRIBA;;;;;
16;28;65;1;ALDEHUELA Y LA TORRECILLA (LA);;;;;
16;28;65;2;CERRO DE LOS ÁNGELES;;;;;
16;28;65;3;GETAFE;;;;;
16;28;65;4;PERALES DEL RIO;;;;;
16;28;65;5;ACEDINOS;;;;;
16;28;65;6;ATALAYUELA (LA);;;;;
16;28;65;7;BERCIAL (EL);;;;;
16;28;65;8;CAÑADA DEL MOLINO;;;;;
16;28;65;9;LLANOS (LOS);;;;;
16;28;66;1;GRIÑÓN;;;;;
16;28;66;2;CAMINO DE CARRANQUE;;;;;
16;28;67;1;GUADALIX DE LA SIERRA;;;;;
16;28;67;2;SIERRA LAGOS;;;;;
16;28;68;1;CABEZUELAS (LAS);;;;;
16;28;68;2;GUADARRAMA;;;;;
16;28;68;3;TABLADA;;;;;
16;28;68;5;JAROSA (LA);;;;;
16;28;68;6;MATA (LA);;;;;
16;28;68;7;MATARRUBIA;;;;;
16;28;68;8;NEGRALES (LOS);;;;;
16;28;69;1;HIRUELA (LA);;;;;
16;28;70;1;HORCAJO DE LA SIERRA;;;;;
16;28;70;2;AOSLOS;;;;;
16;28;70;3;CERCADOS-EL LOMO (LOS);;;;;
16;28;71;1;HORCAJUELO DE LA SIERRA;;;;;
16;28;72;1;BERZALEJO;;;;;
16;28;72;2;BERZOSA;;;;;
16;28;72;3;HOYO DE MANZANARES;;;;;
16;28;72;4;NAVALLERA;;;;;
16;28;72;5;PARQUE DE LAS COLINAS;;;;;
16;28;72;6;NAVALVILLAR-EL CANCHAL;;;;;
16;28;73;1;HUMANES DE MADRID;;;;;
16;28;73;2;AVENIDA DE GRIÑÓN;;;;;
16;28;74;1;FORTUNA;;;;;
16;28;74;2;LEGANÉS;;;;;
16;28;74;5;VIÑA GRANDE;;;;;
16;28;74;6;BUTARQUE;;;;;
16;28;75;1;LOECHES;;;;;
16;28;75;2;CANTOS AZULES;;;;;
16;28;75;3;FONTADELA (LA);;;;;
16;28;75;4;MONTE (EL);;;;;
16;28;75;5;VALDECASTELLANOS;;;;;
16;28;75;6;VALDEMERA;;;;;
16;28;75;7;VALDUCAR Y VALDEGATOS;;;;;
16;28;75;8;CABALLO (EL);;;;;
16;28;75;9;PRADO CONCEJIL;;;;;
16;28;76;1;LOZOYA;;;;;
16;28;76;2;GRANJA (LA);;;;;
16;28;78;1;MADARCOS;;;;;
16;28;79;1;MADRID;;;;;
16;28;80;19;IBERDUERO;;;;;
16;28;80;22;MAJADAHONDA;;;;;
16;28;80;41;COTOBLANCO;;;;;
16;28;80;42;CUMBRE (LA);;;;;
16;28;80;43;GRAJERA (LA);;;;;
16;28;80;44;MONTE DEL PILAR;;;;;
16;28;80;45;VIRGEN DE LOURDES;;;;;
16;28;80;46;MAYORAZGO (EL);;;;;
16;28;80;47;MONTECLARO;;;;;
16;28;82;1;MANZANARES EL REAL;;;;;
16;28;82;2;BERROCAL (EL);;;;;
16;28;82;3;BOLA DEL MUNDO (LA);;;;;
16;28;82;4;PRESA DE SANTILLANA;;;;;
16;28;83;1;ESTACIÓN Y LA VENTA (LA);;;;;
16;28;83;2;MECO;;;;;
16;28;83;3;ALAMEDA DE LAS MONJAS;;;;;
16;28;84;1;MEJORADA DEL CAMPO;;;;;
16;28;84;2;HUERTOS FAMILIARES;;;;;
16;28;84;3;PEÑA RUBIA;;;;;
16;28;84;4;PRESA (LA);;;;;
16;28;84;5;RAYA DE VELILLA (LA);;;;;
16;28;84;6;VALDECELADA;;;;;
16;28;84;7;VEGA (LA);;;;;
16;28;85;1;ENDRINALES (LOS);;;;;
16;28;85;2;MIRAFLORES DE LA SIERRA;;;;;
16;28;85;3;HORMIGALES Y CASABLANCA;;;;;
16;28;85;4;HUELGAS (LAS);;;;;
16;28;85;5;ROSERILLOS Y EL CARRASCAL;;;;;
16;28;85;6;SAN BLAS-LOS COLLADILLOS;;;;;
16;28;86;1;MOLAR (EL);;;;;
16;28;86;3;CABAÑA (LA);;;;;
16;28;86;4;LLANOS Y REMOLINOS (LOS);;;;;
16;28;87;1;MOLINOS (LOS);;;;;
16;28;88;1;MONTEJO DE LA SIERRA;;;;;
16;28;88;2;CHAPARRAL (EL);;;;;
16;28;89;1;COLINAS (LAS);;;;;
16;28;89;2;MORALEJA DE ENMEDIO;;;;;
16;28;90;1;MORALZARZAL;;;;;
16;28;90;2;BERROCAL (EL);;;;;
16;28;90;3;FUENTE DEL PIOJO;;;;;
16;28;90;5;PRADERAS (LAS);;;;;
16;28;90;6;RETAMAR (EL);;;;;
16;28;90;7;BERROCAL (EL)-RETAMAR (EL);;;;;
16;28;91;1;MORATA DE TAJUÑA;;;;;
16;28;91;2;ALTO (EL);;;;;
16;28;91;3;VALLE (EL);;;;;
16;28;91;4;CABEZAS (LAS);;;;;
16;28;92;1;MÓSTOLES;;;;;
16;28;92;2;PARQUE COIMBRA;;;;;
16;28;92;3;PINARES LLANOS;;;;;
16;28;92;4;RIO GUADARRAMA;;;;;
16;28;92;5;COMBOS (LOS);;;;;
16;28;92;6;HÚMERA;;;;;
16;28;92;7;NIEVES (LAS);;;;;
16;28;92;8;PEÑACA;;;;;
16;28;93;1;NAVACERRADA;;;;;
16;28;93;2;ALMORCHONES (LOS);;;;;
16;28;93;3;BARRANCA (LA);;;;;
16;28;94;1;NAVALAFUENTE;;;;;
16;28;94;2;ARRETURAS (LAS);;;;;
16;28;94;3;CORRALILLO (EL);;;;;
16;28;94;4;LLANOS (LOS);;;;;
16;28;94;5;PISCIS;;;;;
16;28;94;6;SOCOCAR;;;;;
16;28;94;7;VIÑAS (LAS);;;;;
16;28;95;1;NAVALAGAMELLA;;;;;
16;28;95;2;BARRANCOS (LOS);;;;;
16;28;95;3;CERRO ALARCÓN;;;;;
16;28;96;1;CALYPO II;;;;;
16;28;96;3;NAVALCARNERO;;;;;
16;28;96;4;AGUAS DE RIAZA;;;;;
16;28;96;5;CARRETERA DE EXTREMADURA;;;;;
16;28;96;6;CARRETERA DE VILLAMANTA;;;;;
16;28;96;7;CARRIL TOLEDANO;;;;;
16;28;96;8;CASA DE ROQUE;;;;;
16;28;96;9;DEHESA DE MARIMARTÍN;;;;;
16;28;96;10;FUENTE PILA;;;;;
16;28;96;11;MANCIGORDO;;;;;
16;28;97;1;NAVARREDONDA;;;;;
16;28;97;2;SAN MAMÉS;;;;;
16;28;97;3;PATUELO (EL);;;;;
16;28;97;4;PRADO GAMONAL;;;;;
16;28;97;5;SOLANILLA (LA);;;;;
16;28;99;1;MORRO (EL);;;;;
16;28;99;2;NAVAS DEL REY;;;;;
16;28;99;3;SAN JUAN;;;;;
16;28;99;4;ROCHA (LA);;;;;
16;28;99;5;SANTA ANA;;;;;
16;28;100;2;MIRADOR DE BAZTÁN (EL);;;;;
16;28;100;3;MONTE ACEBEDO;;;;;
16;28;100;4;NUEVO BAZTÁN;;;;;
16;28;100;6;EUROVILLAS-LAS VILLAS;;;;;
16;28;101;1;OLMEDA DE LAS FUENTES;;;;;
16;28;102;1;ORUSCO;;;;;
16;28;102;2;BESANA (LA);;;;;
16;28;102;3;CARRIZAL (EL);;;;;
16;28;102;4;VAL (EL);;;;;
16;28;102;5;CAMINO DE VALDEOLMEÑA;;;;;
16;28;102;6;CAMINO DEL LLANO;;;;;
16;28;102;7;VEGA (LA);;;;;
16;28;104;1;BELVIS DE JARAMA;;;;;
16;28;104;2;PARACUELLOS DE JARAMA;;;;;
16;28;104;3;AVALÓN (EL);;;;;
16;28;104;4;BERROCALES DEL JARAMA (LOS);;;;;
16;28;104;5;GRANJA / EL CRUCE (LA);;;;;
16;28;104;6;I.N.T.A.;;;;;
16;28;106;1;PARLA;;;;;
16;28;106;3;HUMANEJOS Y EL PRADO;;;;;
16;28;107;2;EMBALSE DEL ATAZAR;;;;;
16;28;107;3;PATONES DE ABAJO;;;;;
16;28;107;4;PATONES DE ARRIBA;;;;;
16;28;108;1;ATALAYA REAL;;;;;
16;28;108;2;MONTENEBRO;;;;;
16;28;108;3;PEDREZUELA;;;;;
16;28;108;4;MINA (LA);;;;;
16;28;108;5;VAQUERAS (LAS);;;;;
16;28;108;6;LAGUNILLAS (LAS);;;;;
16;28;108;7;PAJARES (LOS);;;;;
16;28;109;1;PELAYOS DE LA PRESA;;;;;
16;28;109;2;CUMBRES (LAS);;;;;
16;28;110;1;PERALES DE TAJUÑA;;;;;
16;28;110;2;CAMINO DE LAS PEÑUELAS;;;;;
16;28;110;3;PRADO DE ARRIBA CALLEJONES;;;;;
16;28;110;4;URBANIZACIÓN VALDEPERALES;;;;;
16;28;110;5;VEGA (LA);;;;;
16;28;110;6;VEGUILLA (LA);;;;;
16;28;111;1;PEZUELA DE LAS TORRES;;;;;
16;28;111;2;CAMINOS (LOS);;;;;
16;28;112;1;PINILLA DEL VALLE;;;;;
16;28;113;1;PINTO;;;;;
16;28;113;2;ARENAS (LAS);;;;;
16;28;114;1;GANDULLAS;;;;;
16;28;114;2;PIÑUECAR;;;;;
16;28;114;3;LANCHARES;;;;;
16;28;114;4;QUIÑONES;;;;;
16;28;115;1;ÁNGELES (LOS);;;;;
16;28;115;4;POZUELO DE ALARCÓN;;;;;
16;28;115;20;ARROYO MEAQUES;;;;;
16;28;115;22;RETAMARES;;;;;
16;28;115;23;HÚMERA-SOMOSAGUAS-PRADO DEL REY;;;;;
16;28;115;24;MONTECARLO-LA CABAÑA;;;;;
16;28;115;25;MONTE DE POZUELO;;;;;
16;28;116;1;POZUELO DEL REY;;;;;
16;28;117;1;PRÁDENA DEL RINCÓN;;;;;
16;28;118;1;PUEBLA DE LA SIERRA;;;;;
16;28;119;1;PERALES DE MILLA;;;;;
16;28;119;2;QUIJORNA;;;;;
16;28;119;3;MORALES (LOS);;;;;
16;28;120;1;OTERUELO DEL VALLE;;;;;
16;28;120;2;RASCAFRÍA;;;;;
16;28;120;3;VALDESQUÍ;;;;;
16;28;120;4;GRIFOS (LOS);;;;;
16;28;121;1;REDUEÑA;;;;;
16;28;122;1;RIBATEJADA;;;;;
16;28;122;2;PARAJE DEL ARZOBISPO;;;;;
16;28;122;3;JUNCAL (EL);;;;;
16;28;122;4;ZARZUELA DEL MONTE;;;;;
16;28;123;2;CASA EULOGIO;;;;;
16;28;123;3;NEGRALEJO (EL);;;;;
16;28;123;4;PIUL (EL);;;;;
16;28;123;5;PORCAL (EL);;;;;
16;28;123;6;RIVAS DE JARAMA;;;;;
16;28;123;7;RIVAS-VACIAMADRID;;;;;
16;28;123;8;VACIAMADRID;;;;;
16;28;123;10;CAÑADA REAL DE LA GALIANA;;;;;
16;28;123;11;CORONAS (LAS);;;;;
16;28;123;18;PARTIJA-SANTA MÓNICA (LA);;;;;
16;28;124;1;ROBLEDILLO DE LA JARA;;;;;
16;28;124;2;VILLAR (EL);;;;;
16;28;125;2;ROBLEDO DE CHAVELA;;;;;
16;28;126;1;ROBREGORDO;;;;;
16;28;127;1;CHOPERA (LA);;;;;
16;28;127;4;ROZAS DE MADRID (LAS);;;;;
16;28;127;7;CARRILES (LOS);;;;;
16;28;127;8;CERVERA (LA);;;;;
16;28;127;9;CEUDAS (LAS);;;;;
16;28;127;10;DEHESA (LA);;;;;
16;28;127;11;GARZO (EL);;;;;
16;28;127;13;PUENTECILLA Y LOS MAJUELOS (LA);;;;;
16;28;127;15;MATAS-PINAR-MONTE ROZAS (LAS);;;;;
16;28;128;1;ENTREPINOS;;;;;
16;28;128;2;ROZAS DE PUERTO REAL;;;;;
16;28;128;3;HOYO (EL);;;;;
16;28;128;4;INMACULADA Y SAN DAMASO;;;;;
16;28;128;5;VENTA DEL COJO;;;;;
16;28;129;1;SAN AGUSTÍN DE GUADALIX;;;;;
16;28;129;2;ARDALES (LOS);;;;;
16;28;129;3;BARRANCO HONDO;;;;;
16;28;129;4;IBERDROLA;;;;;
16;28;129;5;MONCALVILLO;;;;;
16;28;129;6;PEÑAS RUBIAS;;;;;
16;28;129;7;RASO (EL);;;;;
16;28;129;8;SIMA (EL);;;;;
16;28;129;9;VALDELAGUA;;;;;
16;28;129;10;VALVEOLIVA;;;;;
16;28;129;11;INDUSTRIAL NORTE;;;0;0;0
16;28;130;2;SAN FERNANDO DE HENARES;;;;;
16;28;130;3;GRANJA (LA);;;;;
16;28;130;4;COTO BAEZUELA;;;;;
16;28;130;5;CAMPITO (EL);;;;;
16;28;130;6;CASTILLO DE ALDOVEA;;;;;
16;28;130;7;DARALCALDE;;;;;
16;28;130;8;POLÍGONO DE SAN FERNANDO DE HENARES;;;;;
16;28;130;9;QUINTANA;;;;;
16;28;130;10;SOTO DE ALDOVEA;;;;;
16;28;130;11;VIVEROS;;;;;
16;28;130;12;CASA QUEMADA;;;;;
16;28;130;13;CASTELLANAS (LAS);;;;;
16;28;130;14;FUENTECILLAS (LAS);;;;;
16;28;130;15;JARDÍN (EL);;;;;
16;28;130;16;PRADO DEL RINCÓN;;;;;
16;28;130;17;SEDANO;;;;;
16;28;130;18;VACIABOTAS;;;;;
16;28;130;19;GALEANA (LA);;;;;
16;28;130;20;HUERTA GRANDE (LA);;;;;
16;28;131;1;CUELGAMUROS;;;;;
16;28;131;2;SAN LORENZO DE EL ESCORIAL;;;;;
16;28;131;3;CAMPILLO (EL);;;;;
16;28;131;4;FUENTE NUEVA;;;;;
16;28;131;5;HERRERÍA (LA);;;;;
16;28;131;6;JARAL DE LA MIRA (EL);;;;;
16;28;131;7;JURISDICCIÓN (LA);;;;;
16;28;131;8;MONASTERIO DEL CAMPILLO;;;;;
16;28;131;9;PUERTA VERDE;;;;;
16;28;131;10;SOLANA (LA);;;;;
16;28;131;11;VALLE (EL);;;;;
16;28;132;1;ANGELES (LOS);;;;;
16;28;132;2;BOYERIZA (LA);;;;;
16;28;132;3;GOZQUEZ DE ABAJO;;;;;
16;28;132;4;GOZQUEZ DE ARRIBA;;;;;
16;28;132;5;MARAÑOSA (LA);;;;;
16;28;132;7;SAN MARTÍN DE LA VEGA;;;;;
16;28;132;8;PAJARES;;;;;
16;28;132;9;PINGARRÓN (EL);;;;;
16;28;132;10;VALLEQUILLAS;;;;;
16;28;133;1;SAN RAMÓN;;;;;
16;28;133;2;COSTA DE MADRID;;;;;
16;28;133;3;JAVACRUZ;;;;;
16;28;133;4;SAN MARTÍN DE VALDEIGLESIAS;;;;;
16;28;134;1;CIUDALCAMPO;;;;;
16;28;134;2;FUENTE DEL FRESNO;;;;;
16;28;134;3;CLUB DE CAMPO;;;;;
16;28;134;4;RACE;;;;;
16;28;134;5;SAN SEBASTIÁN DE LOS REYES;;;;;
16;28;134;6;VALDELAMASA;;;;;
16;28;134;7;VILLANUEVA;;;;;
16;28;134;8;GRANJILLA (LA);;;;;
16;28;134;9;DEHESA BOYAL;;;;;
16;28;134;10;ROBLILLAS (LAS);;;;;
16;28;135;1;ESTACIÓN (LA);;;;;
16;28;135;2;HERRERAS (LAS);;;;;
16;28;135;3;HOYA (LA);;;;;
16;28;135;5;NAVALESPINO;;;;;
16;28;135;6;PARADILLA (LA);;;;;
16;28;135;8;PIMPOLLAR (EL);;;;;
16;28;135;9;ROBLEDONDO;;;;;
16;28;135;10;SANTA MARÍA DE LA ALAMEDA;;;;;
16;28;135;11;CEREDA (LA);;;;;
16;28;135;13;MOLINO NUEVO;;;;;
16;28;135;14;UMBRÍA DE LOS GALLEGOS;;;;;
16;28;135;15;CEPEDA (LA);;;;;
16;28;136;1;ESTACIÓN TRANSMISORA MARINA;;;;;
16;28;136;2;SANTORCAZ;;;;;
16;28;137;1;SANTOS DE LA HUMOSA (LOS);;;;;
16;28;137;2;SOTO Y LA VEGA (EL);;;;;
16;28;138;1;SERNA DEL MONTE (LA);;;;;
16;28;140;1;SERRANILLOS DEL VALLE;;;;;
16;28;140;3;CARRASCAL (EL);;;;;
16;28;141;1;CORTIJOS (LOS);;;;;
16;28;141;4;MANANTIALES (LOS);;;;;
16;28;141;6;SEVILLA LA NUEVA;;;;;
16;28;141;7;VALDELAGUA;;;;;
16;28;143;1;SOMOSIERRA;;;;;
16;28;144;1;SOTO DEL REAL;;;;;
16;28;144;2;RANCAJALES (LOS);;;;;
16;28;144;3;DEHESA BOYAL;;;;;
16;28;144;4;CIERRO DE SAN BARTOLOME;;;;;
16;28;145;4;TALAMANCA DEL JARAMA;;;;;
16;28;145;5;CARRACALDERAS;;;;;
16;28;145;6;DUNAS (LAS);;;;;
16;28;145;7;MORALEJA (LA);;;;;
16;28;145;8;SAN BARTOLOMÉ;;;;;
16;28;145;9;HONDAS (LAS);;;;;
16;28;146;1;TIELMES;;;;;
16;28;146;3;VEGA (LA);;;;;
16;28;147;1;TITULCIA;;;;;
16;28;147;2;CARRETERA DE CHICHÓN;;;;;
16;28;147;3;VEDADILLO (EL);;;;;
16;28;147;4;VEGA (LA);;;;;
16;28;148;1;TORREJÓN DE ARDOZ;;;;;
16;28;148;2;BASE AÉREA;;;;;
16;28;148;3;CASABLANCA;;;;;
16;28;148;4;CASTILLO (EL);;;;;
16;28;148;5;SAN BENITO;;;;;
16;28;148;6;VALLE (EL);;;;;
16;28;148;7;VILLARES Y EL CORREAL (LOS);;;;;
16;28;148;8;PICO BLANCO;;;;;
16;28;149;1;TORREJÓN DE LA CALZADA;;;;;
16;28;149;3;VACIASILOS;;;;;
16;28;150;1;TORREJÓN DE VELASCO;;;;;
16;28;151;1;TORRELAGUNA;;;;;
16;28;151;2;TOMILLARES (LOS);;;;;
16;28;152;2;BERCILLOSA (LA);;;;;
16;28;152;3;CANTO DEL PICO;;;;;
16;28;152;4;ESTACIÓN (LA);;;;;
16;28;152;5;VARELA;;;;;
16;28;152;6;GASCO (EL);;;;;
16;28;152;7;JARALES (LOS);;;;;
16;28;152;8;MARÍAS (LAS);;;;;
16;28;152;11;PEÑASCALES (LOS);;;;;
16;28;152;12;ROBLES (LOS);;;;;
16;28;152;13;ROZUELAS (LAS);;;;;
16;28;152;14;TORRELODONES;;;;;
16;28;152;15;BOMBEROS (LOS);;;;;
16;28;153;1;FÁBRICA (LA);;;;;
16;28;153;2;TORREMOCHA DEL JARAMA;;;;;
16;28;153;3;CASA DE OFICIOS;;;;;
16;28;153;4;CERRADA (LA);;;;;
16;28;153;5;RETIRO DE TORREMOCHA (EL);;;;;
16;28;153;6;TOMILLARES (LOS);;;;;
16;28;153;7;SOTO (EL);;;;;
16;28;154;1;MARIBLANCA;;;;;
16;28;154;2;TORRES DE LA ALAMEDA;;;;;
16;28;154;3;CARRETERA DE LOECHES;;;;;
16;28;154;4;DEHESA DE TORRES;;;;;
16;28;154;5;SAN ISIDRO;;;;;
16;28;154;6;SAN JUAN DEL VISO;;;;;
16;28;154;7;VALDEYEGUA;;;;;
16;28;155;1;VALDARACETE;;;;;
16;28;155;2;FUENSAUCO;;;;;
16;28;156;1;VALDEAVERO;;;;;
16;28;156;2;CARDOSA (LA);;;;;
16;28;157;1;VALDELAGUNA;;;;;
16;28;158;1;VALDEMANCO;;;;;
16;28;158;2;CERRO MATALLERA;;;;;
16;28;158;3;HOYA (LA);;;;;
16;28;159;1;VALDEMAQUEDA;;;;;
16;28;159;2;RIO (EL);;;;;
16;28;160;2;CERRO ALARCÓN;;;;;
16;28;160;3;NAVARREDONDA;;;;;
16;28;160;5;DEHESA;;;;;
16;28;160;6;PARAISO (EL);;;;;
16;28;160;8;PINO ALTO;;;;;
16;28;160;9;PIZARRERA (LA);;;;;
16;28;160;12;VALDEMORILLO;;;;;
16;28;160;13;BARRANCOS (LOS);;;;;
16;28;160;15;MONTEMORILLO;;;;;
16;28;161;1;VALDEMORO;;;;;
16;28;161;2;CAMINO HONDO;;;;;
16;28;161;5;ROMPECUBAS;;;;;
16;28;161;6;VALMOR;;;;;
16;28;161;8;CENTRO PENITENCIARIO MADRID III;;;;;
16;28;161;9;JUNCAREJO (EL);;;;;
16;28;162;1;ALALPARDO;;;;;
16;28;162;2;VALDEOLMOS;;;;;
16;28;162;3;MIRAVAL;;;;;
16;28;163;1;VALDEPIÉLAGOS;;;;;
16;28;163;2;COTO DE SAN BENITO;;;;;
16;28;164;1;SILILLOS;;;;;
16;28;164;2;VALDETORRES DE JARAMA;;;;;
16;28;164;3;CUEVA (LA);;;;;
16;28;164;4;ESCARABAJOSA (LA);;;;;
16;28;164;5;MIRADOR (EL);;;;;
16;28;164;6;SOTO Y LA VEGA;;;;;
16;28;165;1;VALDILECHA;;;;;
16;28;166;1;VALVERDE DE ALCALÁ;;;;;
16;28;167;1;VELILLA DE SAN ANTONIO;;;;;
16;28;168;1;ESPARTAL (EL);;;;;
16;28;168;2;VELLÓN (EL);;;;;
16;28;168;3;CAMPILLO (EL);;;;;
16;28;168;4;ERMITA DE SAN BLAS;;;;;
16;28;168;5;QUINTAS (LAS);;;;;
16;28;168;6;DEHESA BOYAL;;;;;
16;28;168;7;CALVERO (EL);;;;;
16;28;169;1;VENTURADA;;;;;
16;28;169;2;COTOS DE MONTERREY;;;;;
16;28;169;3;ROSALES (LOS);;;;;
16;28;170;1;VILLACONEJOS;;;;;
16;28;170;2;DEHESA Y VALSALIDO (LA);;;;;
16;28;170;3;RASO (EL);;;;;
16;28;171;1;ALAMÍN;;;;;
16;28;171;3;ENCINAR DEL ALBERCHE;;;;;
16;28;171;8;VILLA DEL PRADO;;;;;
16;28;171;9;CINCO SOTOS (LOS);;;;;
16;28;171;10;DEHESA ALAMAR Y LOS PARRALES;;;;;
16;28;171;11;HOYAS (LAS);;;;;
16;28;171;12;POVEDA Y LOS ALBANALES;;;;;
16;28;172;2;GURUGÚ (EL);;;;;
16;28;172;3;HUEROS (LOS);;;;;
16;28;172;5;ZULEMA-PEÑAS ALBAS;;;;;
16;28;172;6;VILLALBILLA;;;;;
16;28;172;7;DEHESA DE LOS HUEROS;;;;;
16;28;172;8;VALDELÁGUILA-EL ROBLEDAL;;;;;
16;28;173;1;BUENAMESÓN;;;;;
16;28;173;2;CASTILLO DE TAJO;;;;;
16;28;173;3;VILLAMANRIQUE DE TAJO;;;;;
16;28;173;4;HOYA DE SIMANCAS;;;;;
16;28;173;5;VEGA DE LOS BODEGONES;;;;;
16;28;174;1;VILLAMANTA;;;;;
16;28;174;2;JIRFA;;;;;
16;28;174;3;MALPUESTA (LA);;;;;
16;28;174;4;OLIVOS (LOS);;;;;
16;28;175;1;VILLAMANTILLA;;;;;
16;28;175;2;AGUILARA (LA) ;;;;;
16;28;175;3;BOSQUE (EL);;;;;
16;28;175;4;CERROMESINO Y GALAPAGUERA;;;;;
16;28;175;5;MERCADAS (LAS);;;;;
16;28;175;6;MONTE (EL);;;;;
16;28;176;4;VILLANUEVA DE LA CAÑADA;;;;;
16;28;176;6;PALANCAR (EL);;;;;
16;28;176;7;VILLAFRANCA DEL CASTILLO;;;;;
16;28;177;1;VILLANUEVA DEL PARDILLO;;;;;
16;28;177;4;VEGAS-SANTA MARÍA (LAS);;;;;
16;28;178;1;VILLANUEVA DE PERALES;;;;;
16;28;178;2;CEPILLA (LA);;;;;
16;28;178;3;ENCRUCIJADA (LA);;;;;
16;28;178;4;MILLA (LA);;;;;
16;28;178;5;MONTE DE PERALES;;;;;
16;28;178;6;VALDETABLAS;;;;;
16;28;179;1;EUROVILLAS;;;;;
16;28;179;2;VILLAR DEL OLMO;;;;;
16;28;180;1;VILLAREJO DE SALVANÉS;;;;;
16;28;180;2;HUERTAS DE VILLAREJO (LAS);;;;;
16;28;180;3;VARGA (LA);;;;;
16;28;180;4;VEGA CORBERA;;;;;
16;28;180;5;BUENA MESÓN;;;;;
16;28;181;1;VILLAVICIOSA DE ODÓN;;;;;
16;28;181;2;BOSQUE (EL);;;;;
16;28;181;3;DEHESA DEL SOTILLO;;;;;
16;28;181;4;MONREAL;;;;;
16;28;181;5;RIO GUADARRAMA Y CASA DE ROQUE;;;;;
16;28;181;6;SACEDÓN;;;;;
16;28;181;7;ARCO IRIS;;;;;
16;28;181;8;LA VEGA;;;0;0;0
16;28;182;2;LLANOS (LOS);;;;;
16;28;182;3;CABEZAS (LAS);;;;;
16;28;182;4;TERCIO DE LA LAGUNA (EL);;;;;
16;28;182;5;VILLAVIEJA DEL LOZOYA;;;;;
16;28;182;6;CAÑADA (LA);;;;;
16;28;182;7;SOLANILLA (LA);;;;;
16;28;183;1;ESTACIÓN Y PAJARES (LA);;;;;
16;28;183;2;PEÑA ROSAL;;;;;
16;28;183;3;ZARZALEJO;;;;;
16;28;183;4;CASERA (LA);;;;;
16;28;183;5;GARGANTILLA (LA);;;;;
16;28;183;6;MORALES (LOS);;;;;
16;28;901;1;NAVAS DE BUITRAGO;;;;;
16;28;901;2;SIETEIGLESIAS;;;;;
16;28;901;3;FUENTE BLANQUILLA;;;;;
16;28;901;4;LOZOYUELA;;;;;
16;28;901;5;MAZACORTA;;;;;
16;28;901;6;MOJONERAS Y ANGOSTILLOS;;;;;
16;28;901;8;ROMPIDOS (LOS);;;;;
16;28;901;9;TOMILLERAS (LAS);;;;;
16;28;901;11;DEHESA DE NAVAS;;;;;
16;28;901;12;PEÑOTES (LOS);;;;;
16;28;902;1;PAREDES DE BUITRAGO;;;;;
16;28;902;2;SERRADA DE LA FUENTE;;;;;
16;28;902;3;CINCO VILLAS;;;;;
16;28;902;4;MANJIRÓN;;;;;
16;28;902;5;PRESA DE PUENTES VIEJAS;;;;;
16;28;902;6;SANTILLANA Y PRESA DEL VILLAR;;;;;
16;28;903;1;TRES CANTOS;;;;;
16;28;999;0;NO DETERMINADA;;;;;
17;5;1;1;ADANERO;;;;;
17;5;1;2;LA ESTACION;;;;;
17;5;2;1;LA ADRADA;;;;;
17;5;5;1;ALBORNOS;;;;;
17;5;7;1;ALDEANUEVA DE SANTA CRUZ;;;;;
17;5;8;1;ALDEASECA;;;;;
17;5;10;1;LA ALDEHUELA;;;;;
17;5;10;2;LOS MOLINOS;;;;;
17;5;10;3;LAS NAVAS;;;;;
17;5;10;4;EL REHOYO;;;;;
17;5;10;5;SOLANAS DEL CARRASCAL;;;;;
17;5;10;6;LAS SOLANILLAS;;;;;
17;5;12;1;AMAVIDA;;;;;
17;5;12;2;PASCUAL MUÑOZ;;;;;
17;5;13;1;EL ARENAL;;;;;
17;5;14;1;ARENAS DE SAN PEDRO;;;;;
17;5;14;2;HONTANARES;;;;;
17;5;14;3;LA PARRA;;;;;
17;5;14;4;RAMACASTAÑAS;;;;;
17;5;15;1;AREVALILLO;;;;;
17;5;16;1;AREVALO;;;;;
17;5;17;1;AVEINTE;;;;;
17;5;18;1;AVELLANEDA;;;;;
17;5;19;1;ALAMEDILLA DEL BERROCAL;;;;;
17;5;19;2;ALDEA DEL REY NIÑO;;;;;
17;5;19;3;AVILA;;;;;
17;5;19;4;BERNUY-SALINERO;;;;;
17;5;19;7;NARRILLOS DE SAN LEONARDO;;;;;
17;5;19;8;URRACA-MIGUEL;;;;;
17;5;19;10;BRIEVA-VICOLOZANO;;;;;
17;5;21;1;EL BARCO DE AVILA;;;;;
17;5;22;1;EL BARRACO;;;;;
17;5;22;2;LAS CRUCERAS;;;;;
17;5;22;3;LA RINCONADA;;;;;
17;5;23;1;BARROMAN;;;;;
17;5;24;1;BECEDAS;;;;;
17;5;24;2;PALACIOS DE BECEDAS;;;;;
17;5;25;1;BECEDILLAS;;;;;
17;5;25;2;CASILLAS DE CHICAPIERNA;;;;;
17;5;26;1;BERCIAL DE ZAPARDIEL;;;;;
17;5;27;1;LAS BERLANAS;;;;;
17;5;29;1;BERNUY-ZAPARDIEL;;;;;
17;5;30;1;BERROCALEJO DE ARAGONA;;;;;
17;5;33;1;BERCIMUELLE;;;;;
17;5;33;2;BLASCOMILLAN;;;;;
17;5;33;3;EL CONVENTO DE DURUELO;;;;;
17;5;34;1;BLASCONUÑO DE MATACABRAS;;;;;
17;5;35;1;BLASCOSANCHO;;;;;
17;5;36;1;EL BOHODON;;;;;
17;5;37;1;BOHOYO;;;;;
17;5;37;2;LOS GUIJUELOS;;;;;
17;5;37;3;NAVAMEDIANA;;;;;
17;5;37;4;NAVAMOJADA;;;;;
17;5;38;1;BONILLA DE LA SIERRA;;;;;
17;5;38;2;CABEZAS DE BONILLA;;;;;
17;5;38;3;PAJAREJOS;;;;;
17;5;38;4;RIVERA DE CORNEJA;;;;;
17;5;39;1;BRABOS;;;;;
17;5;39;2;HORCAJUELO;;;;;
17;5;40;1;BULARROS;;;;;
17;5;40;2;MUÑOYERRO;;;;;
17;5;40;3;VILLAVERDE;;;;;
17;5;41;1;BURGOHONDO;;;;;
17;5;41;2;PUENTE NUEVA;;;;;
17;5;42;1;CABEZAS DE ALAMBRE;;;;;
17;5;43;1;CABEZAS DEL POZO;;;;;
17;5;44;1;CABEZAS DE VILLAR;;;;;
17;5;44;2;RIVILLAS DE LA CAÑADA;;;;;
17;5;45;1;CABIZUELA;;;;;
17;5;46;1;CANALES;;;;;
17;5;47;1;CANDELEDA;;;;;
17;5;47;2;EL RASO;;;;;
17;5;48;1;CANTIVEROS;;;;;
17;5;49;1;CARDEÑOSA;;;;;
17;5;51;1;LA CARRERA;;;;;
17;5;51;2;CERECEDA;;;;;
17;5;51;3;LANCHAREJO;;;;;
17;5;51;4;NAVALMORO;;;;;
17;5;52;1;CASAS DEL PUERTO DE VILLATORO;;;;;
17;5;53;1;CASASOLA;;;;;
17;5;53;2;DURUELO;;;;;
17;5;54;1;CASAVIEJA;;;;;
17;5;55;1;CASILLAS;;;;;
17;5;56;1;CASTELLANOS DE ZAPARDIEL;;;;;
17;5;57;1;CEBREROS;;;;;
17;5;57;2;EL QUEXIGAL;;;;;
17;5;57;3;SANTA LEONOR;;;;;
17;5;57;4;ZONA DEL PANTANO DE SAN JUAN;;;;;
17;5;58;1;CEPEDA LA MORA;;;;;
17;5;59;1;CILLAN;;;;;
17;5;60;1;CISLA;;;;;
17;5;61;1;LA COLILLA;;;;;
17;5;62;1;COLLADO DE CONTRERAS;;;;;
17;5;63;1;COLLADO DEL MIRON;;;;;
17;5;64;1;CONSTANZANA;;;;;
17;5;64;2;JARAICES;;;;;
17;5;65;1;CRESPOS;;;;;
17;5;65;2;CHAHERRERO;;;;;
17;5;65;3;PASCUALGRANDE;;;;;
17;5;66;1;CUEVAS DEL VALLE;;;;;
17;5;67;1;CHAMARTIN;;;;;
17;5;69;1;DONJIMENO;;;;;
17;5;70;1;DONVIDAS;;;;;
17;5;72;1;ESPINOSA DE LOS CABALLEROS;;;;;
17;5;73;1;EL AJO;;;;;
17;5;73;2;FLORES DE AVILA;;;;;
17;5;74;1;FONTIVEROS;;;;;
17;5;75;1;FRESNEDILLA;;;;;
17;5;76;1;EL FRESNO;;;;;
17;5;76;2;EL MERINO;;;;;
17;5;77;1;FUENTE EL SAUZ;;;;;
17;5;78;1;FUENTES DE AÑO;;;;;
17;5;79;1;ALTAMIROS;;;;;
17;5;79;2;GALLEGOS;;;;;
17;5;80;1;BLASCOJIMENO;;;;;
17;5;80;2;GALLEGOS DE SOBRINOS;;;;;
17;5;81;1;GARGANTA DEL VILLAR;;;;;
17;5;82;1;GAVILANES;;;;;
17;5;83;1;GEMUÑO;;;;;
17;5;84;1;GILBUENA;;;;;
17;5;85;1;GIL GARCIA;;;;;
17;5;86;1;GIMIALCON;;;;;
17;5;87;1;GOTARRENDURA;;;;;
17;5;88;1;GRANDES;;;;;
17;5;88;2;SAN MARTIN DE LAS CABEZAS;;;;;
17;5;89;1;GUISANDO;;;;;
17;5;90;1;GUITIERRE-MUÑOZ;;;;;
17;5;92;1;HERNANSANCHO;;;;;
17;5;93;1;LA CAÑADA;;;;;
17;5;93;2;EL HERRADON;;;;;
17;5;93;3;NAVALGRANDE, CANTO DEL PICO;;;;;
17;5;94;1;HERREROS DE SUSO;;;;;
17;5;95;1;HIGUERA DE LAS DUEÑAS;;;;;
17;5;96;1;LA HIJA DE DIOS;;;;;
17;5;97;1;ENCINARES;;;;;
17;5;97;2;LA HORCAJADA;;;;;
17;5;97;3;EL HOYO;;;;;
17;5;97;4;RIOFRAGUAS;;;;;
17;5;99;1;HORCAJO DE LAS TORRES;;;;;
17;5;100;1;EL HORNILLO;;;;;
17;5;101;1;HOYOCASERO;;;;;
17;5;102;1;EL HOYO DE PINARES;;;;;
17;5;103;1;LA ALAMEDA;;;;;
17;5;103;2;LA CARRERA;;;;;
17;5;103;3;LAS CASAS DEL CAMINO;;;;;
17;5;103;4;LAS CASILLAS;;;;;
17;5;103;5;EL CASTILLO;;;;;
17;5;103;6;HOYORREDONDO;;;;;
17;5;104;1;HOYOS DEL COLLADO;;;;;
17;5;105;1;HOYOS DEL ESPINO;;;;;
17;5;106;1;HOYOS DE MIGUEL MUÑOZ;;;;;
17;5;107;1;GAMONAL DE LA SIERRA;;;;;
17;5;107;2;HURTUMPASCUAL;;;;;
17;5;107;3;VIÑEGRA DE LA SIERRA;;;;;
17;5;108;1;BARRIO CHICO;;;;;
17;5;108;2;JUNCIANA;;;;;
17;5;109;1;LANGA;;;;;
17;5;110;1;LANZAHITA;;;;;
17;5;112;1;EL BARQUILLO;;;;;
17;5;112;2;CASA DE LA VEGA;;;;;
17;5;112;3;EL LOSAR;;;;;
17;5;112;4;NAVAMORISCA;;;;;
17;5;113;1;HERMOSILLO;;;;;
17;5;113;2;LOS LLANOS DE TORMES;;;;;
17;5;114;1;MADRIGAL DEL LAS ALTAS TORRES;;;;;
17;5;114;2;VILLAR DE MATACABRAS;;;;;
17;5;115;1;MAELLO;;;;;
17;5;115;2;COTO DE PUENTE VIEJO;;;;;
17;5;115;3;DEHESA DE PANCORBO;;;;;
17;5;115;4;LA FONTANILLA;;;;;
17;5;115;5;EL MONTE;;;;;
17;5;115;6;PINAR DE PUENTE VIEJO;;;;;
17;5;116;1;MALPARTIDA DE CORNEJA;;;;;
17;5;117;1;MAMBLAS;;;;;
17;5;118;1;MANCERA DE ARRIBA;;;;;
17;5;119;1;ORTIGOSA DE RIOALMAR;;;;;
17;5;119;2;MANJABALAGO;;;;;
17;5;120;1;MARLIN;;;;;
17;5;121;1;MARTIHERRERO;;;;;
17;5;122;1;MARTINEZ;;;;;
17;5;122;2;MONTALVO;;;;;
17;5;122;3;LA ESTRELLA;;;;;
17;5;123;1;MEDIANA DE VOLTOYA;;;;;
17;5;124;1;MEDINILLA;;;;;
17;5;125;1;MENGAMUNÑOZ;;;;;
17;5;126;1;MESEGAR DE CORNEJA;;;;;
17;5;127;1;MIJARES;;;;;
17;5;128;1;MINGORRIA;;;;;
17;5;128;2;ZORITA DE LOS MOLINOS;;;;;
17;5;129;1;ALDEALABAD DEL MIRON;;;;;
17;5;129;2;EL MIRON;;;;;
17;5;130;1;MIRONCILLO;;;;;
17;5;131;1;MIRUEÑA DE LOS INFANZONES;;;;;
17;5;132;1;LA HIGUERA;;;;;
17;5;132;2;MOMBELTRAN;;;;;
17;5;133;1;MONSALUPE;;;;;
17;5;134;1;MORALEJA DE MATACABRAS;;;;;
17;5;135;1;MUÑANA;;;;;
17;5;135;2;MUÑEZ;;;;;
17;5;136;1;MUÑICO;;;;;
17;5;136;2;RINCONADA;;;;;
17;5;138;1;MUÑOGALINDO;;;;;
17;5;138;2;SALOBRALEJO;;;;;
17;5;139;1;CASTILBLANCO;;;;;
17;5;139;2;MUÑOGRANDE;;;;;
17;5;140;1;MUÑOMER DEL PECO;;;;;
17;5;141;1;MUÑOPEPE;;;;;
17;5;142;1;MUÑOSANCHO;;;;;
17;5;142;2;VILLAMAYOR;;;;;
17;5;143;1;MUÑOTELLO;;;;;
17;5;144;1;EL ALAMO;;;;;
17;5;144;2;MERCADILLO;;;;;
17;5;144;3;NARRILLOS DEL ALAMO;;;;;
17;5;144;4;VENTOSA DE LA CUESTA;;;;;
17;5;145;1;BENITOS;;;;;
17;5;145;2;NARRILLOS DEL REBOLLAR;;;;;
17;5;147;1;NARROS DEL CASTILLO;;;;;
17;5;148;1;NARROS DEL PUERTO;;;;;
17;5;149;1;NARROS DE SALDUEÑA;;;;;
17;5;151;1;GARGANTA DE LOS HORNOS;;;;;
17;5;151;2;NAVACEPEDILLA DE CORNEJA;;;;;
17;5;152;1;MAZAGOS;;;;;
17;5;152;2;NAVA DE AREVALO;;;;;
17;5;152;3;NOHARRE;;;;;
17;5;152;4;PALACIOS RUBIOS;;;;;
17;5;152;5;VINADEROS;;;;;
17;5;153;1;NAVA DEL BARCO;;;;;
17;5;154;1;NAVADIJOS;;;;;
17;5;155;1;EL BARRIO;;;;;
17;5;155;2;LAS MARIAS;;;;;
17;5;155;3;NAVAESCURIAL;;;;;
17;5;155;4;ZAPATA;;;;;
17;5;156;1;NAVAHONDILLA;;;;;
17;5;156;2;ALEGUILLAS;;;;;
17;5;156;3;CAÑADA REAL;;;;;
17;5;156;4;NAVAHONDA;;;;;
17;5;156;5;NAVAPARK;;;;;
17;5;156;6;PINAR DEL VALLE;;;;;
17;5;156;7;PRADOS MORENOS;;;;;
17;5;157;1;NAVALACRUZ;;;;;
17;5;158;1;NAVALMORAL;;;;;
17;5;159;1;NAVALGUIJO;;;;;
17;5;159;2;NAVALONGUILLA;;;;;
17;5;160;1;NAVALOSA;;;;;
17;5;161;1;NAVALPERAL DE PINARES;;;;;
17;5;162;1;NAVALPERAL DE TORMES;;;;;
17;5;162;2;ORTIGOSA DE TORMES;;;;;
17;5;163;1;NAVALUENGA;;;;;
17;5;163;2;EL RINCON;;;;;
17;5;163;4;LA CHINITA;;;;;
17;5;163;5;NAVAPALVA;;;;;
17;5;163;7;EL QUEJIGO;;;;;
17;5;163;9;CAMINO DE LA CABRERA;;;;;
17;5;163;10;LA VIÑA;;;;;
17;5;164;1;NAVAQUESERA;;;;;
17;5;165;1;BARAJAS;;;;;
17;5;165;2;NAVARREDONDA DE GREDOS;;;;;
17;5;166;1;NAVARREDONDILLA;;;;;
17;5;167;1;NAVARREVISCA;;;;;
17;5;168;1;CIUDAD DUCAL;;;;;
17;5;168;2;LA ESTACION;;;;;
17;5;168;3;LAS NAVAS DEL MARQUES;;;;;
17;5;169;1;MORISCO;;;;;
17;5;169;2;NAVATALGORDO;;;;;
17;5;170;1;CABEZAS ALTAS;;;;;
17;5;170;2;CABEZAS BAJAS;;;;;
17;5;170;3;NAVATEJARES;;;;;
17;5;171;1;NEILA DE SAN MIGUEL;;;;;
17;5;172;1;NIHARRA;;;;;
17;5;173;1;OJOS-ALBOS;;;;;
17;5;174;1;ORBITA;;;;;
17;5;175;1;EL OSO;;;;;
17;5;176;1;ALDEALABAD;;;;;
17;5;176;2;MUÑOCHAS;;;;;
17;5;176;3;PADIERNOS;;;;;
17;5;177;1;PAJARES DE ADAJA;;;;;
17;5;178;1;PALACIOS DE GODA;;;;;
17;5;178;2;TORNADIZOS DE AREVALO;;;;;
17;5;179;1;PAPATRIGO;;;;;
17;5;180;1;EL PARRAL;;;;;
17;5;181;1;PASCUALCOBO;;;;;
17;5;182;1;PEDRO BERNARDO;;;;;
17;5;183;1;PEDRO RODRIGUEZ;;;;;
17;5;184;1;HOYO DE LA GUIJA;;;;;
17;5;184;2;PEGUERINOS;;;;;
17;5;185;1;PEÑALBA DE AVILA;;;;;
17;5;185;2;PINAR DE NAVARES;;;;;
17;5;186;1;LA ALMOHALLA;;;;;
17;5;186;2;LA CAÑADA;;;;;
17;5;186;3;CASAS DE SEBASTIAN PEREZ;;;;;
17;5;186;4;PESQUERA;;;;;
17;5;186;5;PIEDRAHITA;;;;;
17;5;186;6;EL SOTO;;;;;
17;5;187;1;PIEDRALAVES;;;;;
17;5;188;1;POVEDA;;;;;
17;5;189;1;POYALES DEL HOYO;;;;;
17;5;190;1;POZANCO;;;;;
17;5;191;1;BARRIO DE ARRIBA;;;;;
17;5;191;2;BARRIO DEL MEDIO;;;;;
17;5;191;3;PRADOSEGAR;;;;;
17;5;192;1;PUERTO CASTILLA;;;;;
17;5;192;2;SANTIAGO DE ARAVALLE;;;;;
17;5;193;1;RASUEROS;;;;;
17;5;193;2;SAN CRISTOBAL DE TRABANCOS;;;;;
17;5;194;1;PASCUALCOBO;;;;;
17;5;194;2;RIOCABADO;;;;;
17;5;195;1;CABAÑAS;;;;;
17;5;195;2;ESCALONILLA;;;;;
17;5;195;3;RIOFRIO;;;;;
17;5;196;1;PALACIO DE CASTRONUEVO;;;;;
17;5;196;2;RIVILLA DE BARAJAS;;;;;
17;5;197;1;SALOBRAL;;;;;
17;5;198;1;SALVADIOS;;;;;
17;5;199;1;SAN BARTOLOME DE BEJAR;;;;;
17;5;200;1;PALACIOS DE CORNEJA;;;;;
17;5;200;2;SAN BARTOLOME DE CORNEJA;;;;;
17;5;201;1;SAN BARTOLOME DE PINARES;;;;;
17;5;204;1;LA ESTACION;;;;;
17;5;204;2;SANCHIDRIAN;;;;;
17;5;205;1;SANCHORREJA;;;;;
17;5;206;1;SAN ESTEBAN DE LOS PATOS;;;;;
17;5;207;1;SAN ESTEBAN DEL VALLE;;;;;
17;5;208;1;SAN ESTEBAN ZAPARDIEL;;;;;
17;5;209;1;SAN GARCIA DE INGELMOS;;;;;
17;5;210;1;SAN JUAN BAUTISTA;;;;;
17;5;210;2;SAN JUAN DE LA ENCINILLA;;;;;
17;5;211;1;SAN JUAN DE LA NAVA;;;;;
17;5;211;2;CALAS DEL BURGUILLO;;;;;
17;5;212;1;NAVANDRINAL;;;;;
17;5;212;2;SAN JUAN DEL MOLINILLO;;;;;
17;5;212;3;VILLAREJO;;;;;
17;5;213;1;SAN JUAN DEL OLMO;;;;;
17;5;214;1;SAN LORENZO DE TORMES;;;;;
17;5;214;2;VALLEHONDO;;;;;
17;5;215;1;SAN MARTIN DE LA VEGA DEL ALBERCHE;;;;;
17;5;216;1;NAVALSAUZ;;;;;
17;5;216;2;SAN MARTIN DEL PIMPOLLAR;;;;;
17;5;217;1;SAN MIGUEL DE CORNEJA;;;;;
17;5;218;1;SAN MIGUEL DE SERREZUELA;;;;;
17;5;219;1;SAN PASCUAL;;;;;
17;5;220;1;MORAÑUELA;;;;;
17;5;220;2;SAN PEDRO DEL ARROYO;;;;;
17;5;221;1;SANTA CRUZ DEL VALLE;;;;;
17;5;222;1;SANTA CRUZ DE PINARES;;;;;
17;5;224;1;SANTA MARIA DEL ARROYO;;;;;
17;5;225;1;NAVAHERMOSA DE CORNEJA;;;;;
17;5;225;2;SANTA MARIA DEL BERROCAL;;;;;
17;5;225;3;VALDEMOLINOS;;;;;
17;5;226;1;CARRASCALEJO;;;;;
17;5;226;2;COLLADO;;;;;
17;5;226;3;LOS CUARTOS;;;;;
17;5;226;4;NAVARREGADILLA;;;;;
17;5;226;5;SANTA MARIA DE LOS CABALLEROS;;;;;
17;5;227;1;SANTA MARIA DEL TIETAR;;;;;
17;5;228;1;CASAS DE NAVANCUERDA;;;;;
17;5;228;2;EL COLLADO;;;;;
17;5;228;3;LA LASTRA;;;;;
17;5;228;4;NAVALMAHILLO;;;;;
17;5;228;5;NAVAMUÑANA;;;;;
17;5;228;7;NOGAL;;;;;
17;5;228;8;SANTIAGO DEL COLLADO;;;;;
17;5;228;9;SANTIUSTE;;;;;
17;5;228;10;VALDELAGUNA;;;;;
17;5;228;11;ZARZAL;;;;;
17;5;228;12;LA VENTA DEL ALTO;;;;;
17;5;229;1;SANTO DOMINGO DE LAS POSADAS;;;;;
17;5;230;1;SANTO TOME DE ZABARCOS;;;;;
17;5;231;1;SAN VICENTE DE AREVALO;;;;;
17;5;232;1;LA SERRADA;;;;;
17;5;233;1;SERRANILLOS;;;;;
17;5;234;1;SIGERES;;;;;
17;5;235;1;SINLABAJOS;;;;;
17;5;236;2;CASAS DEL REY;;;;;
17;5;236;3;LOS LOROS;;;;;
17;5;236;4;MAZALINOS;;;;;
17;5;236;5;LOS NARROS;;;;;
17;5;236;6;SANTA LUCIA DE LA SIERRA;;;;;
17;5;236;7;SERRANIA;;;;;
17;5;236;8;SOLANA DE AVILA;;;;;
17;5;236;9;TREMEDAL;;;;;
17;5;236;10;LA ZARZA;;;;;
17;5;237;1;SOLANA DE RIOALMAR;;;;;
17;5;238;1;BATERNA;;;;;
17;5;238;2;ROBLEDILLO;;;;;
17;5;238;3;SOLOSANCHO;;;;;
17;5;238;4;VILLAVICIOSA;;;;;
17;5;239;1;BANDADAS;;;;;
17;5;239;2;PALACIO;;;;;
17;5;239;3;RIATAS;;;;;
17;5;239;4;SOTALBO;;;;;
17;5;240;1;FUENTE DE LA SALUD;;;;;
17;5;240;2;SOTILLO DE LA ADRADA;;;;;
17;5;240;3;LAS LASTRAS;;;;;
17;5;241;1;LA ATALAYA;;;;;
17;5;241;2;CERRO GUISANDO;;;;;
17;5;241;3;POBLADO DEL BURGUILLO;;;;;
17;5;241;4;PUENTE NUEVO;;;;;
17;5;241;5;EL TIEMBLO;;;;;
17;5;242;1;TIÑOSILLOS;;;;;
17;5;243;1;CORTOS;;;;;
17;5;243;2;ESCALONILLA;;;;;
17;5;243;3;GALLEGOS DE SAN VICENTE;;;;;
17;5;243;4;SAORNIL DE VOLTOYA;;;;;
17;5;243;5;TOLBAÑOS;;;;;
17;5;243;6;VENTA DE SAN VICENTE;;;;;
17;5;243;7;LA ALAMEDA;;;;;
17;5;244;1;NAVAMURES;;;;;
17;5;244;2;TORMELLAS;;;;;
17;5;245;1;TORNADIZOS DE AVILA;;;;;
17;5;246;1;TORTOLES;;;;;
17;5;247;1;BALBARDA;;;;;
17;5;247;2;BLACHA;;;;;
17;5;247;3;GUAREÑA;;;;;
17;5;247;4;OCO;;;;;
17;5;247;5;SANCHICORTO;;;;;
17;5;247;6;LA TORRE;;;;;
17;5;249;1;CANALEJA;;;;;
17;5;249;2;CASAS DE MARIPEDRO;;;;;
17;5;249;3;CASAS DEL ABAD;;;;;
17;5;249;4;HUSTIAS;;;;;
17;5;249;5;RETUERTA;;;;;
17;5;249;6;UMBRIAS;;;;;
17;5;249;7;VENTA DE VEGUILLAS;;;;;
17;5;251;1;VADILLO DE LA SIERRA;;;;;
17;5;252;1;PASARILLA DEL REBOLLAR;;;;;
17;5;252;2;VALDECASA;;;;;
17;5;253;1;VEGA DE SANTA MARIA;;;;;
17;5;254;1;VELAYOS;;;;;
17;5;256;1;VILLAFLOR;;;;;
17;5;257;1;LA RIBERA;;;;;
17;5;257;2;VILLAFRANCA DE LA SIERRA;;;;;
17;5;258;1;VILLANEUVA DE GOMEZ;;;;;
17;5;259;1;VILLANUEVA DEL ACERAL;;;;;
17;5;260;1;VILLANUEVA DEL CAMPILLO;;;;;
17;5;261;1;VILLAR DE CORNEJA;;;;;
17;5;262;1;VILLAREJO DEL VALLE;;;;;
17;5;263;1;VILLATORO;;;;;
17;5;264;1;VIÑEGRA DE MORAÑA;;;;;
17;5;265;1;VITA;;;;;
17;5;266;1;ZAPARDIEL DE LA CAÑADA;;;;;
17;5;266;2;CASTELLANOS DE LA CAÑADA;;;;;
17;5;266;3;SERRANOS DE LA TORRE;;;;;
17;5;267;1;LA ANGOSTURA;;;;;
17;5;267;2;ZAPARDIEL DE LA RIBERA;;;;;
17;5;901;1;HERGUIJUELA;;;;;
17;5;901;2;NAVACEPEDA DE TORMES;;;;;
17;5;901;3;SAN BARTOLOME DE TORMES;;;;;
17;5;902;1;ALDEAVIEJA;;;;;
17;5;902;2;BLASCOELES;;;;;
17;5;903;1;CARPIO MEDIANERO;;;;;
17;5;903;2;DIEGO ALVARO;;;;;
17;5;904;1;LA ALISEDA DE TORMES;;;;;
17;5;904;2;CARDEDAL;;;;;
17;5;904;3;HORCAJO DE LA RIBERA;;;;;
17;5;904;4;LA LASTRA DEL CANO;;;;;
17;5;904;5;LASTRILLA;;;;;
17;5;904;6;NAVASEQUILLA;;;;;
17;5;905;1;VILLANUEVA DE AVILA;;;;;
17;5;999;0;NO DETERMINADA;;;;;
17;9;1;1;ABAJAS;;;;;
17;9;1;2;BARCENA DE BUREBA;;;;;
17;9;3;1;ADRADA DE HAZA;;;;;
17;9;6;1;AGUAS CANDIDAS;;;;;
17;9;6;2;QUINTANAOPIO;;;;;
17;9;6;3;RIO-QUINTANILLA;;;;;
17;9;7;1;AGUILAR DE BUREBA;;;;;
17;9;9;1;ALBILLOS;;;;;
17;9;10;1;ALCOCERO DE MOLA;;;;;
17;9;11;1;BARRIO DE BRICIA;;;;;
17;9;11;2;BRICIA;;;;;
17;9;11;3;CAMPINO;;;;;
17;9;11;4;CILLERUELO DE BRICIA;;;;;
17;9;11;5;LINARES DE BRICIA;;;;;
17;9;11;6;LOMAS DE VILLAMEDIANA;;;;;
17;9;11;7;MONTEJO DE BRICIA;;;;;
17;9;11;8;PRESILLAS;;;;;
17;9;11;9;VALDERIAS;;;;;
17;9;11;10;VILLAMEDIANA DE LOMAS;;;;;
17;9;11;11;VILLANUEVA-CARRALES;;;;;
17;9;12;1;HIGON;;;;;
17;9;12;2;QUINTANILLA DE SANTA GADEA;;;;;
17;9;12;3;SANTA GADEA;;;;;
17;9;13;1;ALTABLE;;;;;
17;9;14;1;AHEDO DE BUTRON;;;;;
17;9;14;2;DOBRO;;;;;
17;9;14;3;ESCOBADOS DE ABAJO;;;;;
17;9;14;4;ESCOBADOS DE ARRIBA;;;;;
17;9;14;5;HUIDOBRO;;;;;
17;9;14;6;PESADAS DE BURGOS;;;;;
17;9;14;7;PORQUERA DE BUTRON;;;;;
17;9;14;8;QUINTANILLA-COLINA;;;;;
17;9;14;9;TUBILLEJA;;;;;
17;9;14;10;TUDANCA;;;;;
17;9;14;11;VILLAESCUSA DEL BUTRON;;;;;
17;9;14;12;VILLALTA;;;;;
17;9;16;1;AMEYUGO;;;;;
17;9;17;1;ANGUIX;;;;;
17;9;18;1;LA AGUILERA;;;;;
17;9;18;2;ARANDA DE DUERO;;;;;
17;9;18;3;SINOVAS;;;;;
17;9;18;4;LA CALABAZA;;;;;
17;9;18;5;MONTE COSTAJAN;;;;;
17;9;19;1;ARANDILLA;;;;;
17;9;19;2;COTO VALVERDE;;;;;
17;9;20;1;ARAUZO DE MIEL;;;;;
17;9;20;2;DOÑA SANTOS;;;;;
17;9;21;1;ARAUZO DE SALCE;;;;;
17;9;22;1;ARAUZO DE TORRE;;;;;
17;9;23;1;ARCOS;;;;;
17;9;23;2;VILLANUEVA-MATAMALA;;;;;
17;9;24;1;ARENILLAS DE RIOPISUERGA;;;;;
17;9;25;1;ARIJA;;;;;
17;9;26;1;AGES;;;;;
17;9;26;2;ARLANZON;;;;;
17;9;26;3;GALARDE;;;;;
17;9;26;4;SANTOVENIA DE OCA;;;;;
17;9;26;5;VILLAMORICO;;;;;
17;9;26;6;ZALDUENDO;;;;;
17;9;27;1;ARRAYA DE OCA;;;;;
17;9;29;1;ATAPUERCA;;;;;
17;9;29;2;OLMOS DE ATAPUERCA;;;;;
17;9;30;1;CUBILLO DEL CESAR;;;;;
17;9;30;2;LOS AUSINES;;;;;
17;9;30;3;SAN QUIRCE;;;;;
17;9;32;1;AVELLANOSA DE MUÑO;;;;;
17;9;32;2;PAULES DEL AGUA;;;;;
17;9;32;3;PINEDILLO;;;;;
17;9;32;4;TORRECITORES;;;;;
17;9;33;1;BAHABON DE ESGUEVA;;;;;
17;9;34;1;LOS BALBASES;;;;;
17;9;35;1;BAÑOS DE VALDEARADOS;;;;;
17;9;36;1;BAÑUELOS DE BUREBA;;;;;
17;9;37;1;BARBADILLO DE HERREROS;;;;;
17;9;38;1;BARBADILLO DEL MERCADO;;;;;
17;9;39;1;BARBADILLO DEL PEZ;;;;;
17;9;41;1;BARRIO DE MUÑO;;;;;
17;9;43;1;BARRIO DE DIAZ RUIZ;;;;;
17;9;43;2;LOS BARRIOS DE BUREBA;;;;;
17;9;43;3;SOLDUENGO;;;;;
17;9;43;4;TERRAZOS;;;;;
17;9;43;5;LAS VESGAS;;;;;
17;9;44;1;BARRIOS DE COLINA;;;;;
17;9;44;3;HINIESTRA;;;;;
17;9;44;4;SAN JUAN DE ORTEGA;;;;;
17;9;45;1;ARCELLARES DEL TOZO;;;;;
17;9;45;2;BARRIO-PANIZARES;;;;;
17;9;45;3;BASCONCILLOS DEL TOZO;;;;;
17;9;45;4;FUENTE-URBEL;;;;;
17;9;45;5;HOYOS DEL TOZO;;;;;
17;9;45;6;LA PIEDRA;;;;;
17;9;45;7;PRADANOS DEL TOZO;;;;;
17;9;45;8;LA RAD;;;;;
17;9;45;9;SAN MAMES DE ABAR;;;;;
17;9;45;10;SANTA CRUZ DEL TOZO;;;;;
17;9;45;11;TALAMILLO DEL TOZO;;;;;
17;9;45;12;TRASHAEDO;;;;;
17;9;46;1;BASCUÑANA;;;;;
17;9;46;2;SAN PEDRO DEL MONTE;;;;;
17;9;47;1;BELBIMBRE;;;;;
17;9;48;1;AVELLANOSA DE RIOJA;;;;;
17;9;48;2;BELORADO;;;;;
17;9;48;3;ETERNA;;;;;
17;9;48;4;LORANQUILLO;;;;;
17;9;48;5;PURAS DE VILLAFRANCA;;;;;
17;9;48;6;QUINTANALORANCO;;;;;
17;9;48;7;SAN MIGUEL DE PEDROSO;;;;;
17;9;48;8;CASTIL DE CARRIAS;;;;;
17;9;50;1;BERBERANA;;;;;
17;9;50;2;VALPUESTA;;;;;
17;9;51;1;BERLANGAS DE ROA;;;;;
17;9;52;1;BERZOSA DE BUREBA;;;;;
17;9;54;1;BOZOO;;;;;
17;9;54;2;PORTILLA;;;;;
17;9;54;3;VILLANUEVA-SOPORTILLA;;;;;
17;9;55;1;BRAZACORTA;;;;;
17;9;56;1;BRIVIESCA;;;;;
17;9;56;2;CAMENO;;;;;
17;9;56;3;QUINTANILLABON;;;;;
17;9;56;4;REVILLAGODOS;;;;;
17;9;56;5;VALDAZO;;;;;
17;9;57;1;BUGEDO;;;;;
17;9;58;1;BUNIEL;;;;;
17;9;59;1;BURGOS;;;;;
17;9;59;2;CASTAÑARES;;;;;
17;9;59;3;CORTES;;;;;
17;9;59;4;COTAR;;;;;
17;9;59;5;VILLAFRIA;;;;;
17;9;59;6;VILLAGONZALO-ARENAS;;;;;
17;9;59;7;VILLALONQUEJAR;;;;;
17;9;59;8;VILLATORO;;;;;
17;9;59;9;VILLAYUDA O LA VENTILLA;;;;;
17;9;59;10;VILLIMAR;;;;;
17;9;60;1;BUSTO DE BUREBA;;;;;
17;9;61;1;CABAÑES DE ESGUEVA;;;;;
17;9;62;1;CABEZON DE LA SIERRA;;;;;
17;9;63;1;CAVIA;;;;;
17;9;64;1;CALERUEGA;;;;;
17;9;65;1;CAMPILLO DE ARANDA;;;;;
17;9;66;1;CAMPOLARA;;;;;
17;9;67;1;CANICOSA DE LA SIERRA;;;;;
17;9;68;1;CANTABRANA;;;;;
17;9;70;1;CARAZO;;;;;
17;9;71;1;ARCONADA;;;;;
17;9;71;2;CARCEDO DE BUREBA;;;;;
17;9;71;3;QUINTANA-URRIA;;;;;
17;9;72;1;CARCEDO DE BURGOS;;;;;
17;9;72;2;MODUBAR DE LA CUESTA;;;;;
17;9;73;1;CARDEÑADIJO;;;;;
17;9;74;1;CARDEÑAJIMENO;;;;;
17;9;74;2;SAN MEDEL;;;;;
17;9;75;1;CARDEÑUELA RIOPICO;;;;;
17;9;75;2;VILLALVAL;;;;;
17;9;76;1;CARRIAS;;;;;
17;9;77;1;CASCAJARES DE BUREBA;;;;;
17;9;78;1;CASCAJARES DE LA SIERRA;;;;;
17;9;79;1;CASTELLANOS DE CASTRO;;;;;
17;9;82;1;CASTILDELGADO;;;;;
17;9;83;1;CASTIL DE PEONES;;;;;
17;9;84;1;CASTRILLO DE LA REINA;;;;;
17;9;85;1;CASTRILLO DE LA VEGA;;;;;
17;9;86;1;CASTRILLO DEL VAL;;;;;
17;9;86;3;SAN PEDRO DE CARDEÑA;;;;;
17;9;88;1;CASTRILLO DE RIOPISUERGA;;;;;
17;9;88;2;HINOJAL DE RIOPISUERGA;;;;;
17;9;90;1;CASTRILLO-MATAJUDIOS;;;;;
17;9;91;1;CASTROJERIZ;;;;;
17;9;91;2;HINESTROSA;;;;;
17;9;91;3;VALBONILLA;;;;;
17;9;91;4;VALLUNQUERA;;;;;
17;9;91;5;VILLASILOS;;;;;
17;9;91;6;VILLAVETA;;;;;
17;9;93;1;CAYUELA;;;;;
17;9;93;2;VILLAMIEL DE MUÑO;;;;;
17;9;94;1;CEBRECOS;;;;;
17;9;95;1;CELADA DEL CAMINO;;;;;
17;9;98;1;CEREZO DE RIO TIRON;;;;;
17;9;100;1;CERRATON DE JUARROS;;;;;
17;9;100;2;SAN OTERO;;;;;
17;9;100;3;TURRIENTES;;;;;
17;9;101;1;CIADONCHA;;;;;
17;9;102;1;CILLAPERLATA;;;;;
17;9;103;1;CILLERUELO DE ABAJO;;;;;
17;9;104;1;CILLERUELO DE ARRIBA;;;;;
17;9;105;1;BRIONGOS DE CERVERA;;;;;
17;9;105;2;CIRUELOS DE CERVERA;;;;;
17;9;108;1;COGOLLOS;;;;;
17;9;109;1;AGUILLO;;;;;
17;9;109;2;AJARTE;;;;;
17;9;109;3;ALBAINA;;;;;
17;9;109;4;AÑASTRO;;;;;
17;9;109;5;ARAICO;;;;;
17;9;109;6;ARANA;;;;;
17;9;109;7;ARGOTE;;;;;
17;9;109;8;ARMENTIA;;;;;
17;9;109;9;ARRIETA;;;;;
17;9;109;10;ASCARZA;;;;;
17;9;109;11;BAJAURI;;;;;
17;9;109;12;BURGUETA;;;;;
17;9;109;13;BUSTO DE TREVIÑO;;;;;
17;9;109;14;CUCHO;;;;;
17;9;109;15;DORDONIZ;;;;;
17;9;109;16;DOROÑO;;;;;
17;9;109;17;FRANCO;;;;;
17;9;109;18;FUIDIO;;;;;
17;9;109;19;GOLERNIO;;;;;
17;9;109;20;GRANDIVAL;;;;;
17;9;109;21;IMIRURI;;;;;
17;9;109;22;LAÑO;;;;;
17;9;109;23;MARAURI;;;;;
17;9;109;25;MESANZA;;;;;
17;9;109;26;MORAZA;;;;;
17;9;109;27;MOSCADOR DE TREVIÑO;;;;;
17;9;109;28;MUERGAS;;;;;
17;9;109;29;OBECURI;;;;;
17;9;109;30;OCILLA Y LADRERA;;;;;
17;9;109;31;OGUETA;;;;;
17;9;109;32;OZANA;;;;;
17;9;109;33;PANGUA;;;;;
17;9;109;34;PARIZA;;;;;
17;9;109;35;PEDRUZO;;;;;
17;9;109;36;SAMIANO;;;;;
17;9;109;37;SAN ESTEBAN DE TREVIÑO;;;;;
17;9;109;38;SAN MARTIN DE GALVARIN;;;;;
17;9;109;39;SAN MARTIN DEL ZAR;;;;;
17;9;109;40;SAN VICENTEJO;;;;;
17;9;109;41;SARASO;;;;;
17;9;109;42;SASETA;;;;;
17;9;109;43;TARAVERO;;;;;
17;9;109;44;TORRE;;;;;
17;9;109;45;TREVIÑO;;;;;
17;9;109;46;UZQUIANO;;;;;
17;9;109;47;VILLANUEVA TOBERA;;;;;
17;9;109;48;ZURBITU;;;;;
17;9;110;1;CONTRERAS;;;;;
17;9;112;1;CORUÑA DEL CONDE;;;;;
17;9;113;1;COVARRUBIAS;;;;;
17;9;113;2;URA;;;;;
17;9;114;1;CUBILLO DEL CAMPO;;;;;
17;9;115;1;CUBO DE BUREBA;;;;;
17;9;117;1;LA CUEVA DE ROA;;;;;
17;9;119;1;CUEVAS DE SAN CLEMENTE;;;;;
17;9;120;1;ENCIO;;;;;
17;9;120;2;MORIANA;;;;;
17;9;120;3;OBARENES;;;;;
17;9;122;1;ESPINOSA DE CERVERA;;;;;
17;9;123;1;ESPINOSA DEL CAMINO;;;;;
17;9;124;1;BARCENAS;;;;;
17;9;124;2;ESPINOSA DE LOS MONTEROS;;;;;
17;9;124;3;PARA;;;;;
17;9;124;4;QUINTANA DE LOS PRADOS;;;;;
17;9;124;5;SANTA OLALLA;;;;;
17;9;124;100;LAS MACHORRAS;;;;;
17;9;124;101;RIO DE LA SIA;;;;;
17;9;124;102;RIO DE LUNADA;;;;;
17;9;124;103;RIO TRUEBA;;;;;
17;9;124;104;RIOSECO;;;;;
17;9;125;1;ARENILLAS DE MUÑO;;;;;
17;9;125;2;ARROYO DE MUÑO;;;;;
17;9;125;3;ESTEPAR;;;;;
17;9;125;4;HORMAZA;;;;;
17;9;125;5;MAZUELO DE MUÑO;;;;;
17;9;125;6;MEDINILLA DE LA DEHESA;;;;;
17;9;125;7;PEDROSA DE MUÑO;;;;;
17;9;125;8;QUINTANILLA-SOMUÑO;;;;;
17;9;125;9;VILVIESTRE DE MUÑO;;;;;
17;9;125;10;VILLAGUTIERREZ;;;;;
17;9;125;11;VILLAVIEJA DE MUÑO;;;;;
17;9;127;1;FONTIOSO;;;;;
17;9;128;1;FRANDOVINEZ;;;;;
17;9;129;1;FRESNEDA DE LA SIERRA TIRON;;;;;
17;9;130;1;FRESNEÑA;;;;;
17;9;130;2;SAN CRISTOBAL DEL MONTE;;;;;
17;9;130;3;VILLAMAYOR DEL RIO;;;;;
17;9;131;1;FRESNILLO DE LAS DUEÑAS;;;;;
17;9;132;1;FRESNO DE RIO TIRON;;;;;
17;9;133;1;FRESNO DE RODILLA;;;;;
17;9;134;1;FRIAS;;;;;
17;9;134;2;QUINTANASECA;;;;;
17;9;134;3;TOBERA;;;;;
17;9;135;1;CALZADA DE BUREBA;;;;;
17;9;135;2;FUENTEBUREBA;;;;;
17;9;136;1;FUENTECEN;;;;;
17;9;137;1;FUENTELCESPED;;;;;
17;9;138;1;FUENTELISENDO;;;;;
17;9;139;1;FUENTEMOLINOS;;;;;
17;9;140;1;FUENTENEBRO;;;;;
17;9;141;1;FUENTESPINA;;;;;
17;9;143;1;AHEDO DE BUREBA;;;;;
17;9;143;2;CABORREDONDO;;;;;
17;9;143;3;GALBARROS;;;;;
17;9;143;4;SAN PEDRO DE LA HOZ;;;;;
17;9;144;1;LA GALLEGA;;;;;
17;9;148;1;GRIJALBA;;;;;
17;9;149;1;GRISALEÑA;;;;;
17;9;151;1;GUMIEL DE IZAN;;;;;
17;9;152;1;GUMIEL DE MERCADO;;;;;
17;9;152;2;VENTOSILLA;;;;;
17;9;154;1;HACINAS;;;;;
17;9;155;1;HAZA;;;;;
17;9;159;1;HONTANAS;;;;;
17;9;160;1;HONTANGAS;;;;;
17;9;162;1;HONTORIA DE LA CANTERA;;;;;
17;9;163;1;ALDEA DEL PINAR;;;;;
17;9;163;2;HONTORIA DEL PINAR;;;;;
17;9;163;3;NAVAS DEL PINAR;;;;;
17;9;164;1;HONTORIA DE VALDEARADOS;;;;;
17;9;166;1;BORCOS;;;;;
17;9;166;2;ESPINOSILLA SAN BARTOLOME;;;;;
17;9;166;3;LA PARTE;;;;;
17;9;166;4;SOLANO;;;;;
17;9;167;1;HORNILLOS DEL CAMINO;;;;;
17;9;168;1;LA HORRA;;;;;
17;9;169;1;HORTIGÜELA;;;;;
17;9;170;1;HOYALES DE ROA;;;;;
17;9;172;1;HUERMECES;;;;;
17;9;172;2;QUINTANILLA-PEDRO ABARCA;;;;;
17;9;172;3;RUYALES DEL PARAMO;;;;;
17;9;172;4;SAN PANTALEON DEL PARAMO;;;;;
17;9;173;1;HUERTA DE ARRIBA;;;;;
17;9;174;1;HINOJAR DEL REY;;;;;
17;9;174;2;HUERTA DEL REY;;;;;
17;9;174;3;PEÑALBA DE CASTRO;;;;;
17;9;174;4;QUINTANARRAYA;;;;;
17;9;175;1;CONGOSTO;;;;;
17;9;175;2;FUENCALIENTE DE PUERTA O FUENCALENTEJA;;;;;
17;9;175;3;FUENTEODRA;;;;;
17;9;175;4;HUMADA;;;;;
17;9;175;5;ORDEJON DE ABAJO O SANTA MARIA;;;;;
17;9;175;6;ORDEJON DE ARRIBA O SAN JUAN;;;;;
17;9;175;7;REBOLLEDO DE TRASPEÑA;;;;;
17;9;175;8;SAN MARTIN DE HUMADA;;;;;
17;9;175;9;VILLAMARTIN DE VILLADIEGO;;;;;
17;9;176;1;HURONES;;;;;
17;9;177;2;CUEVA DE JUARROS;;;;;
17;9;177;3;CUZCURRITA DE JUARROS;;;;;
17;9;177;4;ESPINOSA DE JUARROS;;;;;
17;9;177;5;IBEAS DE JUARROS;;;;;
17;9;177;7;MODUBAR DE SAN CIBRIAN;;;;;
17;9;177;8;MOZONCILLO DE JUARROS;;;;;
17;9;177;9;SALGUERO DE JUARROS;;;;;
17;9;177;10;SAN MILLAN DE JUARROS;;;;;
17;9;177;11;SANTA CRUZ DE JUARROS;;;;;
17;9;178;1;IBRILLOS;;;;;
17;9;179;1;IGLESIARRUBIA;;;;;
17;9;180;1;IGLESIAS;;;;;
17;9;181;1;CAÑIZAR DE ARGAÑO;;;;;
17;9;181;2;ISAR;;;;;
17;9;181;3;PALACIOS DE BENAVER;;;;;
17;9;181;4;VILLOREJO;;;;;
17;9;182;1;ITERO DEL CASTILLO;;;;;
17;9;183;1;JARAMILLO DE LA FUENTE;;;;;
17;9;184;1;JARAMILLO QUEMADO;;;;;
17;9;189;1;CASTROBARTO;;;;;
17;9;189;2;COLINA;;;;;
17;9;189;3;CUBILLOS DE LOSA;;;;;
17;9;189;4;LAS ERAS;;;;;
17;9;189;5;LASTRAS DE LAS ERAS;;;;;
17;9;189;6;TABLIEGA;;;;;
17;9;189;7;VILLALACRE;;;;;
17;9;189;8;VILLATARAS;;;;;
17;9;189;9;VILLAVENTIN;;;;;
17;9;190;3;MIJALA;;;;;
17;9;190;4;MURITA;;;;;
17;9;190;7;VILLALBA DE LOSA;;;;;
17;9;190;8;VILLOTA;;;;;
17;9;190;9;ZABALLA;;;;;
17;9;191;1;ACEÑA;;;;;
17;9;191;2;LARA DE LOS INFANTES;;;;;
17;9;191;3;PAULES DE LARA;;;;;
17;9;192;1;ARROYO DE SAN ZADORNIL;;;;;
17;9;192;2;SAN MILLAN DE SAN ZADORNIL;;;;;
17;9;192;3;SAN ZADORNIL;;;;;
17;9;192;4;VILLAFRIA DE SAN ZADORNIL;;;;;
17;9;194;1;CASTRILLO DE SOLARANA;;;;;
17;9;194;2;LERMA;;;;;
17;9;194;3;RABE DE LOS ESCUDEROS;;;;;
17;9;194;4;REVILLA-CABRIADA;;;;;
17;9;194;5;RUYALES DEL AGUA;;;;;
17;9;194;6;SANTILLAN DEL AGUA;;;;;
17;9;194;7;VILLOVIADO;;;;;
17;9;195;1;LLANO DE BUREBA;;;;;
17;9;196;1;MADRIGAL DEL MONTE;;;;;
17;9;196;2;TORNADIJO;;;;;
17;9;197;1;MADRIGALEJO DEL MONTE;;;;;
17;9;197;2;MONTUENGA;;;;;
17;9;198;1;MAHAMUD;;;;;
17;9;199;1;MAMBRILLA DE CASTREJON;;;;;
17;9;200;1;CUBILLEJO;;;;;
17;9;200;2;MAMBRILLAS DE LARA;;;;;
17;9;200;3;QUINTANILLA DE LAS VIÑAS;;;;;
17;9;201;1;MAMOLAR;;;;;
17;9;202;1;MANCILES;;;;;
17;9;206;1;MAZUELA;;;;;
17;9;208;1;MECERREYES;;;;;
17;9;209;1;ANGOSTO;;;;;
17;9;209;2;BOVEDA DE LA RIBERA;;;;;
17;9;209;3;BUSTILLO DE MEDINA;;;;;
17;9;209;7;LA CERCA;;;;;
17;9;209;8;CRIALES;;;;;
17;9;209;9;GOBANTES;;;;;
17;9;209;11;MEDINA DE POMAR;;;;;
17;9;209;12;MOMEDIANO;;;;;
17;9;209;13;MONEO;;;;;
17;9;209;14;NAVAGOS;;;;;
17;9;209;15;OTEO;;;;;
17;9;209;16;PARESOTAS;;;;;
17;9;209;17;PEREX;;;;;
17;9;209;18;POMAR;;;;;
17;9;209;20;QUINTANAMACE;;;;;
17;9;209;21;RECUENCO;;;;;
17;9;209;23;LA RIBA;;;;;
17;9;209;24;ROSALES;;;;;
17;9;209;25;ROSIO;;;;;
17;9;209;26;SALINAS DE ROSIO;;;;;
17;9;209;27;SANTURDE;;;;;
17;9;209;28;TORRES;;;;;
17;9;209;29;EL VADO;;;;;
17;9;209;31;VILLACOMPARADA;;;;;
17;9;209;32;VILLAMOR;;;;;
17;9;209;34;VILLARAN;;;;;
17;9;209;35;VILLATE;;;;;
17;9;209;36;VILLATOMIL;;;;;
17;9;209;38;MIÑON;;;;;
17;9;209;39;VILLAMEZAN;;;;;
17;9;211;1;MELGAR DE FERNAMENTAL;;;;;
17;9;211;2;SAN LLORENTE DE LA VEGA;;;;;
17;9;211;3;SANTA MARIA ANANUÑEZ;;;;;
17;9;211;4;TAGARROSA;;;;;
17;9;211;5;VALTIERRA DE RIOPISUERGA;;;;;
17;9;213;1;AEL;;;;;
17;9;213;2;ALMENDRES;;;;;
17;9;213;3;BAILLO;;;;;
17;9;213;4;CASARES;;;;;
17;9;213;5;CEBOLLEROS;;;;;
17;9;213;6;EXTRAMIANA;;;;;
17;9;213;7;HIERRO;;;;;
17;9;213;8;LECHEDO;;;;;
17;9;213;9;MIJANGOS;;;;;
17;9;213;10;NOFUENTES;;;;;
17;9;213;11;PARALACUESTA;;;;;
17;9;213;12;PRADOLAMATA;;;;;
17;9;213;13;QUINTANA-ENTREPEÑAS;;;;;
17;9;213;14;QUINTANALACUESTA;;;;;
17;9;213;15;QUINTANILLA-MONTECABEZAS;;;;;
17;9;213;16;LAS QUINTANILLAS;;;;;
17;9;213;17;SAN CRISTOBAL DE ALMENDRES;;;;;
17;9;213;18;SANTA COLOMA;;;;;
17;9;213;19;URRIA;;;;;
17;9;213;20;VALDELACUESTA;;;;;
17;9;213;21;VALMAYOR DE CUESTA URRIA;;;;;
17;9;213;22;VILLAMAGRIN;;;;;
17;9;213;23;VILLAPANILLO;;;;;
17;9;213;24;VILLAVEDEO;;;;;
17;9;214;1;AGUERA;;;;;
17;9;214;2;BARANDA;;;;;
17;9;214;3;BARCENA DE PIENZA;;;;;
17;9;214;4;BARCENILLAS DEL RIVERO;;;;;
17;9;214;5;BERCEDO;;;;;
17;9;214;6;CUESTAHEDO;;;;;
17;9;214;7;GAYANGOS;;;;;
17;9;214;8;EDESA;;;;;
17;9;214;9;LOMA DE MONTIJA;;;;;
17;9;214;10;MONTECILLO;;;;;
17;9;214;11;NOCECO;;;;;
17;9;214;12;QUINTANAHEDO;;;;;
17;9;214;13;QUINTANILLA DE PIENZA;;;;;
17;9;214;14;QUINTANILLA SOPEÑA;;;;;
17;9;214;15;REVILLA DE PIENZA;;;;;
17;9;214;16;SAN PELAYO;;;;;
17;9;214;17;VILLALAZARA;;;;;
17;9;214;18;VILLASANTE;;;;;
17;9;215;1;BARCENILLAS DE CEREZOS;;;;;
17;9;215;2;BEDON;;;;;
17;9;215;3;BUTRERA;;;;;
17;9;215;4;COGULLOS;;;;;
17;9;215;5;CORNEJO;;;;;
17;9;215;6;CUEVA;;;;;
17;9;215;7;ENTRAMBOSRIOS;;;;;
17;9;215;8;AHEDO DE LINARES;;;;;
17;9;215;9;HORNILLALASTRA;;;;;
17;9;215;10;HORNILLALATORRE;;;;;
17;9;215;11;HORNILLAYUSO;;;;;
17;9;215;12;LINARES;;;;;
17;9;215;13;NELA;;;;;
17;9;215;14;LA PARTE DE SOTOSCUEVA;;;;;
17;9;215;15;PEREDA;;;;;
17;9;215;16;QUINTANILLA DEL REBOLLAR;;;;;
17;9;215;17;QUINTANILLA-SOTOSCUEVA;;;;;
17;9;215;18;QUINTANILLA-VALDEBODRES;;;;;
17;9;215;19;QUISICEDO;;;;;
17;9;215;20;EL REBOLLAR;;;;;
17;9;215;21;REDONDO;;;;;
17;9;215;22;SOBREPEÑA;;;;;
17;9;215;23;VALLEJO;;;;;
17;9;215;24;VILLABASCONES;;;;;
17;9;215;25;VILLAMARTIN DE SOTOSCUEVA;;;;;
17;9;216;1;BRIZUELA;;;;;
17;9;216;2;BUSNELA;;;;;
17;9;216;3;CIDAD;;;;;
17;9;216;4;DOSANTE;;;;;
17;9;216;5;AHEDO DE LAS PUEBLAS;;;;;
17;9;216;6;LEVA;;;;;
17;9;216;7;PEDROSA;;;;;
17;9;216;8;PUENTEDEY;;;;;
17;9;216;9;QUINTANABALDO;;;;;
17;9;216;10;ROBREDO DE LAS PUEBLAS;;;;;
17;9;216;11;ROZAS;;;;;
17;9;216;12;SAN MARTIN DE LAS OLLAS;;;;;
17;9;216;13;SAN MARTIN DE PORRES;;;;;
17;9;216;14;SANTELICES;;;;;
17;9;216;15;VILLAVES;;;;;
17;9;217;1;EL ALMIÑE;;;;;
17;9;217;2;ARROYO DE VALDIVIELSO;;;;;
17;9;217;3;CONDADO;;;;;
17;9;217;4;HOZ DE VALDIVIELSO;;;;;
17;9;217;5;PANIZARES;;;;;
17;9;217;6;POBLACION DE VALDIVIELSO;;;;;
17;9;217;7;PUENTE-ARENAS;;;;;
17;9;217;8;QUECEDO;;;;;
17;9;217;9;QUINTANA DE VALDIVIELSO;;;;;
17;9;217;10;SANTA OLALLA DE VALDIVIELSO;;;;;
17;9;217;11;TARTALES DE LOS MONTES;;;;;
17;9;217;12;TOBA DE VALDIVIELSO;;;;;
17;9;217;13;VALDENOCEDA;;;;;
17;9;217;14;VALHERMOSA;;;;;
17;9;218;1;MILAGROS;;;;;
17;9;219;1;ARCE;;;;;
17;9;219;2;AYUELAS;;;;;
17;9;219;3;AZUCARERA LEOPOLDO;;;;;
17;9;219;4;BARDAURI;;;;;
17;9;219;5;BAYAS;;;;;
17;9;219;6;LOS CORRALES;;;;;
17;9;219;7;EL CRUCERO;;;;;
17;9;219;8;GUINICIO;;;;;
17;9;219;9;HERRERA;;;;;
17;9;219;10;IRCIO;;;;;
17;9;219;11;MIRANDA DE EBRO;;;;;
17;9;219;12;MONTAÑANA;;;;;
17;9;219;13;LA NAVE;;;;;
17;9;219;14;ORON;;;;;
17;9;219;15;SAN MIGUEL;;;;;
17;9;219;16;SUZANA;;;;;
17;9;219;17;TERNERO;;;;;
17;9;219;18;VALVERDE DE MIRANDA;;;;;
17;9;219;19;ALTO SAN ROQUE;;;;;
17;9;220;1;MIRAVECHE;;;;;
17;9;221;1;COJOBAR;;;;;
17;9;221;2;MODUBAR DE LA EMPAREDADA;;;;;
17;9;223;1;MONASTERIO DE LA SIERRA;;;;;
17;9;224;1;MONASTERIO DE RODILLA;;;;;
17;9;224;2;SANTA MARINA;;;;;
17;9;225;1;MONCALVILLO;;;;;
17;9;226;1;MONTERRUBIO DE LA DEMANDA;;;;;
17;9;227;1;MONTORIO;;;;;
17;9;228;1;MORADILLO DE ROA;;;;;
17;9;229;1;NAVA DE ROA;;;;;
17;9;230;1;NAVAS DE BUREBA;;;;;
17;9;231;1;NEBREDA;;;;;
17;9;232;1;NEILA;;;;;
17;9;235;1;OLMEDILLO DE ROA;;;;;
17;9;236;1;OLMILLOS DE MUÑO;;;;;
17;9;238;2;BARCINA DE LOS MONTES;;;;;
17;9;238;3;BENTRETEA;;;;;
17;9;238;4;CASTELLANOS DE BUREBA;;;;;
17;9;238;5;CERECEDA;;;;;
17;9;238;6;CORNUDILLA;;;;;
17;9;238;7;HERMOSILLA;;;;;
17;9;238;8;LA MOLINA DEL PORTILLO DE BUSTO;;;;;
17;9;238;9;OÑA;;;;;
17;9;238;10;LA PARTE DE BUREBA;;;;;
17;9;238;11;PENCHES;;;;;
17;9;238;12;PINO DE BUREBA;;;;;
17;9;238;13;TERMINON;;;;;
17;9;238;14;VILLANUEVA DE LOS MONTES;;;;;
17;9;238;15;ZANGANDEZ;;;;;
17;9;239;1;OQUILLAS;;;;;
17;9;241;1;ORBANEJA-RIOPICO;;;;;
17;9;241;2;QUINTANILLA-RIOPICO;;;;;
17;9;242;1;PADILLA DE ABAJO;;;;;
17;9;243;1;PADILLA DE ARRIBA;;;;;
17;9;244;1;PADRONES DE BUREBA;;;;;
17;9;246;1;PALACIOS DE LA SIERRA;;;;;
17;9;247;1;PALACIOS DE RIOPISUERGA;;;;;
17;9;248;1;PALAZUELOS DE LA SIERRA;;;;;
17;9;249;1;PALAZUELOS DE MUÑO;;;;;
17;9;250;1;EL HORMIGUERO;;;;;
17;9;250;2;PAMPLIEGA;;;;;
17;9;250;3;SANTIUSTE;;;;;
17;9;250;4;TORREPADIERNE;;;;;
17;9;251;1;PANCORBO;;;;;
17;9;253;1;PARDILLA;;;;;
17;9;255;1;CUBILLA DE LA SIERRA;;;;;
17;9;255;2;RANERA;;;;;
17;9;255;3;VALDERRAMA;;;;;
17;9;256;1;BOADA DE ROA;;;;;
17;9;256;2;GUZMAN;;;;;
17;9;256;3;PEDROSA DE DUERO;;;;;
17;9;256;4;QUINTANAMANVIRGO;;;;;
17;9;256;5;VALCABADO DE ROA;;;;;
17;9;257;1;PEDROSA DEL PARAMO;;;;;
17;9;258;1;PEDROSA DEL PRINCIPE;;;;;
17;9;259;1;LODOSO;;;;;
17;9;259;2;MARMELLAR DE ABAJO;;;;;
17;9;259;3;PEDROSA DE RIO-URBEL;;;;;
17;9;259;4;SAN PEDRO SAMUEL;;;;;
17;9;261;1;PEÑARANDA DE DUERO;;;;;
17;9;262;1;PERAL DE ARLANZA;;;;;
17;9;265;1;PIERNIGAS;;;;;
17;9;266;1;PINEDA DE LA SIERRA;;;;;
17;9;267;1;PINEDA TRASMONTE;;;;;
17;9;268;1;GETE;;;;;
17;9;268;2;PINILLA DE LOS BARRUECOS;;;;;
17;9;269;1;PIEDRAHITA DE MUÑO;;;;;
17;9;269;2;PINILLA DE LOS MOROS;;;;;
17;9;270;1;PINILLA TRASMONTE;;;;;
17;9;272;1;CASTIL DE LENCES;;;;;
17;9;272;2;LENCES DE BUREBA;;;;;
17;9;272;3;POZA DE LA SAL;;;;;
17;9;273;1;PRADANOS DE BUREBA;;;;;
17;9;274;1;GARGANCHON;;;;;
17;9;274;2;PRADOLUENGO;;;;;
17;9;275;1;PRESENCIO;;;;;
17;9;276;1;LA PUEBLA DE ARGANZON;;;;;
17;9;276;2;VILLANUEVA DE LA OCA;;;;;
17;9;277;1;PUENTEDURA;;;;;
17;9;279;1;QUEMADA;;;;;
17;9;280;1;QUINTANABUREBA;;;;;
17;9;281;1;QUINTANA DEL PIDIO;;;;;
17;9;283;1;MARCILLO;;;;;
17;9;283;2;QUINTANAELEZ;;;;;
17;9;283;3;QUINTANILLA CABE SOTO;;;;;
17;9;283;4;SOTO DE BUREBA;;;;;
17;9;287;1;QUINTANAORTUÑO;;;;;
17;9;288;1;QUINTANAPALLA;;;;;
17;9;289;1;QUINTANAR DE LA SIERRA;;;;;
17;9;292;1;QUINTANAVIDES;;;;;
17;9;294;1;QUINTANILLA DE LA MATA;;;;;
17;9;295;1;CASTROCENIZA;;;;;
17;9;295;2;QUINTANILLA DEL COCO;;;;;
17;9;297;1;LAS QUINTANILLAS;;;;;
17;9;297;2;SANTA MARIA TAJADURA;;;;;
17;9;297;3;VILLARMENTERO;;;;;
17;9;298;1;QUINTANILLA SAN-GARCIA;;;;;
17;9;301;1;QUINTANILLA-VIVAR O QUINTANILLA MOROCISLA;;;;;
17;9;301;2;VIVAR DEL CID;;;;;
17;9;302;1;RABANERA DEL PINAR;;;;;
17;9;303;1;ALARCIA;;;;;
17;9;303;2;RABANOS;;;;;
17;9;303;3;VILLAMUDRIA;;;;;
17;9;304;1;RABE DE LAS CALZADAS;;;;;
17;9;306;1;ALBACASTRO;;;;;
17;9;306;2;CASTRECIAS;;;;;
17;9;306;3;LA REBOLLEDA;;;;;
17;9;306;4;REBOLLEDO DE LA TORRE;;;;;
17;9;306;5;VALTIERRA DE ALBACASTRO;;;;;
17;9;306;6;VILLELA;;;;;
17;9;307;1;REDECILLA DEL CAMINO;;;;;
17;9;308;1;QUINTANILLA DEL MONTE;;;;;
17;9;308;2;REDECILLA DEL CAMPO;;;;;
17;9;308;3;SOTILLO DE RIOJA;;;;;
17;9;309;1;REGUMIEL DE LA SIERRA;;;;;
17;9;310;1;REINOSO;;;;;
17;9;311;1;RETUERTA;;;;;
17;9;312;1;LA REVILLA;;;;;
17;9;312;2;AHEDO;;;;;
17;9;314;1;QUINTANALARA;;;;;
17;9;314;2;REVILLA DEL CAMPO;;;;;
17;9;315;1;HUMIENTA;;;;;
17;9;315;2;OLMOSALBOS;;;;;
17;9;315;3;REVILLARRUZ;;;;;
17;9;316;1;REVILLA VALLEJERA;;;;;
17;9;316;2;VIZMALO;;;;;
17;9;317;1;REZMONDO;;;;;
17;9;318;1;RIOCAVADO DE LA SIERRA;;;;;
17;9;321;1;ROA;;;;;
17;9;323;1;QUINTANILLA CABE ROJAS;;;;;
17;9;323;2;ROJAS;;;;;
17;9;325;1;ROYUELA DE RIO FRANCO;;;;;
17;9;325;2;LA VEGUECILLA;;;;;
17;9;326;1;RUBENA;;;;;
17;9;327;1;RUBLACEDO DE ABAJO;;;;;
17;9;327;2;RUBLACEDO DE ARRIBA;;;;;
17;9;328;1;HERRERA DE VALDIVIELSO;;;;;
17;9;328;2;HOZABEJAS;;;;;
17;9;328;3;HUESPEDA;;;;;
17;9;328;4;MADRID DE LAS CADERECHAS;;;;;
17;9;328;5;OJEDA;;;;;
17;9;328;6;RUCANDIO;;;;;
17;9;329;1;SALAS DE BUREBA;;;;;
17;9;330;1;ARROYO DE SALAS;;;;;
17;9;330;2;CASTROVIDO;;;;;
17;9;330;3;HOYUELOS DE LA SIERRA;;;;;
17;9;330;4;SALAS DE LOS INFANTES;;;;;
17;9;330;5;TERRAZAS;;;;;
17;9;332;1;SALDAÑA DE BURGOS;;;;;
17;9;332;2;VENTAS DE SALDAÑA;;;;;
17;9;334;1;BUEZO;;;;;
17;9;334;2;REVILLALCON;;;;;
17;9;334;3;SALINILLAS DE BUREBA;;;;;
17;9;335;1;SAN ADRIAN DE JUARROS;;;;;
17;9;337;1;SAN JUAN DEL MONTE;;;;;
17;9;338;1;QUINTANILLA DE LAS CARRETAS;;;;;
17;9;338;2;SAN MAMES DE BURGOS;;;;;
17;9;339;1;SAN MARTIN DE RUBIALES;;;;;
17;9;340;1;IGLESIAPINTA;;;;;
17;9;340;2;SAN MILLAN DE LARA;;;;;
17;9;343;1;SANTA CECILIA;;;;;
17;9;345;1;SANTA CRUZ DE LA SALCEDA;;;;;
17;9;346;1;SANTA CRUZ DEL VALLE URBION;;;;;
17;9;347;1;SANTA GADEA DEL CID;;;;;
17;9;348;1;SANTA INES;;;;;
17;9;350;1;SANTA MARIA DEL CAMPO;;;;;
17;9;351;1;PIEDRAHITA DE JUARROS;;;;;
17;9;351;2;SANTA MARIA DEL INVIERNO;;;;;
17;9;352;1;SANTA MARIA DE MERCADILLO;;;;;
17;9;353;1;SANTA MARIA-RIBARREDONDA;;;;;
17;9;354;1;SANTA OLALLA DE BUREBA;;;;;
17;9;355;1;SANTIBAÑEZ DE ESGUEVA;;;;;
17;9;356;1;BARRIOSUSO;;;;;
17;9;356;2;SANTIBAÑEZ DEL VAL;;;;;
17;9;358;1;HINOJAR DE CERVERA;;;;;
17;9;358;2;HORTEZUELOS;;;;;
17;9;358;3;PEÑACOBA;;;;;
17;9;358;4;SANTO DOMINGO DE SILOS;;;;;
17;9;360;1;ESPINOSA DEL MONTE;;;;;
17;9;360;2;SAN CLEMENTE DEL VALLE;;;;;
17;9;360;3;SAN VICENTE DEL VALLE;;;;;
17;9;361;1;AYOLUENGO;;;;;
17;9;361;2;LORILLA;;;;;
17;9;361;3;MORADILLO DEL CASTILLO;;;;;
17;9;361;4;SAN ANDRES DE MONTEARADOS;;;;;
17;9;361;5;SANTA COLOMA DEL RUDRON;;;;;
17;9;361;6;SARGENTES DE LA LORA;;;;;
17;9;361;7;VALDEAJOS;;;;;
17;9;362;1;SARRACIN;;;;;
17;9;363;1;CASTRILLO DE MURCIA;;;;;
17;9;363;2;CITORES DEL PARAMO;;;;;
17;9;363;3;OLMILLOS DE SASAMON;;;;;
17;9;363;4;SASAMON;;;;;
17;9;363;5;VILLANDIEGO;;;;;
17;9;363;6;VILLASIDRO;;;;;
17;9;363;7;YUDEGO;;;;;
17;9;365;1;LA SEQUERA DE HAZA;;;;;
17;9;366;1;SOLARANA;;;;;
17;9;368;1;MAHALLOS;;;;;
17;9;368;2;SORDILLOS;;;;;
17;9;369;1;PINILLOS DE ESGUEVA;;;;;
17;9;369;2;SOTILLO DE LA RIBERA;;;;;
17;9;372;1;SOTRAGERO;;;;;
17;9;373;1;AMAYA;;;;;
17;9;373;2;BARRIO DE SAN FELICES;;;;;
17;9;373;3;CA?IZAR DE AMAYA;;;;;
17;9;373;4;CUEVAS DE AMAYA;;;;;
17;9;373;5;GUADILLA DE VILLAMAR;;;;;
17;9;373;6;PEONES DE AMAYA;;;;;
17;9;373;7;PUENTES DE AMAYA;;;;;
17;9;373;8;QUINTANILLA DE RIOFRESNO;;;;;
17;9;373;9;REBOLLEDILLO DE LA ORDEN;;;;;
17;9;373;10;SALAZAR DE AMAYA;;;;;
17;9;373;11;SOTOVELLANOS;;;;;
17;9;373;12;SOTRESGUDO;;;;;
17;9;374;1;SUSINOS DEL PARAMO;;;;;
17;9;375;1;TAMARON;;;;;
17;9;377;1;TARDAJOS;;;;;
17;9;378;1;TEJADA;;;;;
17;9;380;1;TERRADILLOS DE ESGUEVA;;;;;
17;9;381;1;TAÑABUEYES;;;;;
17;9;381;2;TINIEBLAS DE LA SIERRA;;;;;
17;9;382;1;TOBAR;;;;;
17;9;384;1;TORDOMAR;;;;;
17;9;386;1;TORRECILLA DEL MONTE;;;;;
17;9;387;1;TORREGALINDO;;;;;
17;9;388;1;TORRELARA;;;;;
17;9;389;1;HONTORIA DE RIOFRANCO;;;;;
17;9;389;2;RETORTILLO;;;;;
17;9;389;3;TORREPADRE;;;;;
17;9;390;1;TORRESANDINO;;;;;
17;9;391;1;TORTOLES DE ESGUEVA;;;;;
17;9;391;2;VILLOVELA DE ESGUEVA;;;;;
17;9;392;1;TOSANTOS;;;;;
17;9;394;1;ARROYUELO;;;;;
17;9;394;2;CADIÑANOS;;;;;
17;9;394;3;PALAZUELOS DE CUESTA-URRIA;;;;;
17;9;394;4;SANTOTIS;;;;;
17;9;394;5;TARTALES DE CILLA;;;;;
17;9;394;6;TRESPADERNE;;;;;
17;9;394;7;VIRUES;;;;;
17;9;395;1;BAÑUELOS DEL RUDRON;;;;;
17;9;395;2;COVANERA;;;;;
17;9;395;3;SAN FELICES;;;;;
17;9;395;4;TABLADA DEL RUDRON;;;;;
17;9;395;5;TUBILLA DEL AGUA;;;;;
17;9;396;1;TUBILLA DEL LAGO;;;;;
17;9;398;1;LA NUEZ DE ARRIBA;;;;;
17;9;398;2;QUINTANA DEL PINO;;;;;
17;9;398;3;URBEL DEL CASTILLO;;;;;
17;9;400;1;VADOCONDES;;;;;
17;9;403;1;VALDEANDE;;;;;
17;9;405;1;VALDEZATE;;;;;
17;9;406;1;VALDORROS;;;;;
17;9;407;1;VALMALA;;;;;
17;9;408;1;VALLARTA DE BUREBA;;;;;
17;9;409;1;ARGES;;;;;
17;9;409;2;ARREBA;;;;;
17;9;409;3;CIDAD DE EBRO;;;;;
17;9;409;4;CONSORTES;;;;;
17;9;409;5;CRESPOS;;;;;
17;9;409;6;CUEVA DE MANZANEDO;;;;;
17;9;409;7;MANZANEDILLO;;;;;
17;9;409;8;MANZANEDO;;;;;
17;9;409;10;PEÑALBA DE MANZANEDO;;;;;
17;9;409;11;POBLACION DE ARREBA;;;;;
17;9;409;13;RIOSECO;;;;;
17;9;409;14;SAN MARTIN DEL ROJO;;;;;
17;9;409;15;SAN MIGUEL DE CORNEZUELO;;;;;
17;9;409;16;VALLEJO DE MANZANEDO;;;;;
17;9;409;17;VILLASOPLIZ;;;;;
17;9;410;1;ANGULO;;;;;
17;9;410;2;ANZO;;;;;
17;9;410;3;ARCEO;;;;;
17;9;410;4;ARTIETA;;;;;
17;9;410;5;AYEGA;;;;;
17;9;410;6;BARRASA;;;;;
17;9;410;7;BORTEDO;;;;;
17;9;410;8;BURCEÑA;;;;;
17;9;410;9;CADAGUA;;;;;
17;9;410;10;CAMPILLO DE MENA;;;;;
17;9;410;11;CANIEGO;;;;;
17;9;410;12;CARRASQUEDO;;;;;
17;9;410;13;CIELLA;;;;;
17;9;410;14;CILIEZA;;;;;
17;9;410;15;CIRION;;;;;
17;9;410;16;CONCEJERO;;;;;
17;9;410;17;COVIDES;;;;;
17;9;410;18;ENTRAMBASAGUAS;;;;;
17;9;410;19;GIJANO;;;;;
17;9;410;20;HAEDILLO;;;;;
17;9;410;21;HORNES;;;;;
17;9;410;22;HOZ DE MENA;;;;;
17;9;410;23;IRUS;;;;;
17;9;410;24;LECIÑANA DE MENA;;;;;
17;9;410;25;LEZANA DE MENA;;;;;
17;9;410;26;LORCIO;;;;;
17;9;410;27;LLANO DE MENA;;;;;
17;9;410;28;MALTRANA;;;;;
17;9;410;29;MALTRANILLA;;;;;
17;9;410;30;MEDIANAS;;;;;
17;9;410;31;MENAMAYOR;;;;;
17;9;410;32;MONTIANO;;;;;
17;9;410;33;NAVA DE MENA;;;;;
17;9;410;34;OPIO;;;;;
17;9;410;35;ORDEJON DE MENA;;;;;
17;9;410;36;OVILLA;;;;;
17;9;410;37;PARTEARROYO;;;;;
17;9;410;38;LA PRESILLA;;;;;
17;9;410;39;RIBOTA DE MENA;;;;;
17;9;410;40;RIO DE MENA;;;;;
17;9;410;41;SANTA CRUZ DE MENA;;;;;
17;9;410;42;SANTA MARIA DEL LLANO DE TUDELA;;;;;
17;9;410;43;SANTA OLAJA;;;;;
17;9;410;44;SANTECILLA;;;;;
17;9;410;45;SANTIAGO DE TUDELA;;;;;
17;9;410;46;SIONES;;;;;
17;9;410;47;SOPEÑANO;;;;;
17;9;410;48;TARANCO;;;;;
17;9;410;49;UNGO;;;;;
17;9;410;50;VALLEJO DE MENA;;;;;
17;9;410;51;VALLEJUELO;;;;;
17;9;410;52;VALLUERCA;;;;;
17;9;410;53;VENTADES;;;;;
17;9;410;54;VIERGOL;;;;;
17;9;410;55;EL VIGO;;;;;
17;9;410;56;VILLANUEVA DE MENA;;;;;
17;9;410;57;VILLASANA DE MENA;;;;;
17;9;410;58;VILLASUSO DE MENA;;;;;
17;9;410;59;VIVANCO DE MENA;;;;;
17;9;411;1;CUEVA CARDIEL;;;;;
17;9;411;2;MOZONCILLO DE OCA;;;;;
17;9;411;3;VILLALBOS;;;;;
17;9;411;4;VILLALMONDAR;;;;;
17;9;411;5;VILLALOMEZ;;;;;
17;9;411;6;VILLANASUR RIO DE OCA;;;;;
17;9;412;1;BARCINA DEL BARCO;;;;;
17;9;412;2;BASCUÑUELOS;;;;;
17;9;412;3;CORMENZANA;;;;;
17;9;412;4;CUEZVA;;;;;
17;9;412;5;GABANES;;;;;
17;9;412;6;GAROÑA;;;;;
17;9;412;7;HEDESO;;;;;
17;9;412;8;HERRAN;;;;;
17;9;412;9;LECIÑANA DE TOBALINA;;;;;
17;9;412;10;LOMANA;;;;;
17;9;412;11;LOZARES DE TOBALINA;;;;;
17;9;412;12;MIJARALENGUA;;;;;
17;9;412;13;MONTEJO DE CEBAS;;;;;
17;9;412;14;MONTEJO DE SAN MIGUEL;;;;;
17;9;412;15;ORBAÑANOS;;;;;
17;9;412;16;LA ORDEN;;;;;
17;9;412;17;PAJARES;;;;;
17;9;412;18;PANGUSION;;;;;
17;9;412;19;PEDROSA DE TOBALINA;;;;;
17;9;412;20;LA PRADA;;;;;
17;9;412;21;PROMEDIANO;;;;;
17;9;412;22;QUINTANA MARTIN GALINDEZ;;;;;
17;9;412;23;QUINTANA MARIA;;;;;
17;9;412;24;RANEDO;;;;;
17;9;412;25;LA REVILLA DE HERRAN;;;;;
17;9;412;26;RUFRANCOS;;;;;
17;9;412;27;SAN MARTIN DE DON;;;;;
17;9;412;28;SANTA MARIA DE GAROÑA;;;;;
17;9;412;29;SANTOCILDES;;;;;
17;9;412;30;TOBALINILLA;;;;;
17;9;412;31;VALUJERA;;;;;
17;9;412;32;LAS VIADAS;;;;;
17;9;412;33;VILLAESCUSA DE TOBALINA;;;;;
17;9;413;1;ARGOMEDO;;;;;
17;9;413;2;ARNEDO;;;;;
17;9;413;3;BEZANA;;;;;
17;9;413;4;CASTRILLO DE BEZANA;;;;;
17;9;413;5;CILLERUELO DE BEZANA;;;;;
17;9;413;6;CUBILLOS DEL ROJO;;;;;
17;9;413;7;HERBOSA;;;;;
17;9;413;8;HOZ DE ARREBA;;;;;
17;9;413;9;LANDRAVES;;;;;
17;9;413;10;MONTOTO;;;;;
17;9;413;11;MUNILLA;;;;;
17;9;413;12;PRADILLA DE HOZ DE ARREBA;;;;;
17;9;413;13;QUINTANAENTELLO;;;;;
17;9;413;14;QUINTANILLA DE SAN ROMAN;;;;;
17;9;413;15;RIAÑO;;;;;
17;9;413;16;SAN CIBRIAN;;;;;
17;9;413;17;SAN VICENTE DE VILLAMEZAN;;;;;
17;9;413;18;SONCILLO;;;;;
17;9;413;19;TORRES DE ABAJO;;;;;
17;9;413;20;VILLABASCONES DE BEZANA;;;;;
17;9;413;21;VILLAMEDIANA DE SAN ROMAN;;;;;
17;9;413;22;VIRTUS;;;;;
17;9;414;2;HUERTA DE ABAJO;;;;;
17;9;414;4;QUINTANILLA DE URRILLA;;;;;
17;9;414;5;TOLBAÑOS DE ABAJO;;;;;
17;9;414;6;TOLBAÑOS DE ARRIBA;;;;;
17;9;414;7;VALLEJIMENO;;;;;
17;9;415;2;CORRALEJO;;;;;
17;9;415;3;ESCUDEROS;;;;;
17;9;415;4;FUENCALIENTE DE LUCIO;;;;;
17;9;415;5;LLANILLO;;;;;
17;9;415;7;PAUL;;;;;
17;9;415;8;PEDROSA DE VALDELUCIO;;;;;
17;9;415;9;QUINTANAS DE VALDELUCIO;;;;;
17;9;415;10;RENEDO DE LA ESCALERA;;;;;
17;9;415;11;LA RIBA DE VALDELUCIO;;;;;
17;9;415;12;SOLANAS DE VALDELUCIO;;;;;
17;9;415;13;VILLAESCOBEDO;;;;;
17;9;416;1;AYLANES;;;;;
17;9;416;2;BARRIO LA CUESTA;;;;;
17;9;416;3;BASCONES DE ZAMANZAS;;;;;
17;9;416;4;GALLEJONES;;;;;
17;9;416;5;ROBREDO DE ZAMANZAS;;;;;
17;9;416;6;VILLANUEVA-RAMPALAY;;;;;
17;9;417;1;VALLEGERA;;;;;
17;9;418;1;VALLES DE PALENZUELA;;;;;
17;9;419;1;VALLUERCANES;;;;;
17;9;421;1;GUMA;;;;;
17;9;421;2;LA VID;;;;;
17;9;421;3;ZUZONES;;;;;
17;9;422;1;LA VID DE BUREBA;;;;;
17;9;423;1;VILEÑA;;;;;
17;9;424;1;VILORIA DE RIOJA;;;;;
17;9;425;1;VILVIESTRE DEL PINAR;;;;;
17;9;427;1;ACEDILLO;;;;;
17;9;427;2;ARENILLAS DE VILLADIEGO;;;;;
17;9;427;3;BARRIOS DE VILLADIEGO;;;;;
17;9;427;4;BARRUELO DE VILLADIEGO;;;;;
17;9;427;5;BOADA DE VILLADIEGO;;;;;
17;9;427;6;BRULLES;;;;;
17;9;427;7;BUSTILLO DEL PARAMO;;;;;
17;9;427;8;CASTROMORCA;;;;;
17;9;427;9;COCULINA;;;;;
17;9;427;10;FUENCIVIL;;;;;
17;9;427;11;HORMAZUELA;;;;;
17;9;427;13;MELGOSA DE VILLADIEGO;;;;;
17;9;427;14;OLMOS DE LA PICAZA;;;;;
17;9;427;15;PALAZUELOS DE VILLADIEGO;;;;;
17;9;427;16;QUINTANILLA DE LA PRESA;;;;;
17;9;427;17;RIOPARAISO;;;;;
17;9;427;18;SANDOVAL DE LA REINA;;;;;
17;9;427;19;TABLADA DE VILLADIEGO;;;;;
17;9;427;20;TAPIA;;;;;
17;9;427;21;LOS VALCARCERES;;;;;
17;9;427;22;VILLADIEGO;;;;;
17;9;427;23;VILLAHERNANDO;;;;;
17;9;427;24;VILLAHIZAN DE TREVIÑO;;;;;
17;9;427;25;VILLALBILLA DE VILLADIEGO;;;;;
17;9;427;26;VILLALIBADO;;;;;
17;9;427;27;VILLANOÑO;;;;;
17;9;427;28;VILLANUEVA DE ODRA;;;;;
17;9;427;29;VILLANUEVA DE PUERTA;;;;;
17;9;427;30;VILLAUTE;;;;;
17;9;427;31;VILLAVEDON;;;;;
17;9;427;32;VILLUSTO;;;;;
17;9;428;1;VILLAESCUSA DE ROA;;;;;
17;9;429;1;QUINTANILLA DEL MONTE EN JUARROS;;;;;
17;9;429;2;VILLAESCUSA LA SOLANA;;;;;
17;9;429;3;VILLAESCUSA LA SOMBRIA;;;;;
17;9;430;1;RUPELO;;;;;
17;9;430;2;VILLAESPASA;;;;;
17;9;431;1;OCON DE VILLAFRANCA;;;;;
17;9;431;2;VILLAFRANCA MONTES DE OCA;;;;;
17;9;432;1;VILLAFRUELA;;;;;
17;9;433;1;EZQUERRA;;;;;
17;9;433;2;SANTA OLALLA DEL VALLE;;;;;
17;9;433;3;VILLAGALIJO;;;;;
17;9;434;1;VILLAGONZALO PEDERNALES;;;;;
17;9;437;1;VILLAHOZ;;;;;
17;9;438;1;VILLALBA DE DUERO;;;;;
17;9;439;1;RENUNCIO;;;;;
17;9;439;2;VILLACIENZO;;;;;
17;9;439;3;VILLALBILLA DE BURGOS;;;;;
17;9;440;1;VILLALBILLA DE GUMIEL;;;;;
17;9;441;1;VILLALDEMIRO;;;;;
17;9;442;1;VILLALMANZO;;;;;
17;9;443;1;VILLAMAYOR DE LOS MONTES;;;;;
17;9;444;1;VILLAMAYOR DE TREVIÑO;;;;;
17;9;445;1;VILLAMBISTIA;;;;;
17;9;446;1;VILLAMEDIANILLA;;;;;
17;9;447;1;VILLAMIEL DE LA SIERRA;;;;;
17;9;448;2;VILLAFUERTES;;;;;
17;9;448;3;VILLANGOMEZ;;;;;
17;9;449;1;VILLANUEVA DE ARGAÑO;;;;;
17;9;450;1;VILLANUEVA DE CARAZO;;;;;
17;9;451;1;VILLANUEVA DE GUMIEL;;;;;
17;9;454;1;VILLANUEVA DE TEBA;;;;;
17;9;455;1;VILLAQUIRAN DE LA PUEBLA;;;;;
17;9;456;1;VILLANUEVA DE LAS CARRETAS;;;;;
17;9;456;2;VILLAQUIRAN DE LOS INFANTES;;;;;
17;9;458;1;VILLARIEZO;;;;;
17;9;460;1;VILLASANDINO;;;;;
17;9;463;1;URREZ;;;;;
17;9;463;2;VILLASUR DE HERREROS;;;;;
17;9;464;1;VILLATUELDA;;;;;
17;9;466;1;REVENGA;;;;;
17;9;466;3;VILLAVERDE DEL MONTE;;;;;
17;9;467;1;VILLAVERDE-MOGINA;;;;;
17;9;471;1;VILLAYERNO MORQUILLAS;;;;;
17;9;472;1;VILLAZOPEQUE;;;;;
17;9;473;1;VILLAMORON;;;;;
17;9;473;2;VILLEGAS;;;;;
17;9;476;1;MAZUECO;;;;;
17;9;476;2;QUINTANILLA-CABRERA;;;;;
17;9;476;3;VILLORUEBO;;;;;
17;9;478;1;VIZCAINOS;;;;;
17;9;480;1;ZAEL;;;;;
17;9;482;1;ZARZOSA DE RIO PISUERGA;;;;;
17;9;483;1;ZAZUAR;;;;;
17;9;485;1;ZUÑEDA;;;;;
17;9;808;0;NO DETERMINADA;;;;;
17;9;901;1;QUINTANILLA DEL AGUA;;;;;
17;9;901;2;TORDUELES;;;;;
17;9;902;1;AVELLANOSA DEL PARAMO;;;;;
17;9;902;2;LAS CELADAS;;;;;
17;9;902;3;MANSILLA DE BURGOS;;;;;
17;9;902;4;MIÑON DE SANTIBAÑEZ;;;;;
17;9;902;5;LA NUEZ DE ABAJO;;;;;
17;9;902;6;LAS REBOLLEDAS;;;;;
17;9;902;7;ROS;;;;;
17;9;902;8;SANTIBAÑEZ-ZARZAGUDA;;;;;
17;9;902;9;LOS TREMELLOS;;;;;
17;9;902;10;ZUMEL;;;;;
17;9;903;1;LA ALDEA;;;;;
17;9;903;2;ANDINO;;;;;
17;9;903;3;BARRIOSUSO;;;;;
17;9;903;4;BARRUELO;;;;;
17;9;903;5;BISJUECES;;;;;
17;9;903;6;BOCOS;;;;;
17;9;903;7;CAMPO;;;;;
17;9;903;8;CASILLAS;;;;;
17;9;903;9;CESPEDES;;;;;
17;9;903;10;CIGUENZA;;;;;
17;9;903;11;ESCANDUSO;;;;;
17;9;903;12;ESCAÑO;;;;;
17;9;903;13;FRESNEDO;;;;;
17;9;903;14;HORNA;;;;;
17;9;903;15;INCINILLAS;;;;;
17;9;903;16;LECHEDO;;;;;
17;9;903;18;MOZARES;;;;;
17;9;903;19;LA QUINTANA DE RUEDA;;;;;
17;9;903;20;QUINTANILLA DE LOS ADRIANOS;;;;;
17;9;903;21;QUINTANILLA SOCIGÜENZA;;;;;
17;9;903;22;SALAZAR;;;;;
17;9;903;23;SANTA CRUZ DE ANDINO;;;;;
17;9;903;24;TORME;;;;;
17;9;903;25;TUBILLA;;;;;
17;9;903;26;VILLACANES;;;;;
17;9;903;27;VILLACOMPARADA DE RUEDA;;;;;
17;9;903;28;VILLALAIN;;;;;
17;9;903;30;VILLANUEVA LA BLANCA;;;;;
17;9;903;31;VILLANUEVA LA LASTRA;;;;;
17;9;903;32;VILLARCAYO;;;;;
17;9;903;33;VILLARIAS;;;;;
17;9;904;1;CELADA DE LA TORRE;;;;;
17;9;904;2;MELGOSA;;;;;
17;9;904;3;RIOCEREZO;;;;;
17;9;904;4;RIOSERAS;;;;;
17;9;904;5;ROBREDO-TEMIÑO;;;;;
17;9;904;6;TEMIÑO;;;;;
17;9;904;7;TOBES;;;;;
17;9;905;1;CORTIGUERA;;;;;
17;9;905;2;CUBILLO DEL BUTRON;;;;;
17;9;905;3;ESCALADA;;;;;
17;9;905;4;GREDILLA DE SEDANO;;;;;
17;9;905;5;MORADILLO DE SEDANO;;;;;
17;9;905;6;MOZUELOS DE SEDANO;;;;;
17;9;905;7;NIDAGUILA;;;;;
17;9;905;8;NOCEDO;;;;;
17;9;905;9;ORBANEJA DEL CASTILLO;;;;;
17;9;905;10;PESQUERA DE EBRO;;;;;
17;9;905;11;QUINTANALOMA;;;;;
17;9;905;12;QUINTANILLA-ESCALADA;;;;;
17;9;905;13;SEDANO;;;;;
17;9;905;14;TERRADILLOS DE SEDANO;;;;;
17;9;905;15;TURZO;;;;;
17;9;905;16;VALDELATEJA;;;;;
17;9;906;1;LA CABAÑUELA;;;;;
17;9;906;2;CASTRILLO DE RUCIOS;;;;;
17;9;906;3;CELADILLA-SOTOBRIN;;;;;
17;9;906;4;CERNEGULA;;;;;
17;9;906;5;COBOS JUNTO A LA MOLINA;;;;;
17;9;906;6;GREDILLA LA POLERA;;;;;
17;9;906;7;HONTOMIN;;;;;
17;9;906;8;LERMILLA;;;;;
17;9;906;9;MASA;;;;;
17;9;906;10;MATA;;;;;
17;9;906;11;LA MOLINA DE UBIERNA;;;;;
17;9;906;12;PEÑAHORADA;;;;;
17;9;906;13;QUINTANARRIO;;;;;
17;9;906;14;QUINTANARRUZ;;;;;
17;9;906;15;QUINTANILLA-SOBRESIERRA;;;;;
17;9;906;16;ROBREDO-SOBRESIERRA;;;;;
17;9;906;17;SAN MARTIN DE UBIERNA;;;;;
17;9;906;18;SOTOPALACIOS;;;;;
17;9;906;19;UBIERNA;;;;;
17;9;906;20;VILLALBILLA-SOBRESIERRA;;;;;
17;9;906;21;VILLANUEVA RIO UBIERNA;;;;;
17;9;906;22;VILLAVERDE-PEÑAHORADA;;;;;
17;9;907;1;ARROYAL;;;;;
17;9;907;2;MARMELLAR DE ARRIBA;;;;;
17;9;907;3;PARAMO DEL ARROYO;;;;;
17;9;907;4;QUINTANADUEÑAS;;;;;
17;9;907;5;VILLARMERO;;;;;
17;9;908;1;AOSTRI DE LOSA;;;;;
17;9;908;2;BARRIGA;;;;;
17;9;908;3;CALZADA;;;;;
17;9;908;4;CASTRESANA;;;;;
17;9;908;5;CASTRICIONES;;;;;
17;9;908;6;FRESNO DE LOSA;;;;;
17;9;908;7;HOZALLA;;;;;
17;9;908;8;LASTRAS DE LA TORRE;;;;;
17;9;908;9;LASTRAS DE TEZA;;;;;
17;9;908;10;LLORENGOZ;;;;;
17;9;908;11;MAMBLIGA;;;;;
17;9;908;12;QUINCOCES DE YUSO;;;;;
17;9;908;13;QUINTANILLA LA OJADA;;;;;
17;9;908;14;RELLOSO;;;;;
17;9;908;15;SAN MARTIN DE LOSA;;;;;
17;9;908;16;RIO DE LOSA;;;;;
17;9;908;17;SAN LLORENTE;;;;;
17;9;908;18;SAN PANTALEON DE LOSA;;;;;
17;9;908;19;TEZA DE LOSA;;;;;
17;9;908;20;VILLABASIL;;;;;
17;9;908;21;VILLACIAN;;;;;
17;9;908;22;VILLALAMBRUS;;;;;
17;9;908;23;VILLALUENGA;;;;;
17;9;908;24;VILLAÑO;;;;;
17;9;999;0;NO DETERMINADA;;;;;
17;24;1;1;ACEBEDO;;;;;
17;24;1;2;LIEGOS;;;;;
17;24;1;3;LA UÑA;;;;;
17;24;2;1;ALGADEFE;;;;;
17;24;3;1;ALIJA DEL INFANTADO;;;;;
17;24;3;2;NAVIANOS DE LA VEGA;;;;;
17;24;3;3;LA NORA DEL RIO;;;;;
17;24;4;1;ALMANZA;;;;;
17;24;4;2;CABRERA DE ALMANZA;;;;;
17;24;4;3;CALAVERAS DE ABAJO;;;;;
17;24;4;4;CALAVERAS DE ARRIBA;;;;;
17;24;4;5;CANALEJAS;;;;;
17;24;4;6;CASTROMUDARRA;;;;;
17;24;4;7;ESPINOSA DE ALMANZA;;;;;
17;24;4;8;LA VEGA DE ALMANZA;;;;;
17;24;4;9;VILLAVERDE DE ARCAYOS;;;;;
17;24;5;1;LA ANTIGUA;;;;;
17;24;5;2;AUDANZAS DEL VALLE;;;;;
17;24;5;3;CAZANUECOS;;;;;
17;24;5;4;GRAJAL DE RIBERA;;;;;
17;24;5;5;RIBERA DE LA POLVOROSA;;;;;
17;24;6;1;ARDON;;;;;
17;24;6;2;BENAZOLVE;;;;;
17;24;6;3;CILLANUEVA;;;;;
17;24;6;4;FRESNELLINO DEL MONTE;;;;;
17;24;6;5;SAN CIBRIAN;;;;;
17;24;6;6;VILLALOBAR;;;;;
17;24;7;1;ARGANZA;;;;;
17;24;7;2;CAMPELO;;;;;
17;24;7;3;CANEDO;;;;;
17;24;7;4;ESPANILLO;;;;;
17;24;7;5;MAGAZ DE ARRIBA;;;;;
17;24;7;6;SAN JUAN DE LA MATA;;;;;
17;24;7;7;SAN MIGUEL DE ARGANZA;;;;;
17;24;7;8;SAN VICENTE;;;;;
17;24;8;1;ASTORGA;;;;;
17;24;8;2;CASTRILLO DE LOS POLVAZARES;;;;;
17;24;8;3;MURIAS DE RECHIVALDO;;;;;
17;24;8;4;SANTA CATALINA DE SOMOZA;;;;;
17;24;8;5;VALDEVIEJAS;;;;;
17;24;9;1;BALBOA;;;;;
17;24;9;12;RUIDELAMAS;;;;;
17;24;9;100;BALBOA;;;0;0;0
17;24;9;101;CANTEJEIRA;;;;;
17;24;9;102;PUMARIN;;;;;
17;24;9;201;CASTAÑEIRAS;;;;;
17;24;9;202;FUENTE DE OLIVA;;;;;
17;24;9;301;CHANDEVILLAR;;;;;
17;24;9;302;RUIDEFERROS;;;;;
17;24;9;400;EL VALVERDE-VILLAMARIN;;;0;0;0
17;24;9;401;VALVERDE;;;;;
17;24;9;402;VILLARMARIN;;;;;
17;24;9;501;LAMAGRANDE;;;;;
17;24;9;502;QUINTELA;;;;;
17;24;9;503;VILLAFEILE;;;;;
17;24;9;601;PARAJIS;;;;;
17;24;9;602;VILLANUEVA;;;;;
17;24;9;701;CASTAÑOSO;;;;;
17;24;9;702;VILLARIÑOS;;;;;
17;24;10;1;LA BAÑEZA;;;;;
17;24;10;2;SAN MAMES DE LA VEGA;;;;;
17;24;10;3;SANTIAGO DE LA VALDUERNA;;;;;
17;24;11;2;BARJAS;;;;;
17;24;11;3;BARROSAS;;;;;
17;24;11;4;BUSMAYOR;;;;;
17;24;11;5;CAMPO DE LIEBRE;;;;;
17;24;11;6;CORPORALES;;;;;
17;24;11;12;MOSTEIROS;;;;;
17;24;11;14;QUINTELA;;;;;
17;24;11;16;VEGAS DO SEO;;;;;
17;24;11;101;ALBAREDOS;;;;;
17;24;11;102;CRUCES;;;;;
17;24;11;201;CORRALES;;;;0;
17;24;11;202;PEÑACAIRA;;;;;
17;24;11;300;GUIMIL-SERVIZ;;;0;0;0
17;24;11;301;GUIMIL;;;;;
17;24;11;302;SERVIZ;;;;;
17;24;11;401;HERMIDE;;;;;
17;24;11;402;MOLDES;;;;0;
17;24;12;1;LOS BARRIOS DE LUNA;;;;;
17;24;12;2;IREDE DE LUNA;;;;;
17;24;12;3;MALLO DE LUNA;;;;;
17;24;12;4;MORA DE LUNA;;;;;
17;24;12;5;PORTILLA DE LUNA;;;;;
17;24;12;6;SAGUERA DE LUNA;;;;;
17;24;12;7;VEGA DE CABALLEROS;;;;;
17;24;14;1;ARLANZA;;;;;
17;24;14;2;BEMBIBRE;;;;;
17;24;14;3;LABANIEGO;;;;;
17;24;14;4;LOSADA;;;;;
17;24;14;5;RODANILLO;;;;;
17;24;14;6;SAN ESTEBAN DEL TORAL;;;;;
17;24;14;7;SAN ROMAN DE BEMBIBRE;;;;;
17;24;14;8;SANTIBAÑEZ DEL TORAL;;;;;
17;24;14;9;VIÑALES;;;;;
17;24;15;1;ANTOÑAN DEL VALLE;;;;;
17;24;15;2;BENAVIDES DE ORBIGO;;;;;
17;24;15;3;GUALTARES DE ORBIGO;;;;;
17;24;15;4;QUINTANILLA DEL MONTE;;;;;
17;24;15;5;QUINTANILLA DEL VALLE;;;;;
17;24;15;6;VEGA DE ANTOÑAN;;;;;
17;24;16;1;BENUZA;;;;;
17;24;16;2;LOMBA;;;;;
17;24;16;3;LLAMAS DE CABRERA;;;;;
17;24;16;4;POMBRIEGO;;;;;
17;24;16;5;SANTALAVILLA;;;;;
17;24;16;6;SIGUEYA;;;;;
17;24;16;7;SILVAN;;;;;
17;24;16;8;SOTILLO DE CABRERA;;;;;
17;24;16;9;YEBRA;;;;;
17;24;17;1;BERCIANOS DEL PARAMO;;;;;
17;24;17;2;VILLAR DEL YERMO;;;;;
17;24;17;3;ZUARES DEL PARAMO;;;;;
17;24;18;1;BERCIANOS DEL REAL CAMINO;;;;;
17;24;19;1;BERLANGA DEL BIERZO;;;;;
17;24;19;2;LANGRE;;;;;
17;24;19;3;SAN MIGUEL DE LANGRE;;;;;
17;24;20;1;BARNIEDO DE LA REINA;;;;;
17;24;20;2;BESANDE;;;;;
17;24;20;3;BOCA DE HUERGANO;;;;;
17;24;20;4;LOS ESPEJOS DE LA REINA;;;;;
17;24;20;5;LLANAVES DE LA REINA;;;;;
17;24;20;6;PORTILLA DE LA REINA;;;;;
17;24;20;7;SIERO DE LA REINA;;;;;
17;24;20;8;VALVERDE DE LA SIERRA;;;;;
17;24;20;9;VILLAFREA DE LA REINA;;;;;
17;24;21;1;ADRADOS;;;;;
17;24;21;2;BARRIO DE LAS OLLAS;;;;;
17;24;21;3;LAS BODAS;;;;;
17;24;21;4;BOÑAR;;;;;
17;24;21;5;CERECEDO;;;;;
17;24;21;6;COLLE;;;;;
17;24;21;7;FELECHAS;;;;;
17;24;21;8;GRANDOSO;;;;;
17;24;21;9;LLAMA;;;;;
17;24;21;10;ORONES;;;;;
17;24;21;11;OVILLE;;;;;
17;24;21;12;POBLADO DEL PANTANO DEL PORMA;;;;;
17;24;21;14;REMELLAN;;;;;
17;24;21;15;RUCAYO;;;;;
17;24;21;16;VALDECASTILLO;;;;;
17;24;21;17;VALDEHUESA;;;;;
17;24;21;18;VENEROS;;;;;
17;24;21;19;VOZMEDIANO;;;;;
17;24;21;20;VOZNUEVO;;;;;
17;24;22;1;BORRENES;;;;;
17;24;22;2;LA CHANA;;;;;
17;24;22;3;ORELLAN;;;;;
17;24;22;4;SAN JUAN DE PALUEZAS;;;;;
17;24;22;5;VOCES;;;;;
17;24;23;1;BONILLOS;;;;;
17;24;23;2;BRAZUELO;;;;;
17;24;23;3;COMBARROS;;;;;
17;24;23;4;EL GANSO;;;;;
17;24;23;6;QUINTANILLA DE COMBARROS;;;;;
17;24;23;8;RODRIGATOS DE LA OBISPALIA;;;;;
17;24;23;9;VELDEDO;;;;;
17;24;23;101;PRADORREY;;;;0;
17;24;23;102;REQUEJO DE PRADORREY;;;;;
17;24;24;1;EL BURGO RANERO;;;;;
17;24;24;2;CALZADILLA DE LOS HERMANILLOS;;;;;
17;24;24;3;LAS GRAÑERAS;;;;;
17;24;24;4;VILLAMUÑIO;;;;;
17;24;25;1;BURON;;;;;
17;24;25;2;CASASUERTES;;;;;
17;24;25;3;CUENABRES;;;;;
17;24;25;4;LARIO;;;;;
17;24;25;5;POLVOREDO;;;;;
17;24;25;6;RETUERTO;;;;;
17;24;25;7;VEGACERNEJA;;;;;
17;24;26;1;ACEBES DEL PARAMO;;;;;
17;24;26;2;ANTOÑANES DEL PARAMO;;;;;
17;24;26;3;BARRIO DE BUENOS AIRES;;;;;
17;24;26;4;BUSTILLO DEL PARAMO;;;;;
17;24;26;5;GRISUELA DEL PARAMO;;;;;
17;24;26;6;MATALOBOS DEL PARAMO;;;;;
17;24;26;7;LA MILLA DEL PARAMO;;;;;
17;24;26;8;SAN PEDRO DE PEGAS;;;;;
17;24;27;3;CORTIGUERA;;;;;
17;24;27;9;CABAÑAS RARAS;;;;;
17;24;28;1;CABREROS DEL RIO;;;;;
17;24;28;2;JABARES DE LOS OTEROS;;;;;
17;24;29;1;CABRILLANES;;;;;
17;24;29;2;LA CUETA;;;;;
17;24;29;3;HUERGAS DE BABIA;;;;;
17;24;29;4;LAGO DE BABIA;;;;;
17;24;29;5;MENA DE BABIA;;;;;
17;24;29;6;MEROY;;;;;
17;24;29;7;LAS MURIAS;;;;;
17;24;29;8;PEÑALBA DE CILLEROS;;;;;
17;24;29;9;PIEDRAFITA DE BABIA;;;;;
17;24;29;10;QUINTANILLA DE BABIA;;;;;
17;24;29;11;LA RIERA DE BABIA;;;;;
17;24;29;12;SAN FELIX DE ARCE;;;;;
17;24;29;13;TORRE DE BABIA;;;;;
17;24;29;14;VEGA DE VIEJOS;;;;;
17;24;30;1;ARBORBUENA;;;;;
17;24;30;2;CACABELOS;;;;;
17;24;30;3;PIEROS;;;;;
17;24;30;4;QUILOS;;;;;
17;24;30;100;VILLABUENA-SAN CLEMENTE;;;0;0;0
17;24;30;101;SAN CLEMENTE;;;;;
17;24;30;102;VILLABUENA;;;;;
17;24;31;1;CALZADA DEL COTO;;;;;
17;24;31;2;CODORNILLOS;;;;;
17;24;32;1;CAMPAZAS;;;;;
17;24;33;1;CAMPO DE VILLAVIDEL;;;;;
17;24;33;2;VILLAVIDEL;;;;;
17;24;34;1;CAMPONARAYA;;;;;
17;24;34;2;HERVEDEDO;;;;;
17;24;34;3;MAGAZ DE ABAJO;;;;;
17;24;34;4;NARAYOLA;;;;;
17;24;34;5;LA VALGOMA;;;;;
17;24;36;1;BALOUTA;;;;;
17;24;36;2;CANDIN;;;;;
17;24;36;3;ESPINAREDA DE ANCARES;;;;;
17;24;36;4;LUMERAS;;;;;
17;24;36;5;PEREDA DE ANCARES;;;;;
17;24;36;6;SORBEIRA;;;;;
17;24;36;7;SUARBOL;;;;;
17;24;36;8;SUERTES;;;;;
17;24;36;9;TEJEDO DE ANCARES;;;;;
17;24;36;10;VILLARBON;;;;;
17;24;36;11;VILLASUMIL;;;;;
17;24;37;1;ALMUZARA;;;;;
17;24;37;2;CAMPO;;;;;
17;24;37;3;CANSECO;;;;;
17;24;37;4;CARMENES;;;;;
17;24;37;5;FELMIN;;;;;
17;24;37;6;GENICERA;;;;;
17;24;37;7;GETE;;;;;
17;24;37;8;GETINO;;;;;
17;24;37;9;LAVANDERA;;;;;
17;24;37;10;PEDROSA;;;;;
17;24;37;11;PIEDRAFITA;;;;;
17;24;37;12;PIORNEDO;;;;;
17;24;37;13;PONTEDO;;;;;
17;24;37;14;RODILLAZO;;;;;
17;24;37;15;TABANEDO;;;;;
17;24;37;16;VALVERDIN;;;;;
17;24;37;17;VILLANUEVA DE PONTEDO;;;;;
17;24;38;1;CARRACEDELO;;;;;
17;24;38;2;CARRACEDO DEL MONASTERIO;;;;;
17;24;38;3;POSADA DEL BIERZO;;;;;
17;24;38;4;VILLADEPALOS;;;;;
17;24;38;5;VILLAMARTIN DE LA ABADIA;;;;;
17;24;38;6;VILLAVERDE DE LA ABADIA;;;;;
17;24;39;2;HUERGA DEL RIO;;;;;
17;24;39;3;LA MILLA DEL RIO;;;;;
17;24;39;4;QUIÑONES DEL RIO;;;;;
17;24;39;101;CARRIZO DE LA RIBERA;;;;0;
17;24;39;102;VILLANUEVA DE CARRIZO;;;;;
17;24;40;1;BENLLERA;;;;;
17;24;40;2;CARROCERA;;;;;
17;24;40;3;CUEVAS DE VIÑAYO;;;;;
17;24;40;4;OTERO DE LAS DUEÑAS;;;;;
17;24;40;5;PIEDRASECHA;;;;;
17;24;40;6;SANTIAGO DE LAS VILLAS;;;;;
17;24;40;7;VIÑAYO;;;;;
17;24;40;2403;carrocera;;;;;
17;24;41;1;LA BAROSA;;;;;
17;24;41;2;CAMPAÑANA;;;;;
17;24;41;3;EL CARRIL;;;;;
17;24;41;4;CARUCEDO;;;;;
17;24;41;5;LAGO DE CARUCEDO;;;;;
17;24;41;6;LAS MEDULAS;;;;;
17;24;41;7;VILLARRANDO;;;;;
17;24;42;1;CASTILFALE;;;;;
17;24;43;1;CASTRILLO DE CABRERA;;;;;
17;24;43;2;MARRUBIO;;;;;
17;24;43;3;NOCEDA DE CABRERA;;;;;
17;24;43;4;NOGAR;;;;;
17;24;43;5;ODOLLO;;;;;
17;24;43;6;SACEDA;;;;;
17;24;44;1;CASTRILLO DE LA VALDUERNA;;;;;
17;24;44;2;VELILLA DE LA VALDUERNA;;;;;
17;24;46;1;CALZADA DE LA VALDERIA;;;;;
17;24;46;2;CASTROCALBON;;;;;
17;24;46;3;FELECHARES DE LA VALDERIA;;;;;
17;24;46;4;SAN FELIX DE LA VALDERIA;;;;;
17;24;47;1;CASTROCONTRIGO;;;;;
17;24;47;2;MORLA DE LA VALDERIA;;;;;
17;24;47;3;NOGAREJAS;;;;;
17;24;47;4;PINILLA DE LA VALDERIA;;;;;
17;24;47;5;POBLADURA DE YUSO;;;;;
17;24;47;6;TORNEROS DE LA VALDERIA;;;;;
17;24;49;1;CALAMOCOS;;;;;
17;24;49;2;CASTROPODAME;;;;;
17;24;49;3;MATACHANA;;;;;
17;24;49;4;SAN PEDRO CASTAÑERO;;;;;
17;24;49;5;TURIENZO CASTAÑERO;;;;;
17;24;49;6;VILORIA;;;;;
17;24;49;7;VILLAVERDE DE LOS CESTOS;;;;;
17;24;50;1;CASTROTIERRA DE VALMADRIGAL;;;;;
17;24;51;1;BUSTILLO DE CEA;;;;;
17;24;51;2;CEA;;;;;
17;24;51;3;SAELICES DEL RIO;;;;;
17;24;51;4;SAN PEDRO DE VALDERADUEY;;;;;
17;24;52;1;CEBANICO;;;;;
17;24;52;2;CORCOS;;;;;
17;24;52;3;MONDREGANES;;;;;
17;24;52;4;QUINTANILLA;;;;;
17;24;52;5;LA RIBA;;;;;
17;24;52;6;SANTA OLAJA DE LA ACCION;;;;;
17;24;52;7;VALLE DE LAS CASAS;;;;;
17;24;53;1;CEBRONES DEL RIO;;;;;
17;24;53;2;SAN JUAN DE TORRES;;;;;
17;24;53;3;SAN MARTIN DE TORRES;;;;;
17;24;54;1;BARIONES DE LA VEGA;;;;;
17;24;54;2;CIMANES DE LA VEGA;;;;;
17;24;54;3;LORDEMANOS;;;;;
17;24;55;1;ALCOBA DE LA RIBERA;;;;;
17;24;55;2;AZADON;;;;;
17;24;55;3;CIMANES DEL TEJAR;;;;;
17;24;55;4;SECAREJO;;;;;
17;24;55;5;VELILLA DE LA REINA;;;;;
17;24;55;6;VILLARROQUEL;;;;;
17;24;56;1;CISTIERNA;;;;;
17;24;56;2;FUENTES DE PEÑACORADA;;;;;
17;24;56;3;MODINO;;;;;
17;24;56;4;OCEJO DE LA PEÑA;;;;;
17;24;56;5;PESQUERA;;;;;
17;24;56;6;QUINTANA DE LA PEÑA;;;;;
17;24;56;7;SANTA OLAJA DE LA VARGA;;;;;
17;24;56;8;SANTIBAÑEZ DE RUEDA;;;;;
17;24;56;9;SORRIBA;;;;;
17;24;56;10;VALMARTINO;;;;;
17;24;56;11;VIDANES;;;;;
17;24;57;1;ALMAZCARA;;;;;
17;24;57;2;COBRANA;;;;;
17;24;57;3;CONGOSTO;;;;;
17;24;57;4;SAN MIGUEL DE LAS DUEÑAS;;;;;
17;24;58;1;CORBILLOS DE LOS OTEROS;;;;;
17;24;58;2;NAVA DE LOS OTEROS;;;;;
17;24;58;3;REBOLLAR DE LOS OTEROS;;;;;
17;24;58;4;SAN JUSTO DE LOS OTEROS;;;;;
17;24;59;1;CADAFRESNAS;;;;;
17;24;59;2;CORULLON;;;;;
17;24;59;3;DRAGONTE;;;;;
17;24;59;4;HORNIJA;;;;;
17;24;59;5;HORTA;;;;;
17;24;59;6;MELEZNA;;;;;
17;24;59;11;VIARIZ;;;;;
17;24;59;12;VILLAGROY;;;;;
17;24;60;1;ALEJE;;;;;
17;24;60;2;ARGOVEJO;;;;;
17;24;60;3;CIGUERA;;;;;
17;24;60;4;CORNIERO;;;;;
17;24;60;5;CREMENES;;;;;
17;24;60;7;LOIS;;;;;
17;24;60;8;REMOLINA;;;;;
17;24;60;9;SALAMON;;;;;
17;24;60;10;LAS SALAS;;;;;
17;24;60;11;VALBUENA DEL ROBLO;;;;;
17;24;60;12;VALDORE;;;;;
17;24;60;13;LA VELILLA DE VALDORE;;;;;
17;24;60;14;VERDIAGO;;;;;
17;24;60;15;VILLAYANDRE;;;;;
17;24;61;1;CABANILLAS;;;;;
17;24;61;2;CAMPO Y SANTIBAÑEZ;;;;;
17;24;61;3;CASCANTES;;;;;
17;24;61;4;CUADROS;;;;;
17;24;61;5;LORENZANA;;;;;
17;24;61;6;LA SECA;;;;;
17;24;61;7;VALSEMANA;;;;;
17;24;62;1;CUBILLAS DE LOS OTEROS;;;;;
17;24;62;2;GIGOSOS DE LOS OTEROS;;;;;
17;24;63;1;CUBILLAS DE RUEDA;;;;;
17;24;63;2;HERREROS DE RUEDA;;;;;
17;24;63;3;LLAMAS DE RUEDA;;;;;
17;24;63;4;PALACIOS DE RUEDA;;;;;
17;24;63;5;QUINTANILLA DE RUEDA;;;;;
17;24;63;6;SAHECHORES DE RUEDA;;;;;
17;24;63;7;SAN CIPRIANO DE RUEDA;;;;;
17;24;63;8;VEGA DE MONASTERIO;;;;;
17;24;63;9;VILLAPADIERNA;;;;;
17;24;64;1;CABAÑAS DE LA DORNILLA;;;;;
17;24;64;3;CUBILLOS DEL SIL;;;;;
17;24;64;4;FINOLLEDO;;;;;
17;24;64;5;FRESNEDO;;;;;
17;24;64;101;CUBILLINOS;;;;;
17;24;64;102;POSADINA;;;;;
17;24;65;1;ANTIMIO DE ARRIBA;;;;;
17;24;65;2;ARDONCINO;;;;;
17;24;65;3;BANUNCIAS;;;;;
17;24;65;4;CEMBRANOS;;;;;
17;24;65;5;CHOZAS DE ABAJO;;;;;
17;24;65;6;CHOZAS DE ARRIBA;;;;;
17;24;65;7;MEIZARA;;;;;
17;24;65;8;MOZONDIGA;;;;;
17;24;65;9;VILLAR DE MAZARIFE;;;;;
17;24;66;1;DESTRIANA;;;;;
17;24;66;2;ROBLEDINO DE LA VALDUERNA;;;;;
17;24;66;3;ROBLEDO DE LA VALDUERNA;;;;;
17;24;67;1;LA BAÑA;;;;;
17;24;67;2;CASTROHINOJO;;;;;
17;24;67;3;ENCINEDO;;;;;
17;24;67;4;FORNA;;;;;
17;24;67;5;LOSADILLA;;;;;
17;24;67;6;QUINTANILLA DE LOSADA;;;;;
17;24;67;7;ROBLEDO DE LOSADA;;;;;
17;24;67;8;SANTA EULALIA DE CABRERA;;;;;
17;24;67;9;TRABAZOS;;;;;
17;24;68;1;ACISA DE LAS ARRIMADAS;;;;;
17;24;68;2;BARRILLOS DE LAS ARRIMADAS;;;;;
17;24;68;3;CORRAL DE LAS ARRIMADAS;;;;;
17;24;68;4;LA ERCINA;;;;;
17;24;68;5;FRESNEDO DE VALDELLORMA;;;;;
17;24;68;6;LAIZ DE LAS ARRIMADAS;;;;;
17;24;68;7;OCEJA DE VALDELLORMA;;;;;
17;24;68;8;PALACIO DE VALDELLORMA;;;;;
17;24;68;9;SAN PEDRO DE FONCOLLADA;;;;;
17;24;68;10;SANTA COLOMBA DE LAS ARRIMADAS;;;;;
17;24;68;11;LA SERNA;;;;;
17;24;68;12;SOBREPEÑA;;;;;
17;24;68;13;VALPORQUERO DE RUEDA;;;;;
17;24;68;14;YUGUEROS;;;;;
17;24;69;1;ESCOBAR DE CAMPOS;;;;;
17;24;70;1;BARCENA DE LA ABADIA;;;;;
17;24;70;2;FABERO;;;;;
17;24;70;3;FONTORIA;;;;;
17;24;70;4;LILLO DEL BIERZO;;;;;
17;24;70;5;OTERO DE NARAGUANTES;;;;;
17;24;70;6;SAN PEDRO DE PARADELA;;;;;
17;24;71;1;BOEZA;;;;;
17;24;71;2;FOLGOSO DE LA RIBERA;;;;;
17;24;71;3;LA RIBERA DE FOLGOSO;;;;;
17;24;71;4;ROZUELO;;;;;
17;24;71;5;TEDEJO;;;;;
17;24;71;6;EL VALLE;;;;;
17;24;71;7;VILLAVICIOSA DE SAN MIGUEL;;;;;
17;24;73;1;FRESNO DE LA VEGA;;;;;
17;24;74;1;CARBAJAL DE FUENTES;;;;;
17;24;74;2;FUENTES DE CARBAJAL;;;;;
17;24;76;1;ABADENGO DE TORIO;;;;;
17;24;76;2;LA FLECHA DE TORIO;;;;;
17;24;76;3;FONTANOS DE TORIO;;;;;
17;24;76;4;GARRAFE DE TORIO;;;;;
17;24;76;5;MANZANEDA DE TORIO;;;;;
17;24;76;6;MATUECA DE TORIO;;;;;
17;24;76;7;PALACIO DE TORIO;;;;;
17;24;76;8;PALAZUELO DE TORIO;;;;;
17;24;76;9;PEDRUN DE TORIO;;;;;
17;24;76;10;RIOSEQUINO DE TORIO;;;;;
17;24;76;11;RUIFORCO DE TORIO;;;;;
17;24;76;12;SAN FELIZ DE TORIO;;;;;
17;24;76;13;VALDERILLA DE TORIO;;;;;
17;24;76;14;VILLAVERDE DE ABAJO;;;;;
17;24;76;15;VILLAVERDE DE ARRIBA;;;;;
17;24;77;1;GORDALIZA DEL PINO;;;;;
17;24;78;1;GORDONCILLO;;;;;
17;24;79;1;CAÑIZAL DE RUEDA;;;;;
17;24;79;2;CARBAJAL DE RUEDA;;;;;
17;24;79;3;CASASOLA DE RUEDA;;;;;
17;24;79;4;CIFUENTES DE RUEDA;;;;;
17;24;79;5;GARFIN;;;;;
17;24;79;6;GRADEFES;;;;;
17;24;79;7;MELLANZOS;;;;;
17;24;79;8;NAVA DE LOS CABALLEROS;;;;;
17;24;79;9;RUEDA DEL ALMIRANTE;;;;;
17;24;79;10;SAN BARTOLOME DE RUEDA;;;;;
17;24;79;11;SAN MIGUEL DE ESCALADA;;;;;
17;24;79;12;SANTA OLAJA DE ESLONZA;;;;;
17;24;79;13;VALDEALCON;;;;;
17;24;79;14;VALDEALISO;;;;;
17;24;79;15;VALDUVIECO;;;;;
17;24;79;16;VILLACIDAYO;;;;;
17;24;79;17;VILLANOFAR;;;;;
17;24;79;18;VILLARMUN;;;;;
17;24;79;19;VILLARRATEL;;;;;
17;24;80;1;GRAJAL DE CAMPOS;;;;;
17;24;81;1;GUSENDOS DE LOS OTEROS;;;;;
17;24;81;2;SAN ROMAN DE LOS OTEROS;;;;;
17;24;82;1;HOSPITAL DE ORBIGO;;;;;
17;24;82;2;PUENTE DE ORBIGO;;;;;
17;24;83;1;ALMAGARINOS;;;;;
17;24;83;2;COLINAS DEL CAMPO DE MARTIN MORO;;;;;
17;24;83;3;ESPINA DE TREMOR;;;;;
17;24;83;4;IGUEÑA;;;;;
17;24;83;6;POBLADURA DE LAS REGUERAS;;;;;
17;24;83;7;QUINTANA DE FUSEROS;;;;;
17;24;83;8;RODRIGATOS DE LAS REGUERAS;;;;;
17;24;83;9;TREMOR DE ARRIBA;;;;;
17;24;83;10;LOS MONTES DE LA ERMITA;;;;;
17;24;83;11;URDIALES DE COLINAS;;;;;
17;24;84;1;ALBIRES;;;;;
17;24;84;2;IZAGRE;;;;;
17;24;84;3;VALDEMORILLA;;;;;
17;24;86;1;JOARILLA DE LAS MATAS;;;;;
17;24;86;2;SAN MIGUEL DE MONTAÑAN;;;;;
17;24;86;3;VALDESPINO DE VACA;;;;;
17;24;87;1;LAGUNA DALGA;;;;;
17;24;87;2;SAN PEDRO DE LAS DUEÑAS;;;;;
17;24;87;3;SANTA CRISTINA DEL PARAMO;;;;;
17;24;87;4;SOGUILLO DEL PARAMO;;;;;
17;24;88;1;CABAÑEROS;;;;;
17;24;88;2;CONFORCOS;;;;;
17;24;88;3;LAGUNA DE NEGRILLOS;;;;;
17;24;88;4;VILLAMORICO;;;;;
17;24;89;1;ARMUNIA;;;;;
17;24;89;2;LEON;;;;;
17;24;89;3;OTERUELO DE LA VALDONCINA;;;;;
17;24;89;4;TROBAJO DEL CERECEDO;;;;;
17;24;90;1;BOISAN;;;;;
17;24;90;2;BUSNADIEGO;;;;;
17;24;90;3;CHANA DE SOMOZA;;;;;
17;24;90;4;FILIEL;;;;;
17;24;90;5;LUCILLO;;;;;
17;24;90;6;MOLINAFERRERA;;;;;
17;24;90;7;PIEDRAS ALBAS;;;;;
17;24;90;8;POBLADURA DE LA SIERRA;;;;;
17;24;91;1;LUYEGO DE SOMOZA;;;;;
17;24;91;2;PRIARANZA DE LA VALDUERNA;;;;;
17;24;91;3;QUINTANILLA DE SOMOZA;;;;;
17;24;91;4;TABUYO DEL MONTE;;;;;
17;24;91;5;VILLALIBRE DE SOMOZA;;;;;
17;24;91;6;VILLAR DE GOLFER;;;;;
17;24;92;1;LLAMAS DE LA RIBERA;;;;;
17;24;92;2;QUINTANILLA DE SOLLAMAS;;;;;
17;24;92;3;SAN ROMAN DE LOS CABALLEROS;;;;;
17;24;92;4;VILLAVICIOSA DE LA RIBERA;;;;;
17;24;93;1;BENAMARIAS;;;;;
17;24;93;2;MAGAZ DE CEPEDA;;;;;
17;24;93;3;PORQUEROS;;;;;
17;24;93;4;VANIDODES;;;;;
17;24;93;5;VEGA DE MAGAZ;;;;;
17;24;93;6;ZACOS;;;;;
17;24;94;1;MANSILLA DE LAS MULAS;;;;;
17;24;94;2;MANSILLA DEL ESLA;;;;;
17;24;94;3;VILLOMAR;;;;;
17;24;95;1;MANSILLA MAYOR;;;;;
17;24;95;2;NOGALES;;;;;
17;24;95;3;VILLAMOROS DE MANSILLA;;;;;
17;24;95;4;VILLAVERDE DE SANDOVAL;;;;;
17;24;96;1;MARAÑA;;;;;
17;24;97;1;FONTANIL DE LOS OTEROS;;;;;
17;24;97;2;MATADEON DE LOS OTEROS;;;;;
17;24;97;3;SAN PEDRO DE LOS OTEROS;;;;;
17;24;97;4;SANTA MARIA DE LOS OTEROS;;;;;
17;24;98;1;MATALLANA DE TORIO;;;;;
17;24;98;2;NAREDO DE FENAR;;;;;
17;24;98;3;ORZONAGA;;;;;
17;24;98;4;PARDAVE;;;;;
17;24;98;5;ROBLEDO DE FENAR;;;;;
17;24;98;7;SERRILLA;;;;;
17;24;98;8;LA VALCUEVA - PALAZUELO;;;;;
17;24;98;9;VILLALFEIDE;;;;;
17;24;98;101;BARRIO DE LA ESTACION;;;;;
17;24;98;102;ROBLES DE LA VALCUEVA;;;;0;
17;24;99;1;MATANZA DE LOS OTEROS;;;;;
17;24;99;2;VALDESPINO CERON;;;;;
17;24;99;3;ZALAMILLAS;;;;;
17;24;100;1;ACEBO;;;;;
17;24;100;2;CASTRILLO DEL MONTE;;;;;
17;24;100;3;FOLGOSO DEL MONTE;;;;;
17;24;100;4;MOLINASECA;;;;;
17;24;100;5;ONAMIO Y POBLADO M.S.P.;;;;;
17;24;100;6;PARADASOLANA;;;;;
17;24;100;7;RIEGO DE AMBROS;;;;;
17;24;101;1;BARRIO DE LA PUENTE;;;;;
17;24;101;2;LOS BAYOS;;;;;
17;24;101;3;FASGAR;;;;;
17;24;101;4;LAZADO;;;;;
17;24;101;5;MONTRONDO;;;;;
17;24;101;6;MURIAS DE PAREDES;;;;;
17;24;101;7;POSADA DE OMAÑA;;;;;
17;24;101;8;RODICOL;;;;;
17;24;101;9;SABUGO;;;;;
17;24;101;10;SENRA;;;;;
17;24;101;11;TORRECILLO;;;;;
17;24;101;12;VEGAPUJIN;;;;;
17;24;101;13;VILLABANDIN;;;;;
17;24;101;14;VILLANUEVA DE OMAÑA;;;;;
17;24;101;15;VIVERO;;;;;
17;24;102;1;CABANILLAS DE SAN JUSTO;;;;;
17;24;102;2;NOCEDA;;;;;
17;24;102;3;ROBLEDO DE LAS TRAVIESAS;;;;;
17;24;102;4;SAN JUSTO DE CABANILLAS;;;;;
17;24;103;1;ARNADELO;;;;;
17;24;103;2;ARNADO;;;;;
17;24;103;4;GESTOSO;;;;;
17;24;103;6;LUSIO;;;;;
17;24;103;101;CASTROPETRE;;;;;
17;24;103;102;OENCIA;;;;0;
17;24;103;201;LEIROSO;;;;;
17;24;103;202;SANVITUL;;;;;
17;24;103;203;VILLARRUBIN;;;;0;
17;24;104;1;MATALUENGA;;;;;
17;24;104;2;LAS OMAÑAS;;;;;
17;24;104;3;PEDREGAL;;;;;
17;24;104;4;SAN MARTIN DE LA FALAMOSA;;;;;
17;24;104;5;SANTIAGO DEL MOLINILLO;;;;;
17;24;105;1;ANTIMIO DE ABAJO;;;;;
17;24;105;2;ONZONILLA;;;;;
17;24;105;3;SOTICO;;;;;
17;24;105;4;TORNEROS DEL BERNESGA;;;;;
17;24;105;5;VILECHA;;;;;
17;24;105;6;VILORIA DE LA JURISDICCION;;;;;
17;24;106;1;OSEJA DE SAJAMBRE;;;;;
17;24;106;2;PIO DE SAJAMBRE;;;;;
17;24;106;3;RIBOTA DE SAJAMBRE;;;;;
17;24;106;4;SOTO DE SAJAMBRE;;;;;
17;24;106;5;VIERDES DE SAJAMBRE;;;;;
17;24;107;1;FUENTES DE LOS OTEROS;;;;;
17;24;107;2;MORILLA DE LOS OTEROS;;;;;
17;24;107;3;PAJARES DE LOS OTEROS;;;;;
17;24;107;4;POBLADURA DE LOS OTEROS;;;;;
17;24;107;5;QUINTANILLA DE LOS OTEROS;;;;;
17;24;107;6;VALDESAZ DE LOS OTEROS;;;;;
17;24;107;7;VELILLA DE LOS OTEROS;;;;;
17;24;108;1;PALACIOS DE LA VALDUERNA;;;;;
17;24;108;2;RIBAS DE LA VALDUERNA;;;;;
17;24;109;1;CORBON DEL SIL;;;;;
17;24;109;2;CUEVAS DEL SIL;;;;;
17;24;109;3;MATALAVILLA;;;;;
17;24;109;4;MATAOTERO;;;;;
17;24;109;6;PALACIOS DEL SIL;;;;;
17;24;109;8;SALIENTES;;;;;
17;24;109;9;SUSAÑE DEL SIL;;;;;
17;24;109;10;TEJEDO DEL SIL;;;;;
17;24;109;11;VALDEPRADO;;;;;
17;24;109;12;VALSECO;;;;;
17;24;109;13;VILLARINO DEL SIL;;;;;
17;24;110;1;ANLLARES DEL SIL;;;;;
17;24;110;2;ANLLARINOS DEL SIL;;;;;
17;24;110;3;ARGAYO DEL SIL;;;;;
17;24;110;4;PARAMO DEL SIL;;;;;
17;24;110;5;SANTA CRUZ DEL SIL;;;;;
17;24;110;6;SORBEDA DEL SIL;;;;;
17;24;110;7;VILLAMARTIN DEL SIL;;;;;
17;24;110;8;SALENTINOS;;;;;
17;24;112;1;CARISEDA;;;;;
17;24;112;2;CHANO;;;;;
17;24;112;3;FARO;;;;;
17;24;112;4;FRESNEDELO;;;;;
17;24;112;5;GUIMARA;;;;;
17;24;112;6;PERANZANES;;;;;
17;24;112;7;TRASCASTRO;;;;;
17;24;113;1;POBLADURA DE PELAYO GARCIA;;;;;
17;24;114;1;LOS BARRIOS DE GORDON;;;;;
17;24;114;2;BEBERINO;;;;;
17;24;114;3;BUIZA;;;;;
17;24;114;4;CABORNERA;;;;;
17;24;114;5;CIÑERA;;;;;
17;24;114;6;FOLLEDO;;;;;
17;24;114;7;GERAS;;;;;
17;24;114;8;HUERGAS DE GORDON;;;;;
17;24;114;9;LLOMBERA;;;;;
17;24;114;10;NOCEDO DE GORDON;;;;;
17;24;114;11;PARADILLA DE GORDON;;;;;
17;24;114;12;PEREDILLA;;;;;
17;24;114;13;LA POLA DE GORDON;;;;;
17;24;114;14;SANTA LUCIA;;;;;
17;24;114;15;VEGA DE GORDON;;;;;
17;24;114;16;LA VID;;;;;
17;24;114;17;VILLASIMPLIZ;;;;;
17;24;115;1;BARCENA DEL BIERZO;;;;;
17;24;115;2;BOUZAS;;;;;
17;24;115;3;CAMPO;;;;;
17;24;115;4;CARRACEDO DE COMPLUDO;;;;;
17;24;115;5;COLUMBRIANOS;;;;;
17;24;115;6;COMPLUDO;;;;;
17;24;115;7;COMPOSTILLA;;;;;
17;24;115;8;CUATROVIENTOS;;;;;
17;24;115;9;DEHESAS;;;;;
17;24;115;10;ESPINOSO DE COMPLUDO;;;;;
17;24;115;11;FLORES DEL SIL;;;;;
17;24;115;12;FUENTES NUEVAS;;;;;
17;24;115;13;LOMBILLO DE LOS BARRIOS;;;;;
17;24;115;14;MANZANEDO DE VALDUEZA;;;;;
17;24;115;15;MONTES DE VALDUEZA;;;;;
17;24;115;16;OTERO;;;;;
17;24;115;17;OZUELA;;;;;
17;24;115;18;PALACIOS DE COMPLUDO;;;;;
17;24;115;19;PEÑALBA DE SANTIAGO;;;;;
17;24;115;20;LA PLACA;;;;;
17;24;115;21;PONFERRADA;;;;;
17;24;115;22;RIMOR;;;;;
17;24;115;23;SALAS DE LOS BARRIOS;;;;;
17;24;115;25;SAN ANDRES DE MONTEJOS;;;;;
17;24;115;26;SAN CLEMENTE DE VALDUEZA;;;;;
17;24;115;27;SAN CRISTOBAL DE VALDUEZA;;;;;
17;24;115;28;SAN ESTEBAN DE VALDUEZA;;;;;
17;24;115;29;SAN LORENZO;;;;;
17;24;115;30;SANTO TOMAS DE LAS OLLAS;;;;;
17;24;115;31;TORAL DE MERAYO;;;;;
17;24;115;32;VALDECAÑADA;;;;;
17;24;115;33;VALDEFRANCOS;;;;;
17;24;115;34;VILLANUEVA DE VALDUEZA;;;;;
17;24;115;35;VILLAR DE LOS BARRIOS;;;;;
17;24;116;1;CAIN DE VALDEON;;;;;
17;24;116;7;SANTA MARINA DE VALDEON;;;;;
17;24;116;101;CALDEVILLA DE VALDEON;;;;;
17;24;116;102;CORDIÑANES DE VALDEON;;;;;
17;24;116;103;LOS LLANOS DE VALDEON;;;;;
17;24;116;104;POSADA DE VALDEON;;;;;
17;24;116;105;PRADA DE VALDEON;;;;;
17;24;116;106;SOTO DE VALDEON;;;;;
17;24;117;1;ALTOBAR DE LA ENCOMIENDA;;;;;
17;24;117;2;POZUELO DEL PARAMO;;;;;
17;24;117;3;SALUDES DE CASTROPONCE;;;;;
17;24;118;1;CEREZAL DE LA GUZPEÑA;;;;;
17;24;118;2;LLAMA DE LA GUZPEÑA;;;;;
17;24;118;3;PRADO DE LA GUZPEÑA;;;;;
17;24;118;4;ROBLEDO DE LA GUZPEÑA;;;;;
17;24;119;1;FERRADILLO;;;;;
17;24;119;2;PARADELA DE MUCES;;;;;
17;24;119;3;PRIARANZA DEL BIERZO;;;;;
17;24;119;4;SANTALLA DEL BIERZO;;;;;
17;24;119;5;VILLALIBRE DE LA JURISDICCION;;;;;
17;24;119;6;VILLAVIEJA;;;;;
17;24;120;1;PRIORO;;;;;
17;24;120;2;TEJERINA;;;;;
17;24;121;1;COFIÑAL;;;;;
17;24;121;2;ISOBA;;;;;
17;24;121;4;REDIPOLLOS;;;;;
17;24;121;5;SAN CIBRIAN;;;;;
17;24;121;7;SOLLE;;;;;
17;24;121;101;PUEBLA DE LILLO;;;;0;
17;24;121;102;SAN ISIDRO;;;;;
17;24;122;1;CASTROQUILAME;;;;;
17;24;122;2;PUENTE DE DOMINGO FLOREZ;;;;;
17;24;122;3;ROBLEDO DE SOBRECASTRO;;;;;
17;24;122;4;SALAS DE LA RIBERA;;;;;
17;24;122;5;SAN PEDRO DE TRONES;;;;;
17;24;122;6;VEGA DE YERES;;;;;
17;24;122;7;YERES;;;;;
17;24;123;1;ABANO;;;;;
17;24;123;2;CASTRO DE CEPEDA;;;;;
17;24;123;3;DONILLAS;;;;;
17;24;123;4;ESCUREDO;;;;;
17;24;123;5;FERRERAS;;;;;
17;24;123;6;MORRIONDO;;;;;
17;24;123;7;PALACIOSMIL;;;;;
17;24;123;8;QUINTANA DEL CASTILLO;;;;;
17;24;123;9;RIOFRIO;;;;;
17;24;123;10;SAN FELIZ DE LAS LAVANDERAS;;;;;
17;24;123;11;LA VEGUELLINA;;;;;
17;24;123;12;VILLAMECA;;;;;
17;24;123;13;VILLARMERIEL;;;;;
17;24;124;1;GENESTACIO DE LA VEGA;;;;;
17;24;124;2;QUINTANA DEL MARCO;;;;;
17;24;125;1;HERREROS DE JAMUZ;;;;;
17;24;125;2;PALACIOS DE JAMUZ;;;;;
17;24;125;3;QUINTANA Y CONGOSTO;;;;;
17;24;125;4;QUINTANILLA DE FLOREZ;;;;;
17;24;125;5;TABUYUELO DE JAMUZ;;;;;
17;24;125;6;TORNEROS DE JAMUZ;;;;;
17;24;127;1;REGUERAS DE ABAJO;;;;;
17;24;127;2;REGUERAS DE ARRIBA;;;;;
17;24;129;1;PALLIDE;;;;;
17;24;129;2;PRIMAJAS;;;;;
17;24;129;3;REYERO;;;;;
17;24;129;4;VIEGO;;;;;
17;24;130;2;CARANDE;;;;;
17;24;130;4;HORCADAS;;;;;
17;24;130;5;RIAÑO;;;;;
17;24;131;1;CASTROTIERRA DE LA VALDUERNA;;;;;
17;24;131;2;RIEGO DE LA VEGA;;;;;
17;24;131;3;SAN FELIX DE LA VEGA;;;;;
17;24;131;4;TORAL DE FONDO;;;;;
17;24;131;5;TORALINO DE LA VEGA;;;;;
17;24;131;6;VILLARNERA DE LA VEGA;;;;;
17;24;132;1;ANDARRASO;;;;;
17;24;132;2;ARIEGO DE ABAJO;;;;;
17;24;132;3;ARIEGO DE ARRIBA;;;;;
17;24;132;4;ARIENZA;;;;;
17;24;132;5;BONELLA;;;;;
17;24;132;6;CAMPO LA LOMBA;;;;;
17;24;132;8;CASTRO LA LOMBA;;;;;
17;24;132;9;CEIDE Y ORRIOS;;;;;
17;24;132;10;CIRUJALES;;;;;
17;24;132;11;CORNOMBRE;;;;;
17;24;132;12;CURUEÑA;;;;;
17;24;132;13;FOLLOSO;;;;;
17;24;132;14;GARUEÑA;;;;;
17;24;132;15;GUISATECHA;;;;;
17;24;132;16;INICIO;;;;;
17;24;132;17;MANZANEDA DE OMAÑA;;;;;
17;24;132;18;MARZAN;;;;;
17;24;132;19;OMAÑON;;;;;
17;24;132;21;OTERICO;;;;;
17;24;132;23;RIELLO;;;;;
17;24;132;24;ROBLEDO DE OMAÑA;;;;;
17;24;132;25;ROSALES;;;;;
17;24;132;26;SALCE;;;;;
17;24;132;28;SANTIBAÑEZ DE LA LOMBA;;;;;
17;24;132;29;SOCIL;;;;;
17;24;132;30;SOSAS DEL CUMBRAL;;;;;
17;24;132;31;TRASCASTRO DE LUNA;;;;;
17;24;132;32;LA URZ;;;;;
17;24;132;33;VALBUENO;;;;;
17;24;132;34;VEGARIENZA;;;;;
17;24;132;35;LA VELILLA;;;;;
17;24;132;36;VILLADEPAN;;;;;
17;24;132;37;VILLAR DE OMAÑA;;;;;
17;24;132;38;VILLARIN DE RIELLO;;;;;
17;24;132;39;VILLAVERDE DE OMAÑA;;;;;
17;24;132;101;LA OMAÑUELA;;;;;
17;24;132;102;PANDORADO;;;;;
17;24;132;201;EL CASTILLO;;;;;
17;24;132;202;SANTIBAÑEZ DE ARIENZA;;;;0;
17;24;133;1;ESPINOSA DE LA RIBERA;;;;;
17;24;133;2;RIOSECO DE TAPIA;;;;;
17;24;133;3;TAPIA DE LA RIBERA;;;;;
17;24;134;1;ALCEDO DE ALBA;;;;;
17;24;134;2;BRUGOS DE FENAR;;;;;
17;24;134;3;CANDANEDO DE FENAR;;;;;
17;24;134;4;LLANOS DE ALBA;;;;;
17;24;134;5;OLLEROS DE ALBA;;;;;
17;24;134;6;PUENTE DE ALBA;;;;;
17;24;134;7;RABANAL DE FENAR;;;;;
17;24;134;8;LA ROBLA;;;;;
17;24;134;9;SOLANA DE FENAR;;;;;
17;24;134;10;SORRIBOS DE ALBA;;;;;
17;24;136;1;MOSCAS DEL PARAMO;;;;;
17;24;136;2;ROPERUELOS DEL PARAMO;;;;;
17;24;136;3;VALCABADO DEL PARAMO;;;;;
17;24;137;1;ALEJICO;;;;;
17;24;137;2;OLLEROS DE SABERO;;;;;
17;24;137;3;SABERO;;;;;
17;24;137;4;SAELICES DE SABERO;;;;;
17;24;137;5;SOTILLOS DE SABERO;;;;;
17;24;139;1;ARENILLAS DE VALDERADUEY;;;;;
17;24;139;2;CELADA DE CEA;;;;;
17;24;139;3;GALLEGUILLOS DE CAMPOS;;;;;
17;24;139;4;JOARA;;;;;
17;24;139;5;RIOSEQUILLO;;;;;
17;24;139;6;SAHAGUN;;;;;
17;24;139;7;SAN MARTIN DE LA CUEZA;;;;;
17;24;139;8;SAN PEDRO DE LAS DUEÑAS;;;;;
17;24;139;9;SOTILLO DE CEA;;;;;
17;24;139;10;VILLALEBRIN;;;;;
17;24;139;11;VILLALMAN;;;;;
17;24;141;1;SAN ADRIAN DEL VALLE;;;;;
17;24;142;2;BARRIO DE PINILLA;;;;;
17;24;142;4;FERRAL DEL BERNESGA;;;;;
17;24;142;5;SAN ANDRES DEL RABANEDO;;;;;
17;24;142;7;VILLABALTER;;;;;
17;24;142;8;TROBAJO DEL CAMINO;;;;;
17;24;143;1;CUETO;;;;;
17;24;143;2;OCERO;;;;;
17;24;143;3;SANCEDO;;;;;
17;24;144;2;POSADILLA DE LA VEGA;;;;;
17;24;144;3;SAN CRISTOBAL DE LA POLANTERA;;;;;
17;24;144;6;VEGUELLINA DE FONDO;;;;;
17;24;144;7;VILLAGARCIA DE LA VEGA;;;;;
17;24;144;101;MATILLA DE LA VEGA;;;;;
17;24;144;102;SAN ROMAN EL ANTIGUO;;;;;
17;24;144;201;SEISON DE LA VEGA;;;;;
17;24;144;202;VILLAMEDIANA DE LA VEGA;;;;;
17;24;145;1;CANDEMUELA;;;;;
17;24;145;2;COSPEDAL;;;;;
17;24;145;3;GENESTOSA;;;;;
17;24;145;4;LA MAJUA;;;;;
17;24;145;5;PINOS;;;;;
17;24;145;6;RIOLAGO;;;;;
17;24;145;7;ROBLEDO DE BABIA;;;;;
17;24;145;8;SAN EMILIANO;;;;;
17;24;145;9;TORREBARRIO;;;;;
17;24;145;10;TORRESTIO;;;;;
17;24;145;11;TRUEBANO;;;;;
17;24;145;12;VILLAFELIZ DE BABIA;;;;;
17;24;145;13;VILLARGUSAN;;;;;
17;24;145;14;VILLASECINO;;;;;
17;24;146;1;SAN ESTEBAN DE NOGALES;;;;;
17;24;148;1;CELADA;;;;;
17;24;148;2;NISTAL;;;;;
17;24;148;3;SAN JUSTO DE LA VEGA;;;;;
17;24;148;4;SAN ROMAN DE LA VEGA;;;;;
17;24;149;1;SAN MILLAN DE LOS CABALLEROS;;;;;
17;24;150;1;LA MATA DEL PARAMO;;;;;
17;24;150;2;SAN PEDRO BERCIANOS;;;;;
17;24;151;1;AMBASAGUAS DE CURUEÑO;;;;;
17;24;151;2;BARRILLOS;;;;;
17;24;151;3;BARRIO DE NUESTRA SEÑORA;;;;;
17;24;151;4;DEVESA DE CURUEÑO;;;;;
17;24;151;5;GALLEGOS DE CURUEÑO;;;;;
17;24;151;6;LA MATA DE CURUEÑO;;;;;
17;24;151;7;PARDESIVIL;;;;;
17;24;151;8;SANTA COLOMBA DE CURUEÑO;;;;;
17;24;152;1;ANDIÑUELA;;;;;
17;24;152;2;ARGAÑOSO;;;;;
17;24;152;3;FONCEBADON;;;;;
17;24;152;4;LA MALUENGA;;;;;
17;24;152;5;MURIAS DE PEDREDO;;;;;
17;24;152;6;PEDREDO;;;;;
17;24;152;8;RABANAL DEL CAMINO;;;;;
17;24;152;9;RABANAL VIEJO;;;;;
17;24;152;10;SAN MARTIN DE AGOSTEDO;;;;;
17;24;152;11;SANTA COLOMBA DE SOMOZA;;;;;
17;24;152;12;SANTA MARINA DE SOMOZA;;;;;
17;24;152;13;TABLADILLO;;;;;
17;24;152;14;TURIENZO DE LOS CABALLEROS;;;;;
17;24;152;15;VALDEMANZANAS;;;;;
17;24;152;16;VIFORCOS;;;;;
17;24;152;17;VILLAR DE CIERVOS;;;;;
17;24;153;1;MATALLANA DE VALMADRIGAL;;;;;
17;24;153;2;SANTA CRISTINA DE VALMADRIGAL;;;;;
17;24;154;1;JIMENEZ DE JAMUZ;;;;;
17;24;154;2;SANTA ELENA DE JAMUZ;;;;;
17;24;154;3;VILLANUEVA DE JAMUZ;;;;;
17;24;155;1;SANTA MARIA DE LA ISLA;;;;;
17;24;155;2;SANTIBAÑEZ DE LA ISLA;;;;;
17;24;156;1;BANECIDAS;;;;;
17;24;156;2;CASTELLANOS;;;;;
17;24;156;3;SANTA MARIA DEL MONTE DE CEA;;;;;
17;24;156;4;VILLACINTOR;;;;;
17;24;156;5;VILLAMIZAR;;;;;
17;24;157;1;SANTA MARIA DEL PARAMO;;;;;
17;24;158;1;ADRADOS DE ORDAS;;;;;
17;24;158;2;CALLEJO DE ORDAS;;;;;
17;24;158;3;FORMIGONES;;;;;
17;24;158;4;RIOCASTRILLO DE ORDAS;;;;;
17;24;158;5;SANTA MARIA DE ORDAS;;;;;
17;24;158;6;SANTIBAÑEZ DE ORDAS;;;;;
17;24;158;7;SELGA DE ORDAS;;;;;
17;24;158;8;VILLAPODAMBRE;;;;;
17;24;158;9;VILLARRODRIGO DE ORDAS;;;;;
17;24;159;1;SAN MARTIN DEL CAMINO;;;;;
17;24;159;2;SANTA MARINA DEL REY;;;;;
17;24;159;3;SARDONEDO;;;;;
17;24;159;4;VILLAVANTE;;;;;
17;24;159;5;VILLAMOR DE ORBIGO;;;;;
17;24;160;1;LUENGOS;;;;;
17;24;160;2;MALILLOS;;;;;
17;24;160;3;RELIEGOS;;;;;
17;24;160;4;SANTAS MARTAS;;;;;
17;24;160;5;VALDEARCOS;;;;;
17;24;160;6;VILLAMARCO;;;;;
17;24;161;1;MORALES DEL ARCEDIANO;;;;;
17;24;161;2;OTERUELO DE LA VALDUERNA;;;;;
17;24;161;3;PIEDRALBA;;;;;
17;24;161;4;SANTIAGO MILLAS;;;;;
17;24;161;5;VALDESPINO;;;;;
17;24;162;3;RIBASECA;;;;;
17;24;162;4;SANTOVENIA DE LA VALDONCINA;;;;;
17;24;162;5;VILLACEDRE;;;;;
17;24;162;6;VILLANUEVA DEL CARNERO;;;;;
17;24;162;7;QUINTANA DE RANEROS;;;;;
17;24;163;1;AZADINOS;;;;;
17;24;163;2;CARBAJAL DE LA LEGUA;;;;;
17;24;163;3;POBLADURA DEL BERNESGA;;;;;
17;24;163;4;SARIEGOS DEL BERNESGA;;;;;
17;24;164;1;ABELGAS DE LUNA;;;;;
17;24;164;2;ARALLA DE LUNA;;;;;
17;24;164;3;CALDAS DE LUNA;;;;;
17;24;164;4;POBLADURA DE LUNA;;;;;
17;24;164;5;RABANAL DE LUNA;;;;;
17;24;164;6;ROBLEDO DE CALDAS;;;;;
17;24;164;7;SENA DE LUNA;;;;;
17;24;164;8;LA VEGA DE ROBLEDO;;;;;
17;24;165;1;CABARCOS;;;;;
17;24;165;2;CABEZA DE CAMPO;;;;;
17;24;165;3;CANCELA;;;;;
17;24;165;4;FRIERA;;;;;
17;24;165;5;PORTELA DE AGUIAR;;;;;
17;24;165;6;REQUEJO;;;;;
17;24;165;7;SOBRADO;;;;;
17;24;165;8;SOBREDO;;;;;
17;24;165;9;AGUIAR;;;;;
17;24;165;2401;CABEZA DE CAMPO;;;;;
17;24;166;1;ALCAIDON O ALQUIDON;;;;;
17;24;166;4;OTERUELO DE LA VEGA;;;;;
17;24;166;5;REQUEJO DE LA VEGA;;;;;
17;24;166;6;SANTA COLOMBA DE LA VEGA;;;;;
17;24;166;7;SOTO DE LA VEGA;;;;;
17;24;166;8;VECILLA DE LA VEGA;;;;;
17;24;166;9;HUERGA DE GARAVALLES;;;;;
17;24;167;1;BOBIA;;;;;
17;24;167;2;CAMPOSALINAS;;;;;
17;24;167;3;CANALES - LA MAGDALENA;;;;;
17;24;167;4;CARRIZAL;;;;;
17;24;167;5;GARAÑO;;;;;
17;24;167;6;IRIAN;;;;;
17;24;167;7;LAGO DE OMAÑA;;;;;
17;24;167;8;QUINTANILLA;;;;;
17;24;167;9;SANTOVENIA;;;;;
17;24;167;10;SOTO Y AMIO;;;;;
17;24;167;11;VILLACEID;;;;;
17;24;167;12;VILLAYUSTE;;;;;
17;24;168;1;TORAL DE LOS GUZMANES;;;;;
17;24;169;1;LIBRAN;;;;;
17;24;169;3;PARDAMAZA;;;;;
17;24;169;4;PRADILLA;;;;;
17;24;169;7;SANTA MARINA DEL SIL;;;;;
17;24;169;8;TOMBRIO DE ABAJO;;;;;
17;24;169;9;TORENO;;;;;
17;24;169;10;VALDELALOBA;;;;;
17;24;169;11;VILLAR DE LAS TRAVIESAS;;;;;
17;24;169;12;TOMBRIO DE ARRIBA;;;;;
17;24;169;101;MATARROSA DEL SIL;;;;;
17;24;169;102;SAN PEDRO MALLO;;;;0;
17;24;169;103;SANTA LEOCADIA;;;;;
17;24;170;3;FONFRIA;;;;;
17;24;170;4;LA GRANJA DE SAN VICENTE;;;;;
17;24;170;5;MATAVENERO Y POIBUENO;;;;;
17;24;170;6;SAN ANDRES DE LAS PUENTES;;;;;
17;24;170;7;SAN FACUNDO;;;;;
17;24;170;8;SANTA CRUZ DE MONTES;;;;;
17;24;170;9;SANTA MARINA DE TORRE;;;;;
17;24;170;10;SANTIBAÑEZ DE MONTES;;;;;
17;24;170;11;TORRE DEL BIERZO;;;;;
17;24;170;101;CEREZAL DE TREMOR;;;;;
17;24;170;102;TREMOR DE ABAJO;;;;0;
17;24;170;201;ALBARES DE LA RIBERA;;;;0;
17;24;170;202;LAS VENTAS DE ALBARES;;;;;
17;24;171;1;MORAL DE VALCARCE;;;;;
17;24;171;2;PARADA DE SOTO;;;;;
17;24;171;4;PEREJE;;;;;
17;24;171;5;PRADELA;;;;;
17;24;171;6;SAN FIZ DO SEO;;;;;
17;24;171;7;SOTELO;;;;;
17;24;171;8;SOTOPARADA;;;;;
17;24;171;10;VILLAR DE CORRALES;;;;;
17;24;171;101;PARADELA;;;;;
17;24;171;102;TRABADELO;;;;0;
17;24;172;1;BAILLO;;;;;
17;24;172;2;CORPORALES;;;;;
17;24;172;3;LA CUESTA;;;;;
17;24;172;4;CUNAS;;;;;
17;24;172;5;IRUELA;;;;;
17;24;172;6;MANZANEDA;;;;;
17;24;172;7;POZOS;;;;;
17;24;172;8;QUINTANILLA DE YUSO;;;;;
17;24;172;9;TRUCHAS;;;;;
17;24;172;10;TRUCHILLAS;;;;;
17;24;172;11;VALDAVIDO;;;;;
17;24;172;12;VILLAR DEL MONTE;;;;;
17;24;172;13;VILLARINO;;;;;
17;24;173;1;ARMELLADA;;;;;
17;24;173;2;GAVILANES;;;;;
17;24;173;3;PALAZUELO DE ORBIGO;;;;;
17;24;173;4;TURCIA;;;;;
17;24;174;1;MANSILLA DEL PARAMO;;;;;
17;24;174;2;URDIALES DEL PARAMO;;;;;
17;24;174;3;VILLARRIN DEL PARAMO;;;;;
17;24;175;1;ARCAHUEJA;;;;;
17;24;175;2;CARBAJOSA;;;;;
17;24;175;3;CORBILLOS DE LA SOBARRIBA;;;;;
17;24;175;4;GOLPEJAR DE LA SOBARRIBA;;;;;
17;24;175;5;NAVAFRIA;;;;;
17;24;175;6;PARADILLA DE LA SOBARRIBA;;;;;
17;24;175;7;SANFELISMO;;;;;
17;24;175;8;SANTA OLAJA DE PORMA;;;;;
17;24;175;9;SANTIBAÑEZ DE PORMA;;;;;
17;24;175;10;SANTOVENIA DEL MONTE;;;;;
17;24;175;11;SOLANILLA;;;;;
17;24;175;12;TENDAL;;;;;
17;24;175;13;VALDEFRESNO;;;;;
17;24;175;14;VALDELAFUENTE;;;;;
17;24;175;15;VILLACETE;;;;;
17;24;175;16;VILLACIL;;;;;
17;24;175;17;VILLAFELIZ DE LA SOBARRIBA;;;;;
17;24;175;18;VILLALBOÑE;;;;;
17;24;175;19;VILLASECA DE LA SOBARRIBA;;;;;
17;24;175;20;VILLAVENTE;;;;;
17;24;176;1;AZARES DEL PARAMO;;;;;
17;24;176;2;VALDEFUENTES DEL PARAMO;;;;;
17;24;177;1;ARINTERO;;;;;
17;24;177;2;LA BRAÑA;;;;;
17;24;177;3;CERULLEDA;;;;;
17;24;177;4;LUGUEROS;;;;;
17;24;177;5;LLAMAZARES;;;;;
17;24;177;6;REDILLUERA;;;;;
17;24;177;7;REDIPUERTAS;;;;;
17;24;177;8;TOLIBIA DE ABAJO;;;;;
17;24;177;9;TOLIBIA DE ARRIBA;;;;;
17;24;177;10;VALDETEJA;;;;;
17;24;177;11;VALVERDE DE CURUEÑO;;;;;
17;24;177;12;VILLAVERDE DE LA CUERNA;;;;;
17;24;178;1;VALDEMORA;;;;;
17;24;179;1;AVIADOS;;;;;
17;24;179;2;CORRECILLAS;;;;;
17;24;179;3;LA MATA DE BERBULA;;;;;
17;24;179;4;MONTUERTO;;;;;
17;24;179;5;NOCEDO DE CURUEÑO;;;;;
17;24;179;6;OTERO DE CURUEÑO;;;;;
17;24;179;7;RANEDO DE CURUEÑO;;;;;
17;24;179;8;VALDEPIELAGO;;;;;
17;24;179;9;VALDORRIA;;;;;
17;24;180;1;LA ALDEA DEL PUENTE;;;;;
17;24;180;2;QUINTANA DE RUEDA;;;;;
17;24;180;3;QUINTANA DEL MONTE;;;;;
17;24;180;4;SAELICES DEL PAYUELO;;;;;
17;24;180;5;VALDEPOLO;;;;;
17;24;180;6;VILLAHIBIERA;;;;;
17;24;180;7;VILLALQUITE;;;;;
17;24;180;8;VILLAMONDRIN DE RUEDA;;;;;
17;24;180;9;VILLAVERDE LA CHIQUITA;;;;;
17;24;181;1;VALDERAS;;;;;
17;24;182;1;BARRIENTOS;;;;;
17;24;182;2;BUSTOS;;;;;
17;24;182;3;CARRAL;;;;;
17;24;182;4;CASTRILLO DE LAS PIEDRAS;;;;;
17;24;182;5;CUEVAS;;;;;
17;24;182;6;CURILLAS;;;;;
17;24;182;7;MATANZA;;;;;
17;24;182;8;TEJADOS;;;;;
17;24;182;9;VALDERREY;;;;;
17;24;183;1;CAMINAYO;;;;;
17;24;183;2;CARRIZAL;;;;;
17;24;183;3;CEGOÑAL;;;;;
17;24;183;5;FERRERAS DEL PUERTO;;;;;
17;24;183;6;LA MATA DE MONTEAGUDO;;;;;
17;24;183;8;MORGOVEJO;;;;;
17;24;183;9;LAS MUÑECAS;;;;;
17;24;183;10;EL OTERO DE VALDETUEJAR;;;;;
17;24;183;11;PUENTE ALMUHEY;;;;;
17;24;183;12;LA RED DE VALDETUEJAR;;;;;
17;24;183;13;RENEDO DE VALDETUEJAR;;;;;
17;24;183;14;SAN MARTIN DE VALDETUEJAR;;;;;
17;24;183;15;LA SOTA DE VALDERRUEDA;;;;;
17;24;183;16;SOTO DE VALDERRUEDA;;;;;
17;24;183;17;TARANILLA;;;;;
17;24;183;18;VALCUENDE;;;;;
17;24;183;19;VALDERRUEDA;;;;;
17;24;183;21;VILLALMONTE;;;;;
17;24;183;22;VILLAMORISCA;;;;;
17;24;183;101;LA ESPINA;;;;;
17;24;183;102;VILLACORTA;;;;;
17;24;184;1;MURIAS DE PONJOS;;;;;
17;24;184;2;PALADIN;;;;;
17;24;184;3;PONJOS;;;;;
17;24;184;4;LA UTRERA;;;;;
17;24;184;5;VALDESAMARIO;;;;;
17;24;185;1;LAGUNAS DE SOMOZA;;;;;
17;24;185;2;VAL DE SAN LORENZO;;;;;
17;24;185;3;VAL DE SAN ROMAN;;;;;
17;24;187;1;FONTECHA;;;;;
17;24;187;2;PALACIOS DE FONTECHA;;;;;
17;24;187;3;POBLADURA DE FONTECHA;;;;;
17;24;187;4;VALDEVIMBRE;;;;;
17;24;187;5;VALLEJO;;;;;
17;24;187;6;VILLAGALLEGOS;;;;;
17;24;187;7;VILLIBAÑE;;;;;
17;24;187;8;FARBALLES;;;;;
17;24;188;1;CABAÑAS;;;;;
17;24;188;2;VALENCIA DE DON JUAN;;;;;
17;24;189;1;LA ALDEA DE LA VALDONCINA;;;;;
17;24;189;2;FRESNO DEL CAMINO;;;;;
17;24;189;3;MONTEJOS DEL CAMINO;;;;;
17;24;189;4;ONCINA DE LA VALDONCINA;;;;;
17;24;189;5;ROBLEDO DE LA VALDONCINA;;;;;
17;24;189;6;SAN MIGUEL DEL CAMINO;;;;;
17;24;189;7;VALVERDE DE LA VIRGEN;;;;;
17;24;189;8;LA VIRGEN DEL CAMINO;;;;;
17;24;190;2;VALVERDE ENRIQUE;;;;;
17;24;190;101;CASTROVEGA DE VALMADRIGAL;;;;0;
17;24;190;102;LA VEGUELLINA;;;;;
17;24;191;1;VALLECILLO;;;;;
17;24;191;2;VILLEZA;;;;;
17;24;193;1;CAMPOHERMOSO;;;;;
17;24;193;2;LA CANDANA DE CURUEÑO;;;;;
17;24;193;3;SOPEÑA DE CURUEÑO;;;;;
17;24;193;4;LA VECILLA DE CURUEÑO;;;;;
17;24;194;1;COLADILLA;;;;;
17;24;194;2;VALPORQUERO DE TORIO;;;;;
17;24;194;3;VALLE DE VEGACERVERA;;;;;
17;24;194;4;VEGACERVERA;;;;;
17;24;194;5;VILLAR DEL PUERTO;;;;;
17;24;196;1;BURBIA;;;;;
17;24;196;2;ESPINAREDA DE VEGA;;;;;
17;24;196;3;EL ESPINO;;;;;
17;24;196;4;MOREDA;;;;;
17;24;196;5;PENOSELO;;;;;
17;24;196;6;SAN MARTIN DE MOREDA;;;;;
17;24;196;7;SAN PEDRO DE OLLEROS;;;;;
17;24;196;8;SESAMO;;;;;
17;24;196;9;VALLE DE FINOLLEDO;;;;;
17;24;196;10;VEGA DE ESPINAREDA;;;;;
17;24;196;11;VILLAR DE OTERO;;;;;
17;24;196;12;LA BUSTARGA;;;;;
17;24;197;1;GRULLEROS;;;;;
17;24;197;2;VEGA DE INFANZONES;;;;;
17;24;197;3;VILLADESOTO;;;;;
17;24;198;1;AMBASMESTAS;;;;;
17;24;198;4;LA BRAÑA;;;;;
17;24;198;8;LAS HERRERIAS;;;;;
17;24;198;12;LINDOSO;;;;;
17;24;198;13;MOÑON;;;;;
17;24;198;14;LA PORTELA DE VALCARCE;;;;;
17;24;198;15;RANSINDE;;;;;
17;24;198;16;RUITELAN;;;;;
17;24;198;17;SAMPRON;;;;;
17;24;198;18;SAN JULIAN;;;;;
17;24;198;20;SOTOGAYOSO;;;;;
17;24;198;22;VEGA DE VALCARCE;;;;;
17;24;198;23;VILLASINDE;;;;;
17;24;198;100;ARGENTEIRO-TREITA;;;0;0;0
17;24;198;101;ARGENTEIRO;;;;0;
17;24;198;102;LA TREITA;;;;;
17;24;198;200;EL CASTRO-LABALLOS;;;0;0;0
17;24;198;201;EL CASTRO;;;;0;
17;24;198;202;LABALLOS;;;;;
17;24;198;300;LA FABA-BARGELAS;;;0;0;0
17;24;198;301;BARGELAS;;;;;
17;24;198;302;LA FABA;;;;;
17;24;198;400;LAGUNA (LA)-CERNADA;;;0;0;0
17;24;198;401;CERNADA;;;;;
17;24;198;402;LA LAGUNA;;;;;
17;24;198;500;SAN TIRSO-LAMAS;;;0;0;0
17;24;198;501;LAS LAMAS;;;;;
17;24;198;502;SAN TIRSO;;;;;
17;24;199;1;CANDANEDO DE BOÑAR;;;;;
17;24;199;2;LA DEVESA DE BOÑAR;;;;;
17;24;199;3;LA LOSILLA Y SAN ADRIAN;;;;;
17;24;199;4;LUGAN;;;;;
17;24;199;5;LLAMERA;;;;;
17;24;199;6;LA MATA DE LA RIBA;;;;;
17;24;199;7;PALAZUELO DE BOÑAR;;;;;
17;24;199;8;VEGAQUEMADA;;;;;
17;24;201;1;CASTRILLO DEL CONDADO;;;;;
17;24;201;2;CASTRO DEL CONDADO;;;;;
17;24;201;3;CEREZALES DEL CONDADO;;;;;
17;24;201;5;REPRESA DEL CONDADO;;;;;
17;24;201;6;SAN CIPRIANO DEL CONDADO;;;;;
17;24;201;7;SAN VICENTE DEL CONDADO;;;;;
17;24;201;8;SANTA MARIA DEL CONDADO;;;;;
17;24;201;9;SECOS DEL CONDADO;;;;;
17;24;201;10;VEGAS DEL CONDADO;;;;;
17;24;201;12;VILLAMAYOR DEL CONDADO;;;;;
17;24;201;13;VILLANUEVA DEL CONDADO;;;;;
17;24;201;101;MORAL DEL CONDADO;;;;;
17;24;201;102;VILLAFRUELA DEL CONDADO;;;;0;
17;24;202;1;CABOALLES DE ABAJO;;;;;
17;24;202;2;CABOALLES DE ARRIBA;;;;;
17;24;202;3;LUMAJO;;;;;
17;24;202;4;LLAMAS DE LACIANA;;;;;
17;24;202;5;ORALLO;;;;;
17;24;202;6;RABANAL DE ABAJO;;;;;
17;24;202;7;RABANAL DE ARRIBA;;;;;
17;24;202;8;RIOSCURO;;;;;
17;24;202;9;ROBLES DE LACIANA;;;;;
17;24;202;10;SOSAS DE LACIANA;;;;;
17;24;202;11;VILLABLINO;;;;;
17;24;202;12;VILLAGER DE LACIANA;;;;;
17;24;202;13;EL VILLAR DE SANTIAGO;;;;;
17;24;202;14;VILLASECA DE LACIANA;;;;;
17;24;203;1;ALCUETAS;;;;;
17;24;203;2;FAFILAS;;;;;
17;24;203;3;VILLABRAZ;;;;;
17;24;205;1;CELADILLA DEL PARAMO;;;;;
17;24;205;2;FOJEDO DEL PARAMO;;;;;
17;24;205;3;VILLADANGOS DEL PARAMO;;;;;
17;24;206;2;OTERO;;;;;
17;24;206;5;TORAL DE LOS VADOS_;0301;B01;30;0;4717326
17;24;206;101;PARADELA DE ARRIBA;;;;;
17;24;206;102;PARADELA DEL RIO;;;;;
17;24;206;103;PENEDELO;;;;;
17;24;206;104;PEON;;;;;
17;24;206;105;VALIÑA;;;;;
17;24;206;201;IGLESIA DEL CAMPO;;;;;
17;24;206;202;SORRIBAS;;;;;
17;24;206;301;TORAL DE LOS VADOS;0301;B01;30;0;4717326
17;24;206;401;PARANDONES;;;;;
17;24;206;402;VILLADECANES;;;;0;
17;24;207;1;VILLADEMOR DE LA VEGA;;;;;
17;24;209;1;CAMPO DEL AGUA;;;;;
17;24;209;2;CELA;;;;;
17;24;209;3;LANDOIRO;;;;;
17;24;209;4;PARADASECA;;;;;
17;24;209;5;PARADIÑA;;;;;
17;24;209;6;POBLADURA DE SOMOZA;;;;;
17;24;209;7;PORCARIZAS;;;;;
17;24;209;8;PRADO DE PARADIÑAS;;;;;
17;24;209;9;PUENTE DE REY;;;;;
17;24;209;11;TEJEIRA;;;;;
17;24;209;12;VALTUILLE DE ABAJO;;;;;
17;24;209;13;VALTUILLE DE ARRIBA;;;;;
17;24;209;14;VEGUELLINA;;;;;
17;24;209;15;VILELA;;;;;
17;24;209;17;VILLAFRANCA DEL BIERZO;;;;;
17;24;209;18;VILLAR DE ACERO;;;;;
17;24;210;2;BRAÑUELAS;;;;;
17;24;210;3;CULEBROS;;;;;
17;24;210;4;MANZANAL DEL PUERTO;;;;;
17;24;210;5;MONTEALEGRE;;;;;
17;24;210;6;REQUEJO Y CORUS;;;;;
17;24;210;7;LA SILVA;;;;;
17;24;210;9;UCEDO;;;;;
17;24;210;10;VALBUENA DE LA ENCOMIENDA;;;;;
17;24;210;11;VILLAGATON;;;;;
17;24;210;101;LOS BARRIOS DE NISTOSO;;;;0;
17;24;210;102;TABLADAS;;;;;
17;24;210;103;VILLAR;;;;;
17;24;211;1;VILLAMANDOS;;;;;
17;24;211;2;VILLARRABINES;;;;;
17;24;212;1;BENAMARIEL;;;;;
17;24;212;4;VILLACE;;;;;
17;24;212;5;VILLAMAÑAN;;;;;
17;24;212;101;VILLACALVIEL;;;;;
17;24;212;102;SAN ESTEBAN;;;;;
17;24;213;1;VILLAMARTIN DE DON SANCHO;;;;;
17;24;214;1;CASTRILLO DE CEPEDA;;;;;
17;24;214;2;COGORDEROS;;;;;
17;24;214;3;FONTORIA DE CEPEDA;;;;;
17;24;214;4;QUINTANA DE FON;;;;;
17;24;214;5;REVILLA;;;;;
17;24;214;6;SUEROS DE CEPEDA;;;;;
17;24;214;7;VILLAMEJIL;;;;;
17;24;215;1;VILLACALABUEY;;;;;
17;24;215;2;VILLAMOL;;;;;
17;24;215;3;VILLAPECEÑIL;;;;;
17;24;216;1;FRESNO DE LA VALDUERNA;;;;;
17;24;216;2;MIÑAMBRES DE LA VALDUERNA;;;;;
17;24;216;3;POSADA DE LA VALDUERNA;;;;;
17;24;216;4;REDELGA DE LA VALDUERNA;;;;;
17;24;216;5;VALLE DE LA VALDUERNA;;;;;
17;24;216;6;VILLALIS DE LA VALDUERNA;;;;;
17;24;216;7;VILLAMONTAN DE LA VALDUERNA;;;;;
17;24;217;1;GRAJALEJO DE LAS MATAS;;;;;
17;24;217;2;VILLAMORATIEL DE LAS MATAS;;;;;
17;24;218;1;PALANQUINOS;;;;;
17;24;218;2;RIEGO DEL MONTE;;;;;
17;24;218;3;VILLACELAMA;;;;;
17;24;218;4;VILLANUEVA DE LAS MANZANAS;;;;;
17;24;219;1;BRIMEDA;;;;;
17;24;219;3;LA CARRERA;;;;;
17;24;219;4;OTERO DE ESCARPIZO;;;;;
17;24;219;5;VILLAOBISPO DE OTERO;;;0;0;0
17;24;219;6;VILLAOBISPO DE OTERO;;;;;
17;24;219;101;CARNEROS;;;;0;
17;24;219;102;SOPEÑA DE CARNEROS;;;;;
17;24;221;1;VILLAFER;;;;;
17;24;221;2;VILLAQUEJIDA;;;;;
17;24;222;1;CANALEJA;;;;;
17;24;222;2;CASTRILLINO;;;;;
17;24;222;3;NAVATEJERA;;;;;
17;24;222;4;ROBLEDO DE TORIO;;;;;
17;24;222;5;VILLAMOROS DE LAS REGUERAS;;;;;
17;24;222;6;VILLANUEVA DEL ARBOL;;;;;
17;24;222;7;VILLAOBISPO DE LAS REGUERAS;;;;;
17;24;222;8;VILLAQUILAMBRE;;;;;
17;24;222;9;VILLARRODRIGO DE LAS REGUERAS;;;;;
17;24;222;10;VILLASINTA DE TORIO;;;;;
17;24;223;1;ESTEBANEZ DE LA CALZADA;;;;;
17;24;223;2;VEGUELLINA DE ORBIGO;;;;;
17;24;223;3;VILLAREJO DE ORBIGO;;;;;
17;24;223;4;VILLORIA DE ORBIGO;;;;;
17;24;224;1;MORAL DE ORBIGO;;;;;
17;24;224;2;SAN FELIZ DE ORBIGO;;;;;
17;24;224;3;SANTIBAÑEZ DE VALDEIGLESIAS;;;;;
17;24;224;4;VALDEIGLESIAS;;;;;
17;24;224;5;VILLARES DE ORBIGO;;;;;
17;24;225;1;PALAZUELO DE ESLONZA;;;;;
17;24;225;2;VILLARENTE;;;;;
17;24;225;3;VALLE DE MANSILLA;;;;;
17;24;225;4;VEGA DE LOS ARBOLES;;;;;
17;24;225;5;VILLABURBULA;;;;;
17;24;225;6;VILLACONTILDE;;;;;
17;24;225;7;VILLAFALE;;;;;
17;24;225;8;VILLAFAÑE;;;;;
17;24;225;9;VILLASABARIEGO;;;;;
17;24;225;10;VILLIGUER;;;;;
17;24;225;11;VILLIMER;;;;;
17;24;226;1;ARCAYOS;;;;;
17;24;226;2;CASTROAÑE;;;;;
17;24;226;3;SANTA MARIA DEL RIO;;;;;
17;24;226;4;VALDAVIDA;;;;;
17;24;226;5;VILLACERAN;;;;;
17;24;226;6;VILLASELAN;;;;;
17;24;227;1;ALIJA DE LA RIBERA;;;;;
17;24;227;2;CASTRILLO DE LA RIBERA;;;;;
17;24;227;3;MANCILLEROS;;;;;
17;24;227;4;MARIALBA DE LA RIBERA;;;;;
17;24;227;5;MARNE;;;;;
17;24;227;6;RODEROS;;;;;
17;24;227;7;SAN JUSTO DE LAS REGUERAS;;;;;
17;24;227;8;SANTA OLAJA DE LA RIBERA;;;;;
17;24;227;9;TOLDANOS;;;;;
17;24;227;10;VALDESOGO DE ABAJO;;;;;
17;24;227;11;VALDESOGO DE ARRIBA;;;;;
17;24;227;12;VILLARROAÑE;;;;;
17;24;227;13;VILLATURIEL;;;;;
17;24;228;1;CASTRILLO DE SAN PELAYO;;;;;
17;24;228;2;HINOJO;;;;;
17;24;228;3;HUERGA DE FRAILES;;;;;
17;24;228;4;SAN PELAYO;;;;;
17;24;228;5;SANTA MARINICA;;;;;
17;24;228;6;VALDESANDINAS;;;;;
17;24;228;7;VILLAZALA;;;;;
17;24;229;1;CARBAJAL DE VALDERADUEY;;;;;
17;24;229;2;CASTRILLO DE VALDERADUEY;;;;;
17;24;229;3;MOZOS DE CEA;;;;;
17;24;229;4;RENEDO DE VALDERADUEY;;;;;
17;24;229;5;VALDESCAPA DE CEA;;;;;
17;24;229;6;VELILLA DE VALDERADUEY;;;;;
17;24;229;7;VILLADIEGO DE CEA;;;;;
17;24;229;8;VILLAVELASCO DE VALDERADUEY;;;;;
17;24;229;9;VILLAZANZO DE VALDERADUEY;;;;;
17;24;230;1;VILLAESTRIGO DEL PARAMO;;;;;
17;24;230;2;ZAMBRONCINOS DEL PARAMO;;;;;
17;24;230;3;ZOTES DEL PARAMO;;;;;
17;24;901;1;ARBAS DEL PUERTO;;;;;
17;24;901;2;BARRIO DE LA TERCIA;;;;;
17;24;901;3;BUSDONGO DE ARBAS;;;;;
17;24;901;4;CAMPLONGO DE ARBAS;;;;;
17;24;901;5;CASARES DE ARBAS;;;;;
17;24;901;6;CUBILLAS DE ARBAS;;;;;
17;24;901;7;FONTUN DE LA TERCIA;;;;;
17;24;901;8;GOLPEJAR DE LA TERCIA;;;;;
17;24;901;9;MILLARO DE LA TERCIA;;;;;
17;24;901;10;PENDILLA DE ARBAS;;;;;
17;24;901;11;POLADURA DE LA TERCIA;;;;;
17;24;901;12;RODIEZMO DE LA TERCIA;;;;;
17;24;901;13;SAN MARTIN DE LA TERCIA;;;;;
17;24;901;14;TONIN DE ARBAS;;;;;
17;24;901;15;VELILLA DE LA TERCIA;;;;;
17;24;901;16;VENTOSILLA DE LA TERCIA;;;;;
17;24;901;17;VIADANGOS DE ARBAS;;;;;
17;24;901;18;VILLAMANIN DE LA TERCIA;;;;;
17;24;901;19;VILLANUEVA DE LA TERCIA;;;;;
17;24;901;20;VILLAMANIN;;;;;
17;24;902;1;CASTROFUERTE;;;;;
17;24;902;2;VILLAORNATE;;;;;
17;24;999;0;NO DETERMINADA;;;;;
17;34;1;1;ABARCA DE CAMPOS;;;;;
17;34;3;1;ABIA DE LAS TORRES;;;;;
17;34;4;1;AGUILAR DE CAMPOO;;;;;
17;34;4;2;BARRIO DE SAN PEDRO;;;;;
17;34;4;3;BARRIO DE SANTA MARIA;;;;;
17;34;4;4;CABRIA;;;;;
17;34;4;5;CANDUELA;;;;;
17;34;4;6;CORDOVILLA DE AGUILAR;;;;;
17;34;4;7;CORVIO;;;;;
17;34;4;8;COZUELOS DE OJEDA;;;;;
17;34;4;9;FOLDADA;;;;;
17;34;4;10;GAMA;;;;;
17;34;4;11;LOMILLA;;;;;
17;34;4;12;MATALBANIEGA;;;;;
17;34;4;13;MATAMORISCA;;;;;
17;34;4;14;MAVE;;;;;
17;34;4;15;MENAZA;;;;;
17;34;4;16;NESTAR;;;;;
17;34;4;17;OLLEROS DE PISUERGA;;;;;
17;34;4;18;POZANCOS;;;;;
17;34;4;19;PUENTETOMA;;;;;
17;34;4;20;QUINTANAS DE HORMIGUERA;;;;;
17;34;4;21;SANTA MARIA DE MAVE;;;;;
17;34;4;22;VALDEGAMA;;;;;
17;34;4;23;VALORIA DE AGUILAR;;;;;
17;34;4;24;VALLESPINOSO DE AGUILAR;;;;;
17;34;4;25;VILLACIBIO;;;;;
17;34;4;26;VILLANUEVA DE HENARES;;;;;
17;34;4;27;VILLAVEGA DE AGUILAR;;;;;
17;34;4;28;EL GUIJERA;;;0;0;0
17;34;4;29;NAVAS DE SOBREMONTE;0501;M03;30;0;474319
17;34;4;30;QUINTANILLA DE CORVIO;0501;M02;30;0;4743573
17;34;5;1;ALAR DEL REY;;;;;
17;34;5;2;BECERRIL DEL CARPIO;;;;;
17;34;5;3;NOGALES DE PISUERGA;;;;;
17;34;5;4;SAN QUIRCE DEL RIO PISUERGA;;;;;
17;34;6;1;ALBA DE CERRATO;;;;;
17;34;9;1;AMAYUELAS DE ARRIBA;;;;;
17;34;10;1;AMPUDIA;;;;;
17;34;10;2;DEHESILLA;;;;;
17;34;10;3;ESQUILEO DE ABAJO;;;;;
17;34;10;4;ESQUILEP DE ARRIBA;;;;;
17;34;10;5;MONTE LA TORRE;;;;;
17;34;10;6;RAYACES;;;;;
17;34;10;7;VALDEBUSTOS;;;;;
17;34;10;8;VALORIA DEL ALCOR;;;;;
17;34;10;9;NUESTRA SEÑORA DE ALCONADA;;;;;
17;34;11;1;AMUSCO;;;;;
17;34;11;2;VALDESPINA;;;;;
17;34;12;1;ANTIGÜEDAD;;;;;
17;34;15;1;ARCONADA;;;;;
17;34;17;1;ASTUDILLO;;;;;
17;34;17;2;PALACIOS DEL ALCOR;;;;;
17;34;18;1;AUTILLA DEL PINO;;;;;
17;34;19;1;AUTILLO DE CAMPOS;;;;;
17;34;20;1;AYUELA;;;;;
17;34;22;1;BALTANAS;;;;;
17;34;22;2;VALDECAÑAS DE CERRATO;;;;;
17;34;23;1;BAÑOS DE CERRATO;;;;;
17;34;23;2;CEMENTOS HONTORIA;;;;;
17;34;23;3;VENTA DE BAÑOS;;;;;
17;34;24;1;BAQUERIN DE CAMPOS;;;;;
17;34;25;1;BARCENA DE CAMPOS;;;;;
17;34;27;1;BARRUELO DE SANTULLAN;;;;;
17;34;27;2;BUSTILLO DE SANTULLAN;;;;;
17;34;27;3;CILLAMAYOR;;;;;
17;34;27;4;MATABUENA;;;;;
17;34;27;5;NAVA DE SANTULLAN;;;;;
17;34;27;6;PORQUERA DE SANTULLAN;;;;;
17;34;27;7;REVILLA DE SANTULLAN;;;;;
17;34;27;8;SANTA MARIA DE NAVA;;;;;
17;34;27;9;VERBIOS;;;;;
17;34;27;10;VILLABELLACO;;;;;
17;34;27;11;VILLANUEVA DE LA TORRE;;;;;
17;34;28;1;BASCONES DE OJEDA;;;;;
17;34;29;1;BECERRIL DE CAMPOS;;;;;
17;34;31;1;BELMONTE DE CAMPOS;;;;;
17;34;32;1;BASCONES DE EBRO;;;;;
17;34;32;2;BERZOSILLA;;;;;
17;34;32;3;CUILLAS DEL VALLE;;;;;
17;34;32;4;OLLEROS DE PAREDES RUBIAS;;;;;
17;34;33;1;BOADA DE CAMPOS;;;;;
17;34;34;1;BOADILLA DEL CAMINO;;;;;
17;34;35;1;BOADILLA DE RIOSECO;;;;;
17;34;36;1;BRAÑOSERA;;;;;
17;34;36;2;ORBO;;;;;
17;34;36;3;SALCEDILLO;;;;;
17;34;36;4;VALBERZOSO;;;;;
17;34;36;5;VALLEJO DE ORBO;;;;;
17;34;37;1;ARENILLAS DE SAN PELAYO;;;;;
17;34;37;2;BARRIOSUSO;;;;;
17;34;37;3;BUENAVISTA DE VALDAVIA;;;;;
17;34;37;4;POLVOROSA DE VALDAVIA;;;;;
17;34;37;5;RENEDO DE VALDAVIA;;;;;
17;34;38;1;BUSTILLO DE LA VEGA;;;;;
17;34;38;2;LAGUNILLA DE LA VEGA;;;;;
17;34;39;1;BUSTILLO DEL PÁRAMO DE CARRION;;;;;
17;34;41;1;CALAHORRA DE BOEDO;;;;;
17;34;42;1;CALZADA DE LOS MOLINOS;;;;;
17;34;45;1;CAPILLAS;;;;;
17;34;46;1;CARDEÑOSA DE VOLPEJERA;;;;;
17;34;47;1;CARRION DE LOS CONDES;;;;;
17;34;47;2;TORRE DE LOS MOLINOS;;;;;
17;34;48;1;CASTIL DE VELA;;;;;
17;34;49;1;CANTORAL DE LA PEÑA;;;;;
17;34;49;2;CASTREJON DE LA PEÑA;;;;;
17;34;49;3;CUBILLO DE CASTREJON;;;;;
17;34;49;4;LOMA DE CASTREJON;;;;;
17;34;49;5;PISON DE CASTREJON;;;;;
17;34;49;6;RECUEVA DE LA PEÑA;;;;;
17;34;49;7;ROSCALES DE LA PEÑA;;;;;
17;34;49;8;TRASPEÑA DE LA PEÑA;;;;;
17;34;49;9;VILLANUEVA DE LA PEÑA;;;;;
17;34;49;10;BOEDO DE CASTREJON;;;;;
17;34;50;1;CASTRILLO DE DON JUAN;;;;;
17;34;51;1;CASTRILLO DE ONIELO;;;;;
17;34;52;1;CASTRILLO DE VILLAVEGA;;;;;
17;34;53;1;CASTROMOCHO;;;;;
17;34;55;1;CALZADILLA DE LA CUEZA;;;;;
17;34;55;2;CERVATOS DE LA CUEZA;;;;;
17;34;55;3;QUINTANILLA DE LA CUEZA;;;;;
17;34;56;1;ARBEJAL;;;;;
17;34;56;2;BARCENILLA DE PISUERGA;;;;;
17;34;56;3;CELADA DE ROBLECEDO;;;;;
17;34;56;4;CERVERA DE PISUERGA;;;;;
17;34;56;5;CUBILLO DE OJEDA;;;;;
17;34;56;6;ESTALAYA;;;;;
17;34;56;7;GRAMEDO;;;;;
17;34;56;8;HERRERUELA DE CASTILLERIA;;;;;
17;34;56;9;LIGUERZANA;;;;;
17;34;56;10;PERAZANCAS DE OJEDA;;;;;
17;34;56;11;QUINTANALUENGOS;;;;;
17;34;56;12;REBANAL DE LAS LLANTAS;;;;;
17;34;56;13;RABANAL DE LOS CABALLEROS;;;;;
17;34;56;14;RESOBA;;;;;
17;34;56;15;RUEDA DE PISUERGA;;;;;
17;34;56;16;RUESGA;;;;;
17;34;56;17;SAN FELICES DE CASTILLERIA;;;;;
17;34;56;18;SAN MARTIN DE LOS HERREROS;;;;;
17;34;56;19;SANTIBAÑEZ DE RESOBA;;;;;
17;34;56;20;VALSADORNIN;;;;;
17;34;56;21;VALLESPINOSO DE CERVERA;;;;;
17;34;56;22;BAÑES;;;;;
17;34;56;23;VENTANILLA;;;;;
17;34;56;24;VERDEÑA;;;;;
17;34;57;1;CEVICO DE LA TORRE;;;;;
17;34;58;1;CEVICO NAVERO;;;;;
17;34;59;1;CISNEROS;;;;;
17;34;60;1;COBOS DE CERRATO;;;;;
17;34;61;1;COLLAZOS DE BOEDO;;;;;
17;34;61;2;OTEROS DE BOEDO;;;;;
17;34;62;1;CONGOSTO DE VALDAVIA;;;;;
17;34;62;2;CORNONCILLO;;;;;
17;34;62;3;VILLANUEVA DE ABAJO;;;;;
17;34;63;1;CORDOVILLA LA REAL;;;;;
17;34;63;2;DEHESA DE CORDOVILLA;;;;;
17;34;63;3;DEHESA DE MATANZAS;;;;;
17;34;63;4;DEHESA DE VILLANDRANDO;;;;;
17;34;63;5;DEHESA DE SAN SALVADOR DEL MORAL;;;;;
17;34;66;1;CUBILLAS DE CERRATO;;;;;
17;34;67;1;COLMENARES DE OJEDA;;;;;
17;34;67;2;DEHESA DE MONTEJO;;;;;
17;34;67;3;LA ESTACION;;;;;
17;34;67;4;VADO;;;;;
17;34;68;1;DEHESA DE ROMANOS;;;;;
17;34;69;1;DUEÑAS;;;;;
17;34;69;2;SAN ISIDRO DE DUEÑAS;;;;;
17;34;69;3;ZONA RESIDENCIAL CAMPONECHA;;;;;
17;34;70;1;ESPINOSA DE CERRATO;;;;;
17;34;71;1;ESPINOSA DE VILLAGONZALO;;;;;
17;34;72;1;FRECHILLA;;;;;
17;34;73;1;FRESNO DEL RIO;;;;;
17;34;74;1;FROMISTA;;;;;
17;34;76;1;FUENTES DE NAVA;;;;;
17;34;77;1;FUENTES DE VALDEPERO;;;;;
17;34;79;1;GRIJOTA;;;;;
17;34;80;1;GUARDO;;;;;
17;34;80;2;INTORCISA;;;;;
17;34;80;3;MUÑECA;;;;;
17;34;80;4;SAN PEDRO DE CANSOLES;;;;;
17;34;81;1;GUAZA DE CAMPOS;;;;;
17;34;82;1;HERMEDES DE CERRATO;;;;;
17;34;83;1;HERRERA DE PISUERGA;;;;;
17;34;83;2;NAVEROS DE PISUERGA;;;;;
17;34;83;3;OLMOS DE PISUERGA;;;;;
17;34;83;4;VENTOSA DE PISUERGA;;;;;
17;34;83;5;VILLABERMUDO;;;;;
17;34;84;1;HERRERA DE VALDECAÑAS;;;;;
17;34;86;1;HONTORIA DE CERRATO;;;;;
17;34;87;1;HORNILLOS DE CERRATO;;;;;
17;34;88;1;HUSILLOS;;;;;
17;34;89;1;ITERO DE LA VEGA;;;;;
17;34;91;1;LAGARTOS;;;;;
17;34;91;2;TERRADILLOS DE LOS TEMPLARIOS;;;;;
17;34;91;3;VILLAMBRAN DE CEA;;;0;0;0
17;34;92;1;LANTADILLA;;;;;
17;34;93;1;LA VID DE OJEDA;;;;;
17;34;94;1;LEDIGOS;;;;;
17;34;96;1;LOMAS;;;;;
17;34;98;1;MAGAZ DE PISUERGA;;;;;
17;34;99;1;MANQUILLOS;;;;;
17;34;100;1;MANTINOS;;;;;
17;34;101;1;MARCILLA DE CAMPOS;;;;;
17;34;102;1;MAZARIEGOS;;;;;
17;34;103;1;MAZUECOS DE VALDEGINATE;;;;;
17;34;104;1;MELGAR DE YUSO;;;;;
17;34;106;1;MENESES DE CAMPOS;;;;;
17;34;107;1;BERZOSA DE LOS HIDALGOS;;;;;
17;34;107;2;MICIECES DE OJEDA;;;;;
17;34;108;1;MONZON DE CAMPOS;;;;;
17;34;108;2;VILLAJIMENA;;;;;
17;34;109;1;MORATINOS;;;;;
17;34;109;2;SAN NICOLAS DEL REAL CAMINO;;;;;
17;34;110;1;MUDA;;;;;
17;34;112;1;NOGAL DE LAS HUERTAS;;;;;
17;34;112;2;POBLACION DE SOTO;;;;;
17;34;113;1;OLEA DE BOEDO;;;;;
17;34;114;1;AMAYUELAS DE OJEDA;;;;;
17;34;114;2;MOARVES DE OJEDA;;;;;
17;34;114;3;MONTOTO DE OJEDA;;;;;
17;34;114;4;OLMOS DE OJEDA;;;;;
17;34;114;5;QUINTANAELLO DE OJEDA;;;;;
17;34;114;6;SAN PEDRO DE OJEDA;;;;;
17;34;114;7;VEGA DE BUR;;;;;
17;34;114;8;VILLAVEGA DE OJEDA;;;;;
17;34;114;9;PISON DE OJEDA;;;;;
17;34;116;1;OSORNILLO;;;;;
17;34;120;1;PALENCIA;;;;;
17;34;120;2;PAREDES DE MONTE;;;;;
17;34;121;1;PALENZUELA;;;;;
17;34;122;1;PARAMO DE BOEDO;;;;;
17;34;122;2;VILLANECERIEL DE BOEDO;;;;;
17;34;122;3;ZORITA DEL PARAMO;;;;;
17;34;123;1;PAREDES DE NAVA;;;;;
17;34;124;1;PAYO DE OJEDA;;;;;
17;34;125;1;PEDRAZA DE CAMPOS;;;;;
17;34;126;1;GAÑINAS DE LA VEGA;;;;;
17;34;126;2;LOBERA DE LA VEGA;;;;;
17;34;126;3;PEDROSA DE LA VEGA;;;;;
17;34;126;4;VILLARRODRIGO DE LA VEGA;;;;;
17;34;127;1;PERALES;;;;;
17;34;127;2;VILLAFRUELA;;;;;
17;34;127;3;VILLALDAVIN;;;;;
17;34;129;1;CELADILLA DEL RIO;;;;;
17;34;129;2;PINO DEL RIO;;;;;
17;34;130;1;PIÑA DE CAMPOS;;;;;
17;34;131;1;ARROYO;;;;;
17;34;131;2;POBLACION DE ARROYO;;;;;
17;34;132;1;POBLACION DE CAMPOS;;;;;
17;34;133;1;POBALCION DE CERRATO;;;;;
17;34;134;1;POLENTINOS;;;;;
17;34;135;1;BASCONES DE VALDIVIA;;;;;
17;34;135;2;CAMESA DE VALDIVIA;;;;;
17;34;135;3;CEZURA;;;;;
17;34;135;4;HELECHA DE VALDIVIA;;;;;
17;34;135;5;LASTRILLA;;;;;
17;34;135;6;POMAR DE VALDIVIA;;;;;
17;34;135;7;PORQUERA DE LOS INFANTES;;;;;
17;34;135;8;QUINTANILLA DE LAS TORRES;;;;;
17;34;135;9;REBOLLEDO DE LA INERA;;;;;
17;34;135;10;RESPENDA DE AGUILAR;;;;;
17;34;135;11;REVILLA DE POMAR;;;;;
17;34;135;12;VILLAESCUSA DE LAS TORRES;;;;;
17;34;135;13;VILLALLANO;;;;;
17;34;135;14;VILLAREN DE VALDIVIA;;;;;
17;34;136;1;POZA DE LA VEGA;;;;;
17;34;137;1;POZO DE URAMA;;;;;
17;34;139;1;PRADANOS DE OJEDA;;;;;
17;34;140;1;LA PUEBLA DE VALDAVIA;;;;;
17;34;140;2;EL BARRIO DE LA PUEBLA;;;;;
17;34;141;1;COLONIA MILITAR INFANTIL GENERAL VARELA;;;;;
17;34;141;2;QUINTANA DEL PUENTE;;;;;
17;34;143;1;PORTILLEJO;;;;;
17;34;143;2;QUINTANILLA DE ONSOÑA;;;;;
17;34;143;3;VELILLAS DEL DUQUE;;;;;
17;34;143;4;VILLANTODRIGO;;;;;
17;34;143;5;VILLAPROVIANO;;;;;
17;34;143;6;VILLARMIENZO;;;;;
17;34;146;1;REINOSO DE CERRATO;;;;;
17;34;147;1;ALBALA DE LA VEGA;;;;;
17;34;147;2;MOSLARES DE LA VEGA;;;;;
17;34;147;3;RENEDO DE LA VEGA;;;;;
17;34;147;4;SANTILLAN DE LA VEGA;;;;;
17;34;149;1;REQUENA DE CAMPOS;;;;;
17;34;151;1;BAÑOS DE LA PEÑA;;;;;
17;34;151;2;BARAJORES;;;;;
17;34;151;3;FONTECHA;;;;;
17;34;151;4;RESPENDA DE LA PEÑA;;;;;
17;34;151;5;RIOSMENUDOS DE LA PEÑA;;;;;
17;34;151;6;SANTANA;;;;;
17;34;151;7;VEGA DE RIACOS;;;;;
17;34;152;1;REVENGA DE CAMPOS;;;;;
17;34;154;1;REVILLA DE COLLAZOS;;;;;
17;34;155;1;RIBAS DE CAMPOS;;;;;
17;34;156;1;RIBEROS DE LA CUEZA;;;;;
17;34;157;1;CARBONERA;;;;;
17;34;157;2;MEMBRILLAR;;;;;
17;34;157;3;RELEA DE LA LOMA;;;;;
17;34;157;4;RENEDO DEL MONTE;;;;;
17;34;157;5;SALDAÑA;;;;;
17;34;157;6;SAN MARTIN DEL OBISPO;;;;;
17;34;157;7;VALCABADILLO;;;;;
17;34;157;8;VALENOSO;;;;;
17;34;157;9;VEGA DE DOÑA OLIMPA;;;;;
17;34;157;10;VILLAFRUEL;;;;;
17;34;157;11;VILLALAFUENTE;;;;;
17;34;157;12;VILLANUEVA DEL MONTE;;;;;
17;34;157;13;VILLASUR;;;;;
17;34;157;14;VILLORQUITE DEL PARAMO;;;;;
17;34;158;1;MONASTERIO;;;;;
17;34;158;2;RENEDO DE ZALIMA;;;;;
17;34;158;3;SALINAS DE PISUERGA;;;;;
17;34;158;4;SAN MAMES DE ZALIMA;;;;;
17;34;159;1;AMAYUELAS DE ABAJO;;;;;
17;34;159;2;SAN CEBRIAN DE CAMPOS;;;;;
17;34;160;1;PERAPERTU;;;;;
17;34;160;2;SAN CEBRIAN DE MUDA;;;;;
17;34;160;3;SAN MARTIN DE PERAPERTU;;;;;
17;34;160;4;VALLE DE SANTUALLAN;;;;;
17;34;160;5;VEGAÑO;;;;;
17;34;161;1;SAN CRISTOBAL DE BOEDO;;;;;
17;34;163;1;SAN MAMES DE CAMPOS;;;;;
17;34;165;1;SAN ROMAN DE LA CUBA;;;;;
17;34;167;1;SANTA CECILIA DEL ALCOR;;;;;
17;34;168;1;HIJOSA DE BOEDO;;;;;
17;34;168;2;SANTA CRUZ DE BOEDO;;;;;
17;34;169;1;SANTERVAS DE LA VEGA;;;;;
17;34;169;2;VILLAPUN;;;;;
17;34;169;3;VILLARROBEJO;;;;;
17;34;170;1;SAN ANDRES DE ARROYO;;;;;
17;34;170;2;SANTIBAÑEZ DE ECLA;;;;;
17;34;170;3;VILLAESCUSA DE ECLA;;;;;
17;34;171;1;AVIÑANTE DE LA PEÑA;;;;;
17;34;171;2;CORNON DE LA PEÑA;;;;;
17;34;171;3;LAS HERAS DE LA PEÑA;;;;;
17;34;171;4;PINO DE VIDUERNA;;;;;
17;34;171;5;SANTIBAÑEZ DE LA PEÑA;;;;;
17;34;171;6;TARILONTE DE LA PEÑA;;;;;
17;34;171;7;VELILLA DE TARILONTE;;;;;
17;34;171;8;VIDUERNA DE LA PEÑA;;;;;
17;34;171;9;VILLAFRIA DE LA PEÑA;;;;;
17;34;171;10;VILLALBETO DE LA PEÑA;;;;;
17;34;171;11;VILLANUEVA DE ARRIBA;;;;;
17;34;171;12;VILLAOLIVA DE LA PEÑA;;;;;
17;34;171;13;VILLAVERDE LA PEÑA;;;;;
17;34;174;1;SANTIAGO DEL VAL;;;;;
17;34;174;2;SANTOYO;;;;;
17;34;175;1;LA SERNA;;;;;
17;34;176;1;ZOTILLO DE BOEDO;;;;;
17;34;176;2;SOTOBAÑADO Y PRIORATO;;;;;
17;34;177;1;SOTO DE CERRATO;;;;;
17;34;178;1;TABANERA DE CERRATO;;;;;
17;34;179;1;TABANERA DE VALDIVIA;;;;;
17;34;180;1;TAMARA DE CAMPOS;;;;;
17;34;181;1;TARIEGO DE CERRATO;;;;;
17;34;182;1;TORQUEMADA;;;;;
17;34;184;1;TORREMORMOJON;;;;;
17;34;185;1;LA LASTRA;;;;;
17;34;185;2;TRIOLLO;;;;;
17;34;185;3;VIDRIEROS;;;;;
17;34;186;1;SAN CEBRIAN DE BUENA MADRE;;;;;
17;34;186;2;VALBUENA DE PISUERGA;;;;;
17;34;189;1;VALDEOLMILLOS;;;;;
17;34;190;1;VALDERRABANO;;;;;
17;34;190;2;VALLES DE VALDAVIA;;;;;
17;34;192;1;MIÑANES;;;;;
17;34;192;2;ROBALDILLO DE UCIEZA;;;;;
17;34;192;3;VILLAMORCO;;;;;
17;34;192;4;VILLASABARIEGO DE UCIEZA;;;;;
17;34;196;1;VALLE DE CERRATO;;;;;
17;34;199;1;ALBA DE LOS CARDAÑOS;;;;;
17;34;199;2;CAMPORREDONDO DE ALBA;;;;;
17;34;199;3;CARDAÑO DE ABAJO;;;;;
17;34;199;4;CARDAÑO DE ARRIBA;;;;;
17;34;199;5;OTERO DE AGUADO;;;;;
17;34;199;6;VELILLA DEL RIO CARRION;;;;;
17;34;199;7;VALCOBERO;;;;;
17;34;201;1;VERTAVILLO;;;;;
17;34;202;1;VILLABASTA DE VALDAVIA;;;;;
17;34;204;1;VILLACIDALER;;;;;
17;34;205;1;VILLACONANCIO;;;;;
17;34;206;1;POZUELOS DEL REY;;;;;
17;34;206;2;VILLADA;;;;;
17;34;206;3;VILLELGA;;;;;
17;34;206;4;VILLEMAR;;;;;
17;34;208;1;VILLAELES DE VALDAVIA;;;;;
17;34;210;1;VILLAHAN;;;;;
17;34;211;1;FUENTE - ANDRINO;;;;;
17;34;211;2;VILLAHERREROS;;;;;
17;34;213;1;VILLALACO;;;;;
17;34;214;1;VILLALBA DE GUARDO;;;;;
17;34;215;1;VILLALCAZAR DE SIRGA;;;;;
17;34;216;1;VILLALCON;;;;;
17;34;217;1;VILLALOBON;;;;;
17;34;218;1;BARRIOS DE LA VEGA;;;;;
17;34;218;2;QUINTANADIEZ DE LA VEGA;;;;;
17;34;218;3;SANTA OLAJA DE LA VEGA;;;;;
17;34;218;4;VILLALUENGA DE LA VEGA;;;;;
17;34;220;1;REVILLA DE CAMPOS;;;;;
17;34;220;2;VILLAMARTIN DE CAMPOS;;;;;
17;34;221;1;VILLAMEDIANA;;;;;
17;34;222;1;CEMBRERO;;;;;
17;34;222;2;SAN MARTIN DEL MONTE;;;;;
17;34;222;3;SANTA CRUZ DEL MONTE;;;;;
17;34;222;4;VILLAMERIEL;;;;;
17;34;222;5;VILLORQUITE DE HERRERA;;;;;
17;34;223;1;VILLAMORONTA;;;;;
17;34;224;1;VILLAMUERA DE LA CUEZA;;;;;
17;34;225;1;CALABANZANOS;;;;;
17;34;225;2;CIUDAD JARDIN VIRGEN DEL MILAGRO;;;;;
17;34;225;3;LOS OLMILLOS;;;;;
17;34;225;4;VILLAMURIEL DE CERRATO;;;;;
17;34;227;1;VILLANUEVA DEL REBOLLAR;;;;;
17;34;228;1;ARENILLAS DE NUÑO PEREZ;;;;;
17;34;228;2;VILLANUÑO DE VALDAVIA;;;;;
17;34;229;1;VILLAPROVEDO;;;;;
17;34;230;1;VILLARMENTERO DE CAMPOS;;;;;
17;34;231;1;SAN LLORENTE DEL PARAMO;;;;;
17;34;231;2;SAN MARTIN DEL VALLE;;;;;
17;34;231;3;VILLAMBROZ;;;;;
17;34;231;4;VILLARRABE;;;;;
17;34;232;1;VILLARRAMIEL;;;;;
17;34;233;1;VILLASARRACINO;;;;;
17;34;234;1;VILLAMELENDRO;;;;;
17;34;234;2;VILLASILA DE VALDAVIA;;;;;
17;34;236;1;VILLACUENDE;;;;;
17;34;236;2;VILLANUEVA DE LOS NABOS;;;;;
17;34;236;3;VILLATURDE;;;;;
17;34;236;4;VILLOTILLA;;;;;
17;34;237;1;CASCON DE LA NAVA;;;;;
17;34;237;2;VILLAUMBRALES;;;0;0;0
17;34;238;1;VILLAVIUDAS;;;;;
17;34;240;1;VILLERIAS DE CAMPOS;;;;;
17;34;241;1;VILLODRE;;;;;
17;34;242;1;VILLODRIGO;;;;;
17;34;243;1;CASTRILLEJO DE LA OLMA;;;;;
17;34;243;2;VILLANUEVA DEL RIO;;;;;
17;34;243;3;VILLOLDO;;;;;
17;34;245;1;ACERA DE LA VEGA;;;;;
17;34;245;2;SAN ANDRES DE LA REGLA;;;;;
17;34;245;3;VILLOSILLA DE LA VEGA;;;;;
17;34;245;4;VILLOTA DEL PARAMO;;;;;
17;34;246;1;VILLOVIECO;;;;;
17;34;901;1;LAS CABAÑAS DE CASTILLA;;;;;
17;34;901;2;OSORNO;;;;;
17;34;901;3;SANTILLANA DE CAMPOS;;;;;
17;34;901;4;VILLADIEZMA;;;;;
17;34;902;1;ABASTAS;;;;;
17;34;902;2;ABASTILLAS;;;;;
17;34;902;3;AÑOZA;;;;;
17;34;902;4;VILLALUMBROSO;;;;;
17;34;902;5;VILLATOQUITE;;;;;
17;34;903;1;BAHILLO;;;;;
17;34;903;2;GOZON DE UCIEZA;;;;;
17;34;903;3;ITERO SECO;;;;;
17;34;903;4;VILLOTA DEL DUQUE;;;;;
17;34;904;1;AREÑOS;;;;;
17;34;904;2;CAMASOBRES;;;;;
17;34;904;3;EL CAMPO;;;;;
17;34;904;4;CASAVEGAS;;;;;
17;34;904;5;LEBANZA;;;;;
17;34;904;6;LORES;;;;;
17;34;904;7;LOS LLAZOS;;;;;
17;34;904;8;PIEDRASLUENGAS;;;;;
17;34;904;9;SAN JUAN DE REDONDO;;;;;
17;34;904;10;SAN SALVADOR DE CANTAMUDA;;;;;
17;34;904;11;SANTA MARIA DE REDONDO;;;;;
17;34;904;12;TREMAYA;;;;;
17;34;999;0;NO DETERMINADA;;;;;
17;37;1;1;ABUSEJO;;;;;
17;37;2;1;AGALLAS;;;;;
17;37;2;2;VEGAS DE DOMINGO REY;;;;;
17;37;3;1;AHIGAL DE LOS ACEITEROS;;;;;
17;37;4;1;AHIGAL DE VILLARINO;;;;;
17;37;5;1;LA ALAMEDA DE GARDON;;;;;
17;37;6;1;LA ALAMEDILLA;;;;;
17;37;7;1;ALARAZ;;;;;
17;37;7;2;GARCIGRANDE;;;;;
17;37;8;1;ALBA DE TORMES;;;;;
17;37;8;2;AMATOS DE ALBA;;;;;
17;37;8;3;PALOMARES DE ALBA;;;;;
17;37;8;4;TORREJON DE ALBA;;;;;
17;37;8;5;EL PINAR DE ALBA;;;;;
17;37;9;1;ALBA DE YELTES;;;;;
17;37;9;2;EL MEJORITO;;;;;
17;37;10;1;LA ALBERCA;;;;;
17;37;10;2;LAS BATUECAS;;;;;
17;37;10;3;PRADO CARRERAS;;;;;
17;37;11;1;LA ALBERGUERIA DE ARGAÑAN;;;;;
17;37;12;1;ALCONADA;;;;;
17;37;12;2;SAN VICENTE;;;;;
17;37;13;1;ALDEACIPRESTE;;;;;
17;37;13;2;VALBUENA;;;;;
17;37;14;1;ALDEADÁVILA DE LA RIBERA;;;;;
17;37;14;2;CORPORARIO;;;;;
17;37;14;3;SALTO DE ALDEADÁVILA;;;;;
17;37;15;1;ALDEA DEL OBISPO;;;;;
17;37;15;2;CASTILLEJO DE DOS CARAS;;;;;
17;37;16;1;ALDEALENGUA;;;;;
17;37;17;1;ALDEANUEVA DE FIGUEROA;;;;;
17;37;17;2;CABEZA BARAJAS;;;;;
17;37;17;3;LAGUNAS RUBIAS;;;;;
17;37;17;4;TARAGUDO;;;;;
17;37;18;1;ALDEANUEVA DE LA SIERRA;;;;;
17;37;19;1;ALDEARRODRIGO;;;;;
17;37;20;1;ALDEARRUBIA;;;;;
17;37;21;1;ALDEASECA DE ALBA;;;;;
17;37;22;1;ALDEASECA DE LA FRONTERA;;;;;
17;37;23;1;ALDEATEJADA;;;;;
17;37;23;2;MONTALVO PRIMERO;;;;;
17;37;23;3;OTERO VACIADORES;;;;;
17;37;23;4;PORQUERIZOS;;;;;
17;37;23;5;SALVADORIQUE;;;;;
17;37;23;6;SANCHOVIEJO;;;;;
17;37;23;7;VISTAHERMOSA;;;;;
17;37;23;8;LOS HOYOS;;;;;
17;37;23;9;MONTALVO MAYOR;;;;;
17;37;23;10;LAS PEÑAS;;;;;
17;37;23;11;EL SOTO;;;;;
17;37;23;12;TESO DEL CERCADO;;;;;
17;37;23;13;VILLA BENITO;;;;;
17;37;23;14;FINCA LA CORDILLERA;;;;;
17;37;24;1;ALDEAVIEJA DE TORMES;;;;;
17;37;25;1;ALDEHUELA DE LA BÓVEDA;;;;;
17;37;25;2;CASTRO ENRIQUEZ;;;;;
17;37;25;3;CUARTO DE SANCHEZ ARJONA;;;;;
17;37;25;4;CUARTO DEL PILAR;;;;;
17;37;25;5;LA ESTACIÓN;;;;;
17;37;25;6;RODASVIEJAS;;;;;
17;37;25;7;SANCHOBUENO;;;;;
17;37;25;8;SEBASTIÁN RUBIO;;;;;
17;37;25;9;TEJADILLO;;;;;
17;37;25;10;VILLAR DE LOS ÁLAMOS;;;;;
17;37;26;1;ALDEHUELA DE TORMES;;;;;
17;37;27;1;ALMENARA DE TORMES;;;;;
17;37;28;1;ALMENDRA;;;;;
17;37;29;1;ANAYA DE ALBA;;;;;
17;37;29;2;GALINDO BEJAR;;;;;
17;37;29;3;HERREZUELO;;;;;
17;37;29;4;NARRILLOS;;;;;
17;37;29;5;SAMBELLIN;;;;;
17;37;30;1;AÑOVER DE TORMES;;;;;
17;37;30;3;PALACINOS;;;;;
17;37;31;1;ARABAYONA DE MOGICA;;;;;
17;37;32;1;ARAPILES;;;;;
17;37;32;4;OREJUDOS;;;;;
17;37;32;5;LA PINILLA;;;;;
17;37;32;6;LAS TORRES;;;;;
17;37;32;7;EL VENTORRO;;;;;
17;37;33;1;ARCEDIANO;;;;;
17;37;34;1;EL ARCO;;;;;
17;37;35;1;ARMENTEROS;;;;;
17;37;35;2;IÑIGO BLASCO;;;;;
17;37;35;3;NAVAHOMBELA;;;;;
17;37;35;4;PERO FUERTES;;;;;
17;37;35;5;REVALVOS;;;;;
17;37;35;6;REVILLA DE CODES;;;;;
17;37;36;1;SAN MIGUEL DE ROBLEDO;;;;;
17;37;37;1;LA ATALAYA;;;;;
17;37;38;1;BABILAFUENTE;;;;;
17;37;38;2;BALNEARIO;;;;;
17;37;39;1;BAÑOBAREZ;;;;;
17;37;40;1;BARBADILLO;;;;;
17;37;40;5;CASTREJÓN;;;;;
17;37;40;9;GEJO DE DOÑA MENCIA;;;;;
17;37;40;11;MUÑOVELA;;;;;
17;37;40;18;VALVERDE DE VALMUZA;;;;;
17;37;40;20;CARRASCALINO;;;;;
17;37;41;1;ALCAZAREN;;;;;
17;37;41;2;BARBALOS;;;;;
17;37;41;3;CORRAL DE GARCIÑIGO;;;;;
17;37;41;4;GARCIÑIGO;;;;;
17;37;41;5;HONDURA;;;;;
17;37;41;6;MORALEJA DE HUEBRA;;;;;
17;37;42;1;BARCEINO;;;;;
17;37;42;2;BARCEO;;;;;
17;37;44;1;BARRUECOPARDO;;;;;
17;37;45;1;LA BASTIDA;;;;;
17;37;46;1;BEJAR;;;;;
17;37;46;2;FUENTEBUENA;;;;;
17;37;46;5;PALOMARES;;;;;
17;37;46;7;VALDESANGIL;;;;;
17;37;47;1;BELEÑA;;;;;
17;37;47;2;MATASECA;;;;;
17;37;47;3;LA MATILLA;;;;;
17;37;47;4;SANCHOTUERTO;;;;;
17;37;47;5;SAYAGUENTE;;;;;
17;37;49;1;BERMELLAR;;;;;
17;37;50;1;BERROCAL DE HUEBRA;;;;;
17;37;50;2;COCA DE HUEBRA;;;;;
17;37;50;3;COQUILLA DE HUEBRA;;;;;
17;37;50;4;DOMINGO SEÑOR;;;;;
17;37;50;5;GALLINERO DE HUEBRA;;;;;
17;37;50;6;TORRE DE VELAYOS;;;;;
17;37;50;7;VILLAR DEL PROFETA;;;;;
17;37;51;1;BERROCAL DE SALVATIERRA;;;;;
17;37;51;2;LAS DEHESILLAS;;;;;
17;37;51;3;LOS RECIOS;;;;;
17;37;52;1;BOADA;;;;;
17;37;52;2;PORCIONES;;;;;
17;37;54;1;ALDEALBA DE HORTACES;;;;;
17;37;54;2;LOS BODON;;;;;
17;37;54;3;COLLADO DE MALVARIN;;;;;
17;37;54;4;MELIMBRAZOS;;;;;
17;37;54;5;PASCUALARINA;;;;;
17;37;55;1;BOGAJO;;;;;
17;37;56;1;LA BOUZA;;;;;
17;37;57;1;BOVEDA DEL RIO ALMAR;;;;;
17;37;58;1;BRINCONES;;;;;
17;37;59;1;ALDEADAVILA DE REVILLA;;;;;
17;37;59;2;BUENAMADRE;;;;;
17;37;59;3;LOS CAMPOS;;;;;
17;37;60;1;BUENAVISTA;;;;;
17;37;60;2;CALOCO;;;;;
17;37;60;3;COTO DE DON LUIS;;;;;
17;37;60;4;LOS MAJADALES;;;;;
17;37;60;5;TERRADOS;;;;;
17;37;60;6;VAQUERIL;;;;;
17;37;60;7;CUATRO CALZADAS;;;;;
17;37;61;1;EL CABACO;;;;;
17;37;61;2;PEÑA DE FRANCIA;;;;;
17;37;61;3;ZARZOSO;;;;;
17;37;62;1;CABEZABELLOSA DE LA CALZADA;;;;;
17;37;63;1;LA CABEZA DE BEJAR;;;;;
17;37;65;1;CABEZA DEL CABALLO;;;;;
17;37;65;2;FUENTES DE MASUECO;;;;;
17;37;67;1;ALDEHUELA DE LOS GUZMANES;;;;;
17;37;67;2;ARENAL DEL ANGEL;;;;;
17;37;67;4;CABRERIZOS;;;;;
17;37;67;7;CASABLANCA;;;;;
17;37;67;8;LA FLECHA;;;;;
17;37;67;9;LA GARCESA;;;;;
17;37;67;10;LA GRANJA;;;;;
17;37;67;12;VIVERO FORESTAL;;;;;
17;37;67;13;LAS DUNAS;;;;;
17;37;68;1;CABRILLAS;;;;;
17;37;69;1;AMATOS;;;;;
17;37;69;2;CALVARRASA DE ABAJO;;;;;
17;37;69;3;LOS ARENALES;;;;;
17;37;69;4;LA CABEZUELA;;;;;
17;37;69;5;VALDECARRETAS;;;;;
17;37;69;6;EL SALINAR;;;;;
17;37;70;1;CALVARRASA DE ARRIBA;;;;;
17;37;71;1;LA CALZADA DE BEJAR;;;;;
17;37;72;1;CALZADA DE DON DIEGO;;;;;
17;37;72;2;CARNERO;;;;;
17;37;72;3;LA ESTACION;;;;;
17;37;72;4;EL TEJADO;;;;;
17;37;72;5;EL VECINO;;;;;
17;37;73;1;CALZADA DE VALDUNCIEL;;;;;
17;37;74;1;CAMPILLO DE AZABA;;;;;
17;37;77;1;ALDEAYUSTE;;;;;
17;37;77;2;EL CAMPO DE PEÑARANDA;;;;;
17;37;77;3;RIOLOBOS;;;;;
17;37;78;1;CANDELARIO;;;;;
17;37;79;1;CANILLEJAS DE ABAJO;;;;;
17;37;79;2;CANILLEJAS;;;;;
17;37;79;3;NAVAS DE QUEJIGAL;;;;;
17;37;79;4;QUEJIGAL;;;;;
17;37;79;5;SAGOS;;;;;
17;37;80;1;CANTAGALLO;;;;;
17;37;81;1;CANTALAPIEDRA;;;;;
17;37;82;1;CANTALPINO;;;;;
17;37;82;3;COTORRILLO;;;;;
17;37;82;4;CUARTO DE LA ASUNCION;;;;;
17;37;82;5;LA ESTACION;;;;;
17;37;82;6;REVILLA;;;;;
17;37;82;7;TORRE DE MONCANTAR;;;;;
17;37;82;8;VILLAFUERTE;;;;;
17;37;83;1;CANTARACILLO;;;;;
17;37;85;1;CARBAJOSA DE LA SAGRADA;;;;;
17;37;85;2;CARPIHUELO;;;;;
17;37;85;3;PELAGARCIA;;;;;
17;37;85;4;NAVAHONDA;;;;;
17;37;85;5;EL MONTALVO;;;;;
17;37;86;1;CARPIO DE AZABA;;;;;
17;37;87;1;BARREGAS;;;;;
17;37;87;2;CABRASMALAS;;;;;
17;37;87;3;CALZADILLA DE BALMUZA;;;;;
17;37;87;4;CARRASCAL DE BARREGAS;;;;;
17;37;87;5;CUBITO;;;;;
17;37;87;6;LA ESTACION;;;;;
17;37;87;7;FRAGUAS;;;;;
17;37;87;8;GOLPEJERA;;;;;
17;37;87;9;MEGRILLAN;;;;;
17;37;87;10;MONTALVO CUARTO;;;;;
17;37;87;11;MONTALVO SEGUNDO;;;;;
17;37;87;12;MONTALVO TERCERO;;;;;
17;37;87;13;MORALES;;;;;
17;37;87;14;PALACIO LOPEZ RODRIGUEZ;;;;;
17;37;87;15;PALACIO VILLALONES;;;;;
17;37;87;16;PORTEROS;;;;;
17;37;87;17;RODILL0;;;;;
17;37;87;18;SANATORIO MARTINEZ ANIDO;;;;;
17;37;87;19;TORRECILLA DE MIRANDA;;;;;
17;37;87;20;PEÑASOLANA;;;;;
17;37;87;21;TORRECILLA DE LA VALMUZA;;;;;
17;37;87;22;URBANIZACION OASIS GOLF;;;;;
17;37;88;1;CARRASCAL DEL OBISPO;;;;;
17;37;88;2;HUELMOS Y CASASOLILLA;;;;;
17;37;88;3;OLLEROS;;;;;
17;37;88;4;PEDRO MARTIN;;;;;
17;37;88;5;SAN PEDRO ACERON DE ABAJO;;;;;
17;37;88;6;SAN PEDRO ACERON DE ARRIBA;;;;;
17;37;89;1;ALDEANUEVA DE CAMPOMOJADO;;;;;
17;37;89;2;CASAFRANCA;;;;;
17;37;90;1;LAS CASAS DEL CONDE;;;;;
17;37;91;1;CASILLAS DE FLORES;;;;;
17;37;92;1;CASTELLANOS DE MORISCOS;;;;;
17;37;92;2;ALTO DEL BARRIO;;;;;
17;37;92;3;FUENTE PEDRAZA;;;;;
17;37;92;4;POLIGONO INDUSTRIAL;;;;;
17;37;92;5;PRADO DEL VALLE;;;;;
17;37;92;6;EL PRAITO;;;;;
17;37;92;7;URBANIZACION LA ALMUNIA;;;;;
17;37;96;1;ALDEANUEVA DE PORTANOVIS;;;;;
17;37;96;2;CAMPANERO;;;;;
17;37;96;3;CASTILLEJO DE MARTIN VIEJO;;;;;
17;37;96;4;PARADINAS DE ABAJO;;;;;
17;37;97;1;CASTRAZ;;;;;
17;37;97;2;CUARTO DE DOÑA MARIA LUISA;;;;;
17;37;97;3;PEDRAZA DE YELTES;;;;;
17;37;97;4;SEPULVEDA;;;;;
17;37;98;1;CEPEDA;;;;;
17;37;99;1;CERECEDA DE LA SIERRA;;;;;
17;37;100;1;CEREZAL DE PEÑAHORCADA;;;;;
17;37;101;2;CERRALBO;;;;;
17;37;102;1;EL CERRO;;;;;
17;37;102;2;VALDELAMATANZA;;;;;
17;37;103;1;CESPEDOSA;;;;;
17;37;104;1;CILLEROS DE LA BASTIDA;;;;;
17;37;106;1;CASTILLEJO DE EVANS;;;;;
17;37;106;2;CIPEREZ;;;;;
17;37;106;3;GANSINOS;;;;;
17;37;106;4;GRANDES;;;;;
17;37;106;5;HUELMOS;;;;;
17;37;106;6;LA MORALITA;;;;;
17;37;106;7;SAN CRISTOBAL DE LOS MOCHUELOS;;;;;
17;37;107;1;AGUEDA DEL CAUDILLO;;;;;
17;37;107;2;BOCACARA;;;;;
17;37;107;3;CIUDAD RODRIGO;;;;;
17;37;107;4;IVANREY;;;;;
17;37;107;5;SANJUANEGO;;;;;
17;37;107;6;PEDRO TORO;;;;;
17;37;107;7;ARRABAL DE SAN SEBASTIAN;;;;;
17;37;107;8;POLIGONO INDUSTRIAL LA VIÑA;;;0;0;0
17;37;108;1;COCA DE ALBA;;;;;
17;37;109;1;COLMENAR DE MONTEMAYOR;;;;;
17;37;110;1;CORDOVILLA;;;;;
17;37;110;2;QUINTA FLORENTINA;;;;;
17;37;112;1;CRISTOBAL;;;;;
17;37;113;2;CUARTO DEL PINO;;;;;
17;37;113;3;EL CUBO DE DON SANCHO;;;;;
17;37;113;4;ITUERO DE HUEBRA;;;;;
17;37;113;5;ROLLANEJO;;;;;
17;37;113;7;VILLORIA DE BUENAMADRE;;;;;
17;37;114;1;CHAGARCIA-MEDIANERO;;;;;
17;37;114;2;JUARROS;;;;;
17;37;115;2;DIOS LE GUARDE;;;;;
17;37;116;1;DOÑINOS DE LEDESMA;;;;;
17;37;116;2;ZAFRON;;;;;
17;37;116;3;LAS DEHESITAS;;;;;
17;37;116;4;GUDINO;;;;;
17;37;116;5;TAJURMIENTOS;;;;;
17;37;116;6;TOZAS;;;;;
17;37;116;7;TUTA;;;;;
17;37;116;8;VALDERAS;;;;;
17;37;117;1;ARGENTINA;;;;;
17;37;117;2;DOÑINOS DE SALAMANCA;;;;;
17;37;117;3;SAN JULIAN DE VALMUZA;;;;;
17;37;117;4;SANTIBAÑEZ DEL RIO;;;;;
17;37;117;5;EL PEGOLLO;;;;;
17;37;118;1;EJEME;;;;;
17;37;118;2;MARTIN VICENTE;;;;;
17;37;118;3;PORTILLO;;;;;
17;37;119;1;LA ENCINA;;;;;
17;37;119;2;ROBLIZA;;;;;
17;37;120;1;ENCINA DE SAN SILVESTRE;;;;;
17;37;121;1;CILLORUELO;;;;;
17;37;121;2;ENCINAS DE ABAJO;;;;;
17;37;122;1;ENCINAS DE ARRIBA;;;;;
17;37;123;1;ENCINASOLA DE LOS COMENDADORES;;;;;
17;37;123;2;PICONES;;;;;
17;37;124;1;CASAS DE MONLEON;;;;;
17;37;124;2;ENDRINAL;;;;;
17;37;124;3;VILLAR DE LECHE;;;;;
17;37;125;1;ESCURIAL DE LA SIERRA;;;;;
17;37;126;1;BECERRIL;;;;;
17;37;126;2;ESPADAÑA;;;;;
17;37;126;3;PEDERNAL;;;;;
17;37;127;1;ESPEJA;;;;;
17;37;128;1;ESPINO DE LA ORBADA;;;;;
17;37;129;2;FLORIDA DE LIEBANA;;;;;
17;37;129;3;PUERTO DE LA ANUNCIACION;;;;;
17;37;129;4;VILLASELVA;;;;;
17;37;129;5;URBANIZACION LA FLORIDA;;;;;
17;37;130;1;FORFOLEDA;;;;;
17;37;130;2;SANTIBAÑEZ DEL CAÑEDO;;;;;
17;37;131;1;FRADES DE LA SIERRA;;;;;
17;37;131;2;NAVARREDONDA DE SALVATIERRA;;;;;
17;37;132;1;LA FREGENEDA;;;;;
17;37;132;2;SAN MARTIN;;;;;
17;37;132;3;VALDENOGUERA;;;;;
17;37;132;4;VALICOBO;;;;;
17;37;133;1;FRESNEDOSO;;;;;
17;37;134;1;FRESNO-ALHANDIGA;;;;;
17;37;135;1;BOADILLA;;;;;
17;37;135;2;LA FUENTE DE SAN ESTEBAN;;;;;
17;37;135;3;MUÑOZ;;;;;
17;37;135;4;SANTA OLALLA DE YELTES;;;;;
17;37;136;1;FUENTEGUINALDO;;;;;
17;37;137;1;FUENTELIANTE;;;;;
17;37;138;1;FUENTERROBLE DE SALVATIERRA;;;;;
17;37;139;1;FUENTES DE BEJAR;;;;;
17;37;140;1;COLONIA DE LA ESTACION;;;;;
17;37;140;2;FUENTES DE OÑORO;;;;;
17;37;140;3;NUEVO POBLADO;;;;;
17;37;141;1;GAJATES;;;;;
17;37;141;2;GALLEGUILLOS;;;;;
17;37;141;4;VALEROS;;;;;
17;37;142;1;ESCOBOS;;;;;
17;37;142;2;GALINDO Y PERAHUY;;;;;
17;37;142;3;MIRANDA DE PERICALVO;;;;;
17;37;142;4;LA R.A.D.;;;;;
17;37;142;5;SAN BENITO DE LA VALMUZA;;;;;
17;37;142;6;SANTO TOME DE COLLEDO;;;;;
17;37;142;7;CAMPO CHARRO;;;;;
17;37;142;8;EL ENCINAR;;;;;
17;37;142;9;PERICALVO;;;;;
17;37;142;10;SAN JUSTO DE VALMUZA;;;;;
17;37;142;11;TORRE DE MARTIN PASCUAL;;;;;
17;37;142;12;SECTOR W5;;;;;
17;37;143;1;ANDARROMERO;;;;;
17;37;143;2;GALINDUSTE;;;;;
17;37;143;3;GUTIERREZ VELASCO ALVAREZ;;;;;
17;37;143;4;GUTIERREZ VELASCO DELGADO;;;;;
17;37;143;5;MARTIN PEREZ;;;;;
17;37;144;1;CARMELDO;;;;;
17;37;144;2;CARTALA;;;;;
17;37;144;3;GALISANCHO;;;;;
17;37;144;4;SANTA INES;;;;;
17;37;144;5;SANTA TERESA;;;;;
17;37;145;1;CUELLAR;;;;;
17;37;145;2;GALLEGOS DE ARGAÑAN;;;;;
17;37;145;4;MARIALBA;;;;;
17;37;146;1;GALLEGOS DE SOLMIRON;;;;;
17;37;147;1;GARCIBUEY;;;;;
17;37;148;1;AZUD DE VILLAGONZALO;;;;;
17;37;148;3;LA CIDA;;;;;
17;37;148;4;GARCIHERNANDEZ;;;;;
17;37;148;5;LA GRANJA;;;;;
17;37;148;6;JEMINGOMEZ;;;;;
17;37;148;7;LA LURDA;;;;;
17;37;148;8;MATAMALA;;;;;
17;37;148;9;EL PARDO;;;;;
17;37;149;1;ALCORNOCAL;;;;;
17;37;149;2;ARDONSILLERO;;;;;
17;37;149;3;BERROCALEJO;;;;;
17;37;149;4;CASASOLA DE LA ENCOMIENDA;;;;;
17;37;149;5;GARCIRREY;;;;;
17;37;149;6;MORAL DE CASTRO;;;;;
17;37;149;7;VALDELAMA;;;;;
17;37;149;8;VILVIS;;;;;
17;37;149;9;VILLAREJO;;;;;
17;37;150;1;BAÑOS DE CALZADILLA DEL CAMPO;;;;;
17;37;150;2;CALZADILLA DEL CAMPO;;;;;
17;37;150;3;GEJUELO DEL BARRO;;;;;
17;37;150;4;LA HUERFANA;;;;;
17;37;150;5;MUELLEDES;;;;;
17;37;150;6;VALRUBIO;;;;;
17;37;151;1;GOLPEJAS;;;;;
17;37;152;1;GOMECELLO;;;;;
17;37;154;1;GUADRAMIRO;;;;;
17;37;155;1;GUIJO DE AVILA;;;;;
17;37;156;2;CABEZUELA DE SALVATIERRA;;;;;
17;37;156;3;CAMPILLO DE SALVATIERRA;;;;;
17;37;156;5;GUIJUELO;;;;;
17;37;156;7;PALACIOS DE SALVATIERRA;;;;;
17;37;157;1;CESPEDOSA DE AGADONES;;;;;
17;37;157;2;HERGUIJUELA DE CIUDAD RODRIGO;;;;;
17;37;158;1;HERGUIJUELA DE LA SIERRA;;;;;
17;37;158;2;REBOLLOSA;;;;;
17;37;159;1;ALBERGUERIA DE HERGUIJUELA;;;;;
17;37;159;2;HERGUIJUELA DEL CAMPO;;;;;
17;37;159;3;SANTO DOMINGO DE HERGUIJUELA;;;;;
17;37;160;1;HINOJOSA DE DUERO;;;;;
17;37;161;1;HORCAJO DE MONTEMAYOR;;;;;
17;37;162;1;HORCAJO-MEDIANERO;;;;;
17;37;162;2;PADIERNOS;;;;;
17;37;162;3;SANCHOPEDRO DE ABAJO;;;;;
17;37;162;4;SANCHOPEDRO DE ARRIBA;;;;;
17;37;162;6;VALDEJIMENA;;;;;
17;37;162;7;VALVERDE DE GONZALIAÑEZ;;;;;
17;37;163;1;LA HOYA;;;;;
17;37;164;2;HUERTA;;;;;
17;37;165;1;IRUELOS;;;;;
17;37;166;1;DUEÑA DE ABAJO;;;;;
17;37;166;2;ITUERO DE AZABA;;;;;
17;37;167;1;CARRASCAL;;;;;
17;37;167;2;JUZBADO;;;;;
17;37;167;3;OLMILLOS;;;;;
17;37;167;4;PALANCARES;;;;;
17;37;168;1;LAGUNILLA;;;;;
17;37;169;1;CARABIAS;;;;;
17;37;169;2;GALLEGOS DE CRESPES;;;;;
17;37;169;3;LARRODRIGO;;;;;
17;37;170;1;ALDEAGUTIERREZ;;;;;
17;37;170;2;EL CASAR;;;;;
17;37;170;3;EL CEREZO;;;;;
17;37;170;4;CUADRILLEROS;;;;;
17;37;170;5;CUADDRILLEROS DE LOS DIECES;;;;;
17;37;170;6;ESTACAS;;;;;
17;37;170;7;ESTAQUILLAS;;;;;
17;37;170;8;FRADES DE SANTA MARIA;;;;;
17;37;170;9;LEDESMA;;;;;
17;37;170;10;MUCHACHOS;;;;;
17;37;170;11;NOGUEZ;;;;;
17;37;170;12;PELILLA;;;;;
17;37;170;13;LA RIVERITA;;;;;
17;37;170;14;LA SAGRADA;;;;;
17;37;170;15;LA SAMASITA;;;;;
17;37;170;16;LA SAMASA;;;;;
17;37;170;17;SANTA MARINA;;;;;
17;37;170;18;SANTO DOMINGO;;;;;
17;37;170;19;LA VADIMA;;;;;
17;37;170;20;ZAFRONCINO;;;;;
17;37;170;21;ZORITA;;;;;
17;37;171;1;LEDRADA;;;;;
17;37;172;1;LINARES DE RIOFRIO;;;;;
17;37;173;1;LUMBRALES;;;;;
17;37;174;1;MACOTERA;;;;;
17;37;175;3;FRANCOS VIEJO;;;;;
17;37;175;4;MACHACON;;;;;
17;37;175;5;NUEVO FRANCOS;;;;;
17;37;176;1;MADROÑAL;;;;;
17;37;177;1;EL MAILLO;;;;;
17;37;178;1;MALPARTIDA;;;;;
17;37;179;1;MANCERA DE ABAJO;;;;;
17;37;180;1;EL MANZANO;;;;;
17;37;181;1;MARTIAGO;;;;;
17;37;182;1;CUATRO CALZADAS;;;;;
17;37;182;2;MARTILLAN;;;;;
17;37;182;3;MARTINAMOR;;;;;
17;37;182;4;MATAMALA;;;;;
17;37;182;5;REVILLA;;;;;
17;37;182;6;URBANIZACION MIRASIERRA;;;;;
17;37;183;1;CAMPOCERRADO;;;;;
17;37;183;2;CASTILLEJO DE YELTES;;;;;
17;37;183;3;COLLADO DE YELTES;;;;;
17;37;183;4;MARTIN DE YELTES;;;;;
17;37;184;1;MASUECO;;;;;
17;37;185;1;LA MATA DE ARMUÑA;;;;;
17;37;185;2;CARBAJOSA DE ARMUÑA;;;;;
17;37;185;3;CASTELLANOS DE VILLIQUERA;;;;;
17;37;185;4;MOZODIEL DE SANCHIÑIGO;;;;;
17;37;185;5;URBANIZACION ALTOZANO;;;;;
17;37;185;6;URBANIZACION ARROYO DE LA ENCINA;;;;;
17;37;185;7;URBANIZACION CAMINO DE LA MATA;;;;;
17;37;185;8;URBANIZACION EL ARROYO;;;;;
17;37;185;9;URBANIZACION LA GUADAÑA;;;;;
17;37;185;10;URBANIZACION LAS CASTELLANAS;;;;;
17;37;185;11;URBANIZACION LAS CECILIAS;;;;;
17;37;185;12;URBANIZACION LAS GAVIAS;;;;;
17;37;185;13;URBANIZACION LAS PALOMAS;;;;;
17;37;186;1;EL BARRERO DE PORQUERIZA;;;;;
17;37;186;2;GEJO DE DIEGO GOMEZ;;;;;
17;37;186;3;LA MATA DE LEDESMA;;;;;
17;37;186;4;PORQUERIZA;;;;;
17;37;186;5;POZOS DE MONDAR;;;;;
17;37;187;1;CAMPO DEL HOSPICIO;;;;;
17;37;187;2;CANILLAS DE TORNEROS;;;;;
17;37;187;3;CARRASCAL DE SANCHIRICONES;;;;;
17;37;187;4;CARRASCALINO;;;;;
17;37;187;5;EL CUETO;;;;;
17;37;187;6;LINEJO;;;;;
17;37;187;7;MATAS ALTAS;;;;;
17;37;187;8;MATILLA DE LOS CAÑOS DEL RIO;;;;;
17;37;187;9;OCHANDO;;;;;
17;37;187;11;POCITO;;;;;
17;37;188;1;LA MAYA;;;;;
17;37;189;2;COQUILLA;;;;;
17;37;189;3;GARRIEL;;;;;
17;37;189;5;MEMBRIBE DE LA SIERRA;;;;;
17;37;189;6;NAVAGALLEGA;;;;;
17;37;189;7;SEGOVIA DEL DOCTOR;;;;;
17;37;190;1;MIEZA;;;;;
17;37;191;1;MILANO;;;;;
17;37;192;1;ALDEAGALLEGA;;;;;
17;37;192;2;ALDEANUEVA;;;;;
17;37;192;3;MIRANDA DE AZAN;;;;;
17;37;192;4;TORRECILLA;;;;;
17;37;192;6;URBANIZACION LAS LIEBRES;;;;;
17;37;192;7;URBANIZACION LOS GUIJOS;;;;;
17;37;193;1;MIRANDA DE CASTAÑAR;;;;;
17;37;194;1;MOGARRAZ;;;;;
17;37;195;1;MOLINILLO;;;;;
17;37;196;1;MOFORTE DE LA SIERRA;;;;;
17;37;197;1;MONLEON;;;;;
17;37;198;1;MONLERAS;;;;;
17;37;199;1;MONSAGRO;;;;;
17;37;200;2;MONTEJO;;;;;
17;37;200;3;PANTANO DE SANTA TERESA;;;;;
17;37;201;1;MONTEMAYOR DEL RIO;;;;;
17;37;202;1;MONTERRUBIO DE ARMUÑA;;;;;
17;37;202;2;MOZODIEL DEL CAMINO;;;;;
17;37;203;2;HERNANCOBO;;;;;
17;37;203;3;MIGUEL MUÑOZ;;;;;
17;37;203;4;MONTERRUBIO DE LA SIERRA;;;;;
17;37;203;5;SEGOVIA DE SACEDON;;;;;
17;37;203;6;SEGOVIA LA CHICA;;;;;
17;37;203;7;TORRE ZAPATA;;;;;
17;37;203;8;LAS LOMAS;;;;;
17;37;203;9;CORTOS DE SACEDON;;;;;
17;37;204;1;MORASVERDES;;;;;
17;37;205;1;MONTE ABAJO;;;;;
17;37;205;2;MORILLE;;;;;
17;37;205;3;LA REGAÑADA;;;;;
17;37;206;1;MORIÑIGO;;;;;
17;37;207;1;LA ESTACION;;;;;
17;37;207;2;GRANJA CAPEA;;;;;
17;37;207;3;MORISCOS;;;;;
17;37;208;1;ESCUERNAVACAS;;;;;
17;37;208;2;MORONTA;;;;;
17;37;209;1;ALIZACES;;;;;
17;37;209;2;ALLENDE DEL CAMINO;;;;;
17;37;209;3;ARISEOS;;;;;
17;37;209;4;CILLEROS EL HONDO;;;;;
17;37;209;5;LA DEHESILLA;;;;;
17;37;209;6;MINAS DE PRADO VIEJO;;;;;
17;37;209;7;MONTELLANO;;;;;
17;37;209;8;MOZARBEZ;;;;;
17;37;209;9;SAN CRISTOBAL DE MONTE AGUDO;;;;;
17;37;209;10;SANTO TOME DE ROZADOS;;;;;
17;37;209;11;TORRECILLA;;;;;
17;37;209;12;TURRA;;;;;
17;37;209;13;VENTORRO DE LA PALOMA;;;;;
17;37;211;1;CASTROVERDE;;;;;
17;37;211;2;CORTOS DE LA SIERRA;;;;;
17;37;211;3;GARCIGALINDO;;;;;
17;37;211;4;HERREROS;;;;;
17;37;211;5;IÑIGO;;;;;
17;37;211;6;MALPARTIDA;;;;;
17;37;211;7;NARROS DE MATALAYEGUA;;;;;
17;37;211;8;PEÑA DE CABRA;;;;;
17;37;211;9;PERALEJOS DE SOLIS;;;;;
17;37;211;10;SANCHOGOMEZ;;;;;
17;37;211;11;TERRONES;;;;;
17;37;212;1;NAVACARROS;;;;;
17;37;212;2;VISTAHERMOSA;;;;;
17;37;213;1;NAVA DE BEJAR;;;;;
17;37;214;1;EL CASARITO;;;;;
17;37;214;2;NAVA DE FRANCIA;;;;;
17;37;215;1;ARAUZO;;;;;
17;37;215;2;NAVA DE SOTROBAL;;;;;
17;37;215;3;SOTROBAL;;;;;
17;37;216;1;NAVALES;;;;;
17;37;216;2;REVILLEJA;;;;;
17;37;217;1;NAVALMORAL DE BEJAR;;;;;
17;37;218;1;NAVAMORALES;;;;;
17;37;219;1;NAVARREDONDA DE LA RINCONADA;;;;;
17;37;221;1;NAVASFRIAS;;;;;
17;37;222;1;NEGRILLA DE PALENCIA;;;;;
17;37;223;1;OLMEDO DE CAMACES;;;;;
17;37;223;2;AREVALO;;;;;
17;37;223;3;FUENLABRADA;;;;;
17;37;223;4;HERNANDINOS;;;;;
17;37;223;5;TUNJA;;;;;
17;37;224;1;LA ORBADA;;;;;
17;37;224;2;LA ORBADILLA;;;;;
17;37;224;3;VILLANUEVA DE LOS PAVONES;;;;;
17;37;225;1;PAJARES DE LAGUNA;;;;;
17;37;226;1;PALACIOS DEL ARZOBISPO;;;;;
17;37;228;1;PALACIOSRUBIOS;;;;;
17;37;229;1;PALENCIA DE NEGRILLA;;;;;
17;37;230;1;ALBERGUERIA DE VALMUZA;;;;;
17;37;230;2;CARRASCAL DE PERICALVO;;;;;
17;37;230;3;PARADA DE ARRIBA;;;;;
17;37;231;1;PARADA DE RUBIALES;;;;;
17;37;232;1;PARADINAS DE SAN JUAN;;;;;
17;37;233;1;DEHESA DE CUADRADOS;;;;;
17;37;233;2;PASTORES;;;;;
17;37;234;2;EL PAYO;;;;;
17;37;234;3;VILLAR DE FLORES;;;;;
17;37;235;1;GOMEZ VELASCO;;;;;
17;37;235;2;PEDRAZA DE ALBA;;;;;
17;37;236;1;PEDROSILLO DE ALBA;;;;;
17;37;236;2;TURRA DE ALBA;;;;;
17;37;237;1;AMATOS DE SALVATIERRA;;;;;
17;37;237;2;CASTILLEJO;;;;;
17;37;237;4;LAS CUESTAS;;;;;
17;37;237;5;LA DUEÑA DE ABAJO;;;;;
17;37;237;6;LA DUEÑA DE ARRIBA;;;;;
17;37;237;7;HERREROS DE SALVATIERRA;;;;;
17;37;237;8;PEDROSILLO DE LOS AIRES;;;;;
17;37;237;9;VALDEJERRUZ;;;;;
17;37;237;11;VILLAR DE SALVATIERRA;;;;;
17;37;238;1;PEDROSILLO EL RALO;;;;;
17;37;239;2;EL PEDROSO DE LA ARMUZA;;;;;
17;37;239;3;LA VENTOSA;;;;;
17;37;240;2;NAHARROS DEL RIO;;;;;
17;37;240;3;NUEVO NAHARRO;;;;;
17;37;240;4;PELABRAVO;;;;;
17;37;241;1;PELARRODRIGUEZ;;;;;
17;37;241;2;PERAMATO;;;;;
17;37;242;1;CAÑAL;;;;;
17;37;242;2;DERRENGADA-VALHONDOS;;;;;
17;37;242;3;PELAYOS;;;;;
17;37;242;4;ROMANAS;;;;;
17;37;242;5;SANTA TERESA;;;;;
17;37;242;6;TORRE CLEMENTE DE ABAJO;;;;;
17;37;242;7;TORRE CLEMENTE DE ARRIBA;;;;;
17;37;242;8;VELAYOS;;;;;
17;37;243;1;LA PEÑA;;;;;
17;37;244;1;PEÑACABALLERA;;;;;
17;37;244;2;COLONIA DE  SAN MIGUEL;;;;;
17;37;245;1;DEHESA DE PEROSIN;;;;;
17;37;245;2;PEÑAPARDA;;;;;
17;37;246;1;PEÑARANDA DE BRACAMONTE;;;;;
17;37;247;1;PEÑARANDILLA;;;;;
17;37;248;1;PERALEJOS DE ABAJO;;;;;
17;37;249;1;GOMECIEGO;;;;;
17;37;249;2;PERALEJOS DE ARRIBA;;;;;
17;37;250;1;PEREÑA;;;;;
17;37;251;1;PEROMINGO;;;;;
17;37;252;1;PINEDAS;;;;;
17;37;253;1;EL PINO DE TORMES;;;;;
17;37;253;2;ZARATAN;;;;;
17;37;254;1;PITIEGUA;;;;;
17;37;255;1;PIZARRAL;;;;;
17;37;255;2;TOROZOS;;;;;
17;37;256;1;POVEDA DE LAS CINTAS;;;;;
17;37;257;1;EL CUARTON;;;;;
17;37;257;2;ITUERINO;;;;;
17;37;257;3;POZOS DE HINOJO;;;;;
17;37;257;4;TRAGUNTIA;;;;;
17;37;257;5;EL PALANCAR;;;;;
17;37;258;1;CASTILLEJO DE AZABA;;;;;
17;37;258;2;PUEBLA DE AZABA;;;;;
17;37;259;1;PUEBLA DE SAN MEDEL;;;;;
17;37;259;2;SAN MEDEL;;;;;
17;37;260;1;PUEBLA DE YELTES;;;;;
17;37;261;1;BERCIMUELLE;;;;;
17;37;261;2;PUENTE DEL CONGOSTO;;;;;
17;37;262;1;CEREZAL DE PUERTAS;;;;;
17;37;262;2;EL GROO;;;;;
17;37;262;3;MANCERAS;;;;;
17;37;262;4;PUERTAS;;;;;
17;37;263;1;PUERTO DE BEJAR;;;;;
17;37;264;1;PUERTO SEGURO;;;;;
17;37;265;1;RAGAMA;;;;;
17;37;266;1;LA REDONDA;;;;;
17;37;267;1;BALNEARIO DE RETORTILLO;;;;;
17;37;267;2;RETORTILLO;;;;;
17;37;268;2;LA RINCONADA DE LA SIERRA;;;;;
17;37;268;3;VENTAS DE GARRIEL;;;;;
17;37;269;1;ROBLEDA;;;;;
17;37;270;1;COJOS DE ROBLIZA;;;;;
17;37;270;3;ROBLIZA DE COJOS;;;;;
17;37;270;4;SAN FERNANDO;;;;;
17;37;271;1;ROLLAN;;;;;
17;37;272;5;MAJUELOS;;;;;
17;37;272;6;SAELICES EL CHICO;;;;;
17;37;272;7;SAGERAS DEL RIO;;;;;
17;37;272;8;BERROCAL DEL RIO;;;;;
17;37;273;1;ANAYA DE HUEBRA;;;;;
17;37;273;2;CARRASCALEJO DE HUEBRA;;;;;
17;37;273;3;LA SAGRADA;;;;;
17;37;274;2;SALAMANCA;;;;;
17;37;275;1;SALDEANA;;;;;
17;37;276;1;SALMORAL;;;;;
17;37;277;1;SALVATIERRA DE TORMES;;;;;
17;37;278;1;SAN CRISTOBAL DE LA CUESTA;;;;;
17;37;279;6;SANCTI-SPIRITUS;;;;;
17;37;280;1;CARRASCO;;;;;
17;37;280;2;SANCHON DE LA RIBERA;;;;;
17;37;281;1;SANCHON DE LA SAGRADA;;;;;
17;37;282;1;SANCHOTELLO;;;;;
17;37;283;1;CABEZA DE DIEGO GOMEZ;;;;;
17;37;283;2;SANDO;;;;;
17;37;283;3;EL CAMPILLO;;;;;
17;37;283;4;FUENTES DE SANDO;;;;;
17;37;283;5;IRUELO DEL CAMINO;;;;;
17;37;283;6;TREMEDALEJO;;;;;
17;37;283;7;VILLAGARCIA;;;;;
17;37;284;1;SAN ESTEBAN DE LA SIERRA;;;;;
17;37;285;1;SAN FELICES DE LOS GALLEGOS;;;;;
17;37;286;1;SAN MARTIN DEL CASTAÑAR;;;;;
17;37;287;1;SAN MIGUEL DE VALERO;;;;;
17;37;288;1;ACEÑA DE LA FUENTE;;;;;
17;37;288;3;SAN MORALES;;;;;
17;37;289;1;AGUSTINEZ;;;;;
17;37;289;2;BUENABARBA;;;;;
17;37;289;3;GALLEGOS DE HUEBRA;;;;;
17;37;289;4;SAN MUÑOZ;;;;;
17;37;289;5;VILLA ADELFA;;;;;
17;37;290;1;CARRASCAL DE VELAMBELEZ;;;;;
17;37;290;3;LA NARRA;;;;;
17;37;290;4;SAN PEDRO DEL VALLE;;;;;
17;37;290;5;SANTIBAÑEZ;;;;;
17;37;290;6;TORRECILLA DEL RIO;;;;;
17;37;291;1;ALDEALGORDO DE ABAJO;;;;;
17;37;291;2;ALDEALGORDO DE ARRIBA;;;;;
17;37;291;3;BARCIAL;;;;;
17;37;291;4;BARCIALEJO;;;;;
17;37;291;5;BECONUÑO;;;;;
17;37;291;6;BERNOY;;;;;
17;37;291;7;CARRASCAL DEL ASNO;;;;;
17;37;291;8;CEMPRON;;;;;
17;37;291;9;CEQUEÑA;;;;;
17;37;291;10;CONTINOS;;;;;
17;37;291;11;ESTEBAN ISIDRO;;;;;
17;37;291;12;GUERIBAÑEZ;;;;;
17;37;291;13;ROZADOS;;;;;
17;37;291;14;SAN PEDRO DE ROZADOS;;;;;
17;37;291;15;TERRUBIAS;;;;;
17;37;291;16;TORDELALOSA;;;;;
17;37;291;17;TORNADIZOS;;;;;
17;37;291;18;TORRE DE JUAN VAZQUEZ;;;;;
17;37;291;19;TORRE DE NUEVA BANCA;;;;;
17;37;291;20;TORRECILLA DE SAN BENITO;;;;;
17;37;291;21;VALMUCINA;;;;;
17;37;292;1;CAÑEDO DE LAS DUEÑAS;;;;;
17;37;292;2;ESPINO RAPADO;;;;;
17;37;292;3;SAN PELAYO DE GUAREÑA;;;;;
17;37;293;1;SANTA MARIA DE SANDO;;;;;
17;37;294;2;SANTA MARTA DE TORMES;;;;;
17;37;294;3;VALDELAGUA;;;;;
17;37;296;1;CAMPILLO Y MERLADOS;;;;;
17;37;296;2;SANTIAGO DE PUEBLA;;;;;
17;37;297;1;EL PARADOR;;;;;
17;37;297;3;SANTIBAÑEZ DE BEJAR;;;;;
17;37;298;1;CASILLAS DE LAS ERIAS;;;;;
17;37;298;2;PUENTES DEL ALAGON;;;;;
17;37;298;3;SANTA MARIA DE LOS LLANOS;;;;;
17;37;298;4;SANTIBAÑEZ DE LA SIERRA;;;;;
17;37;299;1;SANTIZ;;;;;
17;37;300;1;LOS SANTOS;;;;;
17;37;301;1;SARDON DE LOS FRAILES;;;;;
17;37;301;2;VILLAREJO;;;;;
17;37;302;1;SALTO DE SAUCELLE;;;;;
17;37;302;2;SAUCELLE;;;;;
17;37;303;1;POSADILLAS;;;;;
17;37;303;2;EL SAHUGO;;;;;
17;37;304;1;SEPULCRO-HILARIO;;;;;
17;37;305;1;SEQUEROS;;;;;
17;37;306;1;GUADAPERO;;;;;
17;37;306;2;SERRADILLA DEL ARROYO;;;;;
17;37;307;1;SERRADILLA DEL LLANO;;;;;
17;37;309;1;LA SIERPE;;;;;
17;37;310;1;PEDRO MARTIN;;;;;
17;37;310;2;SIETEIGLESIAS DE TORMES;;;;;
17;37;311;1;SOBRADILLO;;;;;
17;37;312;1;SORIHUELA;;;;;
17;37;313;1;SOTOSERRANO;;;;;
17;37;314;1;BERROCAL DE LA ESPINERA;;;;;
17;37;314;2;BERROCAL DEL CAMPO;;;;;
17;37;314;3;CARREROS;;;;;
17;37;314;4;ENCINASOLA DE LAS MINAYAS;;;;;
17;37;314;6;PADIERNO;;;;;
17;37;314;7;SAN ROMAN;;;;;
17;37;314;8;TABERA DE ABAJO;;;;;
17;37;314;9;TABERA DE ARRIBA;;;;;
17;37;314;10;TABERUELA;;;;;
17;37;314;11;TELLOSANCHO;;;;;
17;37;314;12;TESO DEL CORCHO;;;;;
17;37;314;13;VALDECHAPERO;;;;;
17;37;314;14;SAN LORENZO;;;;;
17;37;314;15;VALDEFRESNO;;;;;
17;37;315;1;LA TALA;;;;;
17;37;316;2;AVILILLA DE LA SIERRA;;;;;
17;37;316;5;MONTE-LLEN;;;;;
17;37;316;6;PEDRAZA;;;;;
17;37;316;7;SERVANDEZ;;;;;
17;37;316;8;TAMAMES;;;;;
17;37;317;1;TARAZONA DE GUAREÑA;;;;;
17;37;318;3;TARDAGUILA;;;;;
17;37;319;3;EL TEJADO;;;;;
17;37;319;4;LA CASILLA;;;;;
17;37;319;5;LA MAGDALENA;;;;;
17;37;320;1;LOS AREVALOS;;;;;
17;37;320;2;MONFLORIDO;;;;;
17;37;320;3;PUERTO DE LA CALDERILLA;;;;;
17;37;320;4;SAN MIGUEL DE ASPERONES;;;;;
17;37;320;5;SEGOYUELA DE LOS CORNEJOS;;;;;
17;37;320;6;TEJEDA Y SEGOYUELA;;;;;
17;37;321;1;TENEBRON;;;;;
17;37;322;1;LA ALCUBILLA;;;;;
17;37;322;2;EL BARRERO;;;;;
17;37;322;3;LA MAZA;;;;;
17;37;322;4;LOS PERALES;;;;;
17;37;322;5;TERRADILLOS;;;;;
17;37;322;6;URBANIZACION EL ENCINAR;;;;;
17;37;322;7;URBANIZACION LOS CISNES;;;;;
17;37;322;8;VALDESCOBELA;;;;;
17;37;322;9;LOS VENTORROS;;;;;
17;37;322;10;URBANIZACION ALBA NOVA;;;;;
17;37;323;1;CAÑEDINO;;;;;
17;37;323;2;CARDEÑOSA;;;;;
17;37;323;4;IZCALA;;;;;
17;37;323;5;SAN CRISTOBAL DEL MONTE;;;;;
17;37;323;6;TOPAS;;;;;
17;37;323;7;VALDEHERMOSO;;;;;
17;37;323;9;VALDIO;;;;;
17;37;323;10;VILLANUEVA DE CAÑEDO;;;;;
17;37;323;11;CENTRO PENITENCIARIO;;;;;
17;37;324;1;TORDILLOS;;;;;
17;37;325;1;MATA DE ARRIBA;;;;;
17;37;325;2;EL TORNADIZO;;;;;
17;37;327;1;TORRESMENUDAS;;;;;
17;37;328;1;TRABANCA;;;;;
17;37;329;1;PEÑALVO;;;;;
17;37;329;2;TRABADILLO;;;;;
17;37;329;3;TREMEDAL DE TORMES;;;;;
17;37;330;1;VALDECARROS;;;;;
17;37;331;1;VALDEFUENTES DE SANGUSIN;;;;;
17;37;332;1;VALDEHIJADEROS;;;;;
17;37;333;1;VALDELACASA;;;;;
17;37;334;1;VALDELAGEVE;;;;;
17;37;335;1;LA IZCALINA;;;;;
17;37;335;2;VALDELOSA;;;;;
17;37;335;3;VALENCIA DE LA ENCOMIENDA;;;;;
17;37;336;1;ABUSEJO DE ABAJO;;;;;
17;37;336;2;ABUSEJO DE ARRIBA;;;;;
17;37;336;3;VALDEMIERQUE;;;;;
17;37;336;4;VALDELAVADE;;;;;
17;37;336;5;VELAVIEJO;;;;;
17;37;337;1;VALDERRODRIGO;;;;;
17;37;338;3;HUELMOS DE CAÑEDO;;;;;
17;37;338;4;HUELMOS DE SAN JOAQUIN;;;;;
17;37;338;5;NAHARROS DE VALDUNCIEL;;;;;
17;37;338;6;VALDUNCIEL;;;;;
17;37;338;7;LOS JARALES;;;;;
17;37;338;8;URBANIZACION EL CHINARRAL;;;;;
17;37;339;1;VALERO;;;;;
17;37;340;1;LAS UCES;;;;;
17;37;340;2;VALASABROSO;;;;;
17;37;341;1;VALVERDE DE VALDELACASA;;;;;
17;37;342;5;VALVERDON;;;;;
17;37;342;6;ZORITA;;;;;
17;37;343;1;VALLEJERA DE RIOFRIO;;;;;
17;37;344;1;CARNERUELO;;;;;
17;37;344;2;CASASOLA DEL CAMPO;;;;;
17;37;344;3;CORBACERA;;;;;
17;37;344;4;GALLEGUILLOS;;;;;
17;37;344;5;OLMEDILLA;;;;;
17;37;344;6;SANCHIRICONES;;;;;
17;37;344;7;LA TORRE;;;;;
17;37;344;8;LA TORRECITA;;;;;
17;37;344;9;VECINOS;;;;;
17;37;345;1;BAÑOS DE LEDESMA;;;;;
17;37;345;2;LA CABRA;;;;;
17;37;345;3;EL CARMEN;;;;;
17;37;345;4;CARRASCALINO;;;;;
17;37;345;5;LAS CUESTAS;;;;;
17;37;345;8;TIRADOS DE LA VEGA;;;;;
17;37;345;9;VEGA DE TIRADOS;;;;;
17;37;346;1;ARGUIJO;;;;;
17;37;346;2;CABRERA;;;;;
17;37;346;3;CASANUEVA;;;;;
17;37;346;4;LA HUERTA;;;;;
17;37;346;5;LLEN;;;;;
17;37;346;6;MORA DE LA SIERRA;;;;;
17;37;346;7;PEDRO LLEN;;;;;
17;37;346;8;LAS VEGUILLAS;;;;;
17;37;347;1;LA VELLES;;;;;
17;37;348;1;VENTOSA DEL RIO ALMAR;;;;;
17;37;349;1;LA VIDOLA;;;;;
17;37;350;1;VILVESTRE;;;;;
17;37;351;1;MAZORES NUEVO;;;;;
17;37;351;2;MAZORES VIEJO;;;;;
17;37;351;3;MORQUERA;;;;;
17;37;351;4;VILLAFLORES;;;;;
17;37;352;1;CARPIO-BERNARDO;;;;;
17;37;352;2;CASTAÑEDA;;;;;
17;37;352;3;VALDESANTIAGO;;;;;
17;37;352;4;VILLAGONZALO DE TORMES;;;;;
17;37;352;5;MATACAN;;;;;
17;37;353;1;CUARTO DE ARRIBA;;;;;
17;37;353;2;CUARTO DEL MEDIO;;;;;
17;37;353;3;MAZA DE SAN PEDRO;;;;;
17;37;353;4;MONTE ABAJO;;;;;
17;37;353;5;MONTE ALTO;;;;;
17;37;353;6;NEGRILLOS;;;;;
17;37;353;7;VILLALBA DE LOS LLANOS;;;;;
17;37;354;1;VILLAMAYOR;;;;;
17;37;354;2;LOS ALAMOS;;;;;
17;37;354;3;LOS ALMENDROS;;;;;
17;37;354;4;LAS CANTERAS;;;;;
17;37;354;5;EL PAJARON;;;;;
17;37;354;6;LOS ROSALES;;;;;
17;37;354;7;LAS ACACIAS;;;;;
17;37;354;8;LOS PARAMOS;;;;;
17;37;354;9;ANANTAPUR;;;;;
17;37;354;10;VEGA DE SALAMANCA;;;;;
17;37;355;1;VILLANUEVA DEL CONDE;;;;;
17;37;356;1;HURTADA;;;;;
17;37;356;2;MARTILLAN;;;;;
17;37;356;3;SEXMIRO;;;;;
17;37;356;4;VILLAR DE ARGAÑAN;;;;;
17;37;357;1;VILLAR DE CIERVO;;;;;
17;37;358;1;PEDREZUELA DE SAN BRICIO;;;;;
17;37;358;2;VILLAR DE GALLIMAZO;;;;;
17;37;359;1;BARQUILLA;;;;;
17;37;359;2;SERRANILLO;;;;;
17;37;359;3;VILLAR DE LA YEGUA;;;;;
17;37;360;1;SAHELICEJOS;;;;;
17;37;360;2;SARDON DE LOS ALAMOS;;;;;
17;37;360;3;VILLAR DE PERALONSO;;;;;
17;37;361;1;ROBLEDO HERMOSO;;;;;
17;37;361;2;VILLAR DE SAMANIEGO;;;;;
17;37;362;1;ALDEASECA DE ARMUÑA;;;;;
17;37;362;2;POLIGONO INDUSTRIAL LOS VILLARES;;;;;
17;37;362;3;VILLARES DE LA REINA;;;;;
17;37;362;4;FUENTE SERRANA;;;;;
17;37;362;5;EL HELMANTICO;;;;;
17;37;363;1;PEDRO ALVARO;;;;;
17;37;363;2;VILLARES DE YELTES;;;;;
17;37;364;1;CABEZO FRAMONTANOS;;;;;
17;37;364;2;VILLARINO DE LOS AIRES;;;;;
17;37;365;1;CONTIESA;;;;;
17;37;365;2;ESPINO DE LOS DOCTORES;;;;;
17;37;365;3;PALACIOS DE LOS DIECES;;;;;
17;37;365;4;PEÑAMECER;;;;;
17;37;365;5;VILLARMAYOR;;;;;
17;37;365;6;ZAFRONCINO;;;;;
17;37;366;1;VILLARGORDO;;;;;
17;37;366;2;VILLARMUERTO;;;;;
17;37;367;1;BARRERAS;;;;;
17;37;367;2;VILLASBUENAS;;;;;
17;37;368;1;VILLASDARDO;;;;;
17;37;369;1;VILLASECO DE LOS GAMITOS;;;;;
17;37;370;1;BERGANCIANO;;;;;
17;37;370;2;CAMPO DE LEDESMA;;;;;
17;37;370;7;GEJO DE LOS REYES;;;;;
17;37;370;11;VILLASECO DE LOS REYES;;;;;
17;37;371;1;VILLASRUBIAS;;;;;
17;37;372;1;CAÑADILLA;;;;;
17;37;372;2;VILLAVERDE DE GUAREÑA;;;;;
17;37;373;1;VILLAVIEJA DE YELTES;;;;;
17;37;374;1;VILLORIA;;;;;
17;37;375;1;VILLORUELA;;;;;
17;37;376;1;MAJUGES;;;;;
17;37;376;2;VITIGUDINO;;;;;
17;37;377;1;GEMA;;;;;
17;37;377;2;YECLA DE YELTES;;;;;
17;37;378;1;VILLAREJO;;;;;
17;37;378;2;ZAMARRA;;;;;
17;37;379;1;EL PLANTIO;;;;;
17;37;379;2;ZAMAYON;;;;;
17;37;379;3;ZAMOCINO;;;;;
17;37;380;1;ALDEHUELA DE LA HUELGA;;;;;
17;37;380;2;ZARAPICOS;;;;;
17;37;380;3;CAMPO DE GOLF;;;;;
17;37;381;1;LA ZARZA DE PUMAREDA;;;;;
17;37;382;1;ALDEHUELA DE LAS FLORES;;;;;
17;37;382;2;ZORITA DE LA FRONTERA;;;;;
17;37;998;0;NO DETERMINADA;;;;;
17;37;999;0;NO DETERMINADA;;;;;
17;40;1;1;ABADES;;;;;
17;40;2;1;ADRADA DE PIRON;;;;;
17;40;3;1;ADRADOS;;;;;
17;40;4;1;AGUILAFUENTE;;;;;
17;40;5;1;ALCONADA DE MADERUELO;;;;;
17;40;5;2;ALCONADILLA;;;;;
17;40;6;1;ALDEALCORVO;;;;;
17;40;7;1;CEGUILLA;;;;;
17;40;7;2;GALINDEZ;;;;;
17;40;7;3;MARTINCANO;;;;;
17;40;7;4;COTANILLO;;;;;
17;40;8;1;ALDEALENGUA DE SANTA MARIA;;;;;
17;40;9;1;ALDEANUEVA DE LA SERREZUELA;;;;;
17;40;10;1;ALDEANUEVA DEL CODONAL;;;;;
17;40;12;1;ALDEA REAL;;;;;
17;40;13;1;ALDEASOÑA;;;;;
17;40;14;1;ALDEHORNO;;;;;
17;40;15;1;ALDEHUELA DEL CODONAL;;;;;
17;40;16;1;ALDEONTE;;;;;
17;40;16;2;EL OLMILLO;;;;;
17;40;17;1;ANAYA;;;;;
17;40;18;1;AÑE;;;;;
17;40;19;1;ARAHUETES;;;;;
17;40;19;2;PAJARES DE PEDRAZA;;;;;
17;40;20;1;ARCONCILLOS;;;;;
17;40;20;2;ARCONES;;;;;
17;40;20;3;CASTILLEJO;;;;;
17;40;20;4;COLLADILLO;;;;;
17;40;20;5;HUERTA;;;;;
17;40;20;6;LA MATA;;;;;
17;40;21;1;AREVALILLO DE CEGA;;;;;
17;40;22;1;ARMUÑA;;;;;
17;40;22;2;CARBONERO DE AHUSIN;;;;;
17;40;24;1;AYLLON;;;;;
17;40;24;2;ESTEBANVELA;;;;;
17;40;24;3;FRANCOS;;;;;
17;40;24;4;GRADO DEL PICO;;;;;
17;40;24;5;SALDAÑA DE AYLLON;;;;;
17;40;24;6;SANTA MARIA DE RIAZA;;;;;
17;40;24;7;SANTIBAÑEZ DE AYLLON;;;;;
17;40;24;8;VALVIEJA;;;;;
17;40;25;1;BARBOLLA;;;;;
17;40;25;2;EL OLMO;;;;;
17;40;26;1;BASARDILLO;;;;;
17;40;28;1;BERCIAL;;;;;
17;40;29;1;BERCIMUEL;;;;;
17;40;30;1;BERNARDOS;;;;;
17;40;31;1;BERNUY DE PORREROS;;;;;
17;40;32;1;ALDEANUEVA DEL CAMPANARIO;;;;;
17;40;32;2;BOCEGUILLAS;;;;;
17;40;32;3;TURRUBUELO;;;;;
17;40;33;1;BRIEVA;;;;;
17;40;34;1;CABALLAR;;;;;
17;40;35;1;CABAÑAS DE POLENDOS;;;;;
17;40;35;2;MATA DE QUINTANAR;;;;;
17;40;36;1;CABEZUELA;;;;;
17;40;37;1;CALABAZAS DE FUENTIDUEÑA;;;;;
17;40;39;1;CAMPO DE SAN PEDRO;;;;;
17;40;39;2;FUENTEMIZARRA;;;;;
17;40;39;3;VALDEVARNES;;;;;
17;40;40;1;ALDEONSANCHO;;;;;
17;40;40;2;CANTALEJO;;;;;
17;40;40;3;VALDESIMONTE;;;;;
17;40;41;1;CANTIMPALOS;;;;;
17;40;43;1;CARBONERO EL MAYOR;;;;;
17;40;44;1;BURGOMILLODO;;;;;
17;40;44;2;CARRASCAL DEL RIO;;;;;
17;40;45;1;CASLA;;;;;
17;40;46;1;CASTILLEJO DE MESLEON;;;;;
17;40;46;2;SOTO DE SEPULVEDA;;;;;
17;40;47;1;CASTRO DE FUENTIDUEÑA;;;;;
17;40;48;1;CASTROJIMENO;;;;;
17;40;49;1;CASTROSERNA DE ABAJO;;;;;
17;40;51;1;CASTROSERRACIN;;;;;
17;40;52;1;CEDILLO DE LA TORRE;;;;;
17;40;53;1;CEREZO DE ABAJO;;;;;
17;40;53;2;MANSILLA;;;;;
17;40;54;1;CEREZO DE ARRIBA;;;;;
17;40;54;2;LA PINILLA;;;;;
17;40;55;1;CILLERUELO DE SAN MAMES;;;;;
17;40;56;1;COBOS DE FUENTIDUEÑA;;;;;
17;40;57;1;CIRUELOS DE COCA;;;;;
17;40;57;2;COCA;;;;;
17;40;57;3;VILLAGONZALO DE COCA;;;;;
17;40;58;1;CODORNIZ;;;;;
17;40;58;2;MONTUENGA;;;;;
17;40;59;1;COLLADO HERMOSO;;;;;
17;40;60;1;LA NAVA;;;;;
17;40;60;2;TORRECILLA;;;;;
17;40;60;3;VALDESAZ;;;;;
17;40;60;4;VILLAFRANCA;;;;;
17;40;61;1;CORRAL DE AYLLON;;;;;
17;40;62;1;CUBILLO;;;;;
17;40;63;1;ARROYO DE CUELLAR;;;;;
17;40;63;2;CAMPO DE CUELLAR;;;;;
17;40;63;3;CUELLAR;;;;;
17;40;63;4;CHATUN;;;;;
17;40;63;5;DEHESA;;;;;
17;40;63;6;DEHESA MAYOR;;;;;
17;40;63;7;ESCARABAJOSA DE CUELLAR;;;;;
17;40;63;8;FUENTES DE CUELLAR;;;;;
17;40;63;9;LOVINGOS;;;;;
17;40;63;10;TORREGUTIERREZ;;;;;
17;40;65;1;CHAÑE;;;;;
17;40;68;1;DOMINGO GARCIA;;;;;
17;40;69;1;DONHIERRO;;;;;
17;40;70;1;LOS CORTOS;;;;;
17;40;70;2;DURUELO;;;;;
17;40;71;1;ENCINAS;;;;;
17;40;72;1;ENCINILLAS;;;;;
17;40;73;1;ESCALONA DEL PRADO;;;;;
17;40;74;1;ESCARABAJOSA DE LAS CABEZAS;;;;;
17;40;75;1;ESCOBAR DE POLENDOS;;;;;
17;40;75;2;PARRAL DE VILLOVELA;;;;;
17;40;75;3;PEÑARUBIAS DE PIRON;;;;;
17;40;75;4;PINILLOS DE POLENDOS;;;;;
17;40;75;5;VILLOVELA DE PIRON;;;;;
17;40;76;1;LOS ANGELES DE SAN RAFAEL;;;;;
17;40;76;2;EL ESPINAR;;;;;
17;40;76;3;ESTACION DEL ESPINAR;;;;;
17;40;76;4;GUDILLOS;;;;;
17;40;76;5;PRADOS;;;;;
17;40;76;6;SAN RAFAEL;;;;;
17;40;77;1;ESPIRDO;;;;;
17;40;77;2;LA HIGUERA;;;;;
17;40;77;3;TIZNEROS;;;;;
17;40;78;1;FRESNEDA DE CUELLAR;;;;;
17;40;79;1;CASCAJARES;;;;;
17;40;79;2;CASTILTIERRA;;;;;
17;40;79;3;CINCO VILLAS;;;;;
17;40;79;4;FRESNO DE CANTESPINO;;;;;
17;40;79;5;PAJARES DE FRESNO;;;;;
17;40;79;6;RIAHUELAS;;;;;
17;40;79;7;GOMEZNARRO;;;;;
17;40;80;1;FRESNO DE LA FUENTE;;;;;
17;40;81;1;FRUMALES;;;;;
17;40;82;1;FUENTE DE SANTA CRUZ;;;;;
17;40;83;1;FUENTE EL OLMO DE FUENTIDUEÑA;;;;;
17;40;84;1;FUENTE EL OLMO DE ISCAR;;;;;
17;40;86;1;FUENTEPELAYO;;;;;
17;40;87;1;FUENTEPIÑEL;;;;;
17;40;88;1;FUENTERREBOLLO;;;;;
17;40;89;2;FUENTESAUCO DE FUENTIDUEÑA;;;;;
17;40;91;1;FUENTESOTO;;;;;
17;40;91;2;TEJARES;;;;;
17;40;92;1;FUENTIDUEÑA;;;;;
17;40;93;1;GALLEGOS;;;;;
17;40;94;1;GARCILLAN;;;;;
17;40;95;1;GOMEZSERRACIN;;;;;
17;40;97;1;GRAJERA;;;;;
17;40;99;1;HONRUBIA DE LA CUESTA;;;;;
17;40;100;1;HONTALBILLA;;;;;
17;40;101;1;LA ESTACION;;;;;
17;40;101;2;HONTANARES DE ERESMA;;;;;
17;40;103;1;LOS HUERTOS;;;;;
17;40;104;1;ITUERO Y LAMA;;;;;
17;40;104;3;URBANIZACION COTO DE SAN ISIDRO;;;0;0;0
17;40;105;1;JUARROS DE RIOMOROS;;;;;
17;40;106;1;JUARROS DE VOLTOYA;;;;;
17;40;107;1;LABAJOS;;;;;
17;40;108;1;LAGUNA DE CONTRERAS;;;;;
17;40;108;2;VIVAR DE FUENTIDUEÑA;;;;;
17;40;109;1;LANGUILLA;;;;;
17;40;109;2;MAZAGATOS;;;;;
17;40;110;1;LASTRAS DE CUELLAR;;;;;
17;40;111;1;LASTRAS DEL POZO;;;;;
17;40;111;2;SAN PEDRO DE LAS DUEÑAS;;;;;
17;40;112;1;LA LASTRILLA;;;;;
17;40;113;2;LA LOSA;;;;;
17;40;115;1;MADERUELO;;;;;
17;40;118;1;MARAZUELA;;;;;
17;40;119;1;MARTIN MIGUEL;;;;;
17;40;120;1;MARTIN MUÑOZ DE LA DEHESA;;;;;
17;40;121;1;MARTIN MUÑOZ DE LAS POSADAS;;;;;
17;40;122;1;MARUGAN;;;;;
17;40;122;2;PINAR JARDIN;;;;;
17;40;123;1;CAÑICOSA;;;;;
17;40;123;2;MATABUENA;;;;;
17;40;123;3;MATAMALA;;;;;
17;40;124;1;MATA DE CUELLAR;;;;;
17;40;125;1;LA MATILLA;;;;;
17;40;126;1;MELQUE DE CERCOS;;;;;
17;40;127;1;MEMBIBRE DE LA HOZ;;;;;
17;40;128;1;MIGUELAÑEZ;;;;;
17;40;129;1;MONTEJO DE AREVALO;;;;;
17;40;130;1;MONTEJO DE LA VEGA DE LA SERREZUELA;;;;;
17;40;131;1;MONTERRUBIO;;;;;
17;40;132;1;MORAL DE HORNUEZ;;;;;
17;40;134;1;MOZONCILLO;;;;;
17;40;135;1;MOÑIBAS;;;;;
17;40;135;2;MUÑOPEDRO;;;;;
17;40;135;3;PEROMINGO;;;;;
17;40;136;1;MUÑOVEROS;;;;;
17;40;138;1;MORALEJA DE COCA;;;;;
17;40;138;2;NAVA DE LA ASUNCION;;;;;
17;40;139;1;NAVAFRIA;;;;;
17;40;140;1;NAVALILLA;;;;;
17;40;141;1;NAVALMANZANO;;;;;
17;40;142;1;NAVARES DE AYUSO;;;;;
17;40;143;1;NAVARES DE ENMEDIO;;;;;
17;40;144;1;NAVARES DE LAS CUEVAS;;;;;
17;40;145;1;NAVAS DE ORO;;;;;
17;40;146;1;NAVAS DE SAN ANTONIO;;;;;
17;40;148;1;NIEVA;;;;;
17;40;149;1;MORALEJA DE CUELLAR;;;;;
17;40;149;2;OLOMBRADA;;;;;
17;40;149;3;VEGAFRIA;;;;;
17;40;150;1;EL ARENAL;;;;;
17;40;150;2;OREJANILLA;;;;;
17;40;150;3;REVILLA;;;;;
17;40;150;4;SANCHOPEDRO;;;;;
17;40;151;1;ORTIGOSA DE PESTAÑO;;;;;
17;40;152;1;LA ESTACION;;;;;
17;40;152;2;OTERO DE HERREROS;;;;;
17;40;154;1;PAJAREJOS;;;;;
17;40;155;1;PALAZUELOS DE ERESMA;;;;;
17;40;155;2;QUITAPESARES;;;;;
17;40;155;4;TABANERA DEL MONTE;;;;;
17;40;155;5;PARQUE ROBLEDO;;;;;
17;40;155;6;PEÑAS DEL ERIZO;;;;;
17;40;156;1;PEDRAZA;;;;;
17;40;156;2;RADES DE ABAJO;;;;;
17;40;156;3;LA VELILLA;;;;;
17;40;157;1;PELAYOS DEL ARROYO;;;;;
17;40;157;2;TENZUELA;;;;;
17;40;158;1;PEROSILLO;;;;;
17;40;159;1;PINAREJOS;;;;;
17;40;160;1;PINARNEGRILLO;;;;;
17;40;161;1;CARABIAS;;;;;
17;40;161;2;PRADALES;;;;;
17;40;162;1;CASTROSERNA DE ARRIBA;;;;;
17;40;162;2;PRADENA;;;;;
17;40;163;1;PUEBLA DE PEDRAZA;;;;;
17;40;164;1;RAPARIEGOS;;;;;
17;40;165;1;REBOLLO;;;;;
17;40;166;1;REMONDO;;;;;
17;40;168;1;RIAGUAS DE SAN BARTOLOME;;;;;
17;40;170;1;ALDEANUEVA DEL MONTE;;;;;
17;40;170;2;ALQUITE;;;;;
17;40;170;3;BARAHONA DE FRESNO;;;;;
17;40;170;4;BECERRIL;;;;;
17;40;170;5;MADRIGUERA;;;;;
17;40;170;6;MARTIN MUÑOZ DE AYLLON;;;;;
17;40;170;7;EL MUYO;;;;;
17;40;170;8;EL NEGREDO;;;;;
17;40;170;9;RIAZA;;;;;
17;40;170;10;VILLACORTA;;;;;
17;40;170;11;SERRACIN;;;;;
17;40;171;1;RIBOTA;;;;;
17;40;172;1;RIOFRIO DE RIAZA;;;;;
17;40;173;1;RODA DE ERESMA;;;;;
17;40;174;2;SACRAMENIA;;;;;
17;40;176;1;NARROS DE CUELLAR;;;;;
17;40;176;2;SAMBOAL;;;;;
17;40;177;1;SAN CRISTOBAL DE CUELLAR;;;;;
17;40;178;1;SAN CRISTOBAL DE LA VEGA;;;;;
17;40;179;1;SANCHONUÑO;;;;;
17;40;180;1;COBOS DE SEGOVIA;;;;;
17;40;180;2;ETREROS;;;;;
17;40;180;4;SANGARCIA;;;;;
17;40;181;1;RIOFRIO;;;;;
17;40;181;2;LA GRANJA DE SAN ILDEFONSO;;;;;
17;40;181;3;VALSAIN;;;;;
17;40;181;4;LA PRADERA DE NAVALHORNO;;;;;
17;40;182;1;MUDRIAN;;;;;
17;40;182;2;SAN MARTIN;;;;;
17;40;183;1;SAN MIGUEL DE BERNUY;;;;;
17;40;184;1;REBOLLAR;;;;;
17;40;184;2;SAN PEDRO DE GAILLOS;;;;;
17;40;185;1;ARAGONESES;;;;;
17;40;185;2;BALISA;;;;;
17;40;185;3;HOYUELOS;;;;;
17;40;185;4;JEMENUÑO;;;;;
17;40;185;5;LAGUNA RODRIGO;;;;;
17;40;185;6;MIGUEL IBAÑEZ;;;;;
17;40;185;7;OCHANDO;;;;;
17;40;185;8;PARADINAS;;;;;
17;40;185;9;PASCUALES;;;;;
17;40;185;10;PINILLA AMBROZ;;;;;
17;40;185;11;SANTA MARIA LA REAL DE NIEVA;;;;;
17;40;185;12;SANTOVENIA;;;;;
17;40;185;13;TABLADILLO;;;;;
17;40;185;14;VILLOSLADA;;;;;
17;40;186;1;SANTA MARTA DEL CERRO;;;;;
17;40;188;1;CHAVIDA;;;;;
17;40;188;2;LA MATA;;;;;
17;40;188;3;REQUIJADA;;;;;
17;40;188;4;URBANOS;;;;;
17;40;189;1;BERNUY DE COCA;;;;;
17;40;189;2;SANTIUSTE DE SAN JUAN BAUTISTA;;;;;
17;40;190;1;SANTO DOMINGO DE PIRON;;;;;
17;40;191;1;LA RADES;;;;;
17;40;191;2;ROSQUERO;;;;;
17;40;191;3;SIGUERO;;;;;
17;40;191;4;SIGUERUELO;;;;;
17;40;191;5;VILLAREJO;;;;;
17;40;192;1;SAUQUILLO DE CABEZAS;;;;;
17;40;193;1;SEBULCOR;;;;;
17;40;194;1;FUENTEMILANOS;;;;;
17;40;194;2;HONTORIA;;;;;
17;40;194;3;MADRONA;;;;;
17;40;194;4;PEROGORDO;;;;;
17;40;194;5;REVENGA;;;;;
17;40;194;6;SEGOVIA;;;;;
17;40;194;7;LAS SERILLAS;;;;;
17;40;194;8;TORREDONDO;;;;;
17;40;194;9;ZAMARRAMALA;;;;;
17;40;195;1;ALDEHUELA DE SEPULVEDA;;;;;
17;40;195;2;CASTRILLO DE SEPULVEDA;;;;;
17;40;195;3;CONSUEGRA DE MURERA;;;;;
17;40;195;4;DURATON;;;;;
17;40;195;5;HINOJOSAS DEL CERRO;;;;;
17;40;195;6;PERORRUBIO;;;;;
17;40;195;7;SEPULVEDA;;;;;
17;40;195;8;TANARRO;;;;;
17;40;195;9;VELLOSILLO;;;;;
17;40;195;10;VILLAR DE SOBREPEÑA;;;;;
17;40;195;11;VILLASECA;;;;;
17;40;196;1;SEQUERA DE FRESNO;;;;;
17;40;198;1;FRESNEDA DE SEPULVEDA;;;;;
17;40;198;2;SOTILLO;;;;;
17;40;199;1;SOTOSALBOS;;;;;
17;40;200;1;TABANERA LA LUENGA;;;;;
17;40;201;1;TOLOCIRIO;;;;;
17;40;202;1;TORREADRADA;;;;;
17;40;203;1;ALDEHUELA;;;;;
17;40;203;2;CABANILLAS DEL MONTE;;;;;
17;40;203;3;LA TORRE;;;;;
17;40;203;4;TORRECABALLEROS;;;;;
17;40;204;1;TORRECILLA DEL PINAR;;;;;
17;40;205;1;LOSANA DE PIRON;;;;;
17;40;205;2;OTONES DE BENJUMEA;;;;;
17;40;205;3;TORREIGLESIAS;;;;;
17;40;206;1;LA SALCEDA;;;;;
17;40;206;2;TORRE VAL DE SAN PEDRO;;;;;
17;40;206;3;VALLE DE SAN PEDRO;;;;;
17;40;207;1;SONSOTO;;;;;
17;40;207;2;TRESCASAS;;;;;
17;40;207;3;LA ATALAYA;;;;;
17;40;208;1;ALDEASAZ;;;;;
17;40;208;2;BERROCAL;;;;;
17;40;208;3;CARRASCAL;;;;;
17;40;208;4;LA CUESTA;;;;;
17;40;208;5;TUREGANO;;;;;
17;40;210;1;URUEÑAS;;;;;
17;40;211;1;GUIJASALBAS;;;;;
17;40;211;2;VALDEPRADOS;;;;;
17;40;212;1;VALDEVACAS DE MONTEJO;;;;;
17;40;213;1;EL GUIJAR;;;;;
17;40;213;2;VALDEVACAS;;;;;
17;40;214;1;VALSECA;;;;;
17;40;215;1;PECHARROMAN;;;;;
17;40;215;2;SAN JOSE;;;;;
17;40;215;3;VALTIENDAS;;;;;
17;40;216;1;VALVERDE DEL MAJANO;;;;;
17;40;218;1;BARRIO DE ARRIBA;;;;;
17;40;218;2;VALLE DE TABLADILLO;;;;;
17;40;219;1;VALLELADO;;;;;
17;40;220;1;BERZAL;;;;;
17;40;220;2;TEJADILLA;;;;;
17;40;220;3;VALLERUELA DE PEDRAZA;;;;;
17;40;221;1;LA FUENTE;;;;;
17;40;221;2;VALLERUELA DE SEPULVEDA;;;;;
17;40;222;1;VEGANZONES;;;;;
17;40;223;1;VEGAS DE MATUTE;;;;;
17;40;224;1;LAS CASAS ALTAS;;;;;
17;40;224;2;TEJADILLA;;;;;
17;40;224;3;VENTOSILLA;;;;;
17;40;225;1;VILLACASTIN;;;;;
17;40;228;1;VILLAVERDE DE ISCAR;;;;;
17;40;229;1;VILLAVILLA DE MONTEJO;;;;;
17;40;229;2;VILLAVERDE DE MONTEJO;;;;;
17;40;230;1;VILLEGUILLO;;;;;
17;40;231;1;SAN PEDRO;;;;;
17;40;231;2;YANGUAS DE ERESMA;;;;;
17;40;233;1;ZARZUELA DEL MONTE;;;;;
17;40;234;1;ZARZUELA DEL PINAR;;;;;
17;40;901;1;ORTIGOSA DEL MONTE;;;;;
17;40;902;1;COZUELOS DE FUENTIDUEÑA;;;;;
17;40;903;1;MARAZOLEJA;;;;;
17;40;904;1;NAVAS DE RIOFRIO;;;;;
17;40;905;1;CUEVAS DE PROVANCO;;;;;
17;40;906;1;SAN CRISTOBAL DE SEGOVIA;;;;;
17;40;999;0;NO DETERMINADA;;;;;
17;42;1;1;ABEJAR;;;;;
17;42;3;1;ADRADAS;;;;;
17;42;3;2;ONTALVILLA DE ALMAZAN;;;;;
17;42;3;3;SAUQUILLO DEL CAMPO;;;;;
17;42;4;1;AGREDA;;;;;
17;42;4;2;ALDEHUELA DE AGREDA;;;;;
17;42;4;3;FUENTES DE AGREDA;;;;;
17;42;4;4;VALVERDE;;;;;
17;42;6;1;ALCONABA;;;;;
17;42;6;2;CUBO DE HOGUERAS;;;;;
17;42;6;3;MARTIALAY;;;;;
17;42;6;4;ONTALVILLA DE VALCORBA;;;;;
17;42;7;1;ALCOBA DE LA TORRE;;;;;
17;42;7;2;ALCUBILLA DE AVELLANEDA;;;;;
17;42;7;3;ZAYAS DE BASCONES;;;;;
17;42;8;1;ALCUBILLA DE LAS PEÑAS;;;;;
17;42;8;2;MEZQUETILLAS;;;;;
17;42;8;3;RADONA;;;;;
17;42;9;1;ALDEALAFUENTE;;;;;
17;42;9;2;RIBARROYA;;;;;
17;42;9;3;TAPIELA;;;;;
17;42;10;1;ALDEALICES;;;;;
17;42;11;1;ALDEALPOZO;;;;;
17;42;12;1;ALDEALSEÑOR;;;;;
17;42;13;1;ALDEHUELA DE PERIAÑEZ;;;;;
17;42;13;2;CANOS;;;;;
17;42;13;3;TORRETARTAJO;;;;;
17;42;14;1;LAS ALDEHUELAS;;;;;
17;42;14;2;LOS CAMPOS;;;;;
17;42;14;3;LEDRADO;;;;;
17;42;14;4;VALLORIA;;;;;
17;42;14;5;VILLASECA SOMERA;;;;;
17;42;15;1;ALENTISQUE;;;;;
17;42;15;2;CABANILLAS;;;;;
17;42;16;1;ALIUD;;;;;
17;42;17;1;ALMAJANO;;;;;
17;42;18;1;AGUAVIVA DE LA VEGA;;;;;
17;42;18;2;ALMALUEZ;;;;;
17;42;18;3;CHERCOLES;;;;;
17;42;18;4;PUEBLA DE ECA;;;;;
17;42;19;1;ALMARZA;;;;;
17;42;19;2;CUBO DE LA SIERRA;;;;;
17;42;19;3;ESPEJO DE TERA;;;;;
17;42;19;4;GALLINERO;;;;;
17;42;19;5;PORTELARBOL;;;;;
17;42;19;6;SAN ANDRES DE SORIA;;;;;
17;42;19;7;SEGOVIELA;;;;;
17;42;19;8;SEPULVEDA DE LA SIERRA;;;;;
17;42;19;9;TERA;;;;;
17;42;19;10;MATUTE DE LA SIERRA;;;;;
17;42;20;1;ALMANTIGA;;;;;
17;42;20;2;ALMAZAN;;;;;
17;42;20;3;BALLUNCAR;;;;;
17;42;20;4;COBERTELADA;;;;;
17;42;20;5;COVARRUBIAS;;;;;
17;42;20;6;FUENTELCARRO;;;;;
17;42;20;7;LODARES DEL MONTE;;;;;
17;42;20;8;TEJERIZAS;;;;;
17;42;21;1;ALMAZUL;;;;;
17;42;21;2;MAZATERON;;;;;
17;42;21;3;ZARABES;;;;;
17;42;22;1;ALMENAR DE SORIA;;;;;
17;42;22;2;CARDEJON;;;;;
17;42;22;3;CASTEJON DEL CAMPO;;;;;
17;42;22;4;ESTERAS DE LUBIA;;;;;
17;42;22;5;JARAY;;;;;
17;42;22;6;PERONIEL DEL CAMPO;;;;;
17;42;23;1;ALPANSEQUE;;;;;
17;42;23;2;MARAZOVEL;;;;;
17;42;24;1;ARANCON;;;;;
17;42;24;2;CORTOS;;;;;
17;42;24;3;NIEVA DE CALDERUELA;;;;;
17;42;24;4;OMEÑACA;;;;;
17;42;24;5;TOZALMORO;;;;;
17;42;24;6;CALDERUELA;;;;;
17;42;25;1;AGUILAR DE MONTUENGA;;;;;
17;42;25;2;ARCOS DE JALON;;;;;
17;42;25;3;CHAORNA;;;;;
17;42;25;4;IRUECHA;;;;;
17;42;25;5;JUBERA;;;;;
17;42;25;6;JUDES;;;;;
17;42;25;7;LAYNA;;;;;
17;42;25;8;MONTUENGA DE SORIA;;;;;
17;42;25;9;SAGIDES;;;;;
17;42;25;10;SOMAEN;;;;;
17;42;25;11;UTRILLA;;;;;
17;42;25;12;VELILLA DE MEDINACELI;;;;;
17;42;25;13;UREX DE MEDINACELI;;;;;
17;42;26;1;ARENILLAS;;;;;
17;42;27;1;AREVALO DE LA SIERRA;;;;;
17;42;27;2;TORREAREVALO;;;;;
17;42;27;3;VENTOSA DE LA SIERRA;;;;;
17;42;28;1;AUSEJO DE LA SIERRA;;;;;
17;42;28;2;CUELLAR DE LA SIERRA;;;;;
17;42;28;3;FUENTELFRESNO;;;;;
17;42;29;1;BARAONA;;;;;
17;42;29;2;JODRA DE CARDOS;;;;;
17;42;29;3;PINILLA DEL OLMO;;;;;
17;42;29;4;ROMANILLOS DE MEDINACELI;;;;;
17;42;30;1;BARCA;;;;;
17;42;30;2;CIADUEÑA;;;;;
17;42;31;1;BARCONES;;;;;
17;42;32;1;AGUILERA;;;;;
17;42;32;2;BAYUBAS DE ABAJO;;;;;
17;42;33;1;BAYUBAS DE ARRIBA;;;;;
17;42;33;2;VALVERDE DE LOS AJOS;;;;;
17;42;34;1;BERATON;;;;;
17;42;35;1;ABANCO;;;;;
17;42;35;2;ALALO;;;;;
17;42;35;3;ANDALUZ;;;;;
17;42;35;4;BERLANGA DE DUERO;;;;;
17;42;35;5;BRIAS;;;;;
17;42;35;6;CIRUELA;;;;;
17;42;35;7;HORTEZUELA;;;;;
17;42;35;8;LUMIAS;;;;;
17;42;35;9;MORALES;;;;;
17;42;35;10;PAONES;;;;;
17;42;35;11;CABRERIZA;;;;;
17;42;36;1;BLACOS;;;;;
17;42;37;1;BLIECOS;;;;;
17;42;38;1;BORJABAD;;;;;
17;42;38;2;VALDESPINA;;;;;
17;42;39;1;BOROBIA;;;;;
17;42;41;1;BUBEROS;;;;;
17;42;42;1;BUITRAGO;;;;;
17;42;43;1;ALCUBILLA DEL MARQUES;;;;;
17;42;43;2;BARCEBAL;;;;;
17;42;43;3;BARCEBALEJO;;;;;
17;42;43;4;BERZOSA;;;;;
17;42;43;5;EL BURGO DE OSMA;;;;;
17;42;43;6;LODARES DE OSMA;;;;;
17;42;43;7;LA OLMEDA;;;;;
17;42;43;8;OSMA;;;;;
17;42;43;9;LA RASA;;;;;
17;42;43;10;SANTIUSTE;;;;;
17;42;43;11;TORRALBA DEL BURGO;;;;;
17;42;43;13;VALDELUBIEL;;;;;
17;42;43;14;VALDENARROS;;;;;
17;42;43;15;VILDE;;;;;
17;42;43;16;NAVAPALOS;;;;;
17;42;44;1;CABREJAS DEL CAMPO;;;;;
17;42;44;2;OJUEL;;;;;
17;42;45;1;CABREJAS DEL PINAR;;;;;
17;42;46;1;ABIONCILLO DE CALATAÑAZOR;;;;;
17;42;46;2;ALDEHUELA DE CALATAÑAZOR;;;;;
17;42;46;3;CALATAÑAZOR;;;;;
17;42;48;1;BORDECOREX;;;;;
17;42;48;2;CALTOJAR;;;;;
17;42;48;3;CASILLAS DE BERLANGA;;;;;
17;42;49;1;CANDILICHERA;;;;;
17;42;49;2;CARAZUELO;;;;;
17;42;49;3;DUAÑEZ;;;;;
17;42;49;4;FUENTETECHA;;;;;
17;42;49;5;MAZALVETE;;;;;
17;42;50;1;CAÑAMAQUE;;;;;
17;42;51;1;CARABANTES;;;;;
17;42;52;1;CARACENA;;;;;
17;42;53;1;CARRASCOSA DE ABAJO;;;;;
17;42;54;1;CARRASCOSA DE LA SIERRA;;;;;
17;42;55;1;CASAREJOS;;;;;
17;42;56;1;CASTILFRIO DE LA SIERRA;;;;;
17;42;57;1;AÑAVIEJA;;;;;
17;42;57;2;CASTILRUIZ;;;;;
17;42;58;1;CASTILLEJO DE ROBLEDO;;;;;
17;42;59;1;CENTENERA DE ANDALUZ;;;;;
17;42;60;1;CERBON;;;;;
17;42;60;2;LAS FUESAS;;;;;
17;42;61;1;CIDONES;;;;;
17;42;61;2;HERREROS;;;;;
17;42;61;3;OCENILLA;;;;;
17;42;61;4;VILLAVERDE DEL MONTE;;;;;
17;42;62;1;CIGUDOSA;;;;;
17;42;63;1;CIHUELA;;;;;
17;42;64;1;CIRIA;;;;;
17;42;65;1;CIRUJALES DEL RIO;;;;;
17;42;68;1;BORDEJE;;;;;
17;42;68;2;CENTENERA DEL CAMPO;;;;;
17;42;68;3;COSCURITA;;;;;
17;42;68;4;NEGUILLAS;;;;;
17;42;68;5;VILLALBA;;;;;
17;42;69;1;COVALEDA;;;;;
17;42;70;1;CUBILLA;;;;;
17;42;71;1;ALMARAIL;;;;;
17;42;71;2;CUBO DE LA SOLANA;;;;;
17;42;71;3;ITUERO;;;;;
17;42;71;4;LUBIA;;;;;
17;42;71;5;RABANERA DEL CAMPO;;;;;
17;42;71;6;RIOTUERTO;;;;;
17;42;73;1;CUEVA DE AGREDA;;;;;
17;42;75;1;DEVANOS;;;;;
17;42;76;1;LA ALAMEDA;;;;;
17;42;76;2;DEZA;;;;;
17;42;76;3;MIÑANA;;;;;
17;42;78;1;DURUELO DE LA SIERRA;;;;;
17;42;79;1;ESCOBOSA DE ALMAZAN;;;;;
17;42;80;1;ESPEJA DE SAN MARCELINO;;;;;
17;42;80;2;GUIJOSA;;;;;
17;42;80;3;LA HINOJOSA;;;;;
17;42;80;4;ORILLARES;;;;;
17;42;80;5;QUINTANILLA DE NUÑO PEDRO;;;;;
17;42;81;1;ESPEJON;;;;;
17;42;82;1;ESTEPA DE SAN JUAN;;;;;
17;42;83;1;FRECHILLA DE ALMAZAN;;;;;
17;42;83;2;LA MIÑOSA;;;;;
17;42;83;3;TORREMEDIANA;;;;;
17;42;84;1;FRESNO DE CARACENA;;;;;
17;42;85;1;FUENCALIENTE DEL BURGO;;;;;
17;42;85;2;FUENTEARMEGIL;;;;;
17;42;85;3;SANTERVAS DEL BURGO;;;;;
17;42;85;4;ZAYUELAS;;;;;
17;42;86;1;CENEGRO;;;;;
17;42;86;2;FUENTECAMBRON;;;;;
17;42;87;1;FUENTECANTOS;;;;;
17;42;88;1;FUENTELMONGE;;;;;
17;42;89;1;AYLLONCILLO;;;;;
17;42;89;2;FUENTELSAZ DE SORIA;;;;;
17;42;89;3;PEDRAZA;;;;;
17;42;89;4;PORTELRUBIO;;;;;
17;42;90;1;FUENTEPINILLA;;;;;
17;42;90;2;OSONA;;;;;
17;42;90;3;VALDERRUEDA;;;;;
17;42;92;1;FUENTES DE MAGAÑA;;;;;
17;42;93;1;FUENTESTRUN;;;;;
17;42;94;1;CANREDONDO DE LA SIERRA;;;;;
17;42;94;2;CHAVALER;;;;;
17;42;94;3;DOMBELLAS;;;;;
17;42;94;4;GARRAY;;;;;
17;42;94;5;SANTERVAS DE LA SIERRA;;;;;
17;42;94;6;TARDESILLAS;;;;;
17;42;95;1;CAMPARAÑON;;;;;
17;42;95;2;CARBONERA DE FRENTES;;;;;
17;42;95;3;LA CUENCA;;;;;
17;42;95;4;LAS FRAGUAS;;;;;
17;42;95;5;FUENTETOBA;;;;;
17;42;95;6;GOLMAYO;;;;;
17;42;95;7;LA MALLONA;;;;;
17;42;95;8;LA MUELA;;;;;
17;42;95;9;NAFRIA LA LLANA;;;;;
17;42;95;10;NODALO;;;;;
17;42;95;11;VILLABUENA;;;;;
17;42;96;1;ABION;;;;;
17;42;96;2;GOMARA;;;;;
17;42;96;3;LEDESMA DE SORIA;;;;;
17;42;96;4;PAREDESROYAS;;;;;
17;42;96;5;TORRALBA DE ARCIEL;;;;;
17;42;97;1;GORMAZ;;;;;
17;42;98;1;HERRERA DE SORIA;;;;;
17;42;100;1;HINOJOSA DEL CAMPO;;;;;
17;42;103;1;ALCOZAR;;;;;
17;42;103;2;BOCIGAS DE PERALES;;;;;
17;42;103;3;LANGA DE DUERO;;;;;
17;42;103;4;VALDANZO;;;;;
17;42;103;5;VALDANZUELO;;;;;
17;42;103;6;ZAYAS DE TORRE;;;;;
17;42;105;1;LICERAS;;;;;
17;42;106;1;LA LOSILLA;;;;;
17;42;107;1;MAGAÑA;;;;;
17;42;107;2;POBAR;;;;;
17;42;107;3;VILLARRASO;;;;;
17;42;108;1;MAJAN;;;;;
17;42;110;1;MATALEBRERAS;;;;;
17;42;110;2;MONTENEGRO DE AGREDA;;;;;
17;42;111;1;MATAMALA DE ALMAZAN;;;;;
17;42;111;2;MATUTE DE ALMAZAN;;;;;
17;42;111;3;SANTA MARIA DEL PRADO;;;;;
17;42;113;1;ARBUJUELO;;;;;
17;42;113;2;AZCAMELLAS;;;;;
17;42;113;3;BELTEJAR;;;;;
17;42;113;4;BENAMIRA;;;;;
17;42;113;5;BLOCONA;;;;;
17;42;113;6;ESTERAS DE MEDINACELI;;;;;
17;42;113;7;FUENCALIENTE DE MEDINACELI;;;;;
17;42;113;8;LODARES;;;;;
17;42;113;9;MEDINACELI;;;;;
17;42;113;10;SALINAS DE MEDINACELI;;;;;
17;42;113;11;TORRALBA DEL MORAL;;;;;
17;42;115;1;AMBRONA;;;;;
17;42;115;2;CONQUEZUELA;;;;;
17;42;115;3;MIÑO DE MEDINACELI;;;;;
17;42;115;4;VENTOSA DEL DUCADO;;;;;
17;42;116;1;MIÑO DE SAN ESTEBAN;;;;;
17;42;117;1;MOLINOS DE DUERO;;;;;
17;42;118;1;MOMBLONA;;;;;
17;42;119;1;MONTEAGUDO DE LAS VICARIAS;;;;;
17;42;119;2;VALTUEÑA;;;;;
17;42;120;1;CARRASCOSA DE ARRIBA;;;;;
17;42;120;2;CUEVAS DE AYLLON;;;;;
17;42;120;3;HOZ DE ABAJO;;;;;
17;42;120;4;HOZ DE ARRIBA;;;;;
17;42;120;5;LIGOS;;;;;
17;42;120;6;MONTEJO DE TIERMES;;;;;
17;42;120;7;NOVIALES;;;;;
17;42;120;8;PEDRO;;;;;
17;42;120;9;REBOLLOSA DE PEDRO;;;;;
17;42;120;10;TORRESUSO;;;;;
17;42;120;11;VALDERROMAN;;;;;
17;42;121;1;MONTENEGRO DE CAMEROS;;;;;
17;42;123;1;MORON DE ALMAZAN;;;;;
17;42;123;2;SEÑUELA;;;;;
17;42;124;1;MURIEL DE LA FUENTE;;;;;
17;42;125;1;MURIEL VIEJO;;;;;
17;42;127;1;NAFRIA DE UCERO;;;;;
17;42;127;2;REJAS DE UCERO;;;;;
17;42;127;3;VALDEALBIN;;;;;
17;42;128;1;NARROS;;;;;
17;42;129;1;NAVALENO;;;;;
17;42;130;1;NEPAS;;;;;
17;42;131;1;NOLAY;;;;;
17;42;132;1;NOVIERCAS;;;;;
17;42;134;1;MURO;;;;;
17;42;134;2;OLVEGA;;;;;
17;42;135;1;EL COLLADO;;;;;
17;42;135;2;NAVABELLIDA;;;;;
17;42;135;3;ONCALA;;;;;
17;42;135;4;SAN ANDRES DE SAN PEDRO;;;;;
17;42;139;1;PINILLA DEL CAMPO;;;;;
17;42;140;1;PORTILLO DE SORIA;;;;;
17;42;141;1;ARGUIJO;;;;;
17;42;141;2;BARRIOMARTIN;;;;;
17;42;141;3;LA POVEDA DE SORIA;;;;;
17;42;142;1;POZALMURO;;;;;
17;42;144;1;LA BARBOLLA;;;;;
17;42;144;2;LAS CUEVAS DE SORIA;;;;;
17;42;144;3;FUENTELALDEA;;;;;
17;42;144;4;FUENTELARBOL;;;;;
17;42;144;5;IZANA;;;;;
17;42;144;6;LOS LLAMOSOS;;;;;
17;42;144;7;MONASTERIO;;;;;
17;42;144;8;QUINTANA REDONDA;;;;;
17;42;144;9;LA REVILLA DE CALATA?AZOR;;;;;
17;42;144;10;LA SECA;;;;;
17;42;144;11;VENTOSA DE FUENTEPINILLA;;;;;
17;42;145;1;QUINTANAS DE GORMAZ;;;;;
17;42;148;1;QUIÑONERIA;;;;;
17;42;149;1;MIRANDA DE DUERO;;;;;
17;42;149;2;NAVALCABALLO;;;;;
17;42;149;3;LOS RABANOS;;;;;
17;42;149;4;TARDAJOS DE DUERO;;;;;
17;42;151;1;REBOLLAR;;;;;
17;42;152;1;GALAPAGARES;;;;;
17;42;152;2;MOSAREJOS;;;;;
17;42;152;3;NOGRALES;;;;;
17;42;152;4;LA PERERA;;;;;
17;42;152;5;RECUERDA;;;;;
17;42;153;1;RELLO;;;;;
17;42;154;1;FUENSAUCO;;;;;
17;42;154;2;RENIEBLAS;;;;;
17;42;154;3;VENTOSILLA DE SAN JUAN;;;;;
17;42;155;1;CAÑICERA;;;;;
17;42;155;2;CASTRO;;;;;
17;42;155;3;LOSANA;;;;;
17;42;155;4;MADRUEDANO;;;;;
17;42;155;5;MODAMIO;;;;;
17;42;155;6;RETORTILLO DE SORIA;;;;;
17;42;155;7;SAUQUILLO DE PAREDES;;;;;
17;42;155;8;TARANCUEÑA;;;;;
17;42;155;9;TORREVICENTE;;;;;
17;42;155;10;VALVENEDIZO;;;;;
17;42;155;11;PERALEJO DE LOS ESCUDEROS;;;;;
17;42;155;12;MANZANARES;;;;;
17;42;156;1;REZNOS;;;;;
17;42;157;1;LA RIBA DE ESCALOTE;;;;;
17;42;158;1;RIOSECO DE SORIA;;;;;
17;42;158;2;VALDEALVILLO;;;;;
17;42;159;1;ROLLAMIENTA;;;;;
17;42;160;1;DERROÑADAS;;;;;
17;42;160;2;HINOJOSA DE LA SIERRA;;;;;
17;42;160;3;LANGOSTO;;;;;
17;42;160;4;EL ROYO;;;;;
17;42;160;5;VILVIESTRE DE LOS NABOS;;;;;
17;42;161;1;SALDUERO;;;;;
17;42;162;1;ALDEA DE SAN ESTEBAN;;;;;
17;42;162;2;ATAUTA;;;;;
17;42;162;3;INES;;;;;
17;42;162;4;MATANZA DE SORIA;;;;;
17;42;162;5;MORCUERA;;;;;
17;42;162;6;OLMILLOS;;;;;
17;42;162;7;PEDRAJA DE SAN ESTEBAN;;;;;
17;42;162;8;PEÑALBA DE SAN ESTEBAN;;;;;
17;42;162;9;PIQUERA DE SAN ESTEBAN;;;;;
17;42;162;10;QUINTANAS RUBIAS DE ABAJO;;;;;
17;42;162;11;QUINTANAS RUBIAS DE ARRIBA;;;;;
17;42;162;12;QUINTANILLA DE TRES BARRIOS;;;;;
17;42;162;13;REJAS DE SAN ESTEBAN;;;;;
17;42;162;14;SAN ESTEBAN DE GORMAZ;;;;;
17;42;162;15;SOTO DE SAN ESTEBAN;;;;;
17;42;162;16;TORRAÑO;;;;;
17;42;162;17;TORREMOCHA DE AYLLON;;;;;
17;42;162;18;VELILLA DE SAN ESTEBAN;;;;;
17;42;162;19;VILLALVARO;;;;;
17;42;163;1;SAN FELICES;;;;;
17;42;164;1;ARGANZA;;;;;
17;42;164;2;SAN LEONARDO DE YAGÜE;;;;;
17;42;165;1;LAS FUENTES DE SAN PEDRO;;;;;
17;42;165;2;MATASEJUN;;;;;
17;42;165;3;PALACIO DE SAN PEDRO;;;;;
17;42;165;4;SAN PEDRO MANRIQUE;;;;;
17;42;165;5;TANIÑE;;;;;
17;42;165;6;VALDENEGRILLOS;;;;;
17;42;165;7;VENTOSA DE SAN PEDRO;;;;;
17;42;165;8;SARNAGO;;;;;
17;42;166;1;SANTA CRUZ DE YANGUAS;;;;;
17;42;166;2;VALDECANTOS;;;;;
17;42;166;3;VILLARTOSO;;;;;
17;42;167;1;SANTA MARIA DE HUERTA;;;;;
17;42;168;1;MUÑECAS;;;;;
17;42;168;2;SANTA MARIA DE LAS HOYAS;;;;;
17;42;171;1;SERON DE NAGIMA;;;;;
17;42;172;1;BORCHICAYADA;;;;;
17;42;172;2;SOLIEDRA;;;;;
17;42;173;1;LAS CASAS;;;;;
17;42;173;2;OTERUELOS;;;;;
17;42;173;3;PEDRAJAS;;;;;
17;42;173;4;SORIA;;;;;
17;42;173;5;TOLEDILLO;;;;;
17;42;174;1;ALDEHUELA DEL RINCON;;;;;
17;42;174;2;MOLINOS DE RAZON;;;;;
17;42;174;3;SOTILLO DEL RINCON;;;;;
17;42;175;1;EL ESPINO;;;;;
17;42;175;2;SUELLACABRAS;;;;;
17;42;176;1;TAJAHUERCE;;;;;
17;42;177;1;TAJUECO;;;;;
17;42;178;1;CANTALUCIA;;;;;
17;42;178;2;FUENTECANTALES;;;;;
17;42;178;3;TALVEILA;;;;;
17;42;181;1;CASCAJOSA;;;;;
17;42;181;2;OSONILLA;;;;;
17;42;181;3;TARDELCUENDE;;;;;
17;42;182;1;TARODA;;;;;
17;42;183;1;ALPARRACHE;;;;;
17;42;183;2;BOÑICES;;;;;
17;42;183;3;CASTIL DE TIERRA;;;;;
17;42;183;4;NOMPAREDES;;;;;
17;42;183;5;SAUQUILLO DE BOÑICES;;;;;
17;42;183;6;TEJADO;;;;;
17;42;183;7;VILLANUEVA DE ZAMAJON;;;;;
17;42;183;8;ZAMAJON;;;;;
17;42;184;1;TORLENGUA;;;;;
17;42;185;1;TORREBLACOS;;;;;
17;42;187;1;SAUQUILLO DE ALCAZAR;;;;;
17;42;187;2;TORDESALAS;;;;;
17;42;187;3;TORRUBIA DE SORIA;;;;;
17;42;188;1;TREVAGO;;;;;
17;42;189;1;UCERO;;;;;
17;42;190;1;VADILLO;;;;;
17;42;191;1;VALDEAVELLANO DE TERA;;;;;
17;42;192;1;VALDEGEÑA;;;;;
17;42;193;1;VALDELAGUA DEL CERRO;;;;;
17;42;194;1;AYLAGAS;;;;;
17;42;194;2;SOTOS DEL BURGO;;;;;
17;42;194;3;VALDEAVELLANO DE UCERO;;;;;
17;42;194;4;VALDELINARES;;;;;
17;42;194;5;VALDEMALUQUE;;;;;
17;42;195;1;BOOS;;;;;
17;42;195;2;VALDENEBRO;;;;;
17;42;196;1;CASTILLEJO DE SAN PEDRO;;;;;
17;42;196;2;VALDEPRADO;;;;;
17;42;197;1;TORREANDALUZ;;;;;
17;42;197;2;VALDERRODILLA;;;;;
17;42;198;1;VALTAJEROS;;;;;
17;42;200;1;FUENTE TOVAR;;;;;
17;42;200;2;REBOLLO DE DUERO;;;;;
17;42;200;3;VELAMAZAN;;;;;
17;42;201;1;VELILLA DE LA SIERRA;;;;;
17;42;202;1;VELILLA DE LOS AJOS;;;;;
17;42;204;1;LA MILANA;;;;;
17;42;204;2;MOÑUX;;;;;
17;42;204;3;PERDICES;;;;;
17;42;204;4;VIANA DE DUERO;;;;;
17;42;204;5;BANIEL;;;;;
17;42;205;1;VILLACIERVITOS;;;;;
17;42;205;2;VILLACIERVOS;;;;;
17;42;206;1;VILLANUEVA DE GORMAZ;;;;;
17;42;207;1;VILLAR DEL ALA;;;;;
17;42;208;1;VILLAR DEL CAMPO;;;;;
17;42;209;1;BRETUN;;;;;
17;42;209;2;CAMPORREDONDO;;;;;
17;42;209;3;DIUSTES;;;;;
17;42;209;4;HUERTELES;;;;;
17;42;209;5;LA LAGUNA;;;;;
17;42;209;6;MONTAVES;;;;;
17;42;209;7;SANTA CECILIA;;;;;
17;42;209;8;VALDUERTELES;;;;;
17;42;209;9;VILLAR DE MAYA;;;;;
17;42;209;10;VILLAR DEL RIO;;;;;
17;42;209;11;LA CUESTA;;;;;
17;42;211;1;PINILLA DE CARADUEÑA;;;;;
17;42;211;2;LA RUBIA;;;;;
17;42;211;3;LOS VILLARES DE SORIA;;;;;
17;42;212;1;FUENTEGELMES;;;;;
17;42;212;2;VILLASAYAS;;;;;
17;42;213;1;VILLASECA DE ARCIEL;;;;;
17;42;215;1;EL QUINTANAREJO;;;;;
17;42;215;2;SANTA INES;;;;;
17;42;215;3;VINUESA;;;;;
17;42;216;1;VERGUIZAS;;;;;
17;42;216;2;VIZMANOS;;;;;
17;42;217;1;VOZMEDIANO;;;;;
17;42;218;1;YANGUAS;;;;;
17;42;218;3;LA VEGA;;;;;
17;42;219;1;YELO;;;;;
17;42;999;0;NO DETERMINADA;;;;;
17;47;1;1;ADALIA;;;;;
17;47;2;1;AGUASAL;;;;;
17;47;3;1;AGUILAR DE CAMPOS;;;;;
17;47;4;1;ALAEJOS;;;;;
17;47;5;1;ALCAZAREN;;;;;
17;47;6;1;ALDEA DE SAN MIGUEL;;;;;
17;47;7;1;ALDEAMAYOR DE SAN MARTIN;;;;;
17;47;8;1;ALMENARA DE ADAJA;;;;;
17;47;9;1;AMUSQUILLO;;;;;
17;47;10;1;ARROYO DE LA ENCOMIENDA;;;;;
17;47;11;1;ATAQUINES;;;;;
17;47;12;1;BAHABON;;;;;
17;47;13;1;BARCIAL DE LA LOMA;;;;;
17;47;14;1;BARRUELO DEL VALLE;;;;;
17;47;15;1;BECILLA DE VALDERADUEY;;;;;
17;47;16;1;BENAFARCES;;;;;
17;47;17;1;BERCERO;;;;;
17;47;18;1;BERCERUELO;;;;;
17;47;19;1;BERRUECES;;;;;
17;47;20;1;BOBADILLA DEL CAMPO;;;;;
17;47;21;1;BOCIGAS;;;;;
17;47;22;1;BOCOS DE DUERO;;;;;
17;47;23;1;BOECILLO;;;;;
17;47;24;1;BOLAÑOS DE CAMPOS;;;;;
17;47;25;1;BRAHOJOS DE MEDINA;;;;;
17;47;26;1;BUSTILLO DE CHAVES;;;;;
17;47;26;2;GORDALIZA DE LA LOMA;0402;G06;;;
17;47;27;1;CABEZON DE PISUERGA;;;;;
17;47;28;1;CABEZON DE VALDERADUEY;;;;;
17;47;29;1;CABREROS DEL MONTE;;;;;
17;47;30;1;CAMPASPERO;;;;;
17;47;31;1;EL CAMPILLO;0403;B08;;;
17;47;32;1;CAMPORREDONDO;;;;;
17;47;33;1;CANALEJAS DE PEÑAFIEL;;;;;
17;47;34;1;CANILLAS DE ESGUEVA;;;;;
17;47;35;1;CARPIO;;;;;
17;47;36;1;CASASOLA DE ARION;;;;;
17;47;37;1;CASTREJON DE TRABANCOS;;;;;
17;47;38;1;CASTRILLO DE DUERO;;;;;
17;47;39;1;CASTRILLO-TEJERIEGO;;;;;
17;47;40;1;CASTROBOL;;;;;
17;47;41;1;CASTRODEZA;;;;;
17;47;42;1;CASTROMEMBIBRE;;;;;
17;47;43;1;CASTROMONTE;0402;K07;;;
17;47;43;2;LA SANTA ESPINA;;;;;
17;47;44;1;CASTRONUEVO DE ESGUEVA;;;;;
17;47;45;2;CASTRONUÑO;;;;;
17;47;46;1;CASTROPONCE;;;;;
17;47;47;1;CASTROVERDE DE CERRATO;;;;;
17;47;48;1;CEINOS DE CAMPOS;;;;;
17;47;49;1;CERVILLEGO DE LA CRUZ;;;;;
17;47;50;1;CIGALES;;;;;
17;47;51;1;CIGUÑUELA;;;;;
17;47;52;1;CISTIERNIGA;;;;;
17;47;53;1;COGECES DE ISCAR;;;;;
17;47;54;1;COGECES DEL MONTE;;;;;
17;47;55;1;AGUILAREJO;0402;J09;;;
17;47;55;2;CORCOS;;;;;
17;47;56;1;CORRALES DE DUERO;0502;K04;;;
17;47;57;1;CUBILLAS DE SANTA MARIA;0402;J10;;;
17;47;57;2;VEGALATORRE;;;;;
17;47;58;1;CUENCA DE CAMPOS;;;;;
17;47;59;1;CURIEL DE DUERO;0502;K03;;;
17;47;60;1;ENCINAS DE ESGUEVA;;;;;
17;47;61;1;ESGUEVILLAS DE ESGUEVA;;;;;
17;47;62;1;FOMBELLIDA;;;;;
17;47;63;1;FOMPEDRAZA;;;;;
17;47;64;1;FONTIHOYUELO;;;;;
17;47;65;1;FRESNO EL VIEJO;;;;;
17;47;66;1;FUENSALDAÑA;0402;L09;;;
17;47;66;2;EL MOLAR;;;;;
17;47;67;1;FUENTE EL SOL;;;;;
17;47;68;1;FUENTE-OLMEDO;;;;;
17;47;69;1;GALLEGOS DE HORNIJA;;;;;
17;47;70;1;GATON DE CAMPOS;;;;;
17;47;71;1;GERIA;;;;;
17;47;73;1;HERRIN DE CAMPOS;;;;;
17;47;74;1;HORNILLOS DE ERESMA;0402;O09;;;
17;47;74;2;LA LUZ;;;;;
17;47;75;1;ISCAR;;;;;
17;47;76;3;LAGUNA DE DUERO;;;;;
17;47;77;1;LANGAYO;;;;;
17;47;78;1;LOMOVIEJO;;;;;
17;47;79;1;LLANO DE OLMEDO;;;;;
17;47;80;1;MANZANILLO;;;;;
17;47;81;1;MARZALES;;;;;
17;47;82;1;MATAPOZUELOS;0402;O09;;;
17;47;83;1;MATILLA DE LOS CAÑOS;;;;;
17;47;84;1;MAYORGA;;;;;
17;47;84;2;SAN LLORENTE;0402;F05;;;
17;47;84;3;VILLALOGAN;0402;F05;;;
17;47;85;1;GOMEZNARRO;0403;A08;;;
17;47;85;2;MEDINA DEL CAMPO;0403;A08;;;
17;47;85;3;RODILANA;0403;A08;;;
17;47;85;4;LAS SALINAS;;;;;
17;47;86;1;MEDINA DEL RIOSECO;0402;J07;;;
17;47;86;2;MONTE TOROZOS;0402;J07;;;
17;47;86;3;PALACIOS DE CAMPOS;;;;;
17;47;87;1;MEGECES;;;;;
17;47;88;1;MELGAR DE ABAJO;;;;;
17;47;89;1;MELGAR DE ARRIBA;;;;;
17;47;90;2;MOJADOS;;;;;
17;47;91;1;MONASTERIO DE VEGA;;;;;
17;47;92;1;MONTEALEGRE DE CAMPOS;;;;;
17;47;93;1;MONTEMAYOR DE PILILLA;;;;;
17;47;94;1;MORAL DE LA REINA;;;;;
17;47;95;1;MORALEJA DE LAS PANADERAS;;;;;
17;47;96;1;MORALES DE CAMPOS;;;;;
17;47;97;1;MOTA DEL MARQUES;0402;L05;;;
17;47;98;1;MUCIENTES;;;;;
17;47;99;1;LA MUDARRA;;;;;
17;47;100;1;MURIEL DE ZAPARDIEL;;;;;
17;47;101;1;NAVA DEL REY;;;;;
17;47;102;1;NUEVA VILLA DE LAS TORRES;;;;;
17;47;103;1;OLIVARES DE DUERO;;;;;
17;47;104;1;CALABAZAS;0403;A10;;;
17;47;104;2;OLMEDO;;;;;
17;47;105;1;OLMOS DE ESGUEVA;;;;;
17;47;106;1;OLMOS DE PEÑAFIEL;;;;;
17;47;109;1;PALAZUELO DE VEDIJA;;;;;
17;47;110;1;LA PARRILLA;;;;;
17;47;111;1;EL CARDIEL;0402;N10;;;
17;47;111;2;LA PEDRAJA DE PORTILLO;;;;;
17;47;112;1;PEDRAJAS DE SAN ESTEBAN;;;;;
17;47;113;1;PEDROSA DEL REY;0402;M05;;;
17;47;113;2;LOS VILLAESTERES;;;;;
17;47;114;1;ALDEAYUSO;0502;L03;;;
17;47;114;2;MELIDA;0502;L03;;;
17;47;114;3;PADILLA DE DUERO;0502;L03;;;
17;47;114;4;PEÑAFIEL;;;;;
17;47;115;1;PEÑAFLOR DE HORNIJA;;;;;
17;47;116;2;PESQUERA DE DUERO;;;;;
17;47;117;1;PIÑA DE ESGUEVA;;;;;
17;47;118;1;PIÑEL DE ABAJO;;;;;
17;47;119;1;PIÑEL DE ARRIBA;;;;;
17;47;121;2;POLLOS;;;;;
17;47;122;1;ARRABAL DE PORTILLO;0402;N10;;;
17;47;122;2;PORTILLO;;;;;
17;47;123;1;POZAL DE GALLINAS;;;;;
17;47;124;1;POZALDEZ;;;;;
17;47;125;1;POZUELO DE LA ORDEN;;;;;
17;47;126;1;PURAS;;;;;
17;47;127;1;QUINTANILLA DE ARRIBA;;;;;
17;47;128;1;QUINTANILLA DEL MOLAR;;;;;
17;47;129;1;QUINTANILLA DE ONESIMO;;;;;
17;47;130;1;QUINTANILLA DE TRIGUEROS;;;;;
17;47;131;1;RABANO;;;;;
17;47;132;1;RAMIRO;;;;;
17;47;133;1;RENEDO DE ESGUEVA;;;;;
17;47;134;1;ROALES DE CAMPOS;;;;;
17;47;135;1;ROBLADILLO;;;;;
17;47;137;1;ROTURAS;0502;K03;;;
17;47;138;1;RUBI DE BRACAMONTE;;;;;
17;47;139;1;FONCASTIN;0402;O07;;;
17;47;139;2;RUEDA;0402;O07;;;
17;47;139;3;TORRECILLA DEL VALLE;0402;O07;;;
17;47;139;4;VILLA-SANZ;;;;;
17;47;140;1;SAELICES DE MAYORGA;;;;;
17;47;141;1;HONCALADA;0403;C09;;;
17;47;141;2;SALVADOR DE ZAPARDIEL;;;;;
17;47;142;1;SAN CEBRIAN DE MAZOTE;;;;;
17;47;143;1;SAN LLORENTE;0502;K04;;;
17;47;144;1;SAN MARTIN DE VALVENI;;;;;
17;47;145;1;SAN MIGUEL DEL ARROYO;0402;O11;;;
17;47;145;2;SANTIAGO DEL ARROYO;;;;;
17;47;146;1;SAN MIGUEL DEL PINO;;;;;
17;47;147;1;HONQUILANA;0403;C10;;;
17;47;147;2;SAN PABLO DE LA MORALEJA;;;;;
17;47;148;1;SAN PEDRO DE LATARCE;;;;;
17;47;149;1;SAN PELAYO;;;;;
17;47;150;1;SAN ROMAN DE HORNIJA;;;;;
17;47;151;1;SAN SALVADOR;;;;;
17;47;152;1;SANTA EUFEMIA DEL ARROYO;;;;;
17;47;153;1;SANTERVAS DE CAMPOS;0402;F06;;;
17;47;153;2;VILLACRECES;0402;F06;;;
17;47;153;3;ZORITA DE LA LOMA;;;;;
17;47;154;1;SANTIBAÑEZ DE VALCORBA;;;;;
17;47;155;1;SANTOVENIA DE PISUERGA;;;;;
17;47;156;1;SAN VICENTE DEL PALACIO;;;;;
17;47;157;1;RETUERTA;0502;L01;;;
17;47;157;2;SARDON DE DUERO;0502;L01;;;
17;47;157;3;SARDONCILLO O LA GRANJA;;;;;
17;47;158;1;LA SECA;;;;;
17;47;159;1;SERRADA;;;;;
17;47;160;1;SIETE IGLESIAS DE TRABANCOS;;;;;
17;47;161;1;SIMANCAS;;;;;
17;47;162;1;TAMARIZ DE CAMPOS;;;;;
17;47;163;1;POBLADURA DE SOTIEDRA;0402;L05;;;
17;47;163;2;TIEDRA;;;;;
17;47;164;1;TORDEHUMOS;;;;;
17;47;165;1;PEDROSA DE LA ABADESA;0402;N07;;;
17;47;165;2;VILLAMARCIEL;0402;N07;;;
17;47;165;3;VILLAVIEJA DEL CERRO;0402;N07;;;
17;47;165;4;SAN JUAN DE LA GUARDA;0402;N07;;;
17;47;165;5;TORDESILLAS;;;;;
17;47;165;7;VILLAMARCIEL;0402;N07;;;
17;47;165;8;VILLAVIEJA DEL CERRO;0402;N07;;;
17;47;166;1;TORRECILLA DE LA ABADESA;0402;N06;;;
17;47;167;1;TORRECILLA DE LA ORDEN;;;;;
17;47;168;1;TORRECILLA DE LA TORRE;;;;;
17;47;169;1;TORRE DE ESGUEVA;0502;J03;;;
17;47;170;1;MOLPECERES;0502;M03;;;
17;47;170;2;TORRE DE PEÑAFIEL;;;;;
17;47;171;1;MONTE SAN LORENZO;0402;L07;;;
17;47;171;2;TORRELOBATON;;;;;
17;47;172;1;ALDEALBAR;0502;M02;;;
17;47;172;2;TORRESCARCELA;;;;;
17;47;173;1;TRASPINEDO;;;;;
17;47;174;1;TRIGUEROS DEL VALLE;;;;;
17;47;175;1;HERREARA DEL DUERO;0402;M10;;;
17;47;175;3;TUDELA DE DUERO;;;;;
17;47;176;1;LA UNION DE CAMPOS;;;;;
17;47;177;1;URONES DE CASTROPONCE;;;;;
17;47;178;1;URUEÑA;;;;;
17;47;179;1;LOS JARAMIELES;0502;K02;;;
17;47;179;2;SAN BERNARDO;0502;K02;;;
17;47;179;3;VALBUENA DE DUERO;0502;K02;;;
17;47;179;4;VEGA-SICILIA;;;;;
17;47;180;1;VALDEARCOS DE LA VEGA;;;;;
17;47;181;1;VALDENEBRO DE LOS VALLES;;;;;
17;47;182;1;VALDESTILLAS;0402;N09;;;
17;47;182;2;LA NEGRALADA;;;;;
17;47;183;1;VALDUNQUILLO;;;;;
17;47;184;1;GRANJA MUEDRA;0402;K11;;;
17;47;184;2;VALORIA LA BUENA;;;;;
17;47;185;1;VALVERDE DE CAMPOS;;;;;
17;47;186;1;NAVABUENA;0402;L09;;;
17;47;186;2;LA OVERUELA;0402;L09;;;
17;47;186;3;PINAR DE ANTEQUERA;0402;L09;;;
17;47;186;4;PUENTE DUERO-ESPARRAGAL;0402;L09;;;
17;47;186;5;VALLADOLID;;;;;
17;47;187;1;VEGA DE RUIPONCE;;;;;
17;47;188;1;VEGA DE VALDETRONCO;;;;;
17;47;189;1;VEGASCALVARO;;;;;
17;47;190;1;VELILLA;;;;;
17;47;191;1;VELLIZA;;;;;
17;47;192;1;VENTOSA DE LA CUESTA;;;;;
17;47;193;1;VIANA DE CEGA;;;;;
17;47;194;1;VILORIA;;;;;
17;47;195;1;VILLABAÑEZ;;;;;
17;47;196;1;VILLABARUZ DE CAMPOS;;;;;
17;47;197;1;VILLABRAGIMA;0402;J06;;;
17;47;197;2;VILLAESPER;;;;;
17;47;198;1;VILLACARRALON;;;;;
17;47;199;1;VILLACID DE CAMPOS;;;;;
17;47;200;1;VILLACO;;;;;
17;47;203;1;VILLAFRADES DE CAMPOS;;;;;
17;47;204;1;VILLAFRANCA DE DUERO;;;;;
17;47;205;1;VILLAFRECHOS;;;;;
17;47;206;1;VILLAFUERTE;;;;;
17;47;207;1;VILLAGARCIA DE CAMPOS;;;;;
17;47;208;1;VILLAGOMEZ LA NUEVA;;;;;
17;47;209;1;VILLALAN DE CAMPOS;;;;;
17;47;210;1;VILLALAR DE LOS COMUNEROS;;;;;
17;47;211;1;VILLALBA DE LA LOMA;;;;;
17;47;212;5;VILLALBA DE LOS ALCORES;;;;;
17;47;213;1;VILLALBARBA;0402;M05;;;
17;47;214;1;VILLALON DE CAMPOS;;;;;
17;47;215;1;VILLAMURIEL DE CAMPOS;;;;;
17;47;216;1;VILLAN DE TORDESILLAS;;;;;
17;47;217;1;AEROPUERTO;;;;;
17;47;217;2;VILLANUBLA;;;;;
17;47;218;1;ANIAGO;0402;N08;;;
17;47;218;2;VILLANUEVA DE DUERO;;;;;
17;47;219;1;VILLANUEVA DE LA CONDESA;;;;;
17;47;220;1;VILLANUEVA DE LOS CABALLEROS;;;;;
17;47;221;1;VILLANEUVA DE LOS INFANTES;;;;;
17;47;222;1;VILLANUEVA DE SAN MANCIO;;;;;
17;47;223;1;VILLARDEFRADES;;;;;
17;47;224;1;VILLARMENTERO DE ESGUEVA;;;;;
17;47;225;1;VILLASEXMIR;;;;;
17;47;226;1;VILLAVAQUERIN;;;;;
17;47;227;1;VILLAVELLID;;;;;
17;47;228;1;VILLAVERDE DE MEDINA;;;;;
17;47;229;1;VILLAVICENCIO DE LOS CABALLEROS;;;;;
17;47;230;1;WAMBA;;;;;
17;47;231;1;ZARATAN;;;;;
17;47;232;1;LA ZARZA;;;;;
17;47;999;0;NO DETERMINADA;;;;;
17;49;2;1;ABEZAMES;;;;;
17;49;3;1;ALCAÑICES;;;;;
17;49;3;2;ALCORCILLO;;;;;
17;49;3;3;SANTA ANA;;;;;
17;49;3;4;VIVINERA;;;;;
17;49;4;1;ALCUBILLA DE NOGALES;;;;;
17;49;5;1;ALFARAZ DE SAYAGO;;;;;
17;49;5;2;VIÑUELA DE SAYAGO;;;;;
17;49;6;1;ALGODRE;;;;;
17;49;7;1;ALMARAZ DE DUERO;;;;;
17;49;8;1;ALMEIDA DE SAYAGO;;;;;
17;49;8;2;ESCUADRO;;;;;
17;49;9;1;ANDAVIAS;;;;;
17;49;10;1;ARCENILLAS;;;;;
17;49;11;1;ARCOS DE LA POLVOROSA;;;;;
17;49;12;1;ARGAÑIN DE SAYAGO;;;;;
17;49;13;1;ARGUJILLO;;;;;
17;49;14;1;ARQUILLINOS;;;;;
17;49;15;1;ARRABALDE;;;;;
17;49;16;1;ASPARIEGOS;;;;;
17;49;17;1;ASTURIANOS;;;;;
17;49;17;2;CEREZAL DE SANABRIA;;;;;
17;49;17;3;ENTREPEÑAS;;;;;
17;49;17;4;LAGAREJOS DE LA CARBALLEDA;;;;;
17;49;17;5;RIOCONEJOS;;;;;
17;49;17;6;VILLAR DE LOS PISONES;;;;;
17;49;18;1;AYOO DE VIDRIALES;;;;;
17;49;18;2;CARRACEDO;;;;;
17;49;18;3;CONGOSTA;;;;;
17;49;19;1;BARCIAL DEL BARCO;;;;;
17;49;20;1;BELVER DE LOS MONTES;;;;;
17;49;21;1;BENAVENTE;;;;;
17;49;22;1;BENEGILES;;;;;
17;49;23;1;BERMILLO DE SAYAGO;;;;;
17;49;23;2;FADON;;;;;
17;49;23;3;FRESNADILLO;;;;;
17;49;23;4;GANAME;;;;;
17;49;23;5;PIÑUEL;;;;;
17;49;23;6;TORREFRADES;;;;;
17;49;23;7;VILLAMOR DE CADOZOS;;;;;
17;49;23;8;VILLAMOR DE LA LADRE;;;;;
17;49;24;1;LA BOVEDA DE TORO;;;;;
17;49;25;1;BRETO;;;;;
17;49;26;1;BRETOCINO;;;;;
17;49;27;1;BRIME DE SOG;;;;;
17;49;28;1;BRIME DE URZ;;;;;
17;49;29;1;BURGANES DE VALVERDE;;;;;
17;49;29;2;OLMILLOS DE VALVERDE;;;;;
17;49;30;1;BUSTILLO DEL ORO;;;;;
17;49;31;1;CABAÑAS DE SAYAGO;;;;;
17;49;32;1;CALZADILLA DE TERA;;;;;
17;49;32;2;OLLEROS DE TERA;;;;;
17;49;33;1;CABAÑAS DE TERA;;;;;
17;49;33;2;CAMARZANA DE TERA;;;;;
17;49;33;3;SAN JUANICO EL NUEVO;;;;;
17;49;33;4;SANTA MARTA DE TERA;;;;;
17;49;34;1;CAÑIZAL;;;;;
17;49;35;1;CAÑIZO;;;;;
17;49;36;1;CARBAJALES DE ALBA;;;;;
17;49;37;1;CARBELLINO;;;;;
17;49;38;1;CASASECA DE CAMPEAN;;;;;
17;49;39;1;CASASECA DE LAS CHANAS;;;;;
17;49;40;1;CASTRILLO DE LA GUAREÑA;;;;;
17;49;41;1;CASTROGONZALO;;;;;
17;49;41;2;PARADORES DE CASTROGONZALO;;;;;
17;49;42;1;CASTRONUEVO DE LOS ARCOS;;;;;
17;49;43;1;CASTROVERDE DE CAMPOS;;;;;
17;49;44;1;CAZURRA;;;;;
17;49;46;1;CERECINOS DE CAMPOS;;;;;
17;49;47;1;CERECINOS DEL CARRIZAL;;;;;
17;49;48;1;ANTA DE TERA;;;;;
17;49;48;2;CERNADILLA;;;;;
17;49;48;3;SAN SALVADOR DE PALAZUELO;;;;;
17;49;48;4;VALDEMERILLA;;;;;
17;49;50;1;AVEDILLO DE SANABRIA;;;;;
17;49;50;2;BARRIO DE LOMBA;;;;;
17;49;50;3;CASTRO DE SANABRIA;;;;;
17;49;50;4;COBREROS;;;;;
17;49;50;5;LIMIANOS DE SANABRIA;;;;;
17;49;50;6;QUINTANA DE SANABRIA;;;;;
17;49;50;7;RIEGO DE LOMBA;;;;;
17;49;50;8;SAN MARTIN DEL TERROSO;;;;;
17;49;50;9;SAN MIGUEL DE LOMBA;;;;;
17;49;50;10;SAN ROMAN DE SANABRIA;;;;;
17;49;50;11;SANTA COLOMBA DE SANABRIA;;;;;
17;49;50;12;SOTILLO DE SANABRIA;;;;;
17;49;50;13;TERROSO;;;;;
17;49;52;1;COOMONTE;;;;;
17;49;53;1;CORESES;;;;;
17;49;53;2;LA ESTACION;;;;;
17;49;53;3;SAN PELAYO;;;;;
17;49;54;1;CORRALES;;;;;
17;49;54;2;FUENTE EL CARNERO;;;;;
17;49;54;3;PELEAS DE ARRIBA;;;;;
17;49;55;1;COTANES DEL MONTE;;;;;
17;49;56;1;CUBILLOS;;;;;
17;49;57;1;CUBO DE BENAVENTE;;;;;
17;49;58;1;EL CUBO DE TIERRA DEL VINO;;;;;
17;49;59;1;CUELGAMURES;;;;;
17;49;61;1;ENTRALA;;;;;
17;49;62;1;CARBAJALES DE LA ENCOMIENDA;;;;;
17;49;62;2;ESPADAÑEDO;;;;;
17;49;62;3;FARAMONTANOS DE LA SIERRA;;;;;
17;49;62;4;LETRILLAS;;;;;
17;49;62;5;UTRERA DE LA ENCOMIENDA;;;;;
17;49;62;6;VEGA DEL CASTILLO;;;;;
17;49;63;1;FARAMONTANOS DE TABARA;;;;;
17;49;64;1;BADILLA;;;;;
17;49;64;2;COZCURRITA;;;;;
17;49;64;3;FARIZA;;;;;
17;49;64;4;MAMOLES;;;;;
17;49;64;5;PALAZUELO DE SAYAGO;;;;;
17;49;64;6;TUDERA;;;;;
17;49;64;7;ZAFARA;;;;;
17;49;65;1;FERMOSELLE;;;;;
17;49;66;1;FERRERAS DE ABAJO;;;;;
17;49;66;2;LITOS;;;;;
17;49;67;1;FERRERAS DE ARRIBA;;;;;
17;49;67;2;VILLANUEVA DE VALROJO;;;;;
17;49;68;1;ESCOBER DE TABARA;;;;;
17;49;68;2;FERRERUELA DE TABARA;;;;;
17;49;68;3;SESNANDEZ DE TABARA;;;;;
17;49;69;1;FIGUERUELA DE ABAJO;;;;;
17;49;69;2;FIGUERUELA DE ARRIBA;;;;;
17;49;69;3;FLECHAS;;;;;
17;49;69;4;GALLEGOS DEL CAMPO;;;;;
17;49;69;5;MOLDONES;;;;;
17;49;69;6;RIOMANZANAS;;;;;
17;49;69;7;VILLARINO DE MANZANAS;;;;;
17;49;71;1;ARCILLERA;;;;;
17;49;71;2;BERMILLO DE ALBA;;;;;
17;49;71;3;BRANDILANES;;;;;
17;49;71;4;CASTRO DE ALCAÑICES;;;;;
17;49;71;5;CEADEA;;;;;
17;49;71;6;FONFRIA;;;;;
17;49;71;7;FORNILLOS DE ALISTE;;;;;
17;49;71;8;MOVEROS;;;;;
17;49;71;9;SALTO DEL CASTRO;;;;;
17;49;75;1;FRESNO DE LA POLVOROSA;;;;;
17;49;76;1;FRESNO DE LA RIBERA;;;;;
17;49;77;1;FRESNO DE SAYAGO;;;;;
17;49;77;2;MOGATAR;;;;;
17;49;78;1;FRIERA DE VALVERDE;;;;;
17;49;79;1;FUENTE ENCALADA;;;;;
17;49;80;1;FUENTELAPEÑA;;;;;
17;49;81;1;FUENTESAUCO;;;;;
17;49;82;1;FUENTES DE ROPEL;;;;;
17;49;83;1;FUENTESECAS;;;;;
17;49;84;1;FUENTESPREADAS;;;;;
17;49;85;1;CUBELO;;;;;
17;49;85;2;GALENDE;;;;;
17;49;85;3;ILANES;;;;;
17;49;85;4;MONCABRIL;;;;;
17;49;85;5;PEDRAZALES;;;;;
17;49;85;6;EL PUENTE;;;;;
17;49;85;7;RABANILLO;;;;;
17;49;85;8;RIBADELAGO;;;;;
17;49;85;9;RIBADELAGO DE FRANCO;;;;;
17;49;85;10;SAN MARTIN DE CASTAÑEDA;;;;;
17;49;85;11;VIGO;;;;;
17;49;86;1;GALLEGOS DEL PAN;;;;;
17;49;87;1;DOMEZ;;;;;
17;49;87;2;FLORES;;;;;
17;49;87;3;GALLEGOS DEL RIO;;;;;
17;49;87;4;LOBER;;;;;
17;49;87;5;PUERCAS;;;;;
17;49;87;6;TOLILLA;;;;;
17;49;87;7;VALER;;;;;
17;49;88;1;GAMONES;;;;;
17;49;90;1;GEMA;;;;;
17;49;91;1;GRANJA DE MORERUELA;;;;;
17;49;91;2;LA TABLA;;;;;
17;49;92;1;CUNQUILLA DE VIDRIALES;;;;;
17;49;92;2;GRANUCILLO;;;;;
17;49;92;3;GRIJALBA DE VIDRIALES;;;;;
17;49;93;1;GUARRATE;;;;;
17;49;94;1;CASTRELOS;;;;;
17;49;94;2;CASTROMIL;;;;;
17;49;94;3;HERMISENDE;;;;;
17;49;94;4;SAN CIPRIAN DE HERMISENDE;;;;;
17;49;94;5;LA TEJERA;;;;;
17;49;95;1;LA HINIESTA;;;;;
17;49;96;1;JAMBRINA;;;;;
17;49;97;1;JUSTEL;;;;;
17;49;97;2;QUINTANILLA;;;;;
17;49;97;3;VILLALVERDE;;;;;
17;49;98;1;CASTILLO DE ALBA;;;;;
17;49;98;2;LOSACINO;;;;;
17;49;98;3;MUGA DE ALBA;;;;;
17;49;98;4;VIDE DE ALBA;;;;;
17;49;99;1;LOSACIO;;;;;
17;49;100;1;ACIBEROS;;;;;
17;49;100;2;CHANOS;;;;;
17;49;100;3;LAS HEDRADAS;;;;;
17;49;100;4;HEDROSO;;;;;
17;49;100;5;LUBIAN;;;;;
17;49;100;6;PADORNELO;;;;;
17;49;101;1;LUELMO;;;;;
17;49;101;2;MONUMENTA;;;;;
17;49;102;1;EL MADERAL;;;;;
17;49;103;1;BAMBA;;;;;
17;49;103;2;MADRIDANOS;;;;;
17;49;104;1;BOYA;;;;;
17;49;104;2;MAHIDE;;;;;
17;49;104;3;POBLADURA DE ALISTE;;;;;
17;49;104;4;SAN PEDRO DE LAS HERRERIAS;;;;;
17;49;104;5;LAS TORRES DE ALISTE;;;;;
17;49;105;1;MAIRE DE CASTROPONCE;;;;;
17;49;107;1;MALVA;;;;;
17;49;108;1;MANGANESES DE LAMPREANA;;;;;
17;49;108;2;RIEGO DEL CAMINO;;;;;
17;49;109;1;MANGANESES DE LA POLVOROSA;;;;;
17;49;110;1;CODESAL;;;;;
17;49;110;2;FOLGOSO DE LA CARBALLEDA;;;;;
17;49;110;3;LINAREJOS;;;;;
17;49;110;4;MANZANAL DE ARRIBA;;;;;
17;49;110;5;PEDROSO DE LA CARBALLEDA;;;;;
17;49;110;6;SAGALLOS;;;;;
17;49;110;7;SANDIN;;;;;
17;49;110;8;SANTA CRUZ DE LOS CUERRAGOS;;;;;
17;49;111;1;MANZANAL DEL BARCO;;;;;
17;49;112;1;DONADILLO;;;;;
17;49;112;2;DORNILLAS;;;;;
17;49;112;3;LANSEROS;;;;;
17;49;112;4;MANZANAL DE LOS INFANTES;;;;;
17;49;112;5;OTERO DE LOS CENTENOS;;;;;
17;49;112;6;SEJAS DE SANABRIA;;;;;
17;49;113;1;MATILLA DE ARZON;;;;;
17;49;114;1;MATILLA LA SECA;;;;;
17;49;115;1;MAYALDE;;;;;
17;49;116;1;MELGAR DE TERA;;;;;
17;49;116;2;PUMAREJO DE TERA;;;;;
17;49;117;1;ABRAVESES DE TERA;;;;;
17;49;117;2;AGUILAR DE TERA;;;;;
17;49;117;3;MICERECES DE TERA;;;;;
17;49;118;1;MILLES DE LA POLVOROSA;;;;;
17;49;119;1;MOLACILLOS;;;;;
17;49;120;1;MOLEZUELAS DE LA CARBALLEDA;;;;;
17;49;121;1;FRESNO DE LA CARBALLEDA;;;;;
17;49;121;2;MOMBUEY;;;;;
17;49;121;3;VALPARAISO;;;;;
17;49;122;1;MONFARRACINOS;;;;;
17;49;123;1;MONTAMARTA;;;;;
17;49;124;1;MORAL DE SAYAGO;;;;;
17;49;124;2;ABELON;;;;;
17;49;125;1;MORALEJA DEL VINO;;;;;
17;49;126;1;MORALEJA DE SAYAGO;;;;;
17;49;127;1;MORALES DEL VINO;;;;;
17;49;127;2;PONTEJOS;;;;;
17;49;128;1;MORALES DEL REY;;;;;
17;49;128;2;VECILLA DE LA POLVOROSA;;;;;
17;49;129;1;MORALES DE TORO;;;;;
17;49;130;1;MORALES DE VALVERDE;;;;;
17;49;130;2;SAN PEDRO DE ZAMUDIA;;;;;
17;49;131;1;MORALINA;;;;;
17;49;132;1;MORERUELA DE LOS INFANZONES;;;;;
17;49;133;1;MORERUELA DE TABARA;;;;;
17;49;133;2;SANTA EULALIA DE TABARA;;;;;
17;49;134;1;DONADO;;;;;
17;49;134;2;GRAMEDO;;;;;
17;49;134;3;MUELAS DE LOS CABALLEROS;;;;;
17;49;135;1;CEREZAL DE ALISTE;;;;;
17;49;135;2;MUELAS DEL PAN;;;;;
17;49;135;3;RICOBAYO DE ALBA;;;;;
17;49;135;4;VILLAFLOR;;;;;
17;49;136;1;MUGA DE SAYAGO;;;;;
17;49;137;1;NAVIANOS DE VALVERDE;;;;;
17;49;138;1;MARQUIZ DE ALBA;;;;;
17;49;138;2;NAVIANOS DE ALBA;;;;;
17;49;138;3;OLMILLOS DE CASTRO;;;;;
17;49;138;4;SAN MARTIN DE TABARA;;;;;
17;49;139;1;OTERO DE BODAS;;;;;
17;49;139;2;VAL DE SANTA MARIA;;;;;
17;49;141;1;PAJARES DE LA LAMPREANA;;;;;
17;49;142;2;PALACIOS DEL PAN;;;;;
17;49;143;1;OTERO DE SANABRIA;;;;;
17;49;143;2;PALACIOS DE SANABRIA;;;;;
17;49;143;3;REMESAL;;;;;
17;49;143;4;VIME DE SANABRIA;;;;;
17;49;145;1;CALABOR;;;;;
17;49;145;2;LOBEZNOS;;;;;
17;49;145;3;PEDRALBA DE LA PRADERIA;;;;;
17;49;145;4;RIHONOR DE CASTILLA;;;;;
17;49;145;5;SANTA CRUZ DE ABRANES;;;;;
17;49;146;1;EL PEGO;;;;;
17;49;147;1;PELEAGONZALO;;;;;
17;49;148;1;PELEAS DE ABAJO;;;;;
17;49;149;1;FIGUERUELA DE SAYAGO;;;;;
17;49;149;2;PEÑAUSENDE;;;;;
17;49;149;3;TAMAME;;;;;
17;49;150;1;PEQUE;;;;;
17;49;151;1;EL PERDIGON;;;;;
17;49;151;2;SAN MARCIAL;;;;;
17;49;151;3;TARDOBISPO;;;;;
17;49;152;1;PERERUELA;;;;;
17;49;152;2;ARCILLO;;;;;
17;49;152;3;CERNECINA;;;;;
17;49;152;4;LAS ENILLAS;;;;;
17;49;152;5;MALILLOS;;;;;
17;49;152;6;PERERUELA;;;;;
17;49;152;7;PUEBLICA DE CAMPEAN;;;;;
17;49;152;8;SAN ROMAN DE LOS INFANTES;;;;;
17;49;152;9;SOBRADILLO DE PALOMARES;;;;;
17;49;152;10;SOGO;;;;;
17;49;152;11;LA TUDA;;;;;
17;49;153;1;LA ENCOMIENDA;;;;;
17;49;153;2;PERILLA DE CASTRO;;;;;
17;49;154;1;BARJACOBA;;;;;
17;49;154;2;PIAS;;;;;
17;49;154;3;VILLANUEVA DE LA SIERRA;;;;;
17;49;155;1;PIEDRAHITA DE CASTRO;;;;;
17;49;156;1;PINILLA DE TORO;;;;;
17;49;157;1;PINO DEL ORO;;;;;
17;49;158;1;EL PIÑERO;;;;;
17;49;159;1;POBLADURA DEL VALLE;;;;;
17;49;160;1;POBLADURA DE VALDERADUEY;;;;;
17;49;162;1;PORTO;;;;;
17;49;163;1;POZOANTIGUO;;;;;
17;49;164;1;POZUELO DE TABARA;;;;;
17;49;165;1;PRADO;;;;;
17;49;166;1;CASTELLANOS;;;;;
17;49;166;2;PUEBLA DE SANABRIA;;;;;
17;49;166;3;ROBLEDO;;;;;
17;49;166;4;UNGILDE;;;;;
17;49;167;1;BERCIANOS DE VALVERDE;;;;;
17;49;167;2;PUEBLICA DE VALVERDE;;;;;
17;49;168;1;QUINTANILLA DEL MONTE;;;;;
17;49;169;1;QUINTANILLA DEL OLMO;;;;;
17;49;170;1;QUINTANILLA DE URZ;;;;;
17;49;171;1;COLINAS DE TRASMONTE;;;;;
17;49;171;2;QUIRUELAS DE VIDRIALES;;;;;
17;49;172;1;FRADELLOS;;;;;
17;49;172;2;GRISUELA;;;;;
17;49;172;3;MATELLANES;;;;;
17;49;172;4;MELLANES;;;;;
17;49;172;5;RABANALES;;;;;
17;49;172;6;UFONES;;;;;
17;49;173;1;RABANO DE ALISTE;;;;;
17;49;173;2;SAN MAMED;;;;;
17;49;173;3;SEJAS DE ALISTE;;;;;
17;49;173;4;TOLA;;;;;
17;49;174;1;REQUEJO;;;;;
17;49;175;1;REVELLINOS;;;;;
17;49;176;1;ABEJERA;;;;;
17;49;176;2;CABAÑAS DE ALISTE;;;;;
17;49;176;3;RIOFRIO DE ALISTE;;;;;
17;49;176;4;SARRACIN DE ALISTE;;;;;
17;49;177;1;RIONEGRO DEL PUENTE;;;;;
17;49;177;2;SANTA EULALIA DEL RIO NEGRO;;;;;
17;49;177;3;VALLELUENGO;;;;;
17;49;177;4;VILLAR DE FARFON;;;;;
17;49;178;1;ROALES;;;;;
17;49;179;1;CERVANTES;;;;;
17;49;179;2;FERREROS;;;;;
17;49;179;3;PARAMIO;;;;;
17;49;179;4;ROBLEDA;;;;;
17;49;179;5;SAMPIL;;;;;
17;49;179;6;SAN JUAN DE LA CUESTA;;;;;
17;49;179;7;TRIUFE;;;;;
17;49;179;8;VALDESPINO;;;;;
17;49;180;1;ROELOS DE SAYAGO;;;;;
17;49;181;1;ANTA DE RIOCONEJOS;;;;;
17;49;181;2;CARBAJALINOS;;;;;
17;49;181;3;DONEY DE LA REQUEJADA;;;;;
17;49;181;4;ESCUREDO;;;;;
17;49;181;5;GUSANDANOS;;;;;
17;49;181;6;MONTERRUBIO;;;;;
17;49;181;7;RIONEGRITO;;;;;
17;49;181;8;ROSINOS DE LA REQUEJADA;;;;;
17;49;181;9;SANTIAGO DE LA REQUEJADA;;;;;
17;49;181;10;VILLAREJO DE LA SIERRA;;;;;
17;49;183;1;SALCE;;;;;
17;49;184;1;SAMIR DE LOS CAÑOS;;;;;
17;49;185;1;SAN AGUSTIN DEL POZO;;;;;
17;49;186;1;FONTANILLAS DE CASTRO;;;;;
17;49;186;2;SAN CEBRIAN DE CASTRO;;;;;
17;49;187;1;SAN CRISTOBAL DE ENTREVIÑAS;;;;;
17;49;187;2;SAN MIGUEL DE ESLA;;;;;
17;49;187;3;SANTA COLOMBA DE LAS CARABIAS;;;;;
17;49;188;1;SAN ESTEBAN DEL MOLAR;;;;;
17;49;189;1;BARRIO DE RABANO;;;;;
17;49;189;2;COSO;;;;;
17;49;189;3;RABANO DE SANABRIA;;;;;
17;49;189;4;ROZAS;;;;;
17;49;189;5;SAN CIPRIAN;;;;;
17;49;189;6;SAN JUSTO;;;;;
17;49;190;1;SAN MARTIN DEL VALDERADUEY;;;;;
17;49;191;1;SAN MIGUEL DE LA RIBERA;;;;;
17;49;192;1;SAN MIGUEL DEL VALLE;;;;;
17;49;193;1;SAN PEDRO DE CEQUE;;;;;
17;49;194;1;ALMENDRA;;;;;
17;49;194;2;CAMPILLO;;;;;
17;49;194;3;VALDEPERDICES;;;;;
17;49;197;1;SANTA CLARA DE AVEDILLO;;;;;
17;49;199;1;SANTA COLOMBA DE LAS MONJAS;;;;;
17;49;200;1;SANTA CRISTINA DE LA POLVOROSA;;;;;
17;49;201;1;SANTA CROYA DE TERA;;;;;
17;49;202;1;LOSILLA;;;;;
17;49;202;2;SAN PEDRO DE LAS CUEVAS;;;;;
17;49;202;3;SANTA EUFEMIA DEL BARCO;;;;;
17;49;203;1;SANTA MARIA DE LA VEGA;;;;;
17;49;204;1;SANTA MARIA DE VALVERDE;;;;;
17;49;205;1;SANTIBAÑEZ TERA;;;;;
17;49;205;2;SITRAMA DE TERA;;;;;
17;49;206;1;BERCIANOS DE VIDRIALES;;;;;
17;49;206;2;MORATONES;;;;;
17;49;206;3;POZUELOS DE VIDRIALES;;;;;
17;49;206;4;ROSINOS DE VIDRIALES;;;;;
17;49;206;5;SAN PEDRO DE LA VIÑA;;;;;
17;49;206;6;SANTIBAÑEZ DE VIDRIALES;;;;;
17;49;206;7;TARDEMEZAR;;;;;
17;49;206;8;VILLAOBISPO;;;;;
17;49;207;1;SANTOVENIA;;;;;
17;49;208;1;BERCIANOS DE ALISTE;;;;;
17;49;208;2;CAMPOGRANDE DE ALISTE;;;;;
17;49;208;3;PALAZUELO DE LAS CUEVAS;;;;;
17;49;208;4;SAN VICENTE DE LA CABEZA;;;;;
17;49;209;1;EL POYO;;;;;
17;49;209;2;SAN CRISTOBAL DE ALISTE;;;;;
17;49;209;3;SAN JUAN DEL REBOLLAR;;;;;
17;49;209;4;SAN VITERO;;;;;
17;49;209;5;VILLARINO DE CEBAL;;;;;
17;49;210;1;SANZOLES;;;;;
17;49;214;1;TABARA;;;;;
17;49;216;1;TAPIOLES;;;;;
17;49;219;1;LA AZUCARERA;;;;;
17;49;219;2;GRANJA FLORENCIA;;;;;
17;49;219;3;MONTE LA REINA;;;;;
17;49;219;4;TAGARABUENA;;;;;
17;49;219;5;TORO;;;;;
17;49;219;6;VILLAGUER;;;;;
17;49;219;7;VILLAVEZA;;;;;
17;49;219;8;EL GEJO;;;;;
17;49;220;1;PALADINOS DEL VALLE;;;;;
17;49;220;2;LA TORRE DEL VALLE;;;;;
17;49;221;1;TORREGAMONES;;;;;
17;49;222;1;TORRES DEL CARRIZAL;;;;;
17;49;223;1;LATEDO;;;;;
17;49;223;2;NUEZ;;;;;
17;49;223;3;SAN MARTIN DEL PEDROSO;;;;;
17;49;223;4;TRABAZOS;;;;;
17;49;223;5;VILLARINO TRAS LA SIERRA;;;;;
17;49;224;1;CERDILLO;;;;;
17;49;224;2;MURIAS;;;;;
17;49;224;3;TREFACIO;;;;;
17;49;224;4;VILLARINO DE SANABRIA;;;;;
17;49;225;1;UÑA DE QUINTANA;;;;;
17;49;226;1;VADILLO DE LA GUAREÑA;;;;;
17;49;227;1;VALCABADO;;;;;
17;49;228;1;VALDEFINJAS;;;;;
17;49;229;1;VALDESCORRIEL;;;;;
17;49;230;1;OLMO DE GUAREÑA;;;;;
17;49;230;2;VALLESA DE LA GUAREÑA;;;;;
17;49;231;1;CALZADA DE TERA;;;;;
17;49;231;2;JUNQUERA DE TERA;;;;;
17;49;231;3;MILLA DE TERA;;;;;
17;49;231;4;VEGA DE TERA;;;;;
17;49;232;1;VEGA DE VILLALOBOS;;;;;
17;49;233;1;VEGALATRAVE;;;;;
17;49;234;1;VENIALBO;;;;;
17;49;235;1;VEZDEMARBAN;;;;;
17;49;236;1;VIDAYANES;;;;;
17;49;237;1;VIDEMALA;;;;;
17;49;237;2;VILLANUEVA DE LOS CORCHOS;;;;;
17;49;238;1;SAN ROMAN DEL VALLE;;;;;
17;49;238;2;VILLABRAZARO;;;;;
17;49;239;1;VILLABUENA DEL PUENTE;;;;;
17;49;240;1;VILLADEPERA;;;;;
17;49;241;1;VILLAESCUSA;;;;;
17;49;242;1;OTERO DE SARIEGOS;;;;;
17;49;242;2;VILLAFAFILA;;;;;
17;49;243;1;VILLAFERRUEÑA;;;;;
17;49;244;1;VILLAGERIZ;;;;;
17;49;245;1;VILLALAZAN;;;;;
17;49;246;1;VILLALBA DE LA LAMPREANA;;;;;
17;49;247;1;CARBAJOSA;;;;;
17;49;247;2;SALTO DE VILLALCAMPO;;;;;
17;49;247;3;VILLALCAMPO;;;;;
17;49;248;1;VILLALOBOS;;;;;
17;49;249;1;VILLALONSO;;;;;
17;49;250;1;VILLALPANDO;;;;;
17;49;251;1;VILLALUBE;;;;;
17;49;252;1;VILLAMAYOR DECAMPOS;;;;;
17;49;255;1;VILLAMOR DE LOS ESCUDEROS;;;;;
17;49;256;1;MOZAR;;;;;
17;49;256;2;VECILLA DE TRASMONTE;;;;;
17;49;256;3;VILLANAZAR;;;;;
17;49;257;1;CASTROPEPE;;;;;
17;49;257;2;VILLANUEVA DE AZOAGUE;;;;;
17;49;258;1;VILLANUEVA DE CAMPEAN;;;;;
17;49;259;1;VILLANUEVA DE LAS PERAS;;;;;
17;49;260;1;VILLANUEVA DEL CAMPO;;;;;
17;49;261;1;VILLARALBO;;;;;
17;49;262;1;CIONAL;;;;;
17;49;262;3;VILLARDECIERVOS;;;;;
17;49;263;1;VILLAR DE FALLAVES;;;;;
17;49;264;1;CIBANAL;;;;;
17;49;264;2;PASARIEGOS;;;;;
17;49;264;3;VILLAR DEL BUEY;;;;;
17;49;264;4;FORMARIZ;;;;;
17;49;264;5;FORNILLOS DE FERMOSELLE;;;;;
17;49;264;6;PINILLA DE FERMOSELLE;;;;;
17;49;265;1;VILLARDIEGUA DE LA RIBERA;;;;;
17;49;266;1;VILLARDIGA;;;;;
17;49;267;1;VILLARDONDIEGO;;;;;
17;49;268;1;VILLARRIN DE CAMPOS;;;;;
17;49;269;1;VILLASECO DEL PAN;;;;;
17;49;270;1;VILLAVENDIMIO;;;;;
17;49;271;1;VILLAVEZA DEL AGUA;;;;;
17;49;272;1;VILLAVEZA DE VALVERDE;;;;;
17;49;273;1;RIBAS;;;;;
17;49;273;2;SAN BLAS;;;;;
17;49;273;3;VEGA DE NUEZ;;;;;
17;49;273;4;VIÑAS;;;;;
17;49;275;1;CARRASCAL;;;;;
17;49;275;2;ZAMORA;;;;;
17;49;998;0;PORTUGAL;;;;;
17;49;999;0;NO DETERMINADA;;;;;
18;51;1;1;BENZU;;;;;
18;51;1;2;CEUTA;;;;;
18;51;1;3;PRINCIPE (EL);;;;;
18;51;998;0;NO DETERMINADA;;;;;
19;52;1;1;ALHUCEMAS;;;;;
19;52;1;2;CHAFARINAS;;;;;
19;52;1;3;MELILLA;;;;;
19;52;998;0;NO DETERMINADA;;;;;
99;92;998;0;NO DETERMINADA;;;;;
99;93;998;0;NO DETERMINADA;;;;;
99;94;998;0;NO DETERMINADA;;;;;
99;95;998;0;NO DETERMINADA;;;;;
99;96;998;0;NO DETERMINADA;;;;;
99;97;998;0;NO DETERMINADA;;;;;
99;98;998;0;NO DETERMINADA;;;;;
99;99;998;0;NO DETERMINADA;;;;;
