IdEspacioProtegido;IdTipoEspacioProtegido;Nombre;Superficie
1;94;Valle del Cabriel  (ZEC);421797.00
51;98;El Prado - Rodriguillo;70.92
ES0000000;89;Sin determinar;99999.00
ES0000001;59;Illas Cíes;996.15
ES0000001;93;Illas Cíes;996.15
ES0000001;95;Illas Cíes;16.42
ES0000003;59;PICOS DE EUROPA;23747.08
ES0000003;93;PICOS DE EUROPA;23747.08
ES0000004;93;LAGUNAS DE VILLAFÁFILA;32549.01
ES0000007;93;CAÑÓN DEL RÍO LOBOS;10201.95
ES0000010;93;SIERRA DE GUADARRAMA;68999.99
ES0000011;93;Monte de El Pardo;15289.00
ES0000012;93;Soto de Viñuelas;2977.00
ES0000013;59;TABLAS DE DAIMIEL;2345.79
ES0000013;93;TABLAS DE DAIMIEL;2345.79
ES0000014;93;MONFRAGÜE Y LAS DEHESAS DEL ENTORNO;116093.69
ES0000015;93;SIERRA Y CAÑONES DE GUARA;81411.98
ES0000016;59;ORDESA Y MONTE PERDIDO;15757.91
ES0000016;93;ORDESA Y MONTE PERDIDO;15757.91
ES0000017;93;CUENCA DE GALLOCANTA;15221.43
ES0000018;59;Prepirineu Central català;57268.68
ES0000018;93;Prepirineu Central català;57268.68
ES0000019;59;Aiguamolls de l'Alt Empordà;10899.23
ES0000019;93;Aiguamolls de l'Alt Empordà;10899.23
ES0000020;59;Delta de l'Ebre;48454.11
ES0000020;93;Delta de l'Ebre;48454.11
ES0000021;93;Secans de Mas de Melons-Alfés;7626.16
ES0000022;59;Aigüestortes;56127.05
ES0000022;93;Aigüestortes;56127.05
ES0000023;59;L'Albufera;27537.70
ES0000024;59;DOÑANA;113898.50
ES0000024;93;DOÑANA;113898.50
ES0000025;59;MARISMAS DEL ODIEL;6633.46
ES0000025;93;MARISMAS DEL ODIEL;6633.46
ES0000026;59;COMPLEJO ENDORREICO DE ESPERA;514.77
ES0000026;93;COMPLEJO ENDORREICO DE ESPERA;514.77
ES0000027;59;LAGUNA DE MEDINA;354.90
ES0000027;93;LAGUNA DE MEDINA;354.90
ES0000028;59;COMPLEJO ENDORREICO DE CHICLANA;793.01
ES0000028;93;COMPLEJO ENDORREICO DE CHICLANA;793.01
ES0000029;59;COMPLEJO ENDORREICO DEL PUERTO DE STA. MARIA;260.66
ES0000029;93;COMPLEJO ENDORREICO DEL PUERTO DE STA. MARIA;260.66
ES0000030;59;COMPLEJO ENDORREICO DE PUERTO REAL;863.21
ES0000030;93;COMPLEJO ENDORREICO DE PUERTO REAL;863.21
ES0000031;59;SIERRA DE GRAZALEMA;53410.50
ES0000031;93;SIERRA DE GRAZALEMA;53410.50
ES0000032;59;TORCAL DE ANTEQUERA;2004.85
ES0000032;93;TORCAL DE ANTEQUERA;2004.85
ES0000033;59;LAGUNA DE FUENTE DE PIEDRA;8667.38
ES0000033;93;LAGUNA DE FUENTE DE PIEDRA;8667.38
ES0000034;59;LAGUNAS DEL SUR DE CORDOBA;1501.80
ES0000034;93;LAGUNAS DEL SUR DE CORDOBA;1501.80
ES0000035;59;SIERRAS DE CAZORLA, SEGURA Y LAS VILLAS;210126.73
ES0000035;93;SIERRAS DE CAZORLA, SEGURA Y LAS VILLAS;210126.73
ES0000036;93;Islas Chafarinas;52.88
ES0000037;59;Es Trenc-Salobrar de Campos;1463.27
ES0000037;93;Es Trenc-Salobrar de Campos;1463.27
ES0000038;59;S'Albufera de Mallorca;2135.12
ES0000038;93;S'Albufera de Mallorca;2213.72
ES0000039;93;Jandía;15219.97
ES0000040;93;Islotes del norte de Lanzarote y Famara;17863.73
ES0000041;59;Ojeda, Inagua y Pajonales;3527.60
ES0000041;93;Ojeda, Inagua y Pajonales;3527.60
ES0000042;93;Dunas de Corralejo e Isla de Lobos;3144.53
ES0000043;59;Caldera de Taburiente;4354.70
ES0000043;93;Caldera de Taburiente;4354.70
ES0000044;59;Garajonay;3785.40
ES0000044;93;Garajonay;3785.40
ES0000045;59;SIERRA ALHAMILLA;8383.66
ES0000045;93;SIERRA ALHAMILLA;8383.66
ES0000046;59;CABO DE GATA-NIJAR;49509.01
ES0000046;93;CABO DE GATA-NIJAR;49509.01
ES0000047;59;DESIERTO DE TABERNAS;11463.03
ES0000047;93;DESIERTO DE TABERNAS;11463.03
ES0000048;59;PUNTA ENTINAS-SABINAR;1930.83
ES0000048;93;PUNTA ENTINAS-SABINAR;1930.83
ES0000049;59;LOS ALCORNOCALES;167766.98
ES0000049;93;LOS ALCORNOCALES;167766.98
ES0000050;59;SIERRA DE HORNACHUELOS;60031.99
ES0000050;93;SIERRA DE HORNACHUELOS;60031.99
ES0000051;59;SIERRA DE ARACENA Y PICOS DE AROCHE;186782.67
ES0000051;93;SIERRA DE ARACENA Y PICOS DE AROCHE;186782.67
ES0000052;59;SIERRA PELADA Y RIVERA DEL ASERRADOR;12305.08
ES0000052;93;SIERRA PELADA Y RIVERA DEL ASERRADOR;12305.08
ES0000053;59;SIERRA NORTE;177476.44
ES0000053;93;SIERRA NORTE;177476.44
ES0000054;59;Somiedo;28972.37
ES0000054;93;Somiedo;28972.37
ES0000055;59;Fuentes del Narcea y del Ibias;51042.00
ES0000055;93;Fuentes del Narcea y del Ibias;51451.85
ES0000056;93;Encinares del río Alberche y río Cofio;82990.14
ES0000057;93;Alto Lozoya;7834.45
ES0000058;59;El Fondo d'Elx-Crevillent;2374.63
ES0000058;93;El Fondo d'Elx-Crevillent;2392.18
ES0000059;59;Llacunes de la Mata i Torrevieja;3709.16
ES0000059;93;Lagunas de la Mata y Torrevieja;3731.57
ES0000060;59;Prat de Cabanes i Torreblanca;1939.98
ES0000061;59;Àrees emergides de les Illes Columbretes;19.41
ES0000061;93;Illes Columbretes;12305.96
ES0000062;59;OBARENES-SIERRA DE CANTABRIA;5091.35
ES0000062;93;OBARENES-SIERRA DE CANTABRIA;5091.38
ES0000063;59;SIERRA DE ALCARAMA Y VALLE DEL ALHAMA;10199.45
ES0000063;93;SIERRA DE ALCARAMA Y VALLE DEL ALHAMA;10199.90
ES0000064;59;PEÑAS DE IREGUA, LEZA Y JUBERA;8410.00
ES0000064;93;PEÑAS DE IREGUA, LEZA Y JUBERA;8410.00
ES0000065;59;PEÑAS DE ARNEDILLO, PEÑALMONTE Y PEÑA ISASA;3437.00
ES0000065;93;PEÑAS DE ARNEDILLO, PEÑALMONTE Y PEÑA ISASA;3436.00
ES0000067;59;SIERRAS DE DEMANDA, URBIÓN, CEBOLLERA Y CAMEROS;138571.73
ES0000067;93;SIERRAS DE DEMANDA, URBIÓN, CEBOLLERA Y CAMEROS;138572.23
ES0000068;59;EMBALSE DE ORELLANA Y SIERRA DE PELA;42667.76
ES0000068;93;EMBALSE DE ORELLANA Y SIERRA DE PELA;42667.76
ES0000069;59;EMBALSE DE CORNALVO Y SIERRA BERMEJA;13038.59
ES0000069;93;EMBALSE DE CORNALVO Y SIERRA BERMEJA;13038.59
ES0000070;59;SIERRA DE SAN PEDRO;115176.49
ES0000070;93;SIERRA DE SAN PEDRO;115176.49
ES0000071;93;LLANOS DE CÁCERES Y SIERRA DE FUENTES;69665.08
ES0000072;59;SIERRA GRANDE DE HORNACHOS;12469.29
ES0000072;93;SIERRA GRANDE DE HORNACHOS;12469.29
ES0000073;59;Costa Brava de Mallorca;8380.23
ES0000073;93;Costa Brava de Mallorca;8380.23
ES0000074;59;Cap de cala Figuera;794.81
ES0000074;93;Cap de cala Figuera;794.81
ES0000078;59;Es Vedrà-Es Vedranell;637.74
ES0000078;93;Es Vedrà - Vedranell;637.74
ES0000079;59;La Victòria;1001.37
ES0000079;93;La Victòria;1001.37
ES0000080;59;Cap Vermell;77.44
ES0000080;93;Cap Vermell;77.44
ES0000081;59;Cap Enderrocat-Cap Blanc;7079.88
ES0000081;93;Cap Enderrocat-cap Blanc;7123.46
ES0000082;59;Tagomago;556.23
ES0000082;93;Tagomago;556.23
ES0000083;59;Arxipèlag de Cabrera;20663.77
ES0000083;93;Arxipèlag de Cabrera;20663.77
ES0000084;59;Ses Salines d'Eivissa i Formentera;16477.54
ES0000084;93;Ses Salines d'Eivissa i Formentera;16477.54
ES0000085;93;Ribadeo;620.96
ES0000086;93;Ría de Ortigueira e Ladrido;3036.13
ES0000087;93;Complexo intermareal Umia - O Grove, A Lanzada, punta Carreirón e lagoa Bodeira;2828.52
ES0000088;93;SIERRA DE LOS CANALIZOS;25777.17
ES0000089;93;VALLE DEL TIETAR Y EMBALSES DE ROSARITO Y NAVALCAN;68326.48
ES0000090;59;SIERRA MORENA;133785.51
ES0000090;93;SIERRA MORENA;133872.58
ES0000091;93;HUMEDALES DE LA MANCHA;14615.85
ES0000092;93;ALTO TAJO;191212.94
ES0000093;93;MONTES DE TOLEDO;218010.72
ES0000094;93;PARAMERAS DE MARANCHON, HOZ DEL MESA Y ARAGONCILLO;46287.02
ES0000095;93;Tigaiga;638.75
ES0000096;59;Pozo Negro;9145.29
ES0000096;93;Pozo Negro;9145.29
ES0000097;93;Betancuria;16668.93
ES0000098;93;Salinas de Janubio;163.00
ES0000099;93;Los Ajaches;2948.10
ES0000100;93;La Geria;15306.25
ES0000101;93;Lajares, Esquinzo y costa del Jarubio;7290.04
ES0000102;59;Garoé;1124.00
ES0000102;93;Garoé;1124.00
ES0000103;93;El Hierro;12415.17
ES0000104;93;Gorreta y Salmor;601.25
ES0000105;93;Acantilados de Alajeró, La Dama y Valle Gran Rey;670.25
ES0000106;93;Teno;8016.00
ES0000107;93;Montes y cumbre de Tenerife;68023.02
ES0000108;59;Los Órganos;151.28
ES0000108;93;Los Órganos;159.00
ES0000109;93;Anaga;14276.77
ES0000110;93;Ayagaures y Pilancones;9689.35
ES0000111;59;Tamadaba;7486.56
ES0000111;93;Tamadaba;7448.70
ES0000112;59;Juncalillo del Sur;188.18
ES0000112;93;Juncalillo del Sur;188.18
ES0000113;59;Macizo de Tauro;1244.10
ES0000113;93;Macizo de Tauro;1244.10
ES0000114;93;Cumbres y acantilados del norte de La Palma;22701.15
ES0000115;59;HOCES DEL RÍO DURATÓN;4954.17
ES0000115;93;HOCES DEL RÍO DURATÓN;4954.17
ES0000116;59;VALLE DE IRUELAS;8619.07
ES0000116;93;VALLE DE IRUELAS;8619.07
ES0000118;93;ARRIBES DEL DUERO;106822.42
ES0000119;93;Carrizales y sotos de Aranjuez;14930.61
ES0000120;59;Salinas de Santa Pola;2504.12
ES0000120;93;Salines de Santa Pola.;2512.03
ES0000121;93;Illots de Benidorm i Serra Gelada;6192.47
ES0000122;59;Aritzakun-Urritzate-Gorramendi;6001.39
ES0000122;93;Aritzakun-Urrizate;6001.39
ES0000123;59;Larra-Aztaparreta;3921.03
ES0000123;93;Larra-Aztaparreta;3922.04
ES0000124;59;Sierra de Illón y Foz de Burgui;4696.64
ES0000124;93;Sierra de Illón y Foz de Burgui;431.00
ES0000125;59;Sierra de Leire, Foz de Arbaiun;8893.88
ES0000125;93;Sierra de Leyre, Foz de Arbayún;8375.00
ES0000126;59;Roncesvalles-Selva de Irati;18057.40
ES0000126;93;Roncesvalles-Selva de Irati;18057.40
ES0000127;59;Peña Izaga;2217.25
ES0000127;93;Peña Izaga;2217.25
ES0000128;59;Sierra de San Miguel;3113.44
ES0000128;93;Sierra de San Miguel;3113.45
ES0000129;59;Sierra de Artxuga, Zarikieta y Montes de Areta;19529.11
ES0000129;93;Sierra de Artxuba, Zarikieta y Montes de Areta;19530.07
ES0000130;59;Sierra de Arrigorrieta y Peña Ezkaurre;6377.40
ES0000130;93;Sierra de Arrigorrieta y Peña Ezkaurre;5004.00
ES0000132;59;Arabarko;1498.00
ES0000132;93;Arabarko;1498.00
ES0000133;59;Laguna de Pitillas;496.60
ES0000133;93;Laguna de Pitillas;496.60
ES0000134;59;Embalse de las Cañas;178.81
ES0000134;93;Embalse de las Cañas;178.81
ES0000135;59;Estanca de los Dos Reinos;31.00
ES0000135;93;Balsa de Dos Reinos;31.00
ES0000136;93;ESTEPAS DE BELCHITE-EL PLANERON-LA LOMAZA;25001.29
ES0000137;93;LOS VALLES;31987.67
ES0000138;93;GALACHOS DE LA ALFRANCA DE PASTRIZ, LA CARTUJA Y EL BURGO DE EBRO;2186.00
ES0000139;93;Estepas cerealistas de los ríos Jarama y Henares;33208.56
ES0000140;59;BAHIA DE CADIZ;10507.75
ES0000140;93;BAHIA DE CADIZ;10507.75
ES0000141;59;Parque Nacional de Timanfaya;5180.70
ES0000141;93;Parque Nacional de Timanfaya;5180.70
ES0000142;93;Cortados y cantiles de los ríos Jarama y Manzanares;28006.05
ES0000143;93;Marismas de Santoña y Noja;6760.13
ES0000143;97;ZEPA-MARISMAS DE SANTOÑA, VICTORIA Y JOYEL;6760.19
ES0000144;93;Urdaibaiko Itsasadarra / Ría de Urdaibai ;3242.00
ES0000145;59;Mondragó;753.64
ES0000145;93;Mondragó;753.64
ES0000146;59;Delta del Llobregat;918.12
ES0000146;93;Delta del Llobregat;918.12
ES0000147;59;Marjal de Pego-Oliva;1255.01
ES0000147;93;Marjal de Pego-Oliva.;1252.04
ES0000148;59;La Marjal dels Moros;619.45
ES0000149;59;POSETS - MALADETA;33916.43
ES0000149;93;POSETS - MALADETA;34429.47
ES0000150;93;PEÑA DE ETXAURI;69.87
ES0000151;93;CAPARRETA;36.34
ES0000153;93;AREA ESTEPARIA DEL ESTE DE ALBACETE;25756.60
ES0000154;93;ZONA ESTEPARIA DE EL BONILLO;17279.69
ES0000155;93;SIERRAS DE ALMADÉN-CHILLÓN-GUADALMEZ;7507.92
ES0000157;93;CAMPO DE CALATRAVA;8978.42
ES0000158;93;AREAS ESTEPARIAS DEL CAMPO DE MONTIEL;16110.46
ES0000159;93;HOCES DEL CABRIEL, GUADAZAON Y OJOS DE MOYA;64566.72
ES0000160;59;HOZ DEL RIO GRITOS Y PARAMOS DE LAS VALERAS;1811.52
ES0000160;93;HOZ DEL RIO GRITOS Y PARAMOS DE LAS VALERAS;1811.52
ES0000161;59;LAGUNA DE EL HITO;1001.40
ES0000161;93;LAGUNA DE EL HITO;1001.40
ES0000162;93;SERRANIA DE CUENCA;192458.54
ES0000163;93;SIERRA DE ALTOMIRA;29831.42
ES0000164;59;SIERRA DE AYLLON;91218.26
ES0000164;93;SIERRA DE AYLLON;94686.40
ES0000165;59;VALLE Y SALINAS DEL SALADO;11585.19
ES0000165;93;VALLE Y SALINAS DEL SALADO;11869.72
ES0000166;59;BARRANCO DEL RÍO DULCE;8347.98
ES0000166;93;BARRANCO DEL DULCE;8347.94
ES0000167;93;ESTEPAS CEREALISTAS DE LA CAMPIÑA;2488.17
ES0000168;59;LLANURAS DE OROPESA, LAGARTERA Y CALERA Y CHOZAS;14905.26
ES0000168;93;LLANURAS DE OROPESA, LAGARTERA Y CALERA Y CHOZAS;14905.27
ES0000169;59;RIO TAJO EN CASTREJON, ISLAS DE MALPICA DE TAJO Y AZUTAN;2157.56
ES0000169;93;RIO TAJO EN CASTREJON, ISLAS DE MALPICA DE TAJO Y AZUTAN;2157.56
ES0000170;93;AREA ESTEPARIA DE LA MANCHA NORTE;107245.96
ES0000171;93;EL PLANO - BLANCA ALTA;8812.69
ES0000172;93;RINCON DEL BU - LA NASA - TRIPAZUL;3643.14
ES0000173;59;Sierra Espuña;17692.72
ES0000173;93;PARQUE REGIONAL DE SIERRA ESPUÑA;17692.72
ES0000174;93;SIERRA DE LA PILA;8097.71
ES0000175;59;Salinas y Arenales de San Pedro del Pinatar;708.79
ES0000175;93;LAS SALINAS Y ARENALES DE SAN PEDRO DEL PINATAR;708.79
ES0000176;93;Costa da Morte (Norte);8007.47
ES0000180;93;ESTEPAS DE MONEGRILLO Y PINA;24533.00
ES0000181;93;LA RETUERTA Y SALADAS DE SÁSTAGO;36005.00
ES0000182;93;VALCUERNA, SERRETA NEGRA Y LIBEROLA;35337.87
ES0000183;93;EL BASAL, LAS MENORCAS Y LLANOS DE CARDIEL;6987.00
ES0000184;93;VALLE DEL TIÉTAR;64189.57
ES0000185;93;CERRO DE GUISANDO;3648.83
ES0000186;93;PINARES DEL BAJO ALBERCHE;50198.19
ES0000187;93;MONTES DE MIRANDA DE EBRO Y AMEYUGO;6661.81
ES0000188;93;VALLES DEL VOLTOYA Y EL ZORITA;49374.55
ES0000189;93;CAMPO AZÁLVARO-PINARES DE PEGUERINOS;28303.09
ES0000190;93;ENCINARES DE LOS RÍOS ADAJA Y VOLTOYA;27047.93
ES0000191;93;EMBALSE DEL EBRO;5963.66
ES0000192;93;HUMADA-PEÑA AMAYA;39844.70
ES0000193;93;SIERRA DE LA TESLA-VALDIVIELSO;21230.99
ES0000194;93;OTEROS-CAMPOS;31686.44
ES0000195;93;HUMEDAL DE AJAUQUE Y RAMBLA SALADA;1622.03
ES0000196;93;ESTEPAS DE YECLA;4244.30
ES0000197;93;Acantilados del Monte Hacho;28.50
ES0000198;93;Liébana;29064.37
ES0000198;97;ZEPA-LIEBANA;29197.04
ES0000199;93;SIERRA DE LA FAUSILLA;899.21
ES0000200;93;ISLA GROSA;16.84
ES0000201;93;CAMINO DE SANTIAGO;22698.21
ES0000202;93;CAMPO DE AZABA;36449.61
ES0000203;93;ALTOS DE BARAHONA;42894.42
ES0000204;93;TIERRA DE CAMPIÑAS;139444.54
ES0000205;59;LAGUNAS DEL CANAL DE CASTILLA;75.44
ES0000205;93;LAGUNAS DEL CANAL DE CASTILLA;75.44
ES0000206;93;CAÑONES DEL DUERO;17374.01
ES0000207;93;PENILLANURAS-CAMPOS SUR;23799.95
ES0000208;93;LLANURAS DEL GUAREÑA;41766.65
ES0000209;93;TIERRA DEL PAN;14584.96
ES0000210;59;ALTO SIL;43723.93
ES0000210;93;ALTO SIL;43723.93
ES0000211;59;Desembocadura del riu Millars;345.84
ES0000211;93;Desembocadura del riu Millars;345.85
ES0000212;93;Sierra de Martés - Muela de Cortes;153191.00
ES0000213;59;Serres de Mariola i el Carrascar de la Font Roja;19945.90
ES0000214;93;Illots de Tabarca;14565.95
ES0000215;93;OTEROS-CEA;4445.01
ES0000216;93;LA NAVA-CAMPOS SUR;39211.25
ES0000217;93;PENILLANURAS-CAMPOS NORTE;13241.83
ES0000218;93;CAMPO DE ARGAÑÁN;17302.39
ES0000219;93;RÍO ALAGÓN;2147.12
ES0000220;93;RIBERAS DEL PISUERGA;625.99
ES0000221;59;Sa Dragonera;1278.89
ES0000221;93;Sa Dragonera;1278.89
ES0000222;59;La Trapa;431.44
ES0000222;93;La Trapa;431.44
ES0000223;93;Sa Foradada;108.78
ES0000224;93;Muleta;161.34
ES0000225;59;Sa Costera;792.46
ES0000225;93;Sa Costera;792.46
ES0000226;59;L'Albufereta;445.70
ES0000226;93;L'Albufereta;445.70
ES0000227;59;Muntanyes d'Artà;14813.48
ES0000227;93;Muntanyes d'Artà;14813.48
ES0000228;59;Cap de ses Salines;3750.93
ES0000228;93;Cap de ses Salines;3750.93
ES0000229;59;Costa Nord de Ciutadella;681.50
ES0000229;93;Costa Nord de Ciutadella;681.50
ES0000230;93;La Vall;5334.36
ES0000231;59;Dels Alocs a Fornells;2706.80
ES0000231;93;Dels Alocs a Fornells;2706.80
ES0000232;59;La Mola i s'Albufera de Fornells;1524.28
ES0000232;93;La Mola i s'Albufera de Fornells;1524.28
ES0000233;59;D'Addaia a s'Albufera;2840.37
ES0000233;93;D'Addaia a s'Albufera;2840.37
ES0000234;59;S'Albufera des Grau;2561.48
ES0000234;93;S'Albufera des Grau;2561.48
ES0000235;59;De s'Albufera a la Mola;2012.40
ES0000235;93;De s'Albufera a la Mola;2012.40
ES0000236;59;Illa de l'Aire;30.92
ES0000236;93;Illa de l'Aire;30.92
ES0000237;59;Des Canutells a Llucalari;1822.20
ES0000237;93;Des Canutells a Llucalari;1822.20
ES0000238;59;Son Bou i barranc de sa Vall;1185.03
ES0000238;93;Son Bou i barranc de sa Vall;1185.03
ES0000239;59;De Binigaus a cala Mitjana;1853.81
ES0000239;93;De Binigaus a cala Mitjana;1853.81
ES0000240;59;Costa Sud de Ciutadella;1133.00
ES0000240;93;Costa Sud de Ciutadella;1133.00
ES0000241;59;Costa dels Amunts;688.47
ES0000241;93;Costa dels Amunts;688.47
ES0000242;59;Illots de Santa Eulària, Rodona i es Canà;70.19
ES0000242;93;Illots de Santa Eulària, Rodona i es Canà;70.19
ES0000243;93;Txingudi;138.06
ES0000244;93;Salvada Mendilerroa / Sierra Salvada;3696.67
ES0000245;93;Valderejo-Arcena Mendilerroa / Valderejo-Sierra de Árcena;6608.86
ES0000246;93;Arabako Hegoaldeko Mendilerroak / Sierras Meridionales de Álava;16235.76
ES0000247;93;RIBERAS DE LOS RÍOS HUEBRA Y YELTES;2194.70
ES0000248;93;Desfiladero de la Hermida;6360.16
ES0000248;97;ZEPA-DESFILADERO DE LA HERMIDA;6360.31
ES0000249;93;Sierra de Peña Sagra;5061.81
ES0000249;97;ZEPA-SIERRA DE PEÑA SAGRA;5061.75
ES0000250;93;Sierra de Hijar;4723.98
ES0000250;97;ZEPA-SIERRA DE HIJAR;4739.79
ES0000251;93;Sierra del Cordel y cabeceras del Nansa y del Saja;16230.88
ES0000251;97;ZEPA-SIERRA DEL CORDEL Y CABECERAS DEL NANSA Y DEL SAJA;16241.85
ES0000252;93;Embalse del Ebro;6696.78
ES0000252;97;ZEPA-EMBALSE DEL EBRO;6696.83
ES0000253;93;Hoces del Ebro;4086.44
ES0000253;97;ZEPA-HOCES DEL EBRO;4086.90
ES0000254;93;Illa de Ons;928.21
ES0000254;95;Illa de Ons;928.21
ES0000255;93;PÁRAMO DE LAYNA;7521.57
ES0000256;93;ISLAS HORMIGAS;154.00
ES0000257;93;SIERRAS DE RICOTE Y LA NAVELA;7643.64
ES0000258;93;Costa de Ferrolterra - Valdoviño;4284.45
ES0000259;93;SIERRA DE MOJANTES;1486.52
ES0000260;93;MAR MENOR;14646.39
ES0000261;93;SIERRA DE ALMENARA, MORERAS Y CABO COPE;22201.27
ES0000262;93;SIERRAS DEL GIGANTE-PERYCAI, LOMAS DEL BUITRE-RIO LUCHENA Y SIERRA DE LA TORRECILLA;25677.67
ES0000263;93;LLANO DE LAS CABRAS;965.24
ES0000264;93;SIERRA DE LA MUELA Y CABO TIÑOSO;10938.48
ES0000265;93;SIERRA DEL MOLINO, EMBALSE DEL QUIPAR Y LLANOS DEL CAGITAN;28349.33
ES0000266;93;SIERRA DE MORATALLA;21504.85
ES0000267;93;SIERRA DE BURETE, LAVIA Y CAMBRÓN;21796.70
ES0000268;93;SALADARES DEL GUADALENTIN;3001.80
ES0000269;93;MONTE EL VALLE Y SIERRAS DE ALTAHONA Y ESCALONA;14814.22
ES0000270;93;ISLA CUEVA LOBOS;28.27
ES0000271;93;ISLA DE LAS PALOMAS;28.27
ES0000272;93;BRAZO DEL ESTE;1652.79
ES0000273;93;EMBALSE DE CORDOBILLA;1457.09
ES0000274;93;EMBALSE DEMALPASILLO;522.41
ES0000275;93;COMPLEJO ENDORREICO LEBRIJA-LAS CABEZAS;793.05
ES0000276;93;PEÑON DE ZAFRAMAGON;322.79
ES0000277;93;COLLARADA - IBÓN DE IP;3456.33
ES0000278;93;VIÑAMALA;25274.56
ES0000279;93;ALTO CINCA;14721.57
ES0000280;93;COTIELLA - SIERRA FERRERA;25330.90
ES0000281;93;EL TURBÓN Y SIERRA DE SÍS;24399.21
ES0000282;93;SALVATIERRA - FOZES DE FAGO Y BINIÉS;2579.09
ES0000283;93;SIERRAS DE LEYRE Y ORBA;5812.19
ES0000284;93;SOTOS Y CARRIZALES DEL RÍO ARAGÓN;1939.41
ES0000285;93;SAN JUAN DE LA PEÑA Y PEÑA OROEL;6149.18
ES0000286;93;SIERRA DE CANCIÁS - SILVES;7810.62
ES0000287;93;SIERRAS DE SANTO DOMINGO Y CABALLERA Y RÍO ONSELLA;35746.37
ES0000288;93;SIERRA DE MONGAY;3164.72
ES0000289;93;LAGUNAS Y CARRIZALES DE CINCO VILLAS;414.64
ES0000290;93;LA SOTONERA;8797.30
ES0000291;93;SERRETA DE TRAMACED;3463.50
ES0000292;93;LOMA LA NEGRA - BARDENAS;6477.91
ES0000293;93;MONTES DE ZUERA, CASTEJÓN DE VALDEJASA Y EL CASTELLAR;25542.16
ES0000294;93;LAGUNA DE SARIÑENA Y BALSA DE LA ESTACIÓN;654.72
ES0000295;93;SIERRA DE ALCUBIERRE;42108.08
ES0000296;93;EMBALSE DEL PAS Y SANTA RITA;184.95
ES0000297;93;SIERRA DE MONCAYO - LOS FAYOS - SIERRA DE ARMAS;18118.88
ES0000298;93;MATARRAÑA - AIGUABARREIX;36790.44
ES0000299;93;DESFILADEROS DEL RÍO JALÓN;22679.17
ES0000300;93;RÍO HUERVA Y LAS PLANAS;30326.47
ES0000302;93;PARAMERAS DE BLANCAS;4033.01
ES0000303;93;DESFILADEROS DEL RÍO MARTÍN;44785.81
ES0000304;93;PARAMERAS DE CAMPO VISIEDO;17772.32
ES0000305;93;PARAMERAS DE ALFAMBRA;3271.66
ES0000306;93;RÍO GUADALOPE - MAESTRAZGO;54249.41
ES0000307;93;PUERTOS DE BECEITE;14785.16
ES0000308;93;PARAMERAS DE POZONDÓN;2461.05
ES0000309;93;MONTES UNIVERSALES - SIERRA DEL TREMEDAL;32031.87
ES0000310;93;Llanos y cuchillos de Antigua;9915.89
ES0000313;93;Complexo litoral de Corrubedo;977.35
ES0000315;93;Ubiña-La Mesa;39331.01
ES0000316;93;Ponga- Amieva;28102.18
ES0000317;59;Penarronda-Barayo;4268.75
ES0000317;93;Penarronda-Barayo;4268.75
ES0000318;59;Cabo Busto-Luanco;11599.00
ES0000318;93;Cabo Busto-Luanco;9907.27
ES0000319;59;Ría de Ribadesella-Ría de Tinamayor;5790.76
ES0000319;93;Ría de Ribadesella-Ría de Tinamayor;5790.76
ES0000320;93;Embalses del centro (San Andrés,la Granda, Trasona y la Furta);267.73
ES0000321;93;Anglesola-Vilagrassa;1125.17
ES0000322;93;Granyena;6662.15
ES0000323;93;Ría de Villaviciosa;1249.50
ES0000324;93;EMBALSE DE ARROCAMPO;830.56
ES0000325;93;CAMPIÑA SUR - EMBALSE DE ARROYO CONEJOS;44807.86
ES0000326;93;EMBALSE DE BORBOLLÓN;1007.81
ES0000327;93;EMBALSE DE LOS CANCHALES;900.97
ES0000328;93;EMBALSE DE MONTIJO;393.73
ES0000329;93;EMBALSE DE VALDECAÑAS;8167.58
ES0000330;93;EMBALSE DE VALUENGO;284.95
ES0000331;93;IGLESIA DE LA PURIFICACIÓN DE ALMENDRALEJO;61.90
ES0000332;93;LLANOS DE TRUJILLO;7707.08
ES0000333;93;LLANOS DE ZORITA Y EMBALSE DE SIERRA BRAVA;18695.78
ES0000334;93;SIERRAS CENTRALES Y EMBALSE DE ALANGE;17692.04
ES0000335;93;SIERRAS DE PEÑALSORDO Y CAPILLA;4516.65
ES0000336;93;ISLA DE ALBORAN;7.88
ES0000337;59;ESTRECHO;19179.70
ES0000337;93;ESTRECHO;19179.70
ES0000338;93;Acantilado de Las Traviesas;45.61
ES0000339;93;Roques de Garafía;2.53
ES0000340;93;Roque Negro;1.60
ES0000341;93;Los Órganos;181.57
ES0000342;93;Costa de Majona, El Águila y Avalo;164.32
ES0000343;93;Acantilados de Santo Domingo;9.25
ES0000344;93;Roque de la Playa;0.55
ES0000345;93;Rasca y Guaza;1031.38
ES0000346;93;Tamadaba;8555.43
ES0000347;93;Pozo Negro;9803.11
ES0000348;93;Costa del norte de Fuerteventura;1425.78
ES0000349;93;Vallebrón y valles de Fimapaire y Fenimoy;5803.32
ES0000350;93;Llanos de La Corona y Tegala Grande;2751.16
ES0000351;93;Llanos de La Mareta y cantil del Rubicón;2385.96
ES0000355;93;HURDES;27100.73
ES0000356;93;RIBEROS DEL ALMONTE;9735.33
ES0000357;93;ALTOS CAMPOS DE GÓMARA;15202.82
ES0000358;93;CAMPO DE ALISTE;6124.74
ES0000359;93;CAMPOS DE ALBA;15443.38
ES0000360;93;CIHUELA-DEZA;4476.81
ES0000361;93;DEHESA DE LOS RÍOS GAMO Y MARGAÑÁN;7545.12
ES0000362;93;LA NAVA-RUEDA;7167.03
ES0000363;93;MONTEAGUDO DE LAS VICARÍAS;15541.43
ES0000364;93;OMAÑAS;24134.56
ES0000365;93;PÁRAMO LEONES;6915.89
ES0000366;93;VALDERÍA-JAMUZ;9713.20
ES0000367;93;LA SERENA Y SIERRAS PERIFÉRICAS;154971.15
ES0000368;93;RIO TAJO INTERNACIONAL Y RIBEROS;25397.27
ES0000369;59;LLANOS DE ALCANTARA Y BROZAS;46578.53
ES0000369;93;LLANOS DE ALCANTARA Y BROZAS;46578.53
ES0000370;93;SIERRA DE GATA Y VALLE DE LAS PILAS;18926.53
ES0000371;93;SIERRA DE MORALEJA Y PIEDRA SANTA;3602.55
ES0000372;93;Costa da Mariña occidental;2161.10
ES0000372;95;Costa da Mariña Occidental;2175.29
ES0000373;93;Ría de Foz;565.07
ES0000373;95;Ría de Foz;565.08
ES0000374;93;Ancares;12666.26
ES0000374;95;Ancares;12678.39
ES0000375;93;Esteiro do Miño;1697.73
ES0000376;93;Baixa Limia - Serra do Xurés;31370.66
ES0000377;93;Mola de Son Pacs;160.31
ES0000378;93;Puig des Boixos;235.83
ES0000379;93;Puig de Ses Fites;272.62
ES0000380;93;Puig de s'Extremera;138.63
ES0000381;93;Puig Gros;1012.76
ES0000382;93;Alaró;118.29
ES0000383;93;Puig des Castell;176.18
ES0000384;93;Barranc de Santa Anna;77.73
ES0000385;93;Barbatx;1369.69
ES0000386;93;Capell de Ferro;1651.54
ES0000387;93;HOCES DEL RIO JUCAR;17698.18
ES0000388;93;SIERRA DE ALCARAZ Y SEGURA Y CAÑONES DEL SEGURA Y DEL MUNDO;174249.03
ES0000389;93;RENTOS DE ORCHOVA Y VERTIENTES DEL TURIA;6327.71
ES0000390;93;SAN CLEMENTE;10677.81
ES0000391;93;PINAR DE ALMOROX;1482.40
ES0000392;93;VALLE DEL TAJUÑA EN TORRECUADRADA;2827.47
ES0000393;93;AZUD DE BADAJOZ;400.35
ES0000394;93;COLONIAS DE CERNICALO PRIMILLA DE SAUCEDILLA;3.24
ES0000395;93;CHARCA LA VEGA DEL MACHAL;6.64
ES0000396;93;EMBALSE DE HORNO-TEJERO;329.65
ES0000397;93;EMBALSE DE LA SERENA;15877.01
ES0000398;93;"LLANOS Y COMPLEJO LAGUNAR DE LA ALBUERA
";36462.13
ES0000399;93;EMBALSE DEL ZUJAR;1521.62
ES0000400;93;"ARROZALES DE PALAZUELO Y GUADALPERALES
";13324.26
ES0000401;93;COLONIAS DE CERNICALO PRIMILLA DE ACEDERA;0.50
ES0000402;93;COLONIAS DE CERNICALO PRIMILLA DE TRUJILLO;208.12
ES0000403;93;COLONIAS DE CERNICALO PRIMILLA DE FUENTE DE CANTOS;41.34
ES0000404;93;COLONIAS DE CERNICALO PRIMILLA DE GUAREÑA;19.50
ES0000405;93;COLONIAS DE CERNICALO PRIMILLA DE LLERENA;43.83
ES0000406;93;COLONIAS DE CERNICALO PRIMILLA DE ZAFRA;36.55
ES0000407;93;NACIMIENTO DEL RIO GEVORA;21023.79
ES0000408;93;"VEGAS DEL RUECAS, CUBILAR Y MOHEDA ALTA
";14226.33
ES0000409;93;"COMPLEJO LAGUNAR EJIDO NUEVO
";70.62
ES0000410;93;COMPLEJO LOS ARENALES;174.55
ES0000411;93;"CHARCA DEHESA BOYAL NAVALMORAL
";14.42
ES0000412;93;CHARCA LA TORRE;2.83
ES0000413;93;CHARCA ARCE DE ABAJO;11.28
ES0000415;93;EMBALSE DE ALCANTARA;8624.77
ES0000416;93;EMBALSE DE ALDEA DEL CANO;185.94
ES0000417;93;EMBALSE DE BROZAS;29.90
ES0000418;93;EMBALSE DE TALAVAN;7773.99
ES0000420;93;EMBALSE DE VEGAS ALTAS;8.16
ES0000421;93;EMBALSE GABRIEL Y GALAN;8421.96
ES0000422;93;COLONIAS DE CERNICALO PRIMILLA DE LA CIUDAD MONUMENTAL DE CACERES;17.50
ES0000423;93;COLONIAS DE CERNICALO PRIMILLA DE GARROVILLAS;30.54
ES0000424;93;COLONIAS DE CERNICALO PRIMILLA DE SAN VICENTE DE ALCANTARA;23.47
ES0000425;93;MAGASCA;10868.47
ES0000426;93;PINARES DE GARROVILLAS;2583.10
ES0000427;93;RIO Y PINARES DEL TIETAR;8693.41
ES0000428;93;COLONIAS DE CERNICALO PRIMILLA DE CASA DE LA ENJARADA;8.48
ES0000429;93;COLONIAS DE CERNICALO PRIMILLA DE BROZAS;65.71
ES0000430;93;COLONIAS DE CERNICALO PRIMILLA DE ALBURQUERQUE;23.91
ES0000431;93;COLONIAS DE CERNICALO PRIMILLA DE JARAIZ DE LA VERA;33.19
ES0000432;93;COLONIAS DE CERNICALO PRIMILLA DE RIVERA DEL FRESNO;29.63
ES0000433;93;COLONIAS DE CERNICALO PRIMILLA DE BELVIS DE MONROY;2.35
ES0000434;93;"CANCHOS DE RAMIRO Y LADRONERA
";23424.23
ES0000435;93;ÁREA ESTEPARIA DE LA MARGEN DERECHA DEL RÍO GUADARRAMA ;12719.35
ES0000436;93;A Limia;6963.40
ES0000437;93;Pena Trevinca;22553.20
ES0000438;93;CARRIZALES Y SOTOS DEL JARAMA Y TAJO ;1669.55
ES0000439;93;Pla de sa Mola;993.16
ES0000440;93;Des Teix al Puig de ses Fites;1459.49
ES0000441;93;D'Alfabia a Biniarroi;5629.42
ES0000442;93;De la serra de l'Esperó al Penyal Alt;1469.32
ES0000443;93;Sud de Ciutadella;1986.77
ES0000444;93;Serra d'Irta (ZEPA);9797.73
ES0000445;93;Planiols-Benasques;2004.77
ES0000446;93;Desert de les Palmes (ZEPA);3075.59
ES0000447;93;Costa d'Orpesa i Benicàssim;1317.78
ES0000448;93;Hontanar - La Ferriza;3145.25
ES0000449;93;Alto Turia y Sierra del Negrete;100314.00
ES0000450;93;Marjal i Estanys d'Almenara;1486.94
ES0000451;93;Montdúver - Marjal de la Safor;9218.29
ES0000452;93;Meca - Mugrón - San Benito;7037.49
ES0000453;93;Muntanyes de la Marina;43118.40
ES0000454;93;Montgó - Cap de Sant Antoni;3009.50
ES0000455;93;Els Alforins (ZEPA);6520.80
ES0000456;93;Moratillas - Almela;3302.86
ES0000457;93;Sierra de Salinas (ZEPA);7734.76
ES0000458;93;Maigmó i Serres de la Foia de Castalla (ZEPA);19564.10
ES0000459;93;Penyal d'Ifac (ZEPA);49.84
ES0000460;93;Riu Montnegre;3844.52
ES0000461;93;Serres del Sud d'Alacant;8635.95
ES0000462;59;Clot de Galvany;271.87
ES0000462;93;Clot de Galvany;5.47
ES0000463;93;Cabeço d'Or i la Grana;5027.25
ES0000464;93;Sierra Escalona y Dehesa de Campoamor;10407.40
ES0000465;93;L'Alt Maestrat, Tinença de Benifassà, Turmell i Vallivana;96482.90
ES0000466;93;Penyagolosa (ZEPA);53226.40
ES0000467;93;Prat de Cabanes i Torreblanca (ZEPA);1943.08
ES0000468;93;Serra d'Espadà (ZEPA);65332.40
ES0000469;93;Serra Calderona (ZEPA);18777.00
ES0000470;93;Marjal dels Moros (ZEPA);626.71
ES0000471;93;L'Albufera (ZEPA);29285.00
ES0000472;93;Hoces del Cabriel (ZEPA);31849.20
ES0000474;93;Serres de Mariola i el Carrascal de la Font Roja (ZEPA);22952.30
ES0000476;93;Valls del Sió-Llobregós;26912.48
ES0000477;93;Bellmunt-Almenara;4047.40
ES0000478;93;Plans de Sió;10406.90
ES0000479;93;Secans de Belianes-Preixana;6534.72
ES0000480;93;Secans del Segrià i Utxesa;7738.45
ES0000481;93;Foces de Benasa y Burgui;4335.97
ES0000482;93;Arbaiun-Leire;8418.48
ES0000483;93;Ezkaurre-Arrigorrieta;5012.52
ES0000484;93;El Fondo d'Elx-Crevillent (ZEPA);2392.16
ES0000485;93;Lagunas de la Mata y Torrevieja;3731.54
ES0000486;93;Salines de Santa Pola (ZEPA);2512.16
ES0000487;93;Marjal de Pego-Oliva (ZEPA);1252.07
ES0000488;93;ZEPA Sierra de Ayllón;94612.12
ES0000489;93;ZEPA Valle y Salinas del Salado;11909.36
ES0000490;93;Espacio marino de la Ría de Mundaka-Cabo de Ogoño;17541.98
ES0000492;93;Espacio marino de los Islotes de Portios-Isla Conejera-Isla de Mouro;1513.42
ES0000494;93;Espacio marino de Cabo Peñas;32060.99
ES0000495;93;Espacio marino de Punta de Candelaria-Ría de Ortigueira-Estaca de Bares;77398.78
ES0000496;93;Espacio marino de la Costa de Ferrolterra-Valdoviño;6847.96
ES0000497;93;Espacio marino de la Costa da Morte;318219.22
ES0000498;93;ZEPA Banco de Galicia;880721.27
ES0000499;93;Espacio marino de las Rías Baixas de Galicia;223238.75
ES0000500;93;Golfo de Cádiz;231916.91
ES0000501;93;Espacio marino del Tinto y del Odiel;4945.17
ES0000502;93;Espacio marino de la Bahía de Cádiz;3615.10
ES0000504;93;Bahía de Málaga-Cerro Gordo;60984.98
ES0000505;93;Espacio marino de la Isla de Alborán;66111.47
ES0000506;93;Bahía de Almería;126781.67
ES0000507;93;Espacio marino de los Islotes Litorales de Murcia y Almería;12335.00
ES0000508;93;Espacio marino de Tabarca-Cabo de Palos;126067.90
ES0000510;93;Plataforma-talud marinos del Cabo de la Nao;268275.21
ES0000512;93;Espacio marino del Delta de l Ebre-Illes Columbretes;903213.82
ES0000513;93;Espacio marino del Baix Llobregat-Garraf;38817.71
ES0000514;93;Espacio marino de l Empordà;86011.83
ES0000515;93;Espacio marino de Formentera y del sur de Ibiza;46574.34
ES0000516;93;Espacio marino del poniente y norte de Ibiza;47298.43
ES0000517;93;Espacio marino del levante de Ibiza;19226.92
ES0000518;93;Espacio marino del sur de Mallorca y Cabrera;40240.16
ES0000519;93;Espacio marino del poniente de Mallorca;47165.99
ES0000520;93;Espacio marino del norte de Mallorca;99071.84
ES0000521;93;Espacio marino del norte y oeste de Menorca;162710.26
ES0000522;93;Espacio marino del sureste de Menorca;23777.61
ES0000523;93;Espacio marino de la zona occidental de El Hierro;22358.71
ES0000524;93;Espacio marino de los Roques de Salmor;659.19
ES0000525;93;Espacio marino del norte de La Palma;39160.13
ES0000526;93;Espacio marino de La Gomera-Teno;209318.34
ES0000527;93;Espacio marino de los Acantilados de Santo Domingo y Roque de Garachico;2111.15
ES0000528;93;Espacio marino del Roque de la Playa;189.25
ES0000529;93;Espacio marino de Anaga;773.30
ES0000530;93;Espacio marino de Mogán-La Aldea;18712.11
ES0000531;93;Espacio marino de La Bocayna;83412.83
ES0000532;93;Espacio marino de los Islotes de Lanzarote;130183.51
ES0000533;93;COLONIAS DE CERNÍCALO PRIMILLA DE JEREZ DE LOS CABALLEROS;66.23
ES0000534;93;COLONIAS DE CERNICALO PRIMILLA Y EL CACHON DE PLASENCIA;33.69
ES0000535;93;ZEPA Banco de la Concepción;452304.55
ES0000536;93;Laguna de las Moreras;72.49
ES0000537;93;Lagunas de Campot?jar;61.14
ES0000538;93;ZEPA Espacio marino de Ifac;933.34
ES0000539;93;Montes de Alfajarín y Saso de Osera;11837.36
ES000454;93;Montgó-Cap de Sant Antoni;3009.56
ES110001;69;Islas Atlánticas de Galicia;8542.62
ES110002;95;Canón do Sil;5933.41
ES110003;95;Serra do Xistral;23033.75
ES110004;95;Monte Faro;2999.36
ES110005;95;Pena Veidosa;2330.00
ES110006;95;Serra do Candan;10746.89
ES110007;95;Sistema fluvial Ulla-Deza;1641.39
ES1110001;59;Ortigueira - Mera;3808.77
ES1110002;59;Costa Ártabra;7689.92
ES1110003;59;Fragas do Eume;9112.29
ES1110004;59;Encoro de Abegondo - Cecebre;495.60
ES1110005;59;Costa da Morte;12167.46
ES1110006;59;Complexo húmido de Corrubedo;9320.92
ES1110007;59;Betanzos - Mandeo;868.31
ES1110008;59;Carnota - Monte Pindo;4657.46
ES1110009;59;Costa de Dexo;351.54
ES1110009;95;Costa de Dexo;348.09
ES111001;70;Complexo Dunar de Corrubedo e Lagoas de Carregal e Vixán;989.52
ES1110010;59;Estaca de Bares;938.86
ES1110011;59;Esteiro do Tambre;1591.73
ES1110012;59;Monte e lagoa de Louro;1168.07
ES1110013;59;Xubia - Castro;1993.72
ES1110014;59;Serra do Careón;6593.29
ES1110015;59;Río Anllóns;41.58
ES1110016;59;Río Tambre;151.70
ES111002;70;Fragas do Eume;9178.69
ES111003;62;Costa de Dexo;267.00
ES111004;95;Xubia-Castro;2082.45
ES111005;58;Complexo das Praias, Duna e lagoa de Corrubedo;977.18
ES111006;58;Lagoa e Areal de Valdoviño;487.18
ES111007;58;Ría de Ortigueira e Ladrido;1184.27
ES111008;95;Betanzos-Mandeo;1024.44
ES111009;95;Carnota-Monte Pindo;4702.64
ES111010;95;Complexo húmido de Corrubedo;9316.39
ES111011;95;Complexo litoral de Corrubedo;977.18
ES111012;95;Costa Ártabra;6278.16
ES111013;95;Costa da Morte;11880.74
ES111014;95;Costa da Morte Norte;8016.69
ES111015;95;Costa de Ferrolterra-Valdovi?o;3839.10
ES111016;95;Encoro de Abegondo-Cecebre;530.91
ES111017;95;Estaca de Bares;854.34
ES111018;95;Esteiro do Tambre;1590.58
ES111019;95;Fragas do Eume;9178.69
ES111020;95;Monte e lagoa de Louro;1102.52
ES111021;95;Ortigueira-Mera;3881.66
ES111022;95;Ría de Ortigueira e Ladrido;1851.87
ES111023;95;Río Anllóns;162.00
ES111024;95;Río Tambre;586.00
ES111025;95;Serra do Careón;6687.33
ES111026;92;Cabo Vilan;199.34
ES111027;92;A Curotiña;50.00
ES111028;92;Estaca de Bares;1.00
ES111029;64;Penedos de Pasarela e Traba;213.03
ES1120001;59;Ancares - Courel;102587.06
ES1120001;95;Ancares - Courel;102755.37
ES1120002;59;Río Eo;1.22
ES1120003;59;Parga - Ladra - Támoga;5029.34
ES1120004;59;A Marronda;1214.97
ES1120005;59;As Catedrais;304.36
ES1120006;59;Carballido;4644.27
ES1120007;59;Cruzul - Agüeira;619.86
ES1120008;59;Monte Faro;3013.62
ES1120009;59;Monte Maior;1247.14
ES112001;62;Souto da Retorta;93.26
ES1120010;59;Negueira;4562.43
ES1120011;59;Ría de Foz - Masma;576.51
ES1120012;59;Río Landro;88.94
ES1120013;59;Río Ouro;72.16
ES1120014;59;Canón do Sil;5981.06
ES1120015;59;Serra do Xistral;23033.81
ES1120016;59;Río Cabe;1580.95
ES1120017;59;Costa da Mariña occidental;390.77
ES1120017;95;Costa da Mariña Occidental;492.74
ES112002;95;Río Cabe;1791.91
ES112003;58;Ría de Ribadeo;536.02
ES112004;95;A Marronda;1242.07
ES112005;62;Pregamento xeolóxico de Campodola-Leixazós;89.92
ES112006;95;As Catedrais;298.09
ES112007;95;Río Ouro;109.00
ES112008;95;Carballido;4838.53
ES112009;95;Miño-Neira;844.74
ES112011;95;Cruzul-Agüeira;653.10
ES112012;95;Río Landro;127.00
ES112013;95;Monte Maior;1250.80
ES112014;95;Negueira;4554.86
ES112015;95;Parga - Ladra - Támoga;4954.39
ES112016;95;Río Eo;971.01
ES112017;95;Ria de Foz - Masma;644.77
ES112018;95;Ribadeo;589.30
ES112019;62;A praia das Catedrais;29.00
ES1130001;59;Baixa Limia;34131.85
ES1130002;59;Macizo Central;46951.58
ES1130003;59;Bidueiral de Montederramo;1954.34
ES1130004;59;Pena Veidosa;2363.59
ES1130005;59;Río Támega;718.76
ES1130006;59;Veiga de Ponteliñares;129.68
ES1130007;59;Pena Trevinca;24883.42
ES1130008;59;Pena Maseira;5741.00
ES1130009;59;Serra da Enciña da Lastra;1773.82
ES1130009;93;Serra da Enciña da Lastra;1773.82
ES1130009;95;Serra da Enciña da Lastra;1773.85
ES113001;70;Baixa Limia-Serra do Xurés;20251.48
ES113002;70;O Invernadeiro;5695.95
ES113003;62;Souto de Rozabales;3.44
ES113004;70;Serra da Enciña da Lastra;3185.79
ES113005;95;Baixa Limia;33958.47
ES113006;95;Baixa Limia-Serra do Xurés;31386.33
ES113007;95;Bidueiral de Montederramo;1989.72
ES113008;95;Macizo Central;47104.36
ES113009;95;Veiga de Ponteliñares;160.00
ES113010;95;Pena Trevinca;24943.66
ES113011;95;Río Támega;615.42
ES113012;95;Pena Maseira;5710.03
ES113013;95;A Limia;6963.42
ES113014;64;Val do río Navea;692.85
ES113015;62;Serra de Pena Corneira;1002.28
ES113016;62;A Carballa da Rocha;1.00
ES1140001;59;Sistema fluvial Ulla - Deza;1641.39
ES1140002;59;Río Lérez;18.60
ES1140003;59;A Ramallosa;91.85
ES1140004;59;Complexo Ons - O Grove;7550.19
ES1140005;59;Monte Aloia;787.12
ES1140006;59;Río Tea;111.72
ES1140007;59;Baixo Miño;2806.79
ES1140008;59;Brañas de Xestoso;1085.14
ES1140009;59;Cabo Udra;626.91
ES114001;70;Monte Aloia;787.12
ES1140010;59;Costa da Vela;1392.81
ES1140011;59;Gándaras de Budiño;730.96
ES1140012;59;Illas Estelas;717.26
ES1140013;59;Serra do Candán;10731.02
ES1140014;59;Serra do Cando;5428.27
ES1140015;59;Sobreirais do Arnego;1085.34
ES1140016;59;Enseada de San Simón;2264.04
ES114002;62;Fraga de Catasós;5.00
ES114003;95;A Ramallosa;92.00
ES114004;95;Baixo Miño;2886.47
ES114005;95;Brañas de Xestoso;1082.14
ES114006;95;Cabo Udra;626.57
ES114007;95;Complexo intermareal Umia-O Grove A Lanzada, punta Carreirón e lagoa Bodeira;2724.88
ES114008;95;Costa da Vela;1427.03
ES114009;95;Enseada de San Simón;2230.09
ES114010;95;Esteiro do Miño;1778.67
ES114011;95;Gándaras de Budiño;730.96
ES114012;95;Illas Cíes;979.73
ES114013;95;Illas Estelas;729.45
ES114014;95;Complexo Ons-O Grove;7651.50
ES114015;95;Río Lérez;150.22
ES114016;95;Río Tea;358.11
ES114017;95;Serra do Cando;5484.41
ES114018;58;Complexo intermareal Umia-O Grove, A Lanzada, punta Carreirón e lagoa Bodeira;2615.41
ES114019;95;Sobreirais do Arnego;1128.26
ES114020;95;Monte Aloia;787.12
ES1200001;59;Picos de Europa (Asturias);24983.33
ES1200001;93;Picos de Europa;24983.32
ES1200002;59;Muniellos;5559.44
ES1200002;93;Bosque de Muniellos;5559.22
ES1200006;59;Ría de Villaviciosa;1249.00
ES1200006;93;RÍA DE VILLAVICIOSA;1249.44
ES1200007;59;Cueva Rosa;127.01
ES1200008;59;Redes;37791.64
ES1200008;93;Redes;37791.64
ES1200009;59;Ponga-Amieva;28067.30
ES1200009;93;PONGA-AMIEVA;28067.30
ES1200010;59;Montovo-La Mesa;14926.00
ES1200011;59;Peña Ubiña;13281.00
ES1200012;59;Caldoveiro;12709.00
ES1200014;59;Sierra de los Lagos;10778.00
ES1200016;59;Ría del Eo;1881.04
ES1200016;93;RÍA DEL EO;1882.15
ES120002;86;Muniellos;5302.00
ES1200022;59;Playa de Vega;37.00
ES1200023;59;Río Eo (Asturias);65.47
ES1200024;59;Río Porcía;65.00
ES1200025;59;Río Navia;96.00
ES1200026;59;Río Negro;45.00
ES1200027;59;Río Esva;192.00
ES1200028;59;Río Esqueiro;13.00
ES1200029;59;Río Nalón;560.00
ES120003;70;Somiedo;29006.37
ES1200030;59;Río Narcea;374.00
ES1200031;59;Río Pigüeña;45.00
ES1200032;59;Río Sella;500.00
ES1200033;59;Río Las Cabras-Bedón;36.00
ES1200034;59;Río Purón;22.00
ES1200035;59;Río Cares-Deva;245.83
ES1200036;59;Alcornocales del Navia;47.00
ES1200037;59;Aller-Lena;13111.54
ES1200038;59;Carbayera de El Tragamón;4.00
ES1200039;59;Cuencas Mineras;13226.18
ES120004;88;Ria de Villaviciosa;1052.12
ES1200040;59;Meandros del Nora;65.00
ES1200041;59;Peña Manteca-Genestaza;7871.00
ES1200042;59;Sierra Plana de la Borbolla;1029.00
ES1200043;59;Sierra del Sueve;3409.00
ES1200044;59;Turbera de la Molina;33.00
ES1200045;59;Turbera de Las Dueñas;26.00
ES1200046;59;Valgrande;4745.19
ES1200047;59;Yacimientos de Icnitas;3542.00
ES1200048;59;Alto Navia;37.83
ES1200049;59;Cuenca del Agüeira;174.00
ES120005;88;La Cueva de las Caldas;52.95
ES1200050;59;Cuenca del Alto Narcea;319.00
ES1200051;59;Río Ibias;166.21
ES1200052;59;Río Trubia;81.00
ES1200053;59;Río del Oro;55.00
ES1200054;59;Ríos Negro y Aller;136.00
ES1200055;59;CABO BUSTO-LUANCO;11600.41
ES1200056;59;FUENTES DEL NARCEA, DEGAÑA E IBIAS;52066.26
ES120006;88;Cueva Rosa;127.02
ES120007;88;La Cueva del Lloviu;76.28
ES120008;88;La Cueva del Sidron;135.00
ES120009;62;Tejo de Bermiego;14.34
ES120010;88;Barayo;354.91
ES120011;62;Rebollo de Bermiego;14.34
ES120012;62;Carbayón de Valentín;14.32
ES120013;62;Fayona de Eiros;14.34
ES120014;62;Tejo de Santa Coloma;14.33
ES120015;62;Tejo de Lago;14.34
ES120016;62;Tejo de Salas;14.30
ES120017;62;Tejo de Santibañez de la Fuente;14.35
ES120018;62;Carbayón de Lavandera;14.27
ES120019;64;El Cabo Peñas;5912.48
ES120020;70;Redes;37702.05
ES120021;62;Bufon de Santiuste;3.00
ES120022;62;Playa de Gulpiyuri;4.00
ES120023;62;Playa de Cobijeru;9.00
ES120024;62;Entrepeñes y Playa de Vega;37.00
ES120025;62;Bufon de Arenillas;17.00
ES120026;62;Foces de el Pino;76.00
ES120027;62;Yacimiento de icnitas;10.43
ES120028;62;Charca de Zeluán y Ensenada de Llodero;23.00
ES120029;62;Cueva Huerta;135.00
ES120030;62;Playa de Frexulfe;15.00
ES120031;62;Playa de Penarronda;12.49
ES120032;62;Isla la Deva y Playon de Bayas;77.46
ES120033;64;Cuencas Mineras;13156.08
ES120034;62;Alcornocal de Boxo;12.00
ES120035;62;Desfiladero de las Xanas;200.00
ES120036;62;Puertos de Marabio;1225.00
ES120037;62;Saucedas de Buelles;52.00
ES120038;62;Hoces del Esva;760.00
ES120039;62;Cuevas de Andina;12.00
ES120040;62;Cascadas de Oneta;13.00
ES120041;62;Turbera de las Dueñas;26.00
ES120042;70;Fuentes del Narcea, Degaña e Ibias;57708.44
ES120043;62;Tejo de Pastur;14.32
ES120044;62;Meandros del Nora;65.21
ES120045;62;Torca Uriellu;14.33
ES120046;62;Sistema del Jitu;14.32
ES120047;62;Sistema del Trave;14.32
ES120048;62;Carbayera del Tragamon;4.00
ES120049;70;Ponga;20505.26
ES120050;62;Red de Toneyu;14.33
ES120051;62;Playa del Espartal;44.25
ES120052;62;Ruta del Alba;1.23
ES120053;70;Ubiñas-La Mesa;45049.88
ES120054;62;Sistemas Lacustres de Somiedo;1260.22
ES120055;62;Cueva de Deboyo;3.00
ES120056;62;Tabayon de Mongayo;10.00
ES1262000;62;El Camí dels Pelegrins de Les Useres;26926.30
ES1300001;59;Liebana;42431.28
ES1300001;94;Liebana;42662.53
ES1300001;97;LIC-LIEBANA;42662.54
ES1300002;59;Montaña oriental;21682.52
ES1300002;94;Montaña oriental;21682.82
ES1300002;97;LIC-MONTAÑA ORIENTAL;21689.82
ES1300003;59;Rias occidentales y Duna de Oyambre;1272.62
ES1300003;94;Rias occidentales y Duna de Oyambre;1272.61
ES1300003;97;LIC-RIAS OCCIDENTALES Y DUNA DE OYAMBRE;1273.00
ES1300004;59;Dunas de Liencres y Estuario del Pas;544.21
ES1300004;94;Dunas de Liencres y Estuario del Pas;544.24
ES1300004;97;LIC-DUNAS DE LIENCRES Y ESTUARIO DEL PAS;544.00
ES1300005;59;Dunas del Puntal y Estuario del Miera;675.04
ES1300005;94;Dunas del Puntal y Estuario del Miera;675.12
ES1300005;97;LIC-DUNAS DEL PUNTAL Y ESTUARIO DEL MIERA;675.00
ES1300006;59;Costa central y Ría de Ajo;444.48
ES1300006;94;Costa central y Ría de Ajo;444.50
ES1300006;97;LIC-COSTA CENTRAL Y RIA DE AJO;444.00
ES1300007;59;Marismas de Santoña , Victoria y Joyel ;3701.47
ES1300007;94;Marismas de Santoña , Victoria y Joyel;3701.54
ES1300007;97;LIC-MARISMAS DE SANTOÑA , VICTORIA Y JOYEL;3701.00
ES1300008;59;Rio Deva;391.25
ES1300008;94;Rio Deva;381.13
ES1300008;97;LIC-RIO DEVA;398.00
ES1300009;59;Rio Nansa;569.86
ES1300009;94;Rio Nansa;569.87
ES1300009;97;LIC-RIO NANSA;570.00
ES1300010;59;Rio Pas;957.29
ES1300010;94;Rio Pas;957.32
ES1300010;97;LIC-RIO PAS;957.00
ES1300011;59;Rio Ason;530.49
ES1300011;94;Rio Ason;530.51
ES1300011;97;LIC-RIO ASON;530.00
ES1300012;59;Rio Agüera;210.92
ES1300012;94;Rio Agüera;210.92
ES1300012;97;LIC-RIO AGÜERA;214.00
ES1300013;59;Rio y Embalse del Ebro;7681.94
ES1300013;94;Rio y Embalse del Ebro;7681.94
ES1300013;97;LIC-RIO Y EMBALSE DEL EBRO;7681.89
ES1300014;59;Rio Camesa;245.66
ES1300014;94;Rio Camesa;245.64
ES1300014;97;LIC-RIO CAMESA;246.00
ES1300015;59;Rio  Miera;395.53
ES1300015;94;Rio Miera;399.55
ES1300015;97;LIC-RIO MIERA;396.00
ES1300016;59;Sierra del Escudo;3198.15
ES1300016;94;Sierra del Escudo;3198.19
ES1300016;97;LIC-SIERRA DEL ESCUDO;3198.00
ES1300017;59;Cueva Rogería;112.27
ES1300017;94;Cueva Rogería;112.28
ES1300017;97;LIC-CUEVA DE ROGERIA;112.00
ES1300019;59;Cueva del Rejo;180.00
ES1300019;94;Cueva del Rejo;180.02
ES1300019;97;LIC-CUEVA DEL REJO;180.00
ES130002;70;Dunas de Liencres;256.82
ES1300020;59;Rio Saja;321.28
ES1300020;94;Rio Saja;321.28
ES1300020;97;LIC-RIO SAJA;321.00
ES1300021;59;Valles altos del Nansa y Saja y Alto Campoo;51052.07
ES1300021;94;Valles altos del Nansa y Saja y Alto Campoo;51068.44
ES1300021;97;LIC-VALLES ALTOS DEL NANSA Y SAJA Y ALTO CAMPOO;51068.44
ES1300022;59;Sierra del Escudo de Cabuérniga;787.02
ES1300022;94;Sierra del Escudo de Cabuérniga;787.03
ES1300022;97;LIC-SIERRA DEL ESCUDO DE CABUERNIGA;787.00
ES130003;70;Oyambre;5782.66
ES130004;70;Saja-Besaya;24353.40
ES130005;70;Macizo de Peña Cabarga;2588.00
ES130006;70;Marismas de Santoña, Victoria y Joyel;6678.94
ES130006;81;Marismas de Santoña, Victoria y Joyel;6679.00
ES130007;70;Collados del Asón;4608.92
ES130008;62;Sequoias del Monte Cabezón;2.00
ES210001;70;Gorbeia;19445.41
ES210002;70;Urkiola;5958.30
ES210003;70;Aizkorri-Aratz;15909.21
ES2110001;59;Valderejo;3398.47
ES2110002;59;Sobrón;1735.69
ES2110003;59;Urkabustaizko Irla-hariztiak / Robledales isla de Urkabustaiz;265.00
ES2110004;59;Arkamo-Gibijo-Arrastaria;11495.75
ES2110005;59;Omecillo-Tumecillo Ibaia / Río Omecillo-Tumecillo;128.00
ES2110006;59;Baia Ibaia / Río Baia;424.00
ES2110007;59;Arreo-Caicedo Yusoko Lakua / Lago de Arreo-Caicedo Yuso;136.00
ES2110008;59;Ebro Ibaia / Río Ebro;392.21
ES2110009;59;Gorbeia;20211.00
ES211001;70;Valderejo;3398.35
ES2110010;59;Zadorra Ibaia / Río Zadorra;318.82
ES2110011;59;Zadorra Sistemako Urtegiak / Embalses del sistema del Zadorra;2559.00
ES2110012;59;Ayuda Ibaia / Río Ayuda;66.00
ES2110013;59;Arabako Lautadako Irla-hariztiak / Robledales isla de la Llanada Alavesa;257.00
ES2110014;59;Salburua;217.00
ES2110015;59;Gasteizko Mendi Garaiak / Montes Altos de Vitoria;1839.21
ES2110016;59;Aldaiako Mendiak / Montes de Aldaia;1121.00
ES2110017;59;Barrundia Ibaia / Río Barrundia;98.03
ES2110018;59;Kantabria Mendilerroa / Sierra Cantabria;11180.66
ES2110019;59;Izki;9003.21
ES2110019;93;Izki;9003.21
ES211002;53;Lagunas de Laguardia;46.00
ES2110020;59;Ega-Berron Ibaia / Río Ega-Berrón;226.00
ES2110021;59;Guardiako Aintzirak / Lagunas de Laguardia;45.00
ES2110022;59;Entzia;9919.78
ES2110023;59;Arakil Ibaia / Río Arakil;30.00
ES2110024;59;Valderejo-Sobrón-Árcenako mendilerroa/Valderejo-Sobrón-Sierra de Árcena;6815.71
ES2110024;93;Valderejo-Sobrón-Árcenako mendilerroa/Valderejo-Sobrón-Sierra de Árcena;6815.71
ES211003;50;Encina de Artziniega;0.01
ES211004;50;Fresno de Santa Teodosia (Arana);0.01
ES211005;50;Pino Piñonero de Lantaron;0.01
ES211006;50;Roble de Altube;0.01
ES211007;50;Sequoia de Vitoria;0.01
ES211008;50;Tilo de Antoñana;0.01
ES211009;50;Encina Juradera de Angosto;0.01
ES211010;50;Roble de Ondategi;0.01
ES211011;50;Tejo de Antoñana;0.01
ES211012;50;Tejo de Izarra;0.01
ES211013;70;Izki;9015.87
ES211014;53;Diapiro de Añana;1480.51
ES2120001;59;Arno;1121.60
ES2120002;59;Aizkorri-Aratz;14941.21
ES2120003;59;Izarraitz;1605.53
ES2120004;59;Urolako Itsasadarra / Ría del Urola;111.97
ES2120005;59;Oria Garaia / Alto Oria;152.07
ES2120006;59;Pagoeta;1365.19
ES2120007;59;Garate-Santa Barbara;160.53
ES2120008;59;Hernio-Gazume;2216.76
ES2120008;94;Hernio-Gatzume;2216.76
ES2120009;59;Inurritza;80.00
ES212001;70;Aralar;10924.71
ES2120010;59;Oriako Itsasadarra / Ría del Oria;189.48
ES2120011;59;Aralar;10918.57
ES2120012;59;Araxes Ibaia / Río Araxes;64.00
ES2120013;59;Leitzaran Ibaia / Río Leizarán;91.57
ES2120014;59;Ulia;41.57
ES2120015;59;Urumea Ibaia / Río Urumea;74.00
ES2120016;59;Aiako Harria;6781.61
ES2120017;59;Jaizkibel;2464.69
ES2120018;59;Txingudi-Bidasoa;136.08
ES212002;50;Abeto Douglas de Albiztur;0.01
ES212003;50;Alcornoque de Getaria;0.01
ES212004;50;Encina de Aizarnazabal;0.01
ES212005;50;Magnolio de Bergara;0.01
ES212006;53;Leizaran;68.84
ES212007;70;Aiako Harria;6891.33
ES212008;50;Ginkgo de Hernani;0.01
ES212009;50;Haya de Altzo;0.01
ES212010;50;Roble de Igara;0.01
ES212011;50;Secuoya del Parque de Monterron;0.01
ES212012;50;Tejo de Pagoeta;0.01
ES212013;53;Inurritza;52.00
ES212014;70;Pagoeta;1335.00
ES212015;50;Encina de Donostia-San Sebastian;0.01
ES212016;53;Tramo Litoral Deba-Zumaia;4299.70
ES2130001;59;Armañón;2931.10
ES2130002;59;Ordunte;3804.71
ES2130003;59;Barbadungo Itsasadarra / Ría del Barbadún;49.00
ES2130004;59;Astondoko Dunak / Dunas de Astondo;5.00
ES2130005;59;Gaztelugatxeko Doniene / San Juan de Gaztelugatxe;158.00
ES2130006;59;Urdaibaiko Ibai Sarea / Red fluvial de Urdaibai;1328.00
ES2130007;59;Urdaibaiko Itsasertzak eta Padurak / Zonas litorales y Marismas de Urdaibai;1010.00
ES2130008;59;Urdaibaiko Artadi Kantauriarrak / Encinares Cantábricos de Urdaibai;1583.00
ES2130009;59;Urkiola;5958.00
ES213001;78;Urdaibai;22038.61
ES2130010;59;Lea Ibaia / Río Lea;110.40
ES2130011;59;Artibai Ibaia / Río Artibai;138.96
ES213002;50;Encina de Garai;0.01
ES213003;50;Encina de Muxika;0.01
ES213004;50;Hibrido de roble pedunculado y marojo de Arcentales;0.01
ES213005;53;Itxina;571.00
ES213006;53;Gaztelugatxe;158.00
ES213007;50;Tejo de Aginalde;0.01
ES213008;50;Tejo de Aginarte;0.01
ES213009;53;Meatzaldea - Zona Minera de Bizkaia;957.53
ES213011;70;Armañón;2913.43
ES2200009;59;Larrondo-Lakartxela;2606.12
ES220001;70;Señorío de Bertiz;2052.31
ES2200010;59;Artikutza;3637.06
ES2200012;59;Río Salazar;414.55
ES2200013;59;Río Areta;254.79
ES2200014;59;Río Bidasoa;190.00
ES2200015;59;Regata de Orabidea;191.04
ES2200017;59;Señorío de Bértiz;2052.00
ES2200018;59;Belate;24771.45
ES2200019;59;Monte Alduide;8978.83
ES220002;81;Vedado de Egüaras;501.49
ES2200020;59;Sierra de Aralar;14626.09
ES2200021;59;Sierra de Urbasa-Andia;27851.84
ES2200022;59;Sierra de Lokiz;13145.76
ES2200023;59;Desembocadura del arroyo de Artesiaga;64.80
ES2200024;59;Ríos Ega-Urederra;531.34
ES2200025;59;Sistema fluvial de los ríos Irati, Urrobi y Erro;1101.04
ES2200026;59;Sierra de Ugarra;3218.00
ES2200027;59;Ríos Eska y Biniés;288.67
ES2200029;59;Sierra de Codés;4478.27
ES220003;80;Aztaparreta;177.10
ES2200030;59;Tramo medio del río Aragón;2699.77
ES2200031;59;Yesos de la Ribera Estellesa;9996.19
ES2200032;59;Montes de la Valdorba;1728.63
ES2200033;59;Laguna del Juncal;10.00
ES2200035;59;Tramos Bajos del Aragón y del Arga;2441.47
ES2200037;59;Bardenas Reales;57524.02
ES2200039;59;Badina Escudera;157.99
ES220004;80;Lizardoya;63.96
ES2200040;59;Río Ebro;2390.37
ES2200041;59;Balsa del Pulguer;304.06
ES2200042;59;Peñadil, el Montecillo y Monterrey;3054.94
ES2200043;59;Robledales de Ultzama y Basaburu;2274.65
ES220005;80;Ukerdi;313.54
ES220006;81;Acantilados de la Piedra y San Adrián;289.60
ES220007;81;Balsa de Agua Salada;17.00
ES220008;81;Balsa del Pulguer;48.62
ES220009;81;Barranco de Lasia;21.57
ES220010;81;Basaura;84.32
ES220011;81;Caídas de la Negra;1457.45
ES220012;81;Caparreta;35.00
ES220013;62;Acebo de Bera;0.01
ES220014;81;Cueva Basajaun-Etxea de Lanz;0.05
ES220015;81;Sotos de La Lobera y El Sotillo;64.77
ES220016;81;Embalse de Salobre o de las Cañas;101.00
ES220017;81;Foz de Arbayun;1178.30
ES220018;81;Foz de Benasa;160.53
ES220019;81;Foz de Burgui;190.65
ES220020;81;Foz de Iñarbe;276.47
ES220021;62;Arce de Lezaun;0.01
ES220022;81;Foz de Lumbier;44.77
ES220023;81;Gaztelu;76.75
ES220024;62;Encina de Basaura;0.01
ES220025;81;Irubetakaskoa;116.31
ES220026;81;Itxusi;113.53
ES220027;81;Labiaga;1.00
ES220028;81;Laguna de Pitillas;216.00
ES220029;81;Laguna del Juncal;10.00
ES220030;81;Larra;2646.72
ES220031;81;Mendilaz;139.59
ES220032;81;Monte de Olleta;28.00
ES220033;81;Monte del Conde;136.34
ES220034;81;Nacedero del Urederra;111.17
ES220035;81;Peñalabeja;24.00
ES220036;81;Poche de Txintxurrenea;37.89
ES220037;81;Putxerri;83.00
ES220038;81;Rincon del Bu;464.78
ES220039;81;San Juan Xar;3.00
ES220040;62;Encinas de Oloriz;0.04
ES220041;81;Sotos de la Remonta;44.00
ES220042;62;Enebro de Legardeta;0.01
ES220043;81;Soto del Quebrado, El Ramillo y La Mejana;47.36
ES220044;81;Soto del Ramalete;48.71
ES220045;62;Haya de Limitaciones;0.01
ES220046;81;Sotos del Arquillo y Barbaraces;28.00
ES220047;81;Sotos Gil y Ramal Hondo;52.82
ES220048;81;Tristuibartea;56.54
ES220049;62;Majuelo de Leitza;0.01
ES220050;56;Soto de Campo Allende;11.12
ES220051;56;Badina Escudera;27.18
ES220052;56;Foz de Ugarrón;98.57
ES220053;56;Hayedo de Odia;43.06
ES220054;56;Laguna de Dos Reinos;31.00
ES220055;56;Pinar de Santa Agueda;64.99
ES220056;56;Pinares de Lerin;97.26
ES220057;56;Soto de Granjafría;35.92
ES220058;62;Nogal de Melida;0.01
ES220059;62;Peral de Bera;0.01
ES220060;56;Soto de la Mejana de Santa Isabel;17.67
ES220061;56;Sotos de la Recueja;56.09
ES220062;56;Sotos de Traslapuente;40.67
ES220063;62;Quejigo de Garinoain;0.01
ES220064;62;Roble de Azanza;0.01
ES220065;62;Roble de Echague;0.01
ES220066;62;Roble de Etxarri Aranatz;0.01
ES220067;62;Roble de Lizarraga;0.01
ES220068;62;Roble de Orkin;0.01
ES220069;56;Sotos de Murillos de las Limas;110.76
ES220070;56;Sotos Lopez-Val;17.77
ES220071;62;Tejo de Auzteguia;0.01
ES220072;64;Elía;524.66
ES220073;62;Álamos de Lodosa;0.01
ES220074;62;Arce de Orión;0.01
ES220075;62;Avellanos de Orión;0.01
ES220076;62;Cedro de Bértiz;0.01
ES220077;62;Encina de Erául;0.01
ES220078;62;Encino de las Tres Patas;0.01
ES220079;62;Encinas de Cábrega;0.01
ES220080;62;Encinas de Corella;0.01
ES220081;62;Enebro del Caserío Equiza;0.01
ES220082;62;Espino de Azparren;0.01
ES220083;62;Haya de los Tres Brazos;0.01
ES220084;62;Haya de Nabala;0.01
ES220086;62;Morera del Castillo de Olite;0.01
ES220087;62;Nogal de Garde;0.01
ES220088;62;Pinos de Surio;0.01
ES220089;62;Quejigo de Rala;0.01
ES220090;62;Quejigos de Learza;0.01
ES220091;62;Roble de Eltzaburu;0.01
ES220092;62;Roble de Garaioa;0.01
ES220093;62;Roble de Jauntsarats I;0.01
ES220094;62;Roble de Jauntsarats II;0.01
ES220095;62;Roble de El Bocal;0.01
ES220096;62;Roble el Centinela;0.01
ES220097;62;Sauce de la Presa del Molino;0.01
ES220098;64;Las huertas;6.96
ES220099;62;Sequoia del Palacio de Diputación;0.01
ES220100;56;Sotos de la Muga;36.98
ES220101;62;Tejo de Otsaportillo;0.01
ES220102;56;Soto Alto;10.00
ES220103;56;Soto Arenales;24.10
ES220104;56;Soto Artica;12.00
ES220105;56;Soto de Campollano;10.91
ES220106;56;Sotos de Rada;28.00
ES220107;62;Roble de Santa Isabel;0.01
ES220108;56;Soto de Escueral;14.31
ES220109;56;Soto de la Biona;4.00
ES220110;56;Soto de la Mora;11.83
ES220111;56;Soto de Santa Eulalia;7.00
ES220112;56;Soto Giraldelli;17.35
ES220113;56;Soto Sequedo;20.34
ES220114;56;Soto Valporres-Soto Abajo;35.49
ES220115;51;Bosque de Orgi;80.94
ES220117;51;Embalses de Leurza;365.92
ES220118;70;Sierras de Urbasa y Andía;20938.09
ES220119;56;Soto de los Tetones;113.14
ES220120;56;Encinares de Betelu;52.37
ES220121;62;Robles de Irañeta;0.04
ES220122;70;Bardenas Reales;41945.26
ES220123;64;Montes de Valdorba;3389.65
ES220124;64;Robledales de Ultzama y Basaburua;8237.00
ES220125;62;Abetos de Leitzalarrea;0.01
ES220126;62;Sequoya del Embalse de Domiko;0.01
ES220127;62;Tejo de Etxalar;0.01
ES2300006;59;SOTOS Y RIBERAS DEL EBRO;1662.82
ES230001;70;Sierra de Cebollera;17812.97
ES230002;81;Sotos del Ebro en Alfaro;474.44
ES230003;52;Laguna de Hervias;59.00
ES230004;94;Sierras de Demanda, Urbión, Cebollera y Cameros;138606.38
ES230005;94;Peñas de Iregua, Leza y Jubera;8410.00
ES230006;94;Sierra de Alcarama y Valle del Alhama;10217.40
ES230007;94;Peñas de Arnedillo, Peñalmonte y Peña Isasa;3437.00
ES230008;94;Obarenes-Sierra de Cantabria;5165.67
ES230009;94;Sotos y Riberas del Ebro;1703.48
ES240001;84;Laguna de Gallocanta;1924.00
ES240002;62;Mallos de Riglos, Agüero y Peña Rueba;188.43
ES2410001;59;LOS VALLES - SUR;22910.10
ES2410002;59;PICO Y TURBERAS DEL ANAYET;409.00
ES2410003;59;LOS VALLES;26978.39
ES2410004;59;SAN JUAN DE LA PEÑA;1670.00
ES2410005;59;GUARA NORTE;12763.00
ES2410006;59;BUJARUELO - GARGANTA DE LOS NAVARROS;9737.32
ES2410008;59;GARGANTA DE OBARRA;736.00
ES2410009;59;CONGOSTO DE VENTAMILLO;247.00
ES241001;69;Ordesa y Monte Perdido;15691.67
ES2410010;59;MONTE PACINO;510.00
ES2410011;59;CABECERA DEL RIO AGUAS LIMPIAS;3026.57
ES2410012;59;FOZ DE BINIES;167.00
ES2410013;59;MACIZO DE COTIELLA;8275.00
ES2410014;59;GARCIPOLLERA - SELVA DE VILLANUA;3899.00
ES2410015;59;MONTE PEIRO - ARGUIS;1549.00
ES2410016;59;SANTA MARIA DE ASCASO;191.00
ES2410017;59;RIO ARAGON (JACA);60.00
ES2410018;59;RIO GALLEGO (RIBERA DE BIESCAS);250.00
ES2410019;59;RIO CINCA (VALLE DE PINETA);118.00
ES241002;64;San Juan de la Peña y Monte Oroel;9514.00
ES2410021;59;CURSO ALTO DEL RÍO ARAGÓN;146.00
ES2410022;59;CUEVAS DE VILLANÚA;0.12
ES2410023;59;COLLARADA Y CANAL DE IP;4027.02
ES2410024;59;TELERA - ACUMUER;5552.89
ES2410025;59;SIERRA Y CAÑONES DE GUARA;34663.00
ES2410026;59;CONGOSTO DE SOPEIRA;270.29
ES2410027;59;RÍO AURÍN;91.00
ES2410029;59;TENDEÑERA;12815.01
ES241003;62;Glaciares Pirenaicos - Macizo de Balaitus o Moros;92.35
ES2410030;59;SERRETA NEGRA;14063.00
ES2410031;59;FOZ ESCARRILLA - CUCURAZA;1610.00
ES241004;62;Glaciares Pirenaicos - Macizo de Infierno o Quijadar de Pondiellos;111.13
ES2410040;59;PUERTOS DE PANTICOSA, BRAMATUERO Y BRAZATOS;3032.58
ES2410042;59;SIERRA DE MONGAY;3193.05
ES2410044;59;PUERTO DE OTAL - COTEFABLO;1964.00
ES2410045;59;SOBREPUERTO;3469.00
ES2410046;59;RÍO ÉSERA;1748.45
ES2410048;59;RÍO ARA;2019.06
ES2410049;59;RÍO ISÁBENA;1993.00
ES241005;62;Glaciares Pirenaicos - Macizo de la Maladeta o Montes Malditos;1389.44
ES2410050;59;CUENCA DEL RÍO YESA;5599.95
ES2410051;59;CUENCA DEL RÍO AIRÉS;3743.00
ES2410052;59;ALTO VALLE DEL CINCA;14603.80
ES2410053;59;CHISTAU;10676.98
ES2410054;59;SIERRA FERRERA;8023.00
ES2410055;59;SIERRA DE ARRO;1460.00
ES2410056;59;SIERRA DE CHÍA - CONGOSTO DE SEIRA;8666.00
ES2410057;59;SIERRAS DE LOS VALLES, AÍSA Y BORAU;10769.31
ES2410058;59;RÍO VERAL;280.00
ES2410059;59;EL TURBÓN;2822.00
ES241006;62;Glaciares Pirenaicos - Macizo de la Munia;26.28
ES2410060;59;RÍO ARAGÓN-CANAL DE BERDÚN;982.00
ES2410061;59;SIERRAS DE SAN JUAN DE LA PEÑA Y PEÑA OROEL;18186.00
ES2410062;59;RÍO GAS;43.00
ES2410064;59;SIERRAS DE SANTO DOMINGO Y CABALLERA;30875.00
ES2410067;59;LA GUARGUERA;517.00
ES2410068;59;SILVES;2150.00
ES2410069;59;SIERRA DE ESDOLOMADA Y MORRONES DE GÜEL;5414.00
ES241007;62;Glaciares Pirenaicos - Macizo de Perdiguero;151.01
ES2410070;59;SIERRA DEL CASTILLO DE LAGUARRES;3687.00
ES2410071;59;CONGOSTO DE OLVENA;1883.00
ES2410072;59;LAGUNAS DE ESTAÑA;506.00
ES2410073;59;RÍOS CINCA Y ALCANADRE;6207.67
ES2410074;59;YESOS DE BARBASTRO;13771.65
ES2410075;59;BASAL DE BALLOBAR Y BALSALET DE DON JUAN;229.00
ES2410076;59;SIERRAS DE ALCUBIERRE Y SIGENA;47050.00
ES241008;62;Glaciares Pirenaicos - Macizo de Posets o Llardana;552.86
ES2410084;59;LIBEROLA-SERRETA NEGRA;4918.00
ES241009;62;Glaciares Pirenaicos - Macizo de Viñamala o Comachibosa;80.65
ES241010;70;Valles Occidentales;27070.92
ES241011;70;Posets-Maladeta;33472.80
ES241012;70;Sierra y los Cañones de Guara;47637.65
ES241013;64;Fozes de Fago y Binies;2440.00
ES241014;62;Glaciares Pirenaicos - Macizo de Monte Perdido o de las Tres Sorores;780.56
ES2410150;59;CUEVA DE LOS MOROS;0.25
ES2410154;59;TURBERAS DEL MACIZO DE LOS INFIERNOS;50.27
ES2410155;59;TURBERAS DE ACUMUER;13.30
ES242001;64;Pinares de Rodeno;6829.05
ES242002;62;Puente de la Fonseca;249.00
ES242003;62;Grutas de Cristal de Molinos;125.94
ES2420030;59;SABINARES DEL PUERTO DE ESCADÓN;11606.00
ES2420036;59;PUERTOS DE BECEITE;4627.80
ES2420037;59;SIERRA DE JAVALAMBRE;11569.00
ES2420038;59;CASTELFRÍO - MAS DE TARÍN;2206.00
ES2420039;59;RODENO DE ALBARRACÍN;3235.84
ES242004;62;Nacimiento del Rio Pitarque;114.00
ES242005;62;Ërganos de Montoro;187.60
ES2420092;59;BARRANCO DE VALDEMESÓN - AZAILA;618.00
ES2420093;59;SALADA DE AZAILA;56.00
ES2420099;59;SIERRA DE VIZCUERNO;2541.00
ES2420111;59;MONTES DE LA CUENCA DE GALLOCANTA;5327.21
ES2420112;59;LAS PLANETAS-CLAVERÍAS;2724.00
ES2420113;59;PARQUE CULTURAL DEL RÍO MARTÍN;25389.00
ES2420114;59;SALADAS DE ALCAÑIZ;651.00
ES2420115;59;SALADA DE CALANDA;33.00
ES2420116;59;RÍO MEZQUÍN Y OSCUROS;454.00
ES2420117;59;RÍO BERGANTES;241.00
ES2420118;59;RÍO ALGARS;485.52
ES2420119;59;ELS PORTS DE BESEIT;10158.00
ES2420120;59;SIERRA DE FONFRÍA;11339.00
ES2420121;59;YESOS DE BARRACHINA Y CUTANDA;1535.00
ES2420122;59;SABINAR DE EL VILLAREJO;1500.00
ES2420123;59;SIERRA PALOMERA;4409.00
ES2420124;59;MUELAS Y ESTRECHOS DEL RIO GUADALOPE;19175.00
ES2420125;59;RAMBLA DE LAS TRUCHAS;2397.37
ES2420126;59;MAESTRAZGO Y SIERRA DE GÚDAR;81047.82
ES2420128;59;ESTRECHOS DEL RIO MIJARES;1255.43
ES2420129;59;SIERRA DE JAVALAMBRE II;53241.35
ES2420131;59;LOS YESARES Y LAGUNA DE TORTAJADA;2772.00
ES2420132;59;ALTOS DE MARIMEZQUITA, LOS PINAREJOS Y MUELA DE CASCANTE;3272.00
ES2420133;59;LOMA DE CENTELLAS;918.66
ES2420134;59;SABINAR DE SAN BLAS;5029.00
ES2420135;59;CUENCA DEL EBRÓN;21838.52
ES2420136;59;SABINARES DE SALDÓN Y VALDECUENCA;9218.00
ES2420137;59;LOS CUADREJONES-DEHESA DEL SALAR;55.00
ES2420138;59;VALDECABRIEL - LAS TEJERAS;11849.64
ES2420139;59;ALTO TAJO Y MUELA DE SAN JUAN;6885.94
ES2420140;59;ESTRECHOS DEL GUADALAVIAR;2247.00
ES2420141;59;TREMEDALES DE ORIHUELA;12858.20
ES2420142;59;SABINAR DE MONTERDE DE ALBARRACÍN;14019.00
ES2420145;59;CUEVA DE BATICAMBRAS;0.03
ES2420146;59;CUEVA DE LA SOLANA;0.03
ES2420147;59;CUEVA DEL HÚMERO;0.03
ES2420148;59;CUEVA DEL RECUENCO;0.03
ES2420149;59;SIMA DEL POLO;0.03
ES2430007;59;FOZ DE SALVATIERRA;523.58
ES243001;70;Moncayo;11157.92
ES243002;84;Galachos de la Alfranca de Pastriz, la Cartuja y el Burgo de Ebro;1536.47
ES2430028;59;MONCAYO;9936.93
ES243003;84;Saladas de Chiprana;162.00
ES2430032;59;EL PLANERÓN;1139.00
ES2430033;59;EFESA DE LA VILLA;1270.00
ES2430034;59;PUERTO DE CODOS - ENCINACORBA;1239.00
ES2430035;59;SIERRA DE SANTA CRUZ - PUERTO DE USED;637.00
ES243004;64;Sierra de Santo Domingo;9677.97
ES2430041;59;COMPLEJO LAGUNAR DE LA SALADA DE CHIPRANA;155.00
ES2430043;59;LAGUNA DE GALLOCANTA;2813.00
ES2430047;59;SIERRAS DE LEYRE Y ORBA;6946.47
ES2430063;59;RÍO ONSELLA;443.00
ES2430065;59;RÍO ARBA DE LUESIA;329.00
ES2430066;59;RÍO ARBA DE BIEL;584.00
ES2430077;59;BAJO GÁLLEGO;1309.00
ES2430078;59;MONTES DE ZUERA;17273.00
ES2430079;59;LOMA NEGRA;6990.58
ES2430080;59;EL CASTELLAR;12958.00
ES2430081;59;SOTOS Y MEJANAS DEL EBRO;1842.70
ES2430082;59;MONEGROS;35671.52
ES2430083;59;MONTES DE ALFAJARÍN - SASO DE OSERA;11693.00
ES2430085;59;LAGUNA DE PLANTADOS Y LAGUNA DE AGÓN;54.00
ES2430086;59;MONTE ALTO Y SIETE CABEZOS;3729.00
ES2430087;59;MADERUELA;691.00
ES2430088;59;BARRANCO DE VALDEPLATA;1030.00
ES2430089;59;SIERRA DE NAVA ALTA - PUERTO DE LA CHABOLA;9905.00
ES2430090;59;DEHESA DE RUEDA - MONTOLAR;3945.00
ES2430091;59;PLANAS Y ESTEPAS DE LA MARGEN DERECHA DEL EBRO;43146.48
ES2430094;59;MEANDROS DEL EBRO;1106.00
ES2430095;59;BAJO MARTÍN;268.00
ES2430096;59;RÍO GUADALOPE, VAL DE FABARA Y VAL DE PILAS;5643.00
ES2430097;59;RÍO MATARRANYA;1991.00
ES2430098;59;CUEVA HONDA;0.03
ES2430100;59;HOCES DEL JALÓN;5199.00
ES2430101;59;MUELAS DEL JILOCA: EL CAMPO Y LA TORRETA;9431.00
ES2430101;93;MUELAS DEL JILOCA: EL CAMPO Y LA TORRETA;9431.00
ES2430102;59;SIERRA DE VICORT;10410.00
ES2430103;59;SIERRAS DE ALGAIRÉN;4214.00
ES2430104;59;RIBERAS DEL JALÓN (BUBIERCA-ATECA);174.00
ES2430105;59;HOCES DEL RIO MESA;5299.46
ES2430105;93;HOCES DEL RIO MESA;5299.46
ES2430106;59;LOS ROMERALES - CERROPOZUELO;7899.00
ES2430107;59;SIERRAS DE PARDOS Y SANTA CRUZ;5672.00
ES2430108;59;BALSA GRANDE Y BALSA PEQUEÑA;16.00
ES2430109;59;HOCES DE TORRALBA - RIO PIEDRA;3033.61
ES2430110;59;ALTO HUERVA - SIERRA DE HERRERA;22192.00
ES2430127;59;SIMA DEL ÁRBOL;0.03
ES2430143;59;CUEVA DEL MÁRMOL;0.03
ES2430144;59;CUEVA DEL SUDOR;0.03
ES2430151;59;CUEVA DEL MUERTO;0.03
ES2430152;59;RESERVA NATURAL DE LOS GALACHOS DE LA ALFRANCA DE PASTRIZ, LA CARTUJA Y EL BURGO DE EBRO;804.83
ES2430153;59;LA LOMAZA DE BELCHITE;1193.00
ES310001;63;Peñas del Arcipreste de Hita;2.65
ES310002;92;Hayedo de Montejo de la Sierra;251.42
ES310003;68;Pinar de Abantos y Zonas de la Herreria del Real Sitio de San Lorenzo del Escorial;1538.60
ES310004;73;Cuenca Alta del Manzanares;42583.24
ES310005;70;Cumbre, Circo y Lagunas de Peñalara;768.00
ES310006;76;Laguna de San Juan;44.56
ES310007;73;Ejes de los Cursos Bajos de los Ríos Manzanares y Jarama;31471.80
ES310008;81;Regajal-Mar Ontigola;627.71
ES310009;73;Curso Medio del Río Guadarrama y su entorno;22659.10
ES3110001;59;Cuencas de los ríos Jarama y Henares;36019.42
ES3110002;59;Cuenca del río Lozoya y Sierra Norte;49766.32
ES3110003;59;Cuenca del río Guadalix;2467.00
ES3110004;59;Cuenca del río Manzanares;63305.00
ES3110005;59;Cuenca del río Guadarrama;34012.35
ES3110006;59;Vegas, cuestas y páramos del sureste de Madrid;51149.57
ES3110007;59;Cuencas de los ríos Alberche y Cofio;82817.29
ES410001;70;Cañón del Río Lobos;10202.00
ES410002;70;Arribes del Duero;106225.63
ES4110002;59;SIERRA DE GREDOS;86329.54
ES4110002;93;SIERRA DE GREDOS;86328.74
ES411001;73;Sierra de Gredos;86325.28
ES411002;81;Valle de Iruelas;8589.57
ES4110020;59;PINAR DE HOYOCASERO;431.49
ES4110034;59;SIERRA DE LA PARAMERA Y SERROTA;22663.15
ES4110078;59;RIBERAS DEL RÍO ALBERCHE Y AFLUENTES;651.02
ES4110086;93;ENCINARES DE LA SIERRA DE ÁVILA;9495.94
ES4110097;59;Campo Azálvaro-Pinares de Peguerinos;25900.60
ES4110103;59;ENCINARES DE LOS RÍOS ADAJA Y VOLTOYA;23007.32
ES4110112;59;ENCINARES DE LA SIERRA DE ÁVILA;13326.74
ES4110113;59;CERRO DE GUISANDO;3470.69
ES4110114;59;PINARES DEL BAJO ALBERCHE;49441.64
ES4110115;59;VALLE DEL TIÉTAR;63268.73
ES411097;59;CAMPO AZÁLVARO-PINARES DE PEGUERINOS;25961.11
ES412001;62;Monte Santiago;2530.59
ES4120012;93;SIERRA DE LA DEMANDA;50895.04
ES412002;62;Ojo Guareña;13010.90
ES4120025;59;OJO GUAREÑA;13141.84
ES4120028;59;MONTE SANTIAGO;2530.57
ES4120028;93;MONTE SANTIAGO;2528.54
ES412003;70;Montes Obarenes-San Zadornil;33063.70
ES4120030;59;MONTES OBARENES;43032.58
ES4120030;93;MONTES OBARENES;43043.32
ES4120031;93;SABINARES DEL ARLANZA;37404.06
ES4120036;93;HOCES DEL ALTO EBRO Y RUDRÓN;51560.51
ES4120049;59;BOSQUES DEL VALLE DE MENA;6435.68
ES4120051;59;RIBERAS DEL ZADORRA;168.67
ES4120052;59;RIBERAS DEL AYUDA;418.56
ES4120059;59;RIBERAS DEL RÍO EBRO Y AFLUENTES;148.11
ES412006;70;Hoces del Alto Ebro y Rudrón;46315.95
ES4120066;59;RIBERAS DEL RÍO NELA Y AFLUENTES;697.52
ES4120068;59;RIBERAS DEL RÍO RIAZA;87.83
ES412007;70;Lagunas Glaciares de Neila;6278.49
ES4120071;59;RIBERAS DEL RÍO ARLANZA Y AFLUENTES;998.26
ES4120072;59;RIBERAS DEL RÍO ARLANZÓN Y AFLUENTES;973.19
ES4120073;59;RIBERAS DEL RÍO OCA Y AFLUENTES;494.53
ES4120075;59;RIBERAS DEL RÍO TIRÓN Y AFLUENTES;405.62
ES4120088;59;MONTES DE VALNERA;2230.70
ES4120089;59;HOCES DEL ALTO EBRO Y RUDRÓN;46322.17
ES4120090;59;EMBALSE DEL EBRO;7299.62
ES4120091;59;SABINARES DEL ARLANZA;37639.04
ES4120092;59;SIERRA DE LA DEMANDA;70688.11
ES4120093;59;HUMADA-PEÑA AMAYA;36872.57
ES4120094;59;SIERRA DE LA TESLA-VALDIVIELSO;25420.11
ES4120095;59;MONTES DE MIRANDA DE EBRO Y AMEYUGO;3633.03
ES4130003;59;PICOS DE EUROPA EN CASTILLA Y LEÓN;101272.77
ES4130003;93;PICOS DE EUROPA EN CASTILLA Y LEÓN;101272.77
ES413001;70;Babia y Luna;57756.69
ES4130010;59;SIERRA DE LOS ANCARES;55549.19
ES4130010;70;Valle San Emiliano - Valles de Babia y Luna;57756.00
ES4130010;93;SIERRA DE LOS ANCARES;55549.19
ES413002;62;Lago de la Baña;797.00
ES4130022;93;MONTES AQUILANOS;33280.22
ES4130024;93;SIERRA DE LA CABRERA;19991.89
ES413003;62;Lago de Truchillas;1027.00
ES4130035;59;VALLE DE SAN EMILIANO;55850.84
ES4130035;93;VALLE DE SAN EMILIANO;55850.84
ES4130037;59;HOCES DE VEGACERVERA;5317.40
ES4130038;59;SIERRA DE LA ENCINA DE LA LASTRA;288.32
ES413004;73;Montaña de Riaño y Mampodre;101335.24
ES413005;62;Las Médulas;5175.29
ES4130050;59;MONTAÑA CENTRAL DE LEÓN;34359.52
ES4130065;59;RIBERAS DEL RÍO ÓRBIGO Y AFLUENTES;1020.59
ES4130076;59;RIBERAS DEL RÍO SIL Y AFLUENTES;313.39
ES4130079;59;RIBERAS DEL RÍO ESLA Y AFLUENTES;1791.83
ES4130117;59;MONTES AQUILANOS Y SIERRA DE TELENO;31619.52
ES4130137;59;REBOLLARES DEL CEA;13313.77
ES4130145;59;LAGUNAS DE LOS OTEROS;4127.36
ES4130149;59;OMAÑAS;20041.84
ES414001;70;Fuentes Carrionas y Fuente Cobre - Montaña Palentina;78110.09
ES4140011;59;FUENTES CARRIONAS Y FUENTE COBRE-MONTAÑA PALENTINA;78117.96
ES4140011;93;FUENTES CARRIONAS Y FUENTE COBRE-MONTAÑA PALENTINA;78118.75
ES4140026;59;LAS TUERCES;1602.42
ES4140027;59;COVALAGUA;2348.18
ES4140036;93;LA NAVA-CAMPOS NORTE;54935.88
ES4140053;59;MONTES DEL CERRATO;12234.94
ES4140077;59;RIBERAS DEL RÍO CARRIÓN Y AFLUENTES;678.39
ES4140080;59;CANAL DE CASTILLA;121.62
ES4140082;59;RIBERAS DEL RÍO PISUERGA Y AFLUENTES;1745.88
ES4140129;59;MONTES TOROZOS Y PÁRAMO DE TORQUEMADA-ASTUDILLO;22982.12
ES4140136;59;LAGUNA DE LA NAVA;1012.97
ES4150005;93;LAS BATUECAS-SIERRA DE FRANCIA;30136.09
ES4150006;93;CANDELARIO;7060.07
ES415001;70;Las Batuecas-Sierra de Francia;31544.65
ES4150032;59;EL REBOLLAR;49740.97
ES4150039;93;QUILAMAS;10263.02
ES4150064;59;RIBERAS DE LOS RÍOS HUEBRA, YELTES, UCES Y AFLUENTES;4743.37
ES4150085;59;RIBERAS DEL RÍO TORMES Y AFLUENTES;1834.49
ES4150087;59;RIBERAS DEL RÍO ÁGUEDA;934.28
ES4150087;93;RIBERAS DEL RÍO ÁGUEDA;552.55
ES4150096;59;ARRIBES DEL DUERO;106322.01
ES4150098;59;CAMPO DE ARGAÑÁN;9272.49
ES4150100;59;CAMPO DE AZABA;36053.52
ES4150101;59;CANDELARIO;8183.06
ES4150107;59;LAS BATUECAS-SIERRA DE FRANCIA;31742.88
ES4150108;59;QUILAMAS;10651.04
ES4150121;59;RIBERAS DEL RÍO ALAGÓN Y AFLUENTES;1721.49
ES4150125;59;RIBERAS DEL RÍO AGADÓN;86.55
ES4150126;59;VALLE DEL CUERPO DE HOMBRE;6546.84
ES4150127;59;Riberas del Río Agueda;934.27
ES4160008;93;HOCES DEL RÍO RIAZA;6539.68
ES416001;70;Hoces del Río Duratón;5046.00
ES4160019;59;SIERRA DE AYLLÓN;14110.85
ES416002;70;Hoces del Río Riaza;5185.00
ES416003;70;Sierra Norte de Guadarrama;71306.05
ES4160043;59;CUEVA DE LOS MURCIÉLAGOS;1.00
ES4160048;93;LAGUNAS DE CANTALEJO;12302.46
ES4160058;59;SABINARES DE SOMOSIERRA;2158.77
ES4160062;59;LAGUNAS DE COCA Y OLMEDO;1232.69
ES4160063;59;LAGUNAS DE SANTA MARÍA LA REAL DE NIEVA;637.85
ES4160084;59;RIBERAS DEL RÍO DURATÓN;264.54
ES4160104;59;HOCES DEL RÍO RIAZA;5184.53
ES4160106;59;LAGUNAS DE CANTALEJO;10740.35
ES4160109;59;SIERRA DE GUADARRAMA;69569.26
ES4160111;59;VALLES DEL VOLTOYA Y EL ZORITA;39660.80
ES4160122;59;SIERRA DE PRADALES;1335.24
ES417001;62;La Fuentona;229.00
ES4170013;93;SIERRA DE URBIÓN;39784.50
ES417002;81;Sabinar de Calatañazor;74.25
ES4170029;59;SABINARES SIERRA DE CABREJAS;32707.93
ES417003;81;Acebal de Garagüeta;403.00
ES417004;70;Laguna Negra y Circos y Glaciares de Urbion;4615.88
ES4170044;93;SIERRA DEL MONCAYO;5696.74
ES4170054;59;ONCALA-VALTAJEROS;7393.80
ES4170055;59;CIGUDOSA-SAN FELICES;6719.66
ES4170056;59;SABINARES DE CIRIA-BOROBIA;2799.82
ES4170057;59;SABINARES DEL JALÓN;19064.09
ES4170083;59;RIBERAS DEL RÍO DUERO Y AFLUENTES;5593.53
ES4170116;59;SIERRAS DE URBIÓN Y CEBOLLERA;42962.29
ES4170119;59;SIERRA DEL MONCAYO;7087.09
ES4170120;59;PÁRAMO DE LAYNA;6230.44
ES4170135;59;CAÑÓN DE RÍO LOBOS;12238.11
ES4170138;59;QUEJIGARES Y ENCINARES DE SIERRA DEL MADERO;3823.59
ES4170139;59;QUEJIGARES DE GÓMARA-NÁJIMA;6214.81
ES4170140;59;ROBLEDALES DEL BERRÚN;495.79
ES4170141;59;PINAR DE LOSANA;792.61
ES4170142;59;ENCINARES DE TIERMES;1153.32
ES4170143;59;ENCINARES DE SIERRA DEL COSTANAZO;2034.32
ES4170144;59;RIBERAS DEL RÍO CIDACOS Y AFLUENTES;177.79
ES4170148;59;ALTOS DE BARAHONA;43904.55
ES418001;81;Riberas de Castronuño - Vega del Duero;8507.82
ES4180017;59;RIBERAS DE CASTRONUÑO;8421.08
ES4180017;93;RIBERAS DE CASTRONUÑO;8421.08
ES4180069;59;RIBERAS DEL RÍO CEA;754.40
ES4180070;59;RIBERAS DEL RÍO CEGA;455.55
ES4180081;59;RIBERAS DEL RÍO ADAJA Y AFLUENTES;1390.68
ES4180124;59;SALGÜEROS DE ALDEAMAYOR;1185.65
ES4180130;59;EL CARRASCAL;5410.56
ES4180147;59;HUMEDALES DE LOS ARENALES;3328.28
ES4190009;93;LAGO DE SANABRIA Y ALREDEDORES;30154.67
ES419001;70;Lago de Sanabria y alrededores;22679.00
ES419002;81;Lagunas de Villafafila;32568.40
ES4190033;59;SIERRA DE LA CULEBRA;61288.79
ES4190060;59;TEJEDELO;138.82
ES4190061;59;QUEJIGARES DE LA TIERRA DEL VINO;369.00
ES4190067;59;RIBERAS DEL RÍO TERA Y AFLUENTES;1946.17
ES4190074;59;RIBERAS DEL RÍO ALISTE Y AFLUENTES;1702.44
ES4190102;59;CAÑONES DEL DUERO;13611.20
ES4190105;59;LAGO DE SANABRIA Y ALREDEDORES;32281.16
ES4190110;59;SIERRA DE LA CABRERA;18773.94
ES4190131;59;RIBERAS DEL RÍO TUELA Y AFLUENTES;431.47
ES4190132;59;RIBERAS DEL RÍO MANZANAS Y AFLUENTES;376.21
ES4190133;59;CAMPO DE ALISTE;2204.75
ES4190134;59;LAGUNAS DE TERA Y VIDRIALES;2292.26
ES4190146;59;LAGUNAS DE VILLAFÁFILA;4219.84
ES420001;81;Complejo Lagunar de Manjavacas;728.04
ES420002;70;Lagunas de Ruidera;3767.62
ES420003;69;Cabañeros;40907.08
ES420004;70;Alto Tajo;105624.22
ES420005;61;Laguna de los Carros;38.00
ES420006;81;Las Lagunas y Albardinales del Cigüela;2979.41
ES4210001;59;HOCES DEL RIO JUCAR;17481.20
ES4210002;59;LA ENCANTADA, EL MORAL Y LOS TORREONES;855.00
ES4210004;59;LAGUNAS SALADAS DE PETROLA Y SALOBREJO Y COMPLEJO LAGUNAR DE CORRAL RUBIO;2415.60
ES4210005;59;LAGUNA DE LOS OJOS DE VILLAVERDE;339.74
ES4210006;59;LAGUNA DEL ARQUILLO;522.00
ES4210008;59;SIERRA DE ALCARAZ Y SEGURA Y CAÑONES DEL SEGURA Y DEL MUNDO;174233.55
ES421001;62;Piton Volcánico de Cancarix;622.49
ES4210010;59;SIERRA DE ABENUJ;1044.66
ES4210011;59;SALADARES DE CORDOVILLA Y AGRAMON Y LAGUNA DE ALBORAJ;1390.00
ES4210016;59;SIERRA DEL RELUMBRAR Y ESTRIBACIONES DE ALCARAZ;30556.33
ES4210017;59;LAGUNAS DE RUIDERA;34452.00
ES421002;61;Laguna de Alboraj;11.00
ES421003;62;Laguna del Arquillo;517.85
ES421004;70;Los Calares del Mundo y de la Sima;18999.77
ES421005;61;La Molata y los Batanes;589.00
ES421006;61;Estrecho del Hocino;109.00
ES421007;61;Yesares de Hellín;828.82
ES421008;61;Arenales del Caudete;117.66
ES421009;61;Salinas de Pinilla;50.00
ES421010;61;Cerro de Rala;596.00
ES421011;61;Cuerda de la Melera;99.00
ES421012;61;Peñas Coloradas;188.00
ES421013;61;Saladar de Agramón;163.00
ES421014;81;Laguna Salada de Pétrola;342.48
ES421015;81;Sierra de las Cabras;4176.22
ES421016;61;Ardal y Tinjarra;2131.00
ES421017;81;Laguna de los Ojos de Villaverde;360.00
ES421018;81;Saladar de Cordovilla;295.00
ES4220001;59;NAVAS DE MALAGON;466.14
ES4220001;93;NAVAS DE MALAGON;466.14
ES4220002;59;SIERRA DE PICÓN;7825.38
ES4220003;59;RÍOS DE LA CUENCA MEDIA DEL GUADIANA Y LADERAS VERTIENTES;23467.27
ES4220003;93;RÍOS DE LA CUENCA MEDIA DEL GUADIANA Y LADERAS VERTIENTES;23467.26
ES4220005;59;LAGUNAS VOLCÁNICAS DEL CAMPO DE CALATRAVA;1862.28
ES4220007;59;RIOS QUEJIGAL, VALDEAZOGUES Y ALCUDIA;1214.53
ES422001;69;Tablas de Daimiel;3010.61
ES4220013;59;SIERRA DE LOS CANALIZOS;24574.38
ES4220014;59;SIERRA MORENA;134308.27
ES4220015;59;SIERRAS DE ALMADÉN-CHILLÓN-GUADALMEZ;6610.46
ES4220017;59;ALCORNOCAL DE ZUMAJO;3116.69
ES4220018;59;TÚNELES DEL OJAILÉN;77.16
ES4220019;59;BONALES DE LA COMARCA DE LOS MONTES DEL GUADIANA;285.53
ES422002;81;Complejo Lagunar de Alcazar de San Juan;699.21
ES4220020;59;LAGUNAS DE ALCOBA Y HORCAJO DE LOS MONTES;20.01
ES422003;62;Laguna Volcánica de la Alberquilla;106.09
ES422004;62;Los Castillejos Volcánicos de la Bienvenida;191.17
ES422005;62;Maar de la Hoya de Cervera;284.00
ES422006;62;Laguna y Volcán de la Posadilla;294.21
ES422007;62;Laguna Volcánica de Michos;215.00
ES422008;62;Maar de la Hoya del Mortero;135.30
ES422009;81;Laguna de Salicor;270.99
ES422010;62;Volcán y Laguna de Peñarroya;544.00
ES422011;62;Volcán del Cerro de los Santos;33.55
ES422012;61;Albardinales de Membrilla-La Solana;26.00
ES422013;61;Bonal del Cerro de los Barranquillos;10.00
ES422014;61;Túnel de Niefla;1.00
ES422015;61;Bonal del Arroyo de Valdelamadera;22.00
ES422016;61;Bonal del Morro de la Parrilla;5.00
ES422017;61;Bonal del Barranco del Chorro;18.00
ES422018;81;Complejo Lagunar de Pedro Muñoz;191.00
ES422019;61;Bonales de Puebla de Don Rodrigo;64.00
ES422020;61;Bonal el Arcornocal;13.00
ES422021;61;Mina de los Pontones;3.57
ES422022;61;Bonal del Barranco de Zarzalagorda;9.00
ES422023;64;Chorrera de Horcajo;36.00
ES422024;61;Laguna de Caracuel;66.00
ES422025;61;Refugios de Quiropteros de Fuencaliente;6.00
ES422026;79;Sotos del Río Milagro;939.00
ES422027;61;Bonal del Barranco de los Membrillos;7.00
ES422028;61;Bonal del Barranco de Riofrío;17.00
ES422029;61;Bonal del Barranco del Remilladero;32.00
ES422030;79;Abedular de Riofrío;304.00
ES422031;61;Bonal de la Sierra del Hontanar;6.00
ES422032;61;Túneles de Ojailén;3.00
ES422033;81;Laguna del Prado o Inesperada;54.00
ES422034;81;Navas de Malagón;466.00
ES422035;62;Macizo Volcánico de Calatrava;3690.96
ES422036;62;Volcan de Piedrabuena;481.00
ES422037;79;Rio Guadalmez;755.51
ES422038;62;Volcan del Alhorin;287.74
ES422039;70;Valle de Alcudia y Sierra Madrona;148657.29
ES4230001;59;RENTOS DE ORCHOVA Y VERTIENTES DEL TURIA;4742.87
ES4230002;59;SIERRAS DE TALAYUELAS Y ALIAGUILLA;7766.17
ES4230005;59;SABINARES DE CAMPILLOS-SIERRA Y VALDEMORILLO DE LA SIERRA;13654.00
ES4230006;59;HOCES DE ALARCON;2778.52
ES4230008;59;COMPLEJO LAGUNAR DE ARCAS;275.03
ES4230009;59;CUEVA DE LA JUDIA;196.62
ES423001;81;Hoces del Cabriel;1642.93
ES4230010;59;CUEVA DE LOS MORCIGUILLOS;45.96
ES4230012;59;ESTEPAS YESOSAS DE LA ALCARRIA CONQUENSE;11481.79
ES4230013;59;HOCES DEL CABRIEL, GUADAZAÓN Y OJOS DE MOYA;63239.31
ES4230014;59;SERRANIA DE CUENCA;185291.20
ES4230015;59;SIERRA DEL SANTERÓN;2610.34
ES4230016;59;RÍO JÚCAR SOBRE ALARCÓN;699.77
ES423002;62;Nacimiento del Río Cuervo;1736.61
ES423003;62;Palancares y Tierra Muerta;18458.42
ES423004;61;Pico Pelado;41.00
ES423005;81;Complejo Lagunar de Arcas;223.76
ES423006;81;Laguna el Hito;571.65
ES423007;62;Muela  Pinilla  y  del  Puntal;640.00
ES423008;62;Serrezuela de Valsalobre;734.00
ES423009;62;Torcas de Lagunaseca;188.00
ES423010;61;Laguna de Talayuelas;28.73
ES423011;62;Hoz de Beteta y Sumidero de Mata Asnos;806.05
ES423012;81;Laguna del Marquesado;372.89
ES423013;61;Cueva de los Morceguillos;6.00
ES423014;61;Cueva de la JudÍa;4.00
ES423015;61;Cueva de los Morciguillos;3.00
ES423016;70;Serrania de Cuenca;73634.13
ES423017;62;Lagunas de Cañada del Hoyo;281.00
ES423018;61;Complejo Lagunar del Rio Moscas;125.70
ES4240003;59;RIBERAS DEL HENARES;1249.77
ES4240004;59;RAÑAS DE MATARRUBIA, VILLASECA Y CASAS DE UCEDA;1315.86
ES4240005;59;LAGUNAS DE PUEBLA DE BELEÑA;210.07
ES4240005;93;LAGUNAS DE PUEBLA DE BELEÑA;210.07
ES4240007;59;SIERRA DE PELA;11960.10
ES4240008;59;CERROS VOLCÁNICOS DE CAÑAMARES;707.00
ES4240009;59;VALLE DEL RIO CAÑAMARES;1827.39
ES424001;70;Hayedo de Tejera Negra;1641.00
ES4240012;59;REBOLLAR DE NAVALPOTRO;1059.83
ES4240013;59;CUEVA DE LA CANALEJA;163.00
ES4240014;59;QUEJIGARES DE BARRIOPEDRO Y BRIHUEGA;4382.00
ES4240015;59;VALLE DEL TAJUÑA EN TORRECUADRADA;2825.00
ES4240016;59;ALTO TAJO;140154.38
ES4240017;59;PARAMERAS DE MARANCHON, HOZ DEL MESA Y ARAGONCILLO;49369.63
ES4240018;59;SIERRA DE ALTOMIRA;29493.00
ES4240019;59;LADERAS YESOSAS DE TENDILLA;259.00
ES424002;61;Prados Húmedos de Torremocha del Pinar;11.00
ES4240020;59;MONTES DE PICAZA;15103.00
ES4240021;59;RIBERAS DE VALFERMOSO DE TAJUÑA Y BRIHUEGA;107.00
ES4240022;59;SABINARES RASTREROS DE ALUSTANTE-TORDESILOS;7335.45
ES4240023;59;LAGUNAS Y PARAMERAS DEL SEÑORÍO DE MOLINA;6162.33
ES4240023;93;LAGUNAS Y PARAMERAS DEL SEÑORÍO DE MOLINA;6163.80
ES4240024;59;SIERRA DE CALDEREROS;2368.04
ES4240025;59;BARRANCO DEL RÍO DULCE;8347.95
ES424003;81;Lagunas de Puebla de Beleña;202.91
ES424004;61;Cueva de los Murcielagos;1.00
ES424005;62;Sierra de Pela y Laguna de Somolinos;771.66
ES424006;61;Cerros Margosos de Pastrana y Yebra;68.00
ES424007;61;Cerros Volcánicos de la Miñosa;97.00
ES424008;79;Sotos del Río Tajo;121.00
ES424009;61;Cueva de la Canaleja;1.00
ES424010;61;Saladares de la cuenca del Río Salado;181.37
ES424011;70;Barranco del Río Dulce;8363.93
ES424012;79;Río Pelagallinas;368.97
ES424013;62;Sierra de Caldereros;2373.01
ES424014;81;Macizo del Pico del Lobo - Cebollera;10024.00
ES424015;62;Tetas de Viana;116.00
ES424016;70;Sierra Norte de Guadalajara;117823.97
ES4250001;59;SIERRA DE SAN VICENTE Y VALLES DEL TIETAR Y ALBERCHE;117334.52
ES4250003;59;BARRANCAS DE TALAVERA;1182.72
ES4250005;59;MONTES DE TOLEDO;218000.60
ES4250006;59;RINCON DEL TOROZO;174.44
ES4250008;59;ESTEPAS SALINAS DE TOLEDO;677.22
ES4250009;59;YESARES DEL VALLE DEL TAJO;28015.98
ES425001;61;Rincón del Torozo;315.73
ES4250010;59;HUMEDALES DE LA MANCHA;14492.77
ES4250011;59;COMPLEJO LAGUNAR DE LA JARA;768.70
ES4250012;59;MINA DE LA NAVA DE RICOMALILLO;1.19
ES4250013;59;RÍOS DE LA MARGEN IZQUIERDA DEL TAJO Y BERROCALES DEL TAJO;13448.88
ES4250013;93;RÍOS DE LA MARGEN IZQUIERDA DEL TAJO Y BERROCALES DEL TAJO;13450.24
ES4250014;59;SOTOS DEL RÍO ALBERCHE;751.40
ES425002;79;Sotos del Río Guadyerbas y Arenales del Baldío de Velada;1666.00
ES425003;61;Garganta de las Lanchas;436.00
ES425004;61;Salobral de Ocaña;320.00
ES425006;61;Saladares de Villasequilla;122.00
ES425007;61;Saladares de Huerta de Valdecarábanos;264.00
ES425008;61;Área crítica de la Vella Pseudocytisus Subsp.pseudocytisus;145.00
ES425009;81;Laguna de Peñahueca;179.00
ES425010;81;Laguna de la Sal;57.00
ES425011;81;Laguna de Tirez;199.00
ES425012;81;Lagunas Grande y Chica de Villafranca de los Caballeros;297.59
ES425013;81;Laguna de la Albardiosa;80.00
ES425014;81;Lagunas de el Longar, Altillo Grande y Altillo Chica;407.00
ES425015;61;Turbera de Valdeyernos;4.00
ES425016;62;Barrancas de Castrejon y Calaña;217.07
ES430001;96;Sierra de San Pedro;115176.75
ES430002;54;Corredor del Río Guadalupejo;2076.00
ES4310003;59;COMPLEJO LAGUNAR DE LA ALBUERA;1924.14
ES4310004;59;DEHESAS DE JEREZ;47486.90
ES4310004;93;DEHESAS DE JEREZ;47486.90
ES4310008;59;ESTENA;7864.35
ES4310009;59;PUERTO PEÑA - LOS GOLONDRINOS;35322.35
ES4310009;93;PUERTO PEÑA - LOS GOLONDRINOS;35322.35
ES431001;70;Cornalvo;11363.99
ES4310010;59;LA SERENA;148156.71
ES4310015;59;RIO ALCARRACHE;1336.90
ES4310017;59;RIO ALJUCEN BAJO;426.26
ES4310019;59;RIO ARDILA ALTO;1047.81
ES431002;62;Mina La Jayona;88.00
ES4310020;59;RIO ARDILA BAJO;958.03
ES4310022;59;RIO GEVORA ALTO;2825.41
ES4310023;59;RIO GUADALEMAR;373.19
ES4310024;59;RIO GUADAMEZ;2236.76
ES4310026;59;RIO GUADIANA ALTO - ZUJAR;3080.84
ES4310027;59;RIO GUADIANA INTERNACIONAL;584.46
ES4310028;59;RIO MATACHEL;1440.82
ES431003;96;Embalse de Orellana y Sierra de Pela;42609.00
ES4310032;59;RIVERA DE LOS LIMONETES - NOGALES;389.68
ES4310036;59;SIERRA DE ESCORIAL;663.30
ES431004;96;Sierra Grande de Hornachos;12190.00
ES4310040;59;SIERRA DE MORALEJA;1913.43
ES4310042;59;SIERRA DE SIRUELA;6677.73
ES4310042;93;SIERRA DE SIRUELA;6677.73
ES4310043;59;SIERRA DE VILLARES - BALBUENO;500.89
ES4310045;59;VALDECIGÜEÑAS;3734.83
ES4310048;59;CORREDOR DEL LACARA;648.68
ES4310049;59;CUEVA DEL VALLE DE SANTA ANA;3.14
ES431005;54;Río Alcarrache;1491.00
ES4310050;59;CUEVAS DE ALCONERA;3.14
ES4310055;59;REFUGIO DE SIERRA PASCUALA;3.14
ES4310059;59;RIO GEVORA BAJO;374.67
ES431006;62;Cuevas de Fuentes de León;992.47
ES4310060;59;CORREDORES DE SIRUELA;2703.30
ES4310061;59;LAGUNA TEMPORAL DE MURTALES;29.93
ES4310062;59;LAGUNA TEMPORAL DE TRES ARROYOS;7.77
ES4310063;59;RIO BEMBEZAR;1101.81
ES4310064;59;RIO ORTIGA;1080.44
ES4310065;59;RIO PALOMILLAS;463.41
ES4310066;59;SIERRA DE MARIA ANDRES;4008.77
ES4310067;59;SIERRAS DE ALOR Y MONTE LONGO;6683.00
ES4310068;59;SIERRAS DE BIENVENIDA Y LA CAPITANA;480.57
ES4310069;59;CUEVA DEL AGUA;2.70
ES431007;72;Moheda Alta;158.00
ES4310070;59;MINA LAS MARIAS;3.12
ES4310071;59;MINA LOS CASTILLEJOS;3.14
ES4310072;59;MINA MARIQUITA;3.00
ES4310073;59;MINA LOS NOVILLEROS;3.00
ES4310074;59;ARROYO CABRILES Y FRIEGAMUÑOZ;121.49
ES4310075;59;RIVERA DE TALIGA;120.82
ES431008;72;Sierra de Azuaga;2743.58
ES431009;50;Encina la Nieta;3.00
ES431010;50;Olivo de la Tapada;3.14
ES431011;50;Olmeda de los Baselisos;0.00
ES431012;54;Río Bembezar;161.00
ES431013;50;Encina de El Romo;3.00
ES431014;50;Olmos de la Ermita de Belen;3.00
ES431015;72;La Pisá del Caballo;2.00
ES431016;50;Cinamomos del Bulevar del Pilar;3.14
ES431017;50;Pinos de Tienza;0.00
ES431018;60;Cañada de Sierra Calera;21.25
ES431019;50;Charneca del Cuquil;0.00
ES431020;60;Dehesa del Rincón;4.34
ES431021;60;El Guapero;1.16
ES431022;50;Encina de la Romería;0.00
ES431023;50;Encina de las Reliquias;0.00
ES431024;50;Olivar de la Sierra;13.23
ES431025;60;Piedra Furada;6.01
ES431026;60;Sierra de los Olivos;53.39
ES431027;60;Sierra Utrera;14.86
ES431028;72;Tres Arroyos;238.40
ES431029;50;Alcornoque de los Galaperales;0.00
ES431030;50;Ciprés Calvo de la Mimbre;0.00
ES431031;50;Quejigos del Chorrero;0.00
ES431032;50;Palmeras del Bulevar del Pilar;1.22
ES431033;60;Sierra del Cordel y Minas de Burguillos del Cerro;63.75
ES431034;72;Las Quinientas;250.23
ES4320001;59;CANCHOS DE RAMIRO;7040.91
ES4320002;59;CEDILLO Y RIO TAJO INTERNACIONAL;22616.42
ES4320005;59;DEHESAS DEL RUECAS Y CUBILAR;7442.71
ES432001;69;Monfragüe;18009.97
ES4320011;59;LAS HURDES;26124.99
ES4320012;59;LLANOS DE BROZAS;51200.50
ES4320013;59;GRANADILLA;24210.65
ES4320016;59;RIO ALJUCEN ALTO;527.88
ES4320018;59;RIO ALMONTE;9409.30
ES432002;81;Garganta de los Infiernos;7260.99
ES4320021;59;RIO ERJAS;1356.63
ES4320029;59;RIO RUECAS ALTO;878.36
ES432003;62;Los Barruecos;317.57
ES4320030;59;RIO SALOR;390.89
ES4320031;59;RIO TIETAR;4297.45
ES4320033;59;RIVERAS DE LOS MOLINOS Y LA TORRE;520.52
ES4320035;59;SIERRA DE CABEZAS DE AGUILA;5315.15
ES4320037;59;SIERRA DE GATA;17321.90
ES4320038;59;SIERRA DE GREDOS Y VALLE DEL JERTE;69496.15
ES4320039;59;SIERRA DE LAS VILLUERCAS Y VALLE DEL GUADARRANQUE;77495.24
ES4320039;93;SIERRA DE LAS VILLUERCAS Y VALLE DEL GUADARRANQUE;77495.24
ES432004;62;Cueva de Castañar;9.00
ES4320046;59;ARROYO DEL LUGAR;261.73
ES4320047;59;SIERRAS DE RISCO VIEJO;11951.33
ES432005;96;Llanos de Cáceres y Sierra de Fuentes;70021.00
ES4320051;59;MINA DE LA AURORA;3.14
ES4320052;59;MINA DE LA RIVERA DE ACEBO;4.88
ES4320057;59;REFUGIO DEL ALTO DE SAN BLAS;4.88
ES432006;50;Tejos del Cerezal;3.00
ES4320060;59;ARROYOS BARBAON Y CALZONES;2055.69
ES4320061;59;ARROYOS PATANA Y REGUEROS;1039.61
ES4320062;59;CAÑADA DEL VENERO;2295.00
ES4320063;59;EMBALSE ARCE DE ABAJO;54.03
ES4320064;59;EMBALSE DE LANCHO;163.71
ES4320065;59;EMBALSE DE PETIT I;154.63
ES4320066;59;LAGUNA TEMPORAL DE CORRALES;5.94
ES4320067;59;LAGUNA TEMPORAL DE VALDEHORNOS;4.24
ES4320068;59;MARGENES DE VALDECAÑAS;132.80
ES4320069;59;RIO ESPERABAN;777.19
ES432007;50;Alcornoque de la Fresneda;3.00
ES4320070;59;RIO GUADALUPEJO;547.94
ES4320071;59;RIOS ALAGON Y JERTE;3131.62
ES4320072;59;RIOS ARRAGO Y TRALGAS;826.98
ES4320073;59;RIVERA DE AURELA;1068.54
ES4320074;59;RIVERA DE MEMBRIO;638.82
ES4320075;59;RIVERAS DE CARBAJO Y CALATRUCHA;1065.97
ES4320076;59;RIVERAS DE GATA Y ACEBO;1199.12
ES4320077;59;MONFRAGÜE;114817.98
ES4320078;59;MONASTERIO DE YUSTE;13.81
ES4320079;59;MINA LA PALOMA;3.75
ES432008;50;Castaño de la Escarpia;3.00
ES4320080;59;TUNEL DE CAÑAMERO;6.27
ES432009;50;Castaños del Temblar;3.00
ES432010;50;Encina la Marquesa;3.00
ES432011;50;Encina la Terrona;3.00
ES432012;50;Enebro de las Mestas;3.00
ES432013;50;Roble de Romanejo o del Acarreadero;3.00
ES432014;60;Volcán de el Gasco;10.00
ES432015;54;Corredor Pinares del Río Tiétar;2396.00
ES432016;50;Abedular del Puerto de Honduras;26.00
ES432017;50;Alcornoque de los Galaperales;3.00
ES432018;50;Alcornoque el Abuelo;3.14
ES432019;50;Almez de Lugar Nuevo;3.00
ES432020;50;Castaños de Calabazas;3.00
ES432021;50;Cedro de Gata;3.00
ES432022;50;Ciprés Calvo de la Mimbre;3.00
ES432023;50;El Pino de la Mina o de Aldeanueva;3.00
ES432024;50;Lorera de la Trucha;3.14
ES432025;50;Madroña de Guijarroblanco;3.00
ES432026;50;Platano del Vivero;3.00
ES432027;50;Quejigos del Chorrero;3.00
ES432028;50;Roble de la Nava;3.00
ES432029;50;Roble de Prado Sancho;3.00
ES432030;50;Roble Grande de la Solana;3.00
ES432031;50;Magnolio de los Duran;3.00
ES432032;50;Palmeras del Bulevar del Pilar;3.14
ES432033;50;Encina Solana o de Sebastian;3.00
ES432034;72;Charca de Brozas;67.00
ES432035;64;Monte Valcorchero;1184.53
ES432036;70;Parque Natural Tajo Internacional;25150.72
ES432037;50;Castaños de los Realengos;3.00
ES432038;50;Castaño de Corbiche;0.00
ES432039;50;Castaños de Escondelobo o Condelobo;6.28
ES432040;50;Castaños de la Fuente de las Escobanchas;6.28
ES432041;50;Alcornoque de la Dehesa;0.00
ES432042;50;Alcornoque de los Cercones;0.00
ES432043;50;Alcornoque del Venero;0.00
ES432044;50;Alcornoque Padre Nuestro o Santo;0.00
ES432046;64;Castañar de Gallego;275.15
ES432047;50;Castaño del Cobijo;0.00
ES432048;72;Dehesa Boyal de Montehermoso;1051.22
ES432049;72;Dehesa Camadilla de Almaraz;17.63
ES432050;50;El Mesto de la Dehesa;0.00
ES432051;60;El Sierro;9.44
ES432052;50;Enebro de Carrascalejo;0.00
ES432053;50;Roble del Saltadero;0.00
ES432054;50;Tejos de Escobarejo;1.02
ES432055;50;Alcornoque de la Dehesa Boyal de Mirabel;0.00
ES432058;72;Dehesa Boyal de Aceituna;770.53
ES510001;66;Massís de Pedraforca;1755.90
ES510002;70;Cadí-Moixeró;41203.97
ES510003;70;Massís del Montseny;17209.76
ES510058;75;Riera de Merlès;3025.32
ES510059;75;Riu Duran;103.10
ES510076;75;Aiguabarreig Segre-Cinca;712.48
ES510077;75;Aiguabarreig Segre-Noguera Pallaresa;10119.21
ES510078;75;Aiguabarreig Segre-Noguera Ribagorçana;339.59
ES510079;75;Aiguamolls de l´Alt Empordà;10896.43
ES510080;75;Aiguamolls del Baix Empordà;471.00
ES510081;75;Aigüestortes;49473.77
ES510082;75;Riu Gaià-Albereda de Santes Creus;2998.00
ES510084;75;Alt Pirineu;80571.72
ES510085;75;Alta Garrotxa, l´;33044.97
ES510087;75;Arribèra deth Garona;209.58
ES510088;75;Artiga de Lin, Era;7024.21
ES510089;75;Barrancs de Sant Antoni-Lloret-la Galera;261.00
ES510090;75;Bessons, els;425.00
ES510092;75;Cap de Creus;13924.36
ES510093;75;Cap de Santes Creus;4700.92
ES510094;75;Capçalera de la Noguera Ribagorçana;2512.99
ES510095;75;Capçaleres del Ter i del Freser;12535.65
ES510096;75;Carbasí;243.00
ES510097;75;Cingles de Bertí;4235.25
ES510098;75;Collegats-Queralt;2347.63
ES510099;75;Collsacabra;10912.38
ES510100;75;Conreria-Sant Mateu-Céllecs, la;7443.79
ES510101;75;Costoja;994.48
ES510102;75;Delta de l´Ebre;48612.27
ES510103;75;Delta del Llobregat;973.59
ES510104;75;Desembocadura del Riu Gaià;4.00
ES510105;75;Erms d´Aitona;993.32
ES510106;75;Estanh de Vielha;29.00
ES510107;75;Estany de Banyoles;1069.92
ES510108;75;Estany de Montcortès;45.00
ES510109;75;Estany de Sils;397.27
ES510110;75;Estanys de Basturs;37.00
ES510111;75;Estanys de la Jonquera;783.82
ES510112;75;Estanys de Tordera;340.22
ES510113;75;Eth Portilhon;767.32
ES510114;75;Faiada de Malpàs, la;1282.26
ES510115;75;Filià;568.10
ES510116;75;Foix, el;2294.40
ES510117;75;Gallifa;3007.45
ES510118;75;Gavarres, les;28883.00
ES510119;75;Gelada;2291.25
ES510120;75;Guilleries, les;12467.22
ES510121;75;Illa de Canet;1.00
ES510122;75;Illes de l´Ebre;244.94
ES510123;75;Illes Medes;8246.69
ES510124;75;Mare de Déu de la Roca;41.00
ES510125;75;Marimanha;6615.48
ES510127;75;Massís de l´Albera;16413.41
ES510128;75;Massís de les Cadiretes;9932.44
ES510129;75;Massís de les Salines;4912.00
ES510130;75;Massís del Garraf;14820.92
ES510131;75;Massís del Montseny;29075.25
ES510132;75;Miracle, el;234.00
ES510133;75;Moianès, el;10629.41
ES510134;75;Montanhes de Les e Bossòst;3023.54
ES510135;75;Montesquiu;747.10
ES510136;75;Montgrí, el;5423.00
ES510137;75;Montllober;76.00
ES510138;75;El Montmell-Marmellar;9362.42
ES510139;75;Montserrat;5890.51
ES510140;75;Muntanya de Sal de Cardona;140.00
ES510141;75;Muntanyes de Begur;2349.68
ES510142;75;Muntanyes de l´Ordal;7440.33
ES510143;75;Muntanyes de Prades;30792.35
ES510144;75;Muntanyes de Rocacorba;3205.57
ES510145;75;Muntanyes de Tivissa-Vandellòs;13947.71
ES510146;75;Naut Aran;2282.11
ES510147;75;Obagues de la Vall del Rigard;211.16
ES510148;75;Obagues del Riu Corb;2276.04
ES510149;75;Olèrdola;608.85
ES510150;75;Penya-segats de la Muga;358.27
ES510151;75;Pinya de Rosa;85.85
ES510152;75;Plana de Sant Jordi, la;257.00
ES510153;75;Platja de Torredembarra i Creixell;60.55
ES510154;75;Ports, els;38307.38
ES510155;75;Puig de la Banya del Boc;239.23
ES510156;75;Riba-roja;6543.71
ES510157;75;Ribera de l´Algars;2097.71
ES510158;75;Ribera de l´Ebre a Flix;254.28
ES510159;75;Ribera Salada;5536.45
ES510160;75;Riberes de l´Alt Segre;217.87
ES510161;75;Riera d´Arbúcies;100.00
ES510162;75;Riera de Navel;517.96
ES510163;75;Riera de Santa Coloma;57.00
ES510164;75;Riera de Sorreigs;287.00
ES510165;75;Rojala-Platja del Torn, la;212.33
ES510166;75;Roques Blanques;572.83
ES510167;75;Roureda de Tordera;35.00
ES510169;75;Sant Joan de Toran;9440.27
ES510170;75;Sant Llorenç del Munt i l´Obac;16148.07
ES510171;75;Sauva Negra, la;111.00
ES510172;75;Savassona;1217.71
ES510173;75;Sèquia Major;17.00
ES510174;75;Serra Cavallera;6410.57
ES510175;75;Serra d´Aubenç i Roc de Cogul;6796.55
ES510176;75;Serra d´Ensija-els Rasos de Peguera;4341.56
ES510177;75;Serra de Bellmunt;4053.32
ES510178;75;Serra de Boumort;10849.10
ES510179;75;Serra de Carreu-Sant Corneli;5258.52
ES510180;75;Serra de Castelltallat;4978.32
ES510181;75;Serra de Collserola;8331.86
ES510182;75;Serra de Llaberia;10368.40
ES510184;75;Serra de Montgrony;3819.74
ES510185;75;Serra de Montsià;5302.36
ES510186;75;Serra de Picancel;2276.29
ES510187;75;Serra de Queralt;2387.68
ES510189;75;Serra de Turp i Mora Condal-Valldaran;3719.23
ES510190;75;Serra del Catllaràs;6154.53
ES510191;75;Serra del Montsant;11781.91
ES510192;75;Serra del Montsec;30894.48
ES510193;75;Serra del Verd;3050.79
ES510194;75;Serra Llarga-Secans de la Noguera;8941.04
ES510195;75;Serra Mitjana;1565.70
ES510196;75;Serres d´Odèn-Port del Comte;10986.28
ES510197;75;Serres de Busa-els Bastets-Lord;5034.62
ES510198;75;Serres de Cardó-el Boix;16163.74
ES510199;75;Serres de Milany-Santa Magdalena i Puigsacalm-Bellmunt;15815.19
ES510200;75;Serres de Pàndols-Cavalls;9656.91
ES510201;75;Serres de Pradell-l´Argentera;198.00
ES510202;75;Serres del Cadí-Moixeró;41203.97
ES510203;75;Serres del Montnegre i el Corredor;14793.27
ES510204;75;Tamarit-Punta de la Móra;0.01
ES510205;75;Tossa Plana de Lles-Puigpedrós;13350.06
ES510206;75;Tossal Gros de Miramar;1481.74
ES510207;75;Tossals d´ Almatret;902.78
ES510208;75;Tossals d´Isòvol i Olopte;331.30
ES510209;75;Serós-Tossals de Montmeneu;2912.95
ES510210;75;Tossals de Torregrossa;70.00
ES510211;75;Tres Hereus, els;349.12
ES510212;75;Turons de la Plana Ausetana;674.92
ES510213;75;Turons de Maçanet;140.00
ES510214;75;Utxesa;3811.90
ES510216;75;Valls de Sió-Llobregós;26873.94
ES510217;75;Volcà de la Crosa;201.50
ES510218;75;Zona Volcànica de la Garrotxa;15724.30
ES510239;75;Castell-Cap Roig;1237.34
ES510245;75;Anglesola-Vilagrassa;1136.03
ES510246;75;Aligars-Serra Fulletera;3413.15
ES510247;75;Beneïdor;417.64
ES510248;75;Massís de Bonastre;2688.51
ES510249;75;Basses de Sucs i Alcarràs;21.00
ES510250;75;Capçaleres del Foix;2183.79
ES510251;75;Costes del Garraf;26575.28
ES510252;75;Estany d'Ivars-Vilasana;157.00
ES510253;75;Garriga d'Empordà;550.93
ES510254;75;Granyena;6635.39
ES510255;75;Pas de l'Ase;7780.40
ES510256;75;Plans de Sió;10387.04
ES510257;75;Plans de la Unilla;978.19
ES510258;75;Rasos de Tubau;647.19
ES510259;75;Riu Llobregat;264.00
ES510260;75;Riu Siurana i planes del Priorat;2884.01
ES510261;75;Secans de Belianes-Preixana;6523.27
ES510262;75;Serra de Collcardús;569.24
ES510263;75;Serra de Godall;1784.22
ES510264;75;Secans del Montsià;2117.94
ES510265;75;Serra de Prada-Castellàs;3745.83
ES510266;75;Tossal de Montagut;1292.09
ES510267;75;Valls de l'Anoia;4115.70
ES510268;75;Vessants de la Noguera Ribagorçana;6511.33
ES510269;75;Vall la Vinaixa;3030.38
ES510270;75;Mas de Melons-Alfés;7616.55
ES510271;75;Sistema prelitoral central;18225.42
ES510272;75;Vall Alta de Serradell-Terreta-Serra de Sant Gervàs;12919.36
ES510273;75;Gallecs;702.08
ES5110001;59;Massís del Montseny;29175.13
ES5110004;59;Serra de Catllaràs;6154.50
ES5110004;93;Serra de Catllaràs;6154.50
ES5110005;59;Sistema Transversal català;28701.03
ES5110005;93;Sistema Transversal català;28701.03
ES5110007;59;Riu i Estanys de Tordera;340.40
ES5110008;59;Gallifa-Cingles de Bertí;7242.67
ES5110008;93;Gallifa-Cingles de Bertí;7242.67
ES5110009;59;Riera de Merlès;3025.33
ES5110009;93;Riera de Merlès;3025.33
ES511001;88;Remolar-Filipines;113.00
ES5110010;59;Sant Llorenç del Munt i l'Obac;16148.06
ES5110010;93;Sant Llorenç del Munt i l'Obac;16148.06
ES5110011;59;Serres del Litoral Septentrional;19563.08
ES5110012;59;Montserrat-Roques Blanques-riu Llobregat;7297.31
ES5110012;93;Montserrat-Roques Blanques-riu Llobregat;7297.31
ES5110013;59;Serres del Litoral central;25163.19
ES5110013;93;Serres del Litoral central;25163.19
ES5110014;59;Serra de Castelltallat;4978.28
ES5110015;59;Sistema Prelitoral Central;19705.79
ES5110015;93;Sistema Prelitoral Central;19705.79
ES5110016;59;Riera de Sorreigs;287.92
ES5110017;59;Costes del Maresme;2921.19
ES5110018;59;Valls de l'Anoia;4115.66
ES5110018;93;Valls de l'Anoia;4115.66
ES5110019;59;Carbassí;242.79
ES511002;88;Riera de Merlés;70.00
ES5110020;59;Costes del Garraf;26571.78
ES5110020;93;Costes del Garraf;26571.78
ES5110021;59;Riera de la Goda;38.00
ES5110022;59;Capçaleres del Foix;2183.80
ES5110022;93;Capçaleres del Foix;2183.80
ES5110023;59;Riera de Clariana;464.69
ES5110024;59;Serra de Collserola;7548.48
ES5110025;59;Riu Congost;360.12
ES511003;70;Massís de Sant Llorenç del Munt i Serra de l'Obac;9448.02
ES511004;88;Muntanya de Montserrat;1767.25
ES511005;70;Muntanya de Montserrat;3512.69
ES511006;88;Ricarda-Ca l'Arana;218.40
ES511007;70;Serra de Collserola;8698.16
ES511008;88;Font Groga;117.97
ES511009;88;Rierada-Can Balasc;384.22
ES511010;75;Costes del Maresme;2921.34
ES511011;75;Mines de Can Palomeres;45.98
ES511012;75;Riera de Clariana;464.69
ES511013;75;Riera de la Goda;38.13
ES511014;75;Riu Congost;358.41
ES5120001;59;Alta Garrotxa - Massís de les Salines;38330.57
ES5120001;93;Alta Garrotxa - Massís de les Salines;38330.57
ES5120002;59;Capçaleres del Ter i del Fresser;12501.55
ES5120002;93;Capçaleres del Ter i del Fresser;12501.55
ES5120003;59;Serra Cavallera;6410.65
ES5120004;59;Zona Volcànica de la Garrotxa;15289.96
ES5120005;59;Riu Llobregat d'Empordà;308.01
ES5120007;59;Cap de Creus;13933.36
ES5120007;93;Cap de Creus;13933.36
ES5120008;59;Estany de Banyoles;1069.92
ES5120009;59;Basses de l'Albera;783.81
ES512001;70;Zona Volcànica de la Garrotxa;16357.52
ES5120010;59;Les Gavarres;28714.95
ES5120011;59;Riberes del Baix Ter;1224.93
ES5120012;59;Les Guilleries;12467.12
ES5120012;93;Les Guilleries;12467.12
ES5120013;59;Massís de les Cadiretes;9276.23
ES5120013;93;Massís de les Cadiretes;9276.23
ES5120014;59;L'Albera;16370.93
ES5120014;93;L'Albera;16370.93
ES5120015;59;Litoral del Baix Empordà;3353.20
ES5120015;93;Litoral del Baix Empordà;3353.20
ES5120016;59;El Montgrí- Les Medes - El Baix Ter;6393.05
ES5120016;93;El Montgrí- Les Medes - El Baix Ter;6393.05
ES5120017;59;Estany de Sils-Ribera de Santa Coloma;454.76
ES5120017;93;Estany de Sils-Ribera de Santa Coloma;454.76
ES5120018;59;Muntanyes de Rocacorba-Puig de la Banya del Boc;3444.80
ES5120019;59;Riberes de l'Alt Ter;411.75
ES512002;88;Fageda d'en Jordà i Volcà del Puig Jordà;263.71
ES5120020;59;Riu Llémena;195.05
ES5120021;59;Riu Fluvià;1265.27
ES5120022;59;Riu Duran;102.73
ES5120023;59;Rieres de Xuclà i Riudelleques;51.30
ES5120024;59;Montgrony;3819.78
ES5120024;93;Montgrony;3819.78
ES5120025;59;Garriga d'Empordà;550.93
ES5120025;93;Garriga d'Empordà;550.93
ES5120026;59;Tossa Plana de Lles-Puigpedrós;13281.13
ES5120026;93;Tossa Plana de Lles-Puigpedrós;13281.13
ES5120027;59;Rasos de Tubau;647.20
ES5120027;93;Rasos de Tubau;647.20
ES5120028;59;Vall del Rigart;210.26
ES5120029;59;Riu Brugent;68.30
ES512003;88;Turó de la Pomareda;5.00
ES512004;88;Volcà Aiguanegra;41.00
ES512005;88;Volcà Bellaire;12.00
ES512006;88;Volcà Cabrioler;9.00
ES512007;88;Volcà Can Simó;8.00
ES512008;75;"Riberes de l""Alt Ter";411.75
ES512009;88;Volcà Croscat;77.00
ES512010;88;Volcà de la Garrinada i Montsacopa;74.00
ES512011;88;Volcà de Santa Margarida;119.00
ES512012;88;Volcà el Raco;35.00
ES512013;88;Volcà el Torrent;12.00
ES512014;88;Volcà Fontpobra, de la Tuta de Colltort i de Can Tià;76.00
ES512015;88;Volcà les Bisaroques;8.00
ES512016;88;Volcà Montolivet;26.00
ES512017;88;Volcà Puig Astrol;3.00
ES512018;88;Volcà Puig de l'Ós;25.00
ES512019;88;Volcà Puig de la Costa;42.00
ES512020;88;Volcà Puig de la Garça;10.00
ES512021;88;Volcà Puig Rodo, Puig de les Medes i Llacunagra;23.00
ES512022;88;Volcà Puig Safont i el Tom, Puig de Martinya, la Mallola;50.00
ES512023;88;Volcà Pujalós;14.00
ES512024;88;Volcà Roca Negra i Puig Subià;56.00
ES512025;88;Volcà Traiter Inferior i Superior;33.00
ES512026;88;Volcà l'Estany;22.00
ES512027;70;Aiguamolls de l'Empordà;4749.84
ES512028;86;Les Llaunes;510.91
ES512029;86;Els Estanys;311.68
ES512030;66;Massís de l'Albera;3486.68
ES512031;88;Capçalera de l'Orlina;386.60
ES512032;88;St. Quirze de Colera;746.27
ES512033;88;Vall de Sant Quirze;588.55
ES512034;86;Illa de Caramany;16.52
ES512035;88;L'illa de Caramany;9.89
ES512036;88;Muga-Albanyà;119.78
ES512037;88;Riera d'Arbucies-Hostalric;58.00
ES512038;88;Segre-Isòvol;10.00
ES512039;88;Dels Aiguamolls del Baix Ter;217.16
ES512040;83;L'illa de Fluvià;26.00
ES512041;83;Estanys de la Jonquera;76.00
ES512042;83;L'illa de Canet;1.00
ES512043;70;Cap de Creus;13924.36
ES512044;88;Cap de Norfeu;267.00
ES512045;66;Cap Gros-Cap de Creus;2097.82
ES512046;66;Serra de Rodes;1145.79
ES512047;86;Cap de Creus;907.18
ES512048;66;Cap de Norfeu;1090.84
ES512049;86;Cap de Norfeu;102.25
ES512050;88;Cap Gros-Cap de Creus;1458.55
ES512051;66;Pinya de Rosa;49.61
ES512052;88;Volcá del Puig Roig;24.41
ES512053;88;Volcá de Sant Marc;68.08
ES512054;88;Volcans del Cairat, de Claperols i de Repassot;43.24
ES512055;88;Marina de Les Medes;124.30
ES512056;86;Les Illes Medes;23.09
ES512057;70;Del Montgrí, les Illes Medes i el Baix Ter;7819.90
ES512058;75;Riberes del Baix Ter;1160.36
ES512059;75;Riera de Bianya;65.95
ES512060;75;Rieres de Xuclá i Riudelleques;51.58
ES512061;75;Riu Brugent;68.69
ES512062;75;Riu Fluviá;1265.08
ES512063;75;Riu Llémena;188.98
ES512064;75;Riu Llobregat dÆEmpordá-Riera de Torreles;308.02
ES512065;70;Capçaleres del Ter i del Freser;14612.78
ES5130001;59;Els Bessons;424.85
ES5130001;93;Els Bessons;424.85
ES5130002;59;Riu Verneda;75.47
ES5130003;59;Alt Pallars;77454.83
ES5130003;93;Alt Pallars;77454.83
ES5130004;59;Baish Aran;12433.44
ES5130004;93;Baish Aran;12433.44
ES5130005;59;Era Artiga de Lin - Eth Portilhon;6819.41
ES5130005;93;Era Artiga de Lin - Eth Portilhon;6819.41
ES5130006;59;Estanho de Vielha;28.88
ES5130007;59;Riberes de l'Alt Segre;216.62
ES5130008;59;Serra d'Aubenç i Roc de Cogul;6796.52
ES5130008;93;Serra d'Aubenç i Roc de Cogul;6796.52
ES5130009;59;Serra de Turp i Mora Condal-Valldan;3719.22
ES5130009;93;Serra de Turp i Mora Condal-Valldan;3719.22
ES513001;69;Aigüestortes i Estany de Sant Maurici;13926.04
ES5130010;59;Serra de Boumort-Collegats;18455.20
ES5130010;93;Serra de Boumort-Collegats;18455.20
ES5130011;59;Riu de la Llosa;84.12
ES5130012;59;Vall Alta de Serradell-Serra de Sant Gervàs;12922.45
ES5130012;93;Vall Alta de Serradell-Serra de Sant Gervàs;12922.45
ES5130013;59;Aiguabarreig Segre-Cinca;711.29
ES5130013;93;Aiguabarreig Segre-Cinca;712.53
ES5130014;59;Aiguabarreig Segre-Noguera Pallaresa;10130.93
ES5130014;93;Aiguabarreig Segre-Noguera Pallaresa;10130.93
ES5130015;59;Serres del Montsec, Sant Mamet i Mitjana;32455.68
ES5130015;93;Serres del Montsec, Sant Mamet i Mitjana;32428.88
ES5130016;59;Valls del Sió-Llobregós;26685.50
ES5130017;59;Basses de Sucs i Alcarràs;21.19
ES5130017;93;Basses de Sucs i Alcarràs;21.19
ES5130018;59;Estany d'Ivars- Vilasana;156.60
ES5130018;93;Estany d'Ivars- Vilasana;156.60
ES5130019;59;Estany de Montcortès;45.01
ES513002;88;Baish Aran;385.99
ES5130020;59;Aiguabarreig Segre-Noguera Ribagorçana;339.08
ES5130021;59;Secans de la Noguera;8973.19
ES5130021;93;Secans de la Noguera;8973.19
ES5130022;59;La Torrassa;59.58
ES5130023;59;Beneïdor;417.63
ES5130023;93;Beneïdor;417.63
ES5130024;59;La Faiada de Malpàs i Cambatiri;1282.16
ES5130024;93;La Faiada de Malpàs i Cambatiri;1282.16
ES5130025;59;Bellmunt-Almenara;3470.91
ES5130026;59;Serra de Prada-Castellàs;3745.79
ES5130026;93;Serra de Prada-Castellàs;3745.79
ES5130027;59;Obagues de la riera de Madrona;3593.86
ES5130028;59;Ribera Salada;5536.39
ES5130029;59;Serres de Queralt i Els Tossals-Aigua d'Ora;8713.94
ES513003;88;Alt Àneu;339.14
ES5130030;59;Estanys de Basturs;36.98
ES5130032;59;Vessants de la Noguera Ribagorçana;6508.83
ES5130032;93;Vessants de la Noguera Ribagorçana;6508.83
ES5130034;59;Riu Garona;212.40
ES5130035;59;Plans de la Unilla;989.77
ES5130035;93;Plans de la Unilla;989.77
ES5130036;59;Plans de Sió;5302.04
ES5130037;59;Secans de Belianes-Preixana;1928.58
ES5130038;59;Secans del Segrià i Utxesa;3796.57
ES5130039;59;Vall de Vinaixa;3030.33
ES5130039;93;Vall de Vinaixa;3030.33
ES513004;88;La Llosa;84.00
ES5130040;59;Secans de Mas de Melons-Alfés;6431.86
ES513005;88;Mas de Melons;1433.66
ES513006;88;Noguera Pallaresa-Bonaigua;188.00
ES513007;88;Noguera Pallaresa-Collegats;28.00
ES513008;88;Noguera Ribagorçana-Montrebei;48.63
ES513009;88;Segre-Prullans;44.00
ES513010;83;Sant Llorenç de Montgai;469.17
ES513011;83;Utxesa;265.00
ES513012;70;Alt Pirineu;71233.17
ES513013;75;Aigua d`Ora;6324.74
ES513014;75;Obagues de la Riera de Madrona;3593.88
ES513015;75;Riu de la Llosa;84.41
ES513016;75;Riu Verneda;75.72
ES5140001;59;Litoral meridional  tarragoní;4913.33
ES5140002;59;Serra de Godall;1784.15
ES5140002;93;Serra de Godall;1784.15
ES5140003;59;Ribera de l'Algars;2095.91
ES5140003;93;Ribera de l'Algars;2094.16
ES5140004;59;Sèquia Major;53.92
ES5140005;59;Serra de Montsià;5302.14
ES5140005;93;Serra de Montsià;5302.14
ES5140006;59;Serres de Cardó- El Boix;16163.43
ES5140006;93;Serres de Cardó- El Boix;16163.43
ES5140007;59;Costes del Tarragonès;1114.29
ES5140008;59;Muntanyes de Prades;30792.03
ES5140008;93;Muntanyes de Prades;30792.03
ES5140009;59;Tivissa-Vandellòs-Llaberia;24573.80
ES5140009;93;Tivissa-Vandellòs-Llaberia;24573.80
ES514001;70;Delta de l'Ebre;7625.36
ES5140010;59;Riberes i Illes de l'Ebre;487.30
ES5140011;59;Sistema Prelitoral meridional;51642.95
ES5140011;93;Sistema Prelitoral meridional;51628.79
ES5140012;59;Tossals d'Almatret i Riba Roja;7446.53
ES5140012;93;Tossals d'Almatret i Riba Roja;7442.45
ES5140014;59;Massís de Bonastre;2688.59
ES5140014;93;Massís de Bonastre;2688.59
ES5140015;59;Riu Siurana i planes del Priorat;2883.93
ES5140015;93;Riu Siurana i planes del Priorat;2883.93
ES5140016;59;Tossal de Montagut;1292.11
ES5140016;93;Tossal de Montagut;1292.11
ES5140017;59;Serra de Montsant-Pas de l'Ase;19561.98
ES5140017;93;Serra de Montsant-Pas de l'Ase;19561.98
ES5140018;59;El Montmell-Marmellar;9362.51
ES5140018;93;El Montmell-Marmellar;9362.51
ES5140019;59;Riu Gaià;2998.69
ES5140019;93;Riu Gaià;2998.69
ES514002;66;La Vall del Monestir de Poblet;2469.82
ES5140020;59;Grapissar de la Masia Blanca;441.83
ES5140021;59;Obagues del riu Corb;2276.01
ES5140021;93;Obagues del riu Corb;2276.01
ES5140022;59;Barranc de Santes Creus;48.90
ES5140023;59;Secans del Montsià;2117.88
ES5140023;93;Secans del Montsià;2117.88
ES514003;88;L'illa de Sapinya;3.00
ES514004;88;Punta de la Banya;2472.76
ES514005;88;Ribera de l'Algars;67.78
ES514006;83;Llacuna de la Tancada;263.00
ES514007;83;Punta del Fangar;739.27
ES514008;83;Estació biològica el Canal Vell;17.00
ES514009;83;L'illa de Sant Antoni;73.05
ES514010;83;Desembocadura del Riu Gaià;4.00
ES514011;83;Les Illes de l'Ebre;89.00
ES514012;83;Ribera de l'Ebre a Flix;163.00
ES514013;83;Torrent del Pi;3.00
ES514014;88;Barranc de la Trinitat;265.09
ES514015;88;Barranc del Titllar;656.14
ES514016;70;Els Ports;35404.45
ES514017;88;Fagedes dels Ports;867.00
ES514018;70;Serra del Montsant;9257.65
ES514019;75;Barranc de Santes Creus;48.94
ES514020;75;Grapiáar de Masia Blanca;446.49
ES514021;75;Prats de la Pineda;37.87
ES514022;75;Tamarit-Punta de la Móra-Costes del Tarragonès;1077.18
ES520001;70;Parque Natural del Marjal de Pego-Oliva;1255.19
ES520002;70;Parc Natural de la Serra Calderona;18095.20
ES520003;70;Parc Natural de la Serra de Mariola;12540.00
ES520004;64;Paisatge Protegit del Serpis;12730.60
ES520005;98;Desembocadura y frente litoral del Riu Racons;276.86
ES520006;98;Parque Natural de la Marjal de Pego-Oliva;1254.99
ES520007;98;Marjal i Estany d'Almenara;1486.72
ES521001;87;Illa de Tabarca;1375.76
ES521002;70;Parque Natural del Carrascal de la Font Roja;2278.53
ES521003;70;Parque Natural de El Montgó;2086.36
ES521004;70;Parque Natural el Penyal d'Ifac;53.30
ES521005;70;Parque Natural del Hondo;2386.77
ES521006;70;Parque Natural de las Lagunas de la Mata y Torrevieja;3717.30
ES521007;70;Parque Natural de les Salines de Santa Pola;2491.21
ES521008;87;Fons Marins del Cap de Sant Antoni;967.00
ES521009;67;Font del Baladre-Fontanars-Riu d'Agres;15.31
ES521010;67;La Sierra;185.52
ES521071;67;Racó de Sant Bonaventura-Canalons;17.70
ES521081;67;Barrancs Carrasca-Gatillo;374.17
ES521082;67;Cinc Germans;65.53
ES521083;67;Arenal de l'Amorxó;50.80
ES521097;77;Laguna de Salinas;284.17
ES521100;67;Els Arcs;406.84
ES5211007;59;Montgó;3009.33
ES5211009;59;Penyal d'Ifac;83.22
ES521101;67;Clot de Galvany;355.84
ES521102;67;La Pilarica-Sierra de Callosa;143.44
ES521103;70;Parque Natural de la Serra Gelada (terrestre);732.31
ES521104;64;Paisatge Protegit de Les Sorts;100.52
ES521105;67;Els Plantadets;254.03
ES521106;67;Parque del Molino del Agua;16.61
ES521107;64;Paisatge Protegit de la Solana del Benicadell;900.08
ES521108;64;Paisaje Protegido del Puigcampana y el Ponotx;2491.89
ES521109;64;Paisaje Protegido de la Sierra de Bernia y Ferrer;2843.00
ES521110;64;Paisaje Protegido de la Serra del Maigmó y Serra del Sit;15842.00
ES521111;67;Monte Coto;763.75
ES521112;77;Casa del Pozo;2.65
ES521113;77;Cova de les Rates Penades de Moraira;29.00
ES521114;77;Canyet de les Pedres de S. Cristofol;5.00
ES521115;77;Marjal del Senillar;1.00
ES521126;67;Ladera del Castillo de Sax;9.47
ES521127;77;La Manzanilla;1.54
ES521128;98;Desembocadura del Riu de l'Algar;61.07
ES521129;98;Desembocadura y frente litoral del Segura;886.36
ES521130;98;El Hondo de Amorós;227.22
ES521131;98;Els Bassars-Clot de Galvany;180.00
ES521132;98;Els Carrissars d'Elx;1331.08
ES521133;98;Embalse de Relleu;7.46
ES521134;98;Embalse de Tibi;23.41
ES521135;98;Embalse de Elda;49.55
ES521136;98;Embalse d'Elx;84.38
ES521137;98;Fonts de l'Algar;21.10
ES521138;98;Laguna de Salinas;284.17
ES521139;98;Laguna y Saleros de Villena;717.96
ES521140;98;Meandros abandonados del Río Segura;9.10
ES521141;98;Parque Natural de las Salinas de Santa Pola;2491.98
ES521142;98;Parque Natural del Fondó d'Elx;2357.21
ES521143;98;Parque Natural de las Lagunas de La Mata-Torrevieja;3743.06
ES521144;98;Saladar d'Aigua Amarga;208.04
ES521145;98;Salines de Calp;40.79
ES521146;55;Avenc Ample;0.01
ES521147;55;Avenc del Mig;0.01
ES521148;55;Avenc del Morro de l'Estepar;0.01
ES521149;55;Avenc Estret;0.01
ES521150;55;Avencs de Partagat;0.01
ES521151;55;Cova de l'Andorial;0.01
ES521152;55;Cova de la Punta de BenimÓquia;0.01
ES521153;55;Cova de les Calaveres;0.01
ES521154;55;Cova de les Meravelles (Cocentaina);0.01
ES521155;55;Cova de les Meravelles (Xalo);0.01
ES521156;55;Cova de les Rates Penades (Teulada);28.78
ES521157;55;Cova del Bolumini;0.01
ES521158;55;Cova del Canelobre;0.01
ES521159;55;Cova del Llop Mari;0.01
ES521160;55;Cova del Moraig;0.01
ES521161;55;Cova del Rull;0.01
ES521162;55;Cova del Somo;0.01
ES521163;55;Cova del Tio Melcior;0.01
ES521164;55;Cova dels Morets;0.01
ES521165;55;Cova dels Vells;0.01
ES521166;55;Cova Fosca-Corb-Pedrera;0.01
ES521167;55;Cova Juliana;0.01
ES521168;55;Cova Sant Joan;0.01
ES521169;55;Cova Tallada;0.01
ES521170;55;Cueva del Perro;0.01
ES521171;55;El Forat;0.01
ES521172;55;Sima de Borreguillos;0.01
ES521173;55;Simes del Roset;0.01
ES521174;67;Lagunas de Lo Monte;10.16
ES521175;67;Los Algezares;507.35
ES521176;67;Monte Coto-Pinoso;286.10
ES521177;67;Sant Pasqual-Torretes;70.34
ES521178;67;Serra de les Àguiles i Sant Pasqual;384.06
ES521179;64;Paisatge Protegit la Serra Escalona i el seu entorn;10683.80
ES521182;62;Cabezo de la Sal;793.00
ES5212004;59;Riu Gorgos;777.40
ES5212004;94;Riu Gorgos  (ZEC);3449.00
ES5212005;59;L'Almadrava;2239.49
ES5212005;93;L'Almadrava;2239.49
ES5212006;59;Laguna de Salinas;282.30
ES5212007;59;Salero y Cabecicos de Villena;717.72
ES5212008;59;Maigmó i Serres de la Foia de Castalla;13823.00
ES5212009;59;Algepsars de Finestrat;102.65
ES5212010;59;Arenal de Petrer;1.02
ES5212011;59;Rambla de las Estacas;0.20
ES5212012;59;Sierra de Escalona y Dehesa de Campoamor;4781.91
ES5213018;59;Penya-segats de la Marina;943.08
ES5213018;93;Penyasegats de la Marina;3262.39
ES5213019;59;Aitana, Serrella i Puigcampana;17606.10
ES5213019;94;Aitana, Serrella y Puigcampana (ZEC);17606.00
ES5213020;59;Serres del Ferrer i Bèrnia;3449.51
ES5213020;94;Serres de Bèrnia i El Ferrer (ZEC);3449.00
ES5213021;59;Serra Gelada i Litoral de la Marina Baixa;5552.94
ES5213022;59;Serra de Crevillent;5056.43
ES5213022;94;Serra de Crevillent (ZEC);5056.00
ES5213023;59;Sierra de Callosa de Segura;663.49
ES5213023;94;Sierra de Callosa de Segura (ZEC);663.00
ES5213024;59;Illa de Tabarca;43.48
ES5213025;59;Dunes de Guardamar;726.23
ES5213026;59;Sierra de Orihuela;1671.60
ES5213026;94;Sierra de Orihuela (ZEC);1672.00
ES5213032;59;Cap de les Hortes;1.00
ES5213033;59;Litoral de Cabo Roig;7.15
ES5213033;93;Cabo Roig;4686.52
ES5213039;59;Sierra de Salinas;7718.83
ES5213039;94;Sierra de Salinas  (ZEC);7719.00
ES5213042;59;Valls de la Marina;16061.60
ES5213042;94;Valls de la Marina  (ZEC);16062.00
ES5213054;59;Els Alforins;10115.70
ES5214001;59;Cueva del Perro-Cox;1.00
ES5214002;59;Túnel de Canals;1.00
ES5214003;59;Cova dels Mosseguellos-Vallada;1.00
ES5214004;59;Cova Juliana;1.00
ES522001;81;Les Illes Columbretes;19.00
ES522002;87;Illes Columbretes;4437.08
ES522003;77;Barranc de Salt;38.00
ES522004;70;Parque Natural del Prat de Cabanes-Torreblanca;848.23
ES522005;70;Paraje Natural del Desert de les Palmes;3096.37
ES522006;67;Pereroles;360.67
ES522007;70;Parc Natural de la Serra d'Espadà;31180.00
ES522042;67;Clot de la Mare de Déu;17.84
ES522043;67;La Dehesa;681.40
ES522044;70;Parc Natural de la Serra d'Irta;7761.24
ES522045;87;Irta;2449.00
ES522071;67;L'Estany;2.71
ES522072;67;El Pozo Junco;45.31
ES522073;67;Peñaescabia;474.43
ES522078;67;El Rivet;16.00
ES522079;67;La Mola de la Vila;129.71
ES522080;64;Paisatge Protegit de la Desembocadura del Millars;424.65
ES522083;67;La Mola d'Ares;127.22
ES522084;67;La Torrecilla-Puntal de Navarrete;331.30
ES522085;67;La Esperanza;12.97
ES522086;70;Parque Natural de Penyagolosa;1094.45
ES522087;70;Parque Natural de la Tinença de Benifassà;4965.00
ES522088;67;Sant Miquel;43.50
ES522089;67;El Mollet;114.61
ES522090;67;Rambla Celumbres;1194.40
ES522100;62;Camí dels Pelegrins de les Useres;241.00
ES5221002;59;Desert de les Palmes;3070.83
ES522101;67;Bovalar de Sant Jordi;27.38
ES522102;67;Ermitorio de la Magdalena;14.05
ES522103;67;Palomita;148.58
ES522104;67;Racó del Frare;207.32
ES522105;77;Bassa de Vallivana;0.02
ES522106;77;Bassa del Barranc de Sant Miguel;0.22
ES522107;77;Mas del Peraire;262.83
ES522122;67;El Castell;4.40
ES522123;77;Bassa Verda;0.20
ES522124;77;Pou de l'Astor;0.24
ES522126;98;Balsa de Chóvar;1.50
ES522127;98;Clot de la Mare de Déu;8.05
ES522128;98;Dehesa de Soneja;2.48
ES522129;98;Desembocadura del Millars;321.45
ES522130;98;Desembocadura del Riu de la Sénia;5.44
ES522131;98;Desembocadura del Riu de les Coves;19.49
ES522132;98;Lagunas de Segorbe;15.18
ES522133;98;Marjal de Nules-Burriana;528.75
ES522134;98;Marjal de Peñíscola;101.34
ES522135;98;Parque Natural del Prat de Cabanes;865.06
ES522136;55;Avenc de Bellver;0.01
ES522137;55;Avenc de l'Indi;0.01
ES522138;55;Avenc del Pla de Litrago;0.01
ES522139;55;Avenc del Turio;0.01
ES522140;55;Avenc d'en Soria;0.01
ES522141;55;Avenc d'en Serengue;0.01
ES522142;55;Cova de Cantallops;0.01
ES522143;55;Cova de la Balma;0.01
ES522144;55;Cova de la Mestra;0.01
ES522145;55;Cova de la Puntassa;0.01
ES522146;55;Cova de l'Ereta;0.01
ES522147;55;Cova de les Meravelles;0.01
ES522148;55;Cova de l'Ocre;0.01
ES522149;55;Cova de l'Ondera;0.01
ES522150;55;Cova del Mas d'Abat;0.01
ES522151;55;Cova del Molinar;0.01
ES522152;55;Cova del Toro;0.01
ES522153;55;Cova dels Encenalls;0.01
ES522154;55;Cova Matilde;0.01
ES522155;55;Cova Obscura;0.01
ES522156;55;Cova Santa (Altura);0.01
ES522157;55;Cova Santa (Serra d'en Galceran);0.01
ES522158;55;Coves de Sant Josep;0.01
ES522159;55;Cueva Cerdaña;0.01
ES522160;55;Cueva de Cirat;0.01
ES522161;55;Cueva Negra (Montanejos);0.01
ES522162;55;Forat del Falco;0.01
ES522163;55;Forat d'en Ferras;0.01
ES522164;55;La Covatilla;0.01
ES522165;55;Los Ojos del Prao;0.01
ES522166;55;Mina Virgen del Amparo;0.01
ES522167;55;Moli de la Font;0.01
ES522168;55;Sima de la Higuera;0.01
ES522169;55;Sima de la Pinosa;0.01
ES522170;55;Sima Posos;0.01
ES522171;55;Sistema del Tossal de la Font;0.01
ES522172;55;Ullal de Miravet;0.01
ES522173;67;Castillo de Arenós;32.49
ES522174;67;Serra del Puig;17.45
ES5222001;59;Serra d'Espadà;31023.10
ES5222002;59;Marjal de Peníscola;105.59
ES5222004;59;Curs alt del riu Millars;10067.30
ES5222005;59;Marjal de Nules;644.35
ES5222006;59;Platja de Moncofa;1.00
ES5222007;59;Alguers de Borriana-Nules-Moncofa;4080.88
ES5223002;59;L'Alt Maestrat;43618.50
ES5223004;59;Penyagolosa;31906.40
ES5223005;59;Alt Palància;26282.40
ES5223007;59;Marjal d'Almenara;1496.93
ES5223029;59;Riu Bergantes;4402.61
ES5223036;59;Serra d'Irta;9797.66
ES5223037;59;Litoral de Benicàssim;8.22
ES5223053;59;Forat d'en Ferràs-Orpesa;1.00
ES5223055;59;Serra d'en Galceràn;11320.00
ES5224001;59;Cova Obscura-Atzeneta del Maestrat;1.00
ES523001;70;Parque Natural de L'Albufera;20960.80
ES523002;67;Sierra de Chiva;5741.64
ES523003;67;La Colaita;907.85
ES523004;67;Barranco de la Fos;604.74
ES523005;67;Barranc la Hoz;1008.99
ES523006;67;Penyes Albes;347.39
ES523054;67;Les Rodanes;591.28
ES523090;67;La Murta y la Casella;771.95
ES523091;67;Parpalló-Borrell;543.81
ES523092;67;La Cabrentà;1.41
ES523093;70;Parque Natural de las Hoces del Cabriel;31469.70
ES523096;67;El Surar;837.00
ES523097;67;El Tello;1065.29
ES523098;67;Umbría La Plana;426.28
ES523099;67;Els Cerros;241.90
ES523100;67;La Costera;49.00
ES523101;67;La Cova Negra;57.18
ES523102;64;Paisatge Protegit de l'Ombria del Benicadell;2103.11
ES523103;67;Les Salines;28.21
ES523104;67;Serra de Quatretonda;1676.28
ES523105;67;Solana y Barranco Lucía;371.40
ES523106;67;Serra Perenxisa;174.38
ES523107;67;Serra de l'Ombria-Pou Clar;2857.63
ES523108;67;Ullals del Riu Verd;2.26
ES523123;67;Fuente Bellido;1000.56
ES523124;67;Hort de Soriano-Font de la Parra;53.22
ES523125;67;L'Ermita;5.80
ES523126;67;Los Calderones;538.05
ES523127;67;Tabarla;68.42
ES523128;67;Villingordo;359.95
ES523129;70;Parque Natural de Chera-Sot de Chera;6451.17
ES523130;70;Parque Natural de Puebla de San Miguel;6343.30
ES523131;70;Parque Natural del Turia;4736.31
ES523132;77;Balsa Rampetes;1.00
ES523133;77;Barranc de l'Horteta;11.00
ES523134;77;Cova de les Rates Penades de Rotova;4.00
ES523135;77;Els Cucs;4.00
ES523136;77;La Llacuna;1.00
ES523137;77;Las Hoyuelas;16.24
ES523138;77;Los Llanos del Pinar;550.24
ES523139;77;Marjal dels Borrons;7.08
ES523140;77;Palancares de Meca;22.00
ES523145;67;Riu de Barxeta;80.14
ES523147;77;Cova dels Mosseguellos;161.68
ES523148;98;Desembocadura del Riu Bullents;22.33
ES523149;98;Desembocadura del Riu Xeraco;62.62
ES523150;98;Desembocadura y frente litoral del Xúquer;46.09
ES523151;98;El Barchell;4.57
ES523152;98;Embalse de Embarcaderos;385.05
ES523153;98;Embalse de la Vallessa;6.20
ES523154;98;Embalse del Bosquet de Moixent;4.16
ES523155;98;Font dels Sants;37.13
ES523156;98;Laguna de San Benito;225.04
ES523157;98;Lavajos de Sinarcas;24.38
ES523158;98;Marjal de la Safor;1225.34
ES523159;98;Marjal de Rafalell y Vistabella;102.92
ES523160;98;Marjal dels Moros;620.46
ES523161;98;Marjal i Estany de la Ribera Sud del Xúquer;3439.19
ES523162;98;Nacimiento del Riu Verd;3.49
ES523163;98;Parque Natural de l'Albufera de València;21008.40
ES523164;98;Ullal de l'Estany del Duc;15.54
ES523165;55;Avenc de la Donzella;0.01
ES523166;55;Avenc de Quatretonda;0.01
ES523167;55;Avenc del Simarro;0.01
ES523168;55;Avenc Llengua de Cervol;0.01
ES523169;55;Cavidades de la Hoya de Agras;0.01
ES523170;55;Conjunt de cavitats de Las Pedrizas;0.01
ES523171;55;Cova Blanca;0.01
ES523172;55;Cova de l'Alt del Pi;0.01
ES523173;55;Cova de la Moneda;0.01
ES523174;55;Cova de la Sarsa;0.01
ES523175;55;Cova de l'Aigua (Carcaixent-Simat);0.01
ES523176;55;Cova de l'Aigua (Quatretonda);0.01
ES523177;55;Cova de l'Autopista;0.01
ES523178;55;Cova de les Graelles;0.01
ES523179;55;Cova de les Meravelles (Alzira);0.01
ES523180;55;Cova de les Meravelles (Llombai);0.01
ES523181;55;Cova de les Rates Penades (Rotova);0.01
ES523182;55;Cova de les Ratetes;0.01
ES523183;55;Cova de Planxa;0.01
ES523184;55;Cova del Bolomor;0.01
ES523185;55;Cova del Cavall;0.01
ES523186;55;Cova del Dragut;0.01
ES523187;55;Cova del Forat;0.01
ES523188;55;Cova del Gall;0.01
ES523189;55;Cova del Sardiner;0.01
ES523190;55;Cova dels Mosseguellos;0.01
ES523191;55;Cova dels Orgues;0.01
ES523192;55;Cova Pates;0.01
ES523193;55;Cova Santa (Font de la Figuera);0.01
ES523194;55;Cova Soterranya;0.01
ES523195;55;Cova Xurra;0.01
ES523196;55;Cueva de Don Juan;0.01
ES523197;55;Cueva de la Fuente de la Plata;0.01
ES523198;55;Cueva de la Pedriza;0.01
ES523199;55;Cueva de las Maravillas;0.01
ES523200;55;Cueva de los Arroces;0.01
ES5232002;59;Serra Calderona;17781.30
ES5232003;59;Curs mitjà del riu Palància;3664.09
ES5232004;59;Rius del Racó d'Ademús;1408.97
ES5232005;59;Lavajos de Sinarcas;24.79
ES5232006;59;Alto Túria;14444.00
ES5232007;59;Riu Xúquer;370.52
ES5232008;59;Curs mitjà del riu Albaida;863.93
ES5232009;59;Serra del Castell de Xàtiva;3.29
ES523201;55;Cueva del Barranco Hondo;0.01
ES5232010;59;Cap de Cullera;0.21
ES523202;55;Cueva del Crisuel;0.01
ES523203;55;Cueva del Lago;0.01
ES523204;55;Cueva del Nacimiento;0.01
ES523205;55;Cueva del Tortero;0.01
ES523206;55;Cueva Dones;0.01
ES523207;55;Cueva Hermosa y Cueva del Alba;0.01
ES523208;55;Cueva Negra (Ayora);0.01
ES523209;55;Pla de Simes;0.01
ES523210;55;Pozo del Moro;0.01
ES523211;55;Sima Aldaia;0.01
ES523212;55;Sima Blanca;0.01
ES523213;55;Sima Colomera;0.01
ES523214;55;Sima de l'Aguila;0.01
ES523215;55;Sima de la Caseta de Damiano;0.01
ES523216;55;Sima de la Llenca del Serrano;0.01
ES523217;55;Sima de la Loma/Cueva del Fronton;0.01
ES523218;55;Sima de las Palomas;0.01
ES523219;55;Sima del Alto de Don Pedro;0.01
ES523220;55;Sima del Campillo;0.01
ES523221;55;Sima del Castell-Sima Torres;0.01
ES523222;55;Sima del Higueral;0.01
ES523223;55;Sima del Palmeral;0.01
ES523224;55;Sima del Puntal de Mateu;0.01
ES523225;55;Sima del Toro;0.01
ES523226;55;Sima Pablo Puchol;0.01
ES523227;55;Sima Pilar;0.01
ES523228;55;Sima Sancho;0.01
ES523229;55;Tunel d'Arguines;0.01
ES523230;55;Tunel de Canals;0.01
ES523231;55;Tunel de Carcalin (I);0.01
ES523232;55;Tunel de Carcalin (II);0.01
ES523233;55;Tunel dels Sumidors;0.01
ES523234;67;Barrancs Carrasca-Gatillo;374.17
ES523235;67;Cinc Germans;65.53
ES523236;67;El Molón;199.81
ES523237;67;La Manguilla;10.64
ES523238;67;Les Fontanelles;86.50
ES523239;67;Los Chorradores;28.97
ES523240;67;Matamón;692.56
ES523241;67;Muela de los Tres Reinos;558.10
ES523242;67;Muntanya de Llaurí;218.43
ES523243;67;Nacimiento del Río Tuéjar;600.65
ES5233001;59;Tinença de Benifassà, Turmell i Vallivana;49686.90
ES5233006;59;Puebla de San Miguel;8796.76
ES5233008;59;Sabinar de Alpuente;9200.83
ES5233009;59;Sierra del Negrete;21934.10
ES5233010;59;Hoces del Cabriel;13274.00
ES5233011;59;Sierras de Martés y el Ave;35242.00
ES5233012;59;Valle de Ayora y sierra del Boquerón;16766.60
ES5233013;59;Serra de Corbera;4819.79
ES5233015;59;Serres del Montdúver i Marxuquera;7582.30
ES5233015;94;Serres del Montdúver i Marxuquera (ZEC);7582.00
ES5233030;59;Marjal de la Safor;1244.92
ES5233030;94;Marjal de la Safor (ZEC);1245.00
ES5233034;59;Sierra del Mugrón;1762.86
ES5233035;59;Arroyo Cerezo;5387.17
ES5233038;59;Dunes de la Safor;66.08
ES5233040;59;Muela de Cortes y el Caroche;61519.10
ES5233041;59;Serra de la Safor;3514.62
ES5233041;94;Serra de la Safor  (ZEC);35145.00
ES5233044;59;Sierra de Malacara;15066.30
ES5233044;93;Sierra de Malacara;15066.37
ES5233045;59;Serra d'Enguera;17305.50
ES5233047;59;Ullals del riu Verd;27.97
ES5233048;59;Sima de les Graelles-Tous;1.00
ES5233049;59;Cova de les Rates Penades (Ròtova);1.00
ES5233050;59;Cova de la Moneda-Cotes;1.00
ES5233051;59;Cova de les Meravelles de Llombai;1.00
ES5234001;59;Cova del Sardiner-Sagunt;1.00
ES5234002;59;Cueva Negra-Ayora;1.00
ES5234003;59;Tunel del Carcalín-Buñol;1.00
ES5234004;59;Cueva del Barranco Hondo-Cheste;1.00
ES5234005;59;Sima de l'Àguila-Picassent;1.00
ES5234006;59;Cova de les Meravelles d'Alzira;1.00
ES5234007;59;Cova Xurra-Gandia;1.00
ES530001;70;S Albufera de Mallorca;1657.55
ES530002;69;Archipielago de Cabrera;10091.72
ES530003;70;Mondrago;771.04
ES530004;70;S Albufera des Grau;5227.20
ES530005;70;Sa Dragonera;275.67
ES530006;62;Ses Fonts Ufanes;50.00
ES530007;70;Llevant;1417.30
ES530008;81;Ses Salines d Eivissa i Formentera;1386.93
ES530009;85;S Albufereta;213.00
ES530010;70;Ses Salines d Eivissa i Formentera;16833.01
ES530011;81;Cap des Freu;13.00
ES530012;81;Cap Farrutx;253.48
ES530013;81;Illots de Ponent;153.69
ES530014;81;S Albufera des Grau;122.32
ES530015;81;Es Vedra i es Vedranell;79.00
ES530016;62;Torrent de Pareis;448.54
ES530018;65;Serra de Tramuntana;63401.98
ES530019;85;Serra de Tramuntana;3477.00
ES530020;86;Serra Tramuntana;586.00
ES530021;91;Avenc de Femenia;0.01
ES530022;91;Avenc de Fra Rafel;0.01
ES530023;91;Avenc de l Anfora;0.01
ES530024;91;Avenc de s aigua;0.01
ES530025;91;Avenc de sa Mitjania;0.01
ES530026;91;Avenc de Son Pou;0.01
ES530027;91;Avenc del Silenci;0.01
ES530028;91;Avenc dels Silos;0.01
ES530029;91;Avenc des Gel;0.01
ES530030;91;Avenc des Gorg Blau;0.01
ES530031;91;Avenc des Llorer;0.01
ES530032;91;Avenc des Puig Caragoler;0.01
ES530033;91;Avenc des Tossals;0.01
ES530034;91;Clot d Almadra;0.01
ES530035;91;Cova Argentera;0.01
ES530036;91;Cova de Cal Pesso;0.01
ES530037;91;Cova de Can Millo o de Coa Negrina;0.01
ES530038;91;Cova de Can Sion;0.01
ES530039;91;Cova de Cornavaques;0.01
ES530040;91;Cova de les Meravelles;0.01
ES530041;91;Cova de Moleta;0.01
ES530042;91;Cova de sa Font de ses Artigues;0.01
ES530043;91;Cova del Boc;0.01
ES530044;91;Cova des Bufador des Solleric;0.01
ES530045;91;Cova des Corral des Porcs;0.01
ES530046;91;Cova des Mirador de s Entreforc;0.01
ES530047;91;Cova des Rovell;0.01
ES530048;91;Cova des Torrent de Cuber;0.01
ES530049;91;Cova Morella;0.01
ES530050;91;Es Bufador de Son Berenguer;0.01
ES530051;91;Font d Algaret;0.01
ES530052;91;Font d en Mig;0.01
ES530053;91;Font d Escorca;0.01
ES530054;91;Font de Baix;0.01
ES530055;91;Font de Balitx;0.01
ES530056;91;Font de Bini Gran;0.01
ES530057;91;Font de Coma Freda;0.01
ES530058;91;Font de s Aritja;0.01
ES530059;91;Font de s Olla;0.01
ES530060;91;Font de sa Balma;0.01
ES530061;91;Font de sa Canaleta;0.01
ES530062;91;Font de sa Fabrica;0.01
ES530063;91;Font de sa Mata;0.01
ES530064;91;Font de sa Teula;0.01
ES530065;91;Font de Son Amer;0.01
ES530066;91;Font del Poll;0.01
ES530067;91;Font des Guix;0.01
ES530068;91;Font des Joncs;0.01
ES530069;91;Font des Noguer;0.01
ES530070;91;Font des Patro Lau;0.01
ES530071;91;Font des Prat;0.01
ES530072;91;Font des Verger;0.01
ES530073;91;Font Major;0.01
ES530074;91;Font Negra;0.01
ES530075;91;Font Rotja;0.01
ES530076;91;Font Viva;0.01
ES530077;91;Fonts de s Hort de Solleric;0.01
ES530078;91;Forat dels Amics;0.01
ES530079;91;Na Gareta;0.01
ES530080;91;Na Lladonera;0.01
ES530081;91;Ses Fonts Ufanes;0.01
ES530082;91;Turixant de Dalt;0.01
ES5310005;59;Badies de Pollença i Alcúdia;30953.48
ES5310008;59;Es Galatzó-s'Esclop;1430.98
ES5310009;59;Es Teix;960.45
ES5310009;93;Es Teix;960.45
ES5310010;59;Comuna de Bunyola;792.06
ES5310010;93;Comuna de Bunyola;792.06
ES5310015;59;Puig de Sant Martí;227.38
ES5310023;59;Illots de Ponent d'Eivissa;2543.64
ES5310023;93;Illots de Ponent ;2543.64
ES5310024;59;La Mola;2197.47
ES5310024;93;La Mola;2197.47
ES5310025;59;Cap de Barbaria;2484.44
ES5310025;93;Cap de Barbaria;2484.44
ES5310026;59;Fita des Ram;288.97
ES5310027;59;Cimals de la Serra;7297.07
ES5310027;93;Cimals de la Serra;7297.07
ES5310028;59;Es Binis;27.90
ES5310029;59;Na Borges;4022.02
ES5310030;59;Costa de Llevant;1854.72
ES5310031;59;Porroig;113.38
ES5310032;59;Cap Llentrisca-sa Talaia;3098.31
ES5310033;59;Xarraca;777.04
ES5310034;59;Serra Grossa;1179.13
ES5310035;59;Àrea marina del Nord de Menorca;5129.81
ES5310036;59;Àrea marina del Sud de Ciutadella;2257.53
ES5310037;59;Basses de la marina de Llucmajor;4.16
ES5310038;59;Cova des Bufador des Solleric;1.00
ES5310039;59;Cova de sa Bassa Blanca;1.00
ES5310040;59;Cova de les Maravelles;1.00
ES5310041;59;Cova de Canet;1.00
ES5310042;59;Avenc d'en Corbera;1.00
ES5310043;59;Cova dels Ases;1.00
ES5310044;59;Cova des Coll;1.00
ES5310045;59;Cova d'en Passol;1.00
ES5310046;59;Cova de ses Rates Pinyades;1.00
ES5310047;59;Cova des Corral des Porcs;1.00
ES5310048;59;Cova de sa Guitarreta;1.00
ES5310049;59;Cova des Pas de Vallgornera;1.00
ES5310050;59;Cova d'en Bessó;1.00
ES5310051;59;Cova de can Bordils;1.00
ES5310052;59;Cova des Diners;1.00
ES5310053;59;Cova del Dimoni;1.00
ES5310054;59;Cova de sa Gleda;1.00
ES5310055;59;Cova des Pirata;1.00
ES5310056;59;Cova des Pont;1.00
ES5310057;59;Cova de cal Pesso;1.00
ES5310058;59;Cova de can Sion;1.00
ES5310059;59;Cova de Llenaire;1.00
ES5310060;59;Cova Morella;1.00
ES5310061;59;Cova Nova de Son Lluís;1.00
ES5310062;59;Es Bufador de Son Berenguer;1.00
ES5310063;59;Cova de can Millo o de Coa Negrina;1.00
ES5310064;59;Avenc de Son Pou;1.00
ES5310065;59;Cova des Drac de cala Santanyí;1.00
ES5310066;59;Cova des Rafal des Porcs;1.00
ES5310067;59;Cova dels Estudiants;1.00
ES5310068;59;Cap Negre;738.71
ES5310069;59;Cala d'Algairens;141.83
ES5310070;59;Punta Redona-Arenal d'en Castell;1012.45
ES5310071;59;Cala en Brut;40.10
ES5310072;59;Caleta de Binillautí;159.78
ES5310073;59;Àrea marina Punta Prima-Illa de l'Aire;0.01
ES5310074;59;De cala Llucalari a Cales Coves;1074.85
ES5310075;59;Arenal de Son Saura;348.56
ES5310076;59;Serral d'en Salat;104.86
ES5310077;59;Es Rajolí;111.39
ES5310078;59;De Cala de Ses Ortigues a cala Estellencs;862.28
ES5310079;59;Puig de na Bauçà;1621.53
ES5310080;59;Puigpunyent;569.62
ES5310081;59;Port des Canonge;618.68
ES5310082;59;S'Estaca-Punta de Deià;1008.99
ES5310083;59;Es Boixos;660.40
ES5310084;59;Torre Picada;122.78
ES5310085;59;Moncaire;250.22
ES5310086;59;Monnàber;10.35
ES5310087;59;Bàlitx;334.24
ES5310088;59;Gorg Blau;166.24
ES5310089;59;Biniarroi;539.58
ES5310090;59;Puig d'Alarò-Puig de s'Alcadena;387.61
ES5310091;59;Mossa;432.97
ES5310092;59;Muntanyes de Pollença;2985.27
ES5310093;59;Formentor;257.16
ES5310094;59;Cala Figuera;67.25
ES5310095;59;Can Picafort;45.26
ES5310096;59;Punta de n'Amer;530.44
ES5310097;59;Àrea marina Costa de Llevant;2013.30
ES5310098;59;Cales de Manacor;589.83
ES5310099;59;Portocolom;75.71
ES5310100;59;Punta des Ras;13.09
ES5310101;59;Randa;1183.34
ES5310102;59;Xorrigo;884.63
ES5310103;59;Àrea marina Cap de cala Figuera;129.75
ES5310104;59;Costa de l'Oest d'Eivissa;1278.85
ES5310105;59;Es Amunts d'Eivissa;1464.99
ES5310106;59;Àrea marina de Ses Margalides;98.82
ES5310107;59;Àrea marina de Tagomago;745.29
ES5310108;59;Àrea marina del cap Martinet;554.88
ES5310109;59;Àrea marina de cala Saona;452.36
ES5310110;59;Àrea marina Platja de Tramuntana;1412.74
ES5310111;59;Àrea marina Platja de Migjorn;2052.89
ES5310112;59;Nord de Sant Joan;1934.80
ES5310113;59;La Vall;3152.66
ES5310114;59;Binigafull;2.70
ES5310115;59;Es Molinet;9.00
ES5310116;59;Biniatrum;1.10
ES5310117;59;Ses Pallisses;2.50
ES5310118;59;Torre Llafuda;96.50
ES5310119;59;Penyes d'Egipte;44.30
ES5310120;59;Es Clot des Guix;89.00
ES5310121;59;Binigurdó;15.00
ES5310122;59;Mal Lloc;16.20
ES5310123;59;Bassa de Formentera;5.60
ES5310124;59;Bassa de Sant Francesc;0.40
ES5310125;59;Albufera de Mallorca;2148.56
ES5310126;59;Puig Malet i Santa Eularieta;35.92
ES5310127;59;Costa Brava de Tramuntana;8378.85
ES5310128;59;Cap Enderrocat i cap Blanc;7122.27
ES610001;70;Sierra Nevada;86355.15
ES610002;69;Sierra Nevada;85882.89
ES610003;70;Sierra de Grazalema;53411.00
ES610004;70;Doñana;53835.00
ES610005;70;Los Alcornocales;167767.00
ES610006;81;Peñón de Zaframagón;127.87
ES610007;65;Embalse de Malpasillo;529.09
ES610008;65;Acantilados de Maro-Cerro Gordo;1789.69
ES610009;70;Sierras de Tejeda, Almijara y Alhama;40665.46
ES610010;69;Doñana;53415.87
ES610011;64;Río Tinto;16957.00
ES610012;65;Embalse de Cordobilla;1443.52
ES6110001;59;ALBUFERA DE ADRA;135.27
ES6110001;93;ALBUFERA DE ADRA;135.27
ES6110002;59;KARST EN YESOS DE SORBAS;2451.08
ES6110002;93;KARST EN YESOS DE SORBAS;2451.08
ES6110003;59;SIERRA MARIA - LOS VELEZ;22589.03
ES6110003;93;SIERRA MARIA - LOS VELEZ;22589.03
ES6110004;59;SIERRA DEL OSO;11910.08
ES6110004;93;Sierra del Oso;12058.33
ES6110005;59;SIERRA DE CABRERA-BEDAR;33529.68
ES6110005;93;Sierra de Cabrera-Bedar;33705.82
ES6110006;59;RAMBLAS DE GERGAL, TABERNAS Y SUR DE SIERRA ALHAMILLA;22314.35
ES6110006;93;Ramblas de Gergal, Tabernas y Sur de Sierra Alhamilla;22852.91
ES6110007;59;LA SERRETA DE CABO DE GATA;597.14
ES6110008;59;SIERRAS DE GADOR Y ENIX;50145.08
ES6110008;93;Sierra de Gador y Enix;50343.76
ES6110009;59;FONDOS MARINOS DE PUNTA ENTINAS-SABINAR;3977.43
ES611001;70;Cabo de Gata-Níjar;49512.20
ES6110010;59;FONDOS MARINOS LEVANTE ALMERIENSE;10685.91
ES6110011;59;SIERRA DEL ALTO DE ALMAGRO;6239.60
ES6110011;93;Sierra del Alto de Almagro;6357.45
ES6110012;59;SIERRAS ALMAGRERA, DE LOS PINOS Y EL AGUILON;5941.97
ES6110012;93;Sierras Almagrera, de los Pinos y el Aguilón;5993.26
ES6110013;59;CALARES DE SIERRA DE LOS FILABRES;6630.41
ES6110013;93;Calares de Sierra de los Filabres;6615.82
ES6110014;59;ARTOS DE EL EJIDO;264.44
ES6110015;59;ALBORAN;26535.81
ES6110016;59;RAMBLA DE AREJOS;2.10
ES6110017;59;RIO ANTAS;23.08
ES6110018;59;RIO ADRA;80.31
ES6110019;59;ARRECIFES DE ROQUETAS DE MAR;204.49
ES611002;70;Sierra María-Los Velez;22539.74
ES6110020;59;ISLOTE DE SAN ANDRES;35.43
ES611003;65;Karst en yesos de Sorbas;2451.05
ES611004;65;Punta Entinas-Sabinar;1944.76
ES611005;65;Sierra Alhamilla;8383.76
ES611006;81;Albufera de Adra;47.57
ES611007;65;Desierto de Tabernas;11463.03
ES611008;81;Punta Entinas-Sabinar;600.34
ES611009;71;Castala;19.72
ES611010;62;Arrecife Barrera de Posidonia;108.00
ES611011;62;Isla de Terreros e Islas Negra;2.00
ES611012;62;Piedra Lobera;207.00
ES611013;62;Isla de San Andrés;7.00
ES611014;65;Alborán;26375.44
ES611015;62;Sabina Albar;0.19
ES611016;62;Cueva de San Ambrosio;11.66
ES6120001;59;COLA DEL EMBALSE DE ARCOS;121.42
ES6120001;93;COLA DEL EMBALSE DE ARCOS;121.42
ES6120002;59;COLA DEL EMBALSE DE BORNOS;695.84
ES6120002;93;COLA DEL EMBALSE DE BORNOS;695.84
ES6120003;59;ESTUARIO DEL RIO GUADIARO;34.51
ES6120003;93;ESTUARIO DEL RIO GUADIARO;34.51
ES6120006;59;MARISMAS DEL RIO PALMONES;57.48
ES6120006;93;MARISMAS DEL RIO PALMONES;57.48
ES6120008;59;LA BREÑA Y MARISMAS DEL BARBATE;5078.35
ES6120008;93;LA BREÑA Y MARISMAS DEL BARBATE;5078.35
ES6120009;59;FONDOS MARINOS DE BAHIA DE CADIZ;7035.23
ES612001;81;Complejo Endorreico de Chiclana;55.54
ES6120011;59;LAGUNA DE LOS TOLLOS;72.30
ES6120013;59;SIERRA LIJAR;7243.33
ES6120013;93;Sierra Lijar;7345.99
ES6120014;59;LAGUNA DE LAS CANTERAS Y EL TEJON;200.50
ES6120014;93;LAGUNA DE LAS CANTERAS Y EL TEJON;200.50
ES6120015;59;ACEBUCHALES DE LA CAMPIÑA SUR DE CADIZ;26491.17
ES6120015;93;Acebuchales de la Campiña Sur de Cádiz;26488.39
ES6120017;59;PUNTA DE TRAFALGAR;663.92
ES6120018;59;PINAR DE ROCHE;690.19
ES6120019;59;RIO SALADO DE CONIL;77.14
ES612002;81;Complejo Endorreico de Espera;47.35
ES6120020;59;TUNEL III DE BORNOS;108.13
ES6120021;59;RIO GUADALETE;70.73
ES6120021;93;Río Guadalete;710.33
ES6120022;59;BUNKER DEL TUFILLO;0.12
ES6120023;59;CORRALES DE ROTA;47.53
ES6120024;59;CUEVA DEL BUHO;22.80
ES6120025;59;RIO IRO;71.64
ES6120026;59;CUEVA DE LAS MESAS DE ALGAR;85.15
ES6120027;59;SALADO DE SAN PEDRO;31.22
ES6120028;59;RIO DE LA JARA;5.70
ES6120029;59;BUNKER DEL SANTUARIO DE LA LUZ;2.78
ES612003;81;Complejo Endorreico de Puerto Real;107.61
ES6120030;59;CUEVAS DE LA MUJER Y DE LAS COLMENAS;47.63
ES6120031;59;RIOS GUADIARO Y HOZGARGANTA;48.95
ES6120031;93;Ríos Guadiaro y hozgarganta;410.10
ES6120032;59;ESTRECHO ORIENTAL;23620.98
ES6120033;59;FONDOS MARINOS MARISMAS DEL RIO PALMONES;86.90
ES6120034;59;FONDOS MARINOS ESTUARIO DEL RIO GUADIARO;102.98
ES612004;81;Complejo Endorreico del Puerto de Sta. María;53.31
ES612005;81;Laguna de Medina;123.73
ES612006;65;Cola del Embalse de Arcos;154.29
ES612007;65;Cola del Embalse de Bornos;817.22
ES612008;65;Estuarío del Río Guadiaro;35.09
ES612009;65;Isla del Trocadero;314.77
ES612010;65;Marismas de Sancti Petri;156.44
ES612011;65;Marismas del Río Palmones;113.05
ES612012;65;Playa de los Lances;240.35
ES612013;70;Bahía de Cádiz;10522.00
ES612014;70;La Breña y Marismas del Barbate;5077.00
ES612015;81;Laguna de las Canteras y el Tejón;14.87
ES612016;82;Laguna de la Paja;41.63
ES612017;71;Dunas de San Antón;88.24
ES612018;71;La Barrosa;107.81
ES612019;62;Tómbolo de Trafalgar;24.00
ES612020;62;Corrales de Rota;108.80
ES612021;62;Duna de Bolonia;13.00
ES612022;62;Punta del Boquerón;75.00
ES612023;70;Estrecho;18932.24
ES612024;71;La Saura;218.00
ES612025;62;Peña de Arcos;10.74
ES6130001;59;SIERRA DE CARDEÑA Y MONTORO;38435.68
ES6130001;93;SIERRA DE CARDEÑA Y MONTORO;38435.68
ES6130002;59;SIERRA SUBBETICA;32055.92
ES6130002;93;SIERRA SUBBETICA;32055.92
ES6130003;59;SIERRA DE SANTA EUFEMIA;10679.21
ES6130003;93;Sierra de Santa Eufemia;10656.17
ES6130004;59;RIO GUADALMEZ;10578.47
ES6130004;93;Río Guadalmez;10552.63
ES6130005;59;SUROESTE DE LA SIERRA DE CARDEÑA Y MONTORO;33069.73
ES6130005;93;Suroeste de la Sierra de Cardeña y Montoro;33064.83
ES6130006;59;GUADALMELLATO;39795.54
ES6130006;93;Guadalmellato;40047.66
ES6130007;59;GUADIATO-BEMBEZAR;114327.76
ES6130007;93;Guadiato-Bembezar;114738.44
ES6130008;59;TRAMO INFERIOR DEL RIO GUADAJOZ;285.46
ES6130008;93;Tramo Inferior del Río Guadajoz;480.04
ES6130009;59;RIOS CUZNA Y GATO;112.09
ES613001;81;Laguna Amarga;12.16
ES6130010;59;RIO GUADAMATILLA Y ARROYO DEL TAMUJAR;135.94
ES6130010;93;Río Guadamatilla y Arroyo del Tamujar;186.83
ES6130011;59;RIO GUADAMATILLA;13.73
ES6130011;93;Río Guadamatilla;79.60
ES6130012;59;RIO ZUJAR;80.99
ES6130012;93;Río Zujar;620.36
ES6130013;59;BARRANCOS DEL RIO RETORTILLO;515.25
ES6130014;59;ARROYO DE VENTAS NUEVAS;4.60
ES6130015;59;RIO GUADALQUIVIR -TRAMO MEDIO;2700.36
ES6130015;93;Río Guadalquivir -Tramo medio;2548.91
ES6130016;59;RIO GUADALBARBO;9.43
ES6130017;93;ALTO GUADIATO;33961.65
ES613002;81;Laguna de los Jarales;9.00
ES613003;81;Laguna de Zóñar;75.73
ES613004;81;Laguna del Conde o Salobral;73.43
ES613005;81;Laguna del Rincón;9.55
ES613006;81;Laguna del Tíscar;21.37
ES613007;70;Sierra de Hornachuelos;60032.00
ES613008;70;Sierras Subbéticas;32056.00
ES613009;70;Sierra de Cardeña y Montoro;38422.98
ES613010;71;Los Villares;485.00
ES613011;71;Los Cabezos;15.00
ES613012;71;Fuente la Zarza;320.52
ES613013;71;Fuente Agria;75.34
ES613014;71;La Sierrezuela;380.12
ES613015;62;Cueva de los Murciélagos;32.00
ES613016;62;Sotos de la Albolafia;21.00
ES613017;62;Meandro de Montoro;99.41
ES6140001;59;SIERRA DE BAZA;53649.51
ES6140001;93;Sierra de Baza;53649.50
ES6140001;97;LIC/ZEC Sierra de Baza;53649.51
ES6140002;59;SIERRA DE CASTRIL;12695.77
ES6140002;93;SIERRA DE CASTRIL;12695.77
ES6140003;59;SIERRA DE HUETOR;12128.41
ES6140003;93;Sierra de Huetor;12128.58
ES6140004;59;SIERRA NEVADA;172238.18
ES6140004;93;SIERRA NEVADA;172238.18
ES6140004;94;Sierra Nevada;172238.18
ES6140004;97;LIC/ZEC/ZEPA Sierra Nevada;172238.18
ES6140005;59;SIERRAS DEL NORDESTE;46227.10
ES6140005;93;Sierras del Nordeste;46227.33
ES6140006;59;SIERRA DE ARANA;20048.65
ES6140006;93;Sierra de Arana;20010.28
ES6140007;59;SIERRAS DEL CAMPANARIO Y LAS CABRAS;8486.92
ES6140007;93;Sierras del Campanario y las Cabras;8488.89
ES6140008;59;SIERRA DE LOJA;25967.54
ES6140008;93;Sierra de Loja;26027.20
ES6140009;59;SIERRA NEVADA NOROESTE;777.65
ES614001;71;Dehesa del Generalife;486.37
ES6140010;59;SIERRA DE BAZA NORTE;1212.27
ES6140010;94;Sierra de Baza;53649.51
ES6140011;59;SIERRA DE CASTELL DE FERRO;731.87
ES6140012;59;LA MALA;615.75
ES6140013;59;FONDOS MARINOS TESORILLO-SALOBREÑA;1020.00
ES6140014;59;ACANTILADOS Y FONDOS MARINOS DE CALAHONDA-CASTELL DE FERRO;971.32
ES6140015;59;BARRANCOS DEL RIO DE AGUAS BLANCAS;2984.14
ES6140016;59;ACANTILADOS Y FONDOS MARINOS DE LA PUNTA DE LA MONA;123.52
ES614002;70;Sierra de Baza;53649.51
ES614003;70;Sierra de Castril;12696.00
ES614004;70;Sierra de Huétor;12128.00
ES614005;62;Peñones de San Cristóbal;2.00
ES614006;62;Cueva de las Ventanas;28.00
ES614007;62;Falla de Nigüelas;8.00
ES614008;62;Peña de Castril;4.00
ES614009;62;Cárcavas de Marchal;5.00
ES614010;62;Infiernos de Loja;3.00
ES614011;71;Dehesas de Santa Fé;241.54
ES614012;82;Charca Suarez;13.78
ES614013;62;Tajos de Alhama;25.79
ES6150001;59;LAGUNA DEL PORTIL;1265.63
ES6150002;59;ENEBRALES DE PUNTA UMBRIA;168.18
ES6150003;59;ESTERO DE DOMINGO RUBIO;343.07
ES6150003;93;ESTERO DE DOMINGO RUBIO;343.07
ES6150004;59;LAGUNAS DE PALOS Y LAS MADRES;648.96
ES6150005;59;MARISMAS DE ISLA CRISTINA;2487.04
ES6150005;93;MARISMAS DE ISLA CRISTINA;2487.04
ES6150006;59;MARISMAS DEL RIO PIEDRAS Y FLECHA DEL ROMPIDO;2389.99
ES6150006;93;MARISMAS DEL RIO PIEDRAS Y FLECHA DEL ROMPIDO;2389.99
ES6150007;59;PEÑAS DE AROCHE;725.14
ES6150007;93;PEÑAS DE AROCHE;725.14
ES6150009;59;DOÑANA NORTE Y OESTE;30968.80
ES615001;65;Marismas del Odiel;6631.36
ES6150010;59;ANDEVALO OCCIDENTAL;52899.61
ES6150010;93;Andévalo occidental;52980.92
ES6150012;59;DEHESA DEL ESTERO Y MONTES DE MOGUER;2918.97
ES6150013;59;DUNAS DEL ODIEL;64.45
ES6150014;59;MARISMAS Y RIBERAS DEL TINTO;3125.84
ES6150014;93;Marismas y Riberas del Tinto;3016.66
ES6150015;59;ISLA DE SAN BRUNO;386.24
ES6150016;59;ACEBUCHAL DE ALPIZAR;80.49
ES6150017;59;MARISMA DE LAS CARBONERAS;263.38
ES6150018;59;RIO GUADIANA Y RIBERA DE CHANZA;1418.57
ES6150018;93;Río Guadiana y Ribera de Chanza;1463.26
ES6150019;59;BAJO GUADALQUIVIR;3895.62
ES6150019;93;Bajo Guadalquivir;4772.41
ES615002;81;Isla de Enmedio;478.32
ES6150020;59;ARROYO DEL ALAMILLO;47.93
ES6150020;93;Arroyo del Alamillo;53.23
ES6150021;59;CORREDOR ECOLOGICO DEL RIO TINTO;21404.98
ES6150021;93;Corredor Ecológico del Río tinto;21833.61
ES6150022;59;RIVERA DE CHANZA;47.39
ES6150022;93;Rivera de Chanza;421.64
ES6150023;59;DEHESA DE TORRECUADROS Y ARROYO DE PILAS;987.97
ES6150024;59;EL JURE;11.63
ES6150025;59;MINA CARPIO;11.31
ES6150026;59;MINA SOTIEL CORONODA;5.20
ES6150027;59;MINA ORIENTE;7.63
ES6150028;59;ESTUARIO DEL RIO PIEDRAS;424.28
ES6150029;59;ESTUARIO DEL RIO TINTO;1160.23
ES615003;81;Marisma de el Burro;575.05
ES615004;65;Enebrales de Punta Umbría;187.57
ES615005;65;Estero de Domingo Rubio;343.06
ES615006;65;Lagunas de Palos y las Madres;648.95
ES615007;65;Marismas de Isla Cristina;2498.02
ES615008;65;Marismas del Río Piedras y Flecha del Rompido;2409.08
ES615009;65;Peñas de Aroche;725.12
ES615010;65;Sierra Pelada y Rivera del Aserrador;12226.00
ES615011;70;Sierra de Aracena y Picos de Aroche;186637.89
ES615012;81;Laguna de el Portil;10.93
ES615013;71;El Saltillo y Lomero Llano;185.75
ES615014;71;La Norieta;91.99
ES615015;62;Acantilado del Asperillo;12.00
ES615016;62;Acebuches del Rocío;1.00
ES615017;62;Encina Dehesa de San Francisco;0.19
ES615018;62;Pino Centenario del Parador de Mazagón;0.19
ES615019;82;Puerto Moral;126.00
ES615020;62;Acebuche de El Espinillo;0.20
ES615021;62;Montera de Goáan;0.93
ES6160001;59;LAGUNA HONDA;367.69
ES6160002;59;ALTO GUADALQUIVIR;768.75
ES6160002;93;ALTO GUADALQUIVIR;768.75
ES6160003;59;CASCADA DE CIMBARRA;534.45
ES6160003;93;CASCADA DE CIMBARRA;534.45
ES6160004;59;LAGUNA GRANDE;199.87
ES6160005;59;DESPEÑAPERROS;7840.21
ES6160005;93;DESPEÑAPERROS;7840.21
ES6160006;59;SIERRAS DE ANDÚJAR;74916.16
ES6160006;93;SIERRAS DE ANDUJAR;74916.16
ES6160007;59;SIERRA MAGINA;19960.70
ES6160007;93;SIERRA MAGINA;19960.70
ES6160008;59;CUENCAS DEL RUMBLAR, GUADALEN Y GUADALMENA;179064.27
ES6160008;93;Cuencas del Rumblar, Guadalen y Guadalmena;179031.80
ES6160009;59;ESTRIBACIONES DE SIERRA MAGINA;6154.04
ES616001;70;Sierras de Cazorla, Segura y las Villas;209935.04
ES6160010;59;TRAMO INFERIOR DEL RIO GUADALIMAR Y ALTO GUADALQUIVIR;1052.09
ES6160010;93;Tramo Inferior del Río Guadalimar y Alto Guadalquivir;817.71
ES6160011;59;RIO GUADIANA MENOR - TRAMO INFERIOR;49.21
ES6160011;93;Río Guadiana Menor - Tramo InfeRíor;369.73
ES6160012;59;RIO JANDULA;4.86
ES6160012;93;Río Jandula, Río Guadalquivir y Río del Rumblar;77.12
ES6160013;59;RIO GUADALQUIVIR  TRAMO SUPERIOR;43.71
ES6160013;93;Río Guadalquivir  Tramo superior;258.21
ES6160014;59;RIO GUADALIMAR;2065.03
ES6160014;93;Río Guadalimar;3167.78
ES6160015;59;RIO GUADIANA MENOR - TRAMO SUPERIOR;31.73
ES616002;65;Alto Guadalquivir;768.75
ES616003;65;Cascada de Cimbarra;534.00
ES616004;65;Laguna Grande;199.87
ES616005;70;Despeñaperros;7637.10
ES616006;70;Sierra de Andújar;74732.03
ES616007;70;Sierra Mágina;19961.00
ES616008;81;Laguna del Chinche;5.41
ES616009;81;Laguna Honda;11.62
ES616010;71;Monte la Sierra;2289.69
ES616011;62;Huellas de Dinosaurios;0.19
ES616012;62;Los órganos de Despeñaperros;85.00
ES616013;62;Pinar de Cánavas;5.00
ES616014;62;Quejigo del Amo o del Carbón;0.19
ES616015;62;El Piélago;7.00
ES616016;71;Santa Catalina;197.00
ES616017;62;Bosque de la Bañizuela;2.32
ES6170001;59;LAGUNA DE LA RATOSA;172.43
ES6170001;93;LAGUNA DE LA RATOSA;172.43
ES6170002;59;ACANTILADOS DE MARO-CERRO GORDO;1789.58
ES6170002;93;ACANTILADOS DE MARO-CERRO GORDO;1789.58
ES6170003;59;DESFILADERO DE LOS GAITANES;2170.26
ES6170003;93;DESFILADERO DE LOS GAITANES;2170.26
ES6170004;59;LOS REALES DE SIERRA BERMEJA;1214.50
ES6170004;93;LOS REALES DE SIERRA BERMEJA;1214.50
ES6170005;59;SIERRA CRESTELLINA;496.30
ES6170005;93;SIERRA CRESTELLINA;496.30
ES6170006;59;SIERRA DE LAS NIEVES;20131.84
ES6170006;93;SIERRA DE LAS NIEVES;20131.84
ES6170007;59;SIERRAS DE TEJEDA, ALMIJARA Y ALHAMA;40648.10
ES6170007;93;SIERRAS DE TEJEDA, ALMIJARA Y ALHAMA;40648.10
ES6170008;59;SIERRAS DE ABDALAJIS Y LA ENCANTADA SUR;2775.57
ES6170008;93;Sierras de Abdalajis y la Encantada Sur;2745.87
ES6170009;59;SIERRAS DE ALCAPARAIN Y AGUAS;5574.79
ES6170009;93;Sierras de Alcaparain y Aguas;5622.90
ES617001;65;Torcal de Antequera;2182.14
ES6170010;59;SIERRAS BERMEJA Y REAL;30907.06
ES6170010;93;Sierras Bermeja y Real;30824.18
ES6170011;59;SIERRA BLANCA;6469.55
ES6170011;93;Sierra Blanca;6547.74
ES6170012;59;SIERRA DE CAMAROLOS;8709.34
ES6170012;93;Sierra de Camarolos;8690.90
ES6170013;59;SIERRA DE MOLLINA;761.71
ES6170013;93;Sierra de Mollina;826.28
ES6170015;59;LAGUNAS DE CAMPILLOS;1338.21
ES6170015;93;LAGUNAS DE CAMPILLOS;1338.21
ES6170016;59;VALLE DEL RIO DEL GENAL;23401.47
ES6170016;93;Valle del Río del Genal;23555.10
ES6170017;59;RIO DE CASTOR;7.41
ES6170018;59;CUEVA DE BELDA I;23.29
ES6170019;59;RIO VERDE;108.40
ES617002;81;Laguna de Fuente de Piedra;1474.56
ES6170020;59;RIO GUADAIZA;9.03
ES6170021;59;RIO GUADALMINA;7.40
ES6170022;59;RIO FUENGIROLA;35.10
ES6170023;59;YESO III, HIGUERONES IX Y EL MARRUBIO;169.62
ES6170024;59;RIO GUADALMANSA;7.14
ES6170025;59;RIO REAL;9.79
ES6170026;59;RIO DEL PADRON;7.32
ES6170027;59;ARROYO DE LA CALA;8.02
ES6170028;59;RIO GUADALMEDINA;25.08
ES6170029;59;RIO MANILVA;12.08
ES6170029;93;Río Manilva;36.73
ES617003;65;Desembocadura del Guadalhorce;82.93
ES6170030;59;CALAHONDA;1382.89
ES6170031;59;RIO GUADIARO;9.70
ES6170032;59;SIERRA BLANQUILLA;1443.56
ES6170032;93;Sierra Blanquilla;1546.99
ES6170033;59;RIOS GUADALHORCE, FABALAS Y PEREILAS;83.84
ES6170033;93;Ríos Guadalhorce, Fabalas y Pereilas;633.43
ES6170034;59;RIO GUADALEVIN;15.19
ES6170036;59;FONDOS MARINOS DE LA BAHIA DE ESTEPONA;552.56
ES6170037;59;EL SALADILLO - PUNTA DE BAÑOS;1747.85
ES6170038;59;MONTES DE MÁLAGA;4992.85
ES6170038;97;Montes de Málaga;4992.85
ES617004;65;Desfiladero de los Gaitanes;2179.64
ES617005;65;Los Reales de Sierra Bermeja;1212.79
ES617006;65;Sierra Crestellina;489.51
ES617007;70;Montes de Málaga;4996.00
ES617008;70;Sierra de las Nieves;20163.00
ES617009;81;Laguna de la Ratosa;23.60
ES617010;81;Lagunas de Archidona;6.57
ES617011;81;Lagunas de Campillos;84.87
ES617012;71;Sierra de Gracia;40.09
ES617013;71;Dehesa del Mercadillo;138.00
ES617014;62;El Tornillo del Torcal;0.20
ES617015;62;Pinsapo de las Escaleretas;0.19
ES617016;71;Pinar del Hacho;85.00
ES617017;62;Cañón de las Buitreras;22.00
ES617018;62;Dunas de Artola o Cabopino;19.00
ES617019;62;Falla de la Sierra del Camorro;109.00
ES617022;62;Tajos del Alcazar;10.71
ES617023;62;Fuente de los Cien Caños-Nacimiento del Rio Guadalhorce;8.25
ES617024;62;Mirador Cuenca del Rio Turon-Mirador del Guarda Forestal;1.62
ES617025;62;Nacimiento del Rio Genal;0.06
ES617026;62;Cueva del Gato;0.88
ES6180001;59;COMPLEJO ENDORREICO DE UTRERA;1132.06
ES6180001;93;COMPLEJO ENDORREICO DE UTRERA;1132.06
ES6180002;59;COMPLEJO ENDORREICO LA LANTEJUELA;896.21
ES6180003;59;LAGUNA DEL GOSQUE;415.19
ES6180003;93;LAGUNA DEL GOSQUE;415.19
ES6180004;59;SIERRA DE ALANIS;6469.91
ES6180005;59;CORREDOR ECOLOGICO DEL RIO GUADIAMAR;16714.22
ES6180005;93;Corredor Ecológico del Río Guadiamar;17013.46
ES6180006;59;LAGUNA DE CORIPE;75.04
ES6180007;59;ARROYO DE SANTIAGO, SALADO DE MORON Y MATABUEYES/GARRAPATA;195.68
ES6180007;93;Arroyo de Santiago, Salado de Morón y Matabueyes/Garrapata;700.57
ES6180009;59;RIO DEL VIAR;5.18
ES618001;65;Brazo del Este;1652.76
ES6180010;59;RIVERA DE CALA;2.16
ES6180011;59;RIO CORBONES;341.25
ES6180011;93;Río Corbones;762.79
ES6180012;59;MINAS EL GALAYO Y LA JABATA;53.95
ES6180013;59;RIO GUADAIRA;44.83
ES6180013;93;Río Guadaira;227.09
ES6180014;59;SALADO DE LEBRIJA-LAS CABEZAS;115.25
ES6180015;59;MINA EL ABREVADERO;170.46
ES6180016;59;VENTA DE LAS NAVAS;607.08
ES6180017;93;CAMPIÑAS DE SEVILLA;35734.90
ES618002;70;Sierra Norte de Sevilla;177281.60
ES618003;81;Complejo Endorreico de la Lantejuela;61.82
ES618004;81;Complejo Endorreico de Lebrija-Las Cabezas;64.24
ES618005;81;Complejo Endorreico de Utrera;90.17
ES618006;81;Laguna del Gosque;35.29
ES618007;82;Cañada de los Pájaros;7.00
ES618008;71;El Gergal;30.00
ES618009;71;La Corchuela;78.49
ES618010;71;Hacienda Porzuna;20.00
ES618011;82;Dehesa de Abajo;561.37
ES618012;62;Cascadas del Huesna;2.00
ES618013;62;Chaparro de la Vega;0.20
ES618014;64;Corredor verde del Guadiamar;2709.94
ES618015;62;Cerro del Hierro;122.00
ES618016;62;Tajos de Mogarejo;13.00
ES618017;62;Encina de los Perros;0.20
ES618018;62;Ribera del Guadaira;53.61
ES6200001;59;Calblanque, Monte de las Cenizas y Peña del Águila;2958.88
ES6200002;59;Carrascoy y El Valle;11833.25
ES6200003;59;Sierra de La Pila;8851.10
ES6200004;59;Sierras y Vega Alta del Segura y Ríos Alhárabe y Moratalla;10991.85
ES6200005;59;Humedal del Ajauque y Rambla Salada;895.60
ES6200006;59;Espacios Abiertos e Islas del Mar Menor;1072.13
ES6200007;59;Islas e Islotes del Litoral Mediterráneo;39.50
ES6200008;59;Sierra Salinas;1337.75
ES6200009;59;Sierra de El Carche;5869.14
ES620001;57;Cañón de Almadenes;116.00
ES6200010;59;Cuatro Calas;172.71
ES6200011;59;Sierra de las Moreras;2504.21
ES6200012;59;Calnegre;781.35
ES6200013;59;Cabezo Gordo;230.25
ES6200014;59;Saladares del Guadalentín;2047.70
ES6200015;59;La Muela y Cabo Tiñoso;7886.13
ES6200016;59;Revolcadores;3480.95
ES6200017;59;Sierra de Villafuerte;6622.06
ES6200018;59;Sierra de la Muela;10904.08
ES6200019;59;Sierra del Gavilán;4085.61
ES620002;57;Islas e Islotes del litoral Mediterráneo;41.00
ES6200020;59;Casa Alta-Las Salinas;3766.90
ES6200021;59;Sierra de Lavia;2187.56
ES6200022;59;Sierra del Gigante;3748.57
ES6200023;59;Sierra de la Tercia;5038.18
ES6200024;59;Cabezo de Roldán;1270.10
ES6200025;59;Sierra de la Fausilla;869.35
ES6200026;59;Sierra de Ricote-La Navela;7743.18
ES6200027;59;Sierra de Abanilla;990.85
ES6200028;59;Río Chícamo;410.53
ES6200029;59;Franja Litoral Sumergida de la Región de Murcia;11318.74
ES620003;57;La Muela y Cabo Tiñoso;9160.00
ES6200030;59;Mar Menor;13568.55
ES6200031;59;Cabo Cope;241.02
ES6200032;59;Minas de la Celia;1.96
ES6200033;59;Cueva de las Yeseras;0.75
ES6200034;59;Lomas del Buitre y Río Luchena;4130.53
ES6200035;59;Sierra de la Almenara;19414.57
ES6200036;59;Sierra del Buey;3811.00
ES6200037;59;Sierra del Serral;1039.68
ES6200038;59;Cuerda de la Serrata;1128.74
ES6200039;59;Cabezo de la Jara y Rambla de Nogalte;1376.82
ES620004;64;Cuatro Calas;221.05
ES6200040;59;Cabezos del Pericón;493.95
ES6200041;59;Rambla de la Rogativa;294.49
ES6200042;59;Yesos de Ulea;802.59
ES6200043;59;Río Quípar;663.30
ES6200044;59;Sierra de las Victorias;208.81
ES6200045;59;Río Mula y Pliego;829.73
ES6200046;59;Sierra de Enmedio;2284.86
ES6200047;59;Sierra de la Torrecilla;3557.30
ES6200048;59;Medio Marino;154526.12
ES620005;64;Sierra de las Moreras;1712.60
ES620006;64;Sierra Salinas;1343.00
ES620007;73;Calnegre y Cabo Cope;2665.68
ES620008;73;Carrascoy y el Valle;16685.80
ES620009;81;Sotos y Bosques de Ribera de Cañaverosa;248.78
ES620010;64;Los Barrancos de Gebas;1908.77
ES620011;73;Calblanque, Monte de las Cenizas y Peña del Águila;2798.25
ES620012;73;Salinas y Arenales de San Pedro del Pinatar;864.86
ES620013;73;Sierra Espuña;17693.18
ES620014;64;Cabezo Gordo;230.00
ES620015;64;Espacios Abiertos e Islas del Mar Menor;1230.94
ES620016;64;Humedal del Ajauque y Rambla Salada;895.61
ES620017;73;Sierra de El Carche;5869.13
ES620018;73;Sierra de la Pila;8851.03
ES620019;64;Saladares del Guadalentín;2035.00
ES620020;62;Monte Arabí;585.84
ES6300001;59;Islas Chafarinas;506.94
ES6310001;59;Calamocarro-Benzú;601.81
ES6310001;93;Calamocarro-Benzú;601.81
ES6310002;59;Zona marítimo-terrestre del Monte Hacho;864.90
ES6320001;59;Zona marítimo terrestre de los acantilados de Aguadú;56.17
ES6320002;59;Barranco del Nano;35.54
ES7010002;59;Barranco Oscuro;33.40
ES7010003;59;El Brezal;109.10
ES7010004;59;Azuaje;456.30
ES7010005;59;Los Tilos de Moya;89.00
ES7010006;59;Los Marteles;2803.70
ES7010007;59;Las Dunas de Maspalomas;361.25
ES7010008;59;Güigüí;2894.37
ES701001;69;Timanfaya;5176.64
ES7010010;59;Pilancones;5781.60
ES7010011;59;Amagro;487.60
ES7010012;59;Bandama;591.08
ES7010014;59;Cueva de Lobos;7612.79
ES7010016;59;Área marina de La Isleta;8549.28
ES7010017;59;Franja marina de Mogán;29993.00
ES7010018;59;Riscos de Tirajana;749.60
ES7010019;59;Roque de Nublo;446.40
ES701002;70;Archipiélago de Chinijo;46004.74
ES7010020;59;Sebadales de La Graciosa;1206.88
ES7010021;59;Sebadales de Guasimeta;1264.31
ES7010022;59;Sebadales de Corralejo;1906.57
ES7010023;59;Malpaís de la Arena;849.80
ES7010024;59;Vega de Río Palmas;367.29
ES7010025;59;Fataga;2725.90
ES7010027;59;Jinámar;31.81
ES7010028;59;Tufia;49.56
ES701003;62;Amagro;487.00
ES7010031;59;Islote de Lobos;454.33
ES7010032;59;Corralejo;2689.30
ES7010033;59;Jandía;14970.05
ES7010034;59;Montaña Cardón;1233.60
ES7010035;59;Playa de Sotavento de Jandía;5424.66
ES7010036;59;Punta del Mármol;29.90
ES7010037;59;Bahía del Confital;623.74
ES7010038;59;Barranco de La Virgen;559.40
ES7010039;59;El Nublo II;13956.00
ES701004;62;Arinaga;94.00
ES7010040;59;Hoya del Gamonal;627.30
ES7010041;59;Barranco de Guayadeque;709.40
ES7010042;59;La Playa del Matorral;98.30
ES7010042;93;La Playa del Matorral;98.30
ES7010044;59;Los Islotes;131.99
ES7010045;59;Archipiélago Chinijo;8806.80
ES7010046;59;Los Volcanes;9987.57
ES7010047;59;La Corona;2608.05
ES7010048;59;Bahía de Gando;477.70
ES7010049;59;Arinaga;91.11
ES701005;62;Barranco de Guayadeque;744.00
ES7010052;59;Punta de la Sal;133.29
ES7010053;59;Playa del Cabrón;953.74
ES7010054;59;Los Jameos;234.70
ES7010055;59;Amurga;5341.20
ES7010056;59;Sebadales de Playa del Inglés;2725.14
ES701006;62;Caldera de Gairía;236.00
ES7010062;59;Betancuria;3322.15
ES7010063;59;Nublo;7110.36
ES7010064;59;Ancones-Sice;223.30
ES7010065;59;Malpaís del Cuchillo;55.40
ES7010066;59;Costa de Sardina del Norte;1426.50
ES701007;62;La Corona;2602.00
ES701008;62;Los Ajaches;2961.00
ES701009;62;Malpaís de la Arena;850.00
ES701010;62;Montaña Cardón;1234.00
ES701011;62;Montaña de Tindaya;183.00
ES701012;70;Tamadaba;7488.00
ES701013;91;Playa del Matorral;96.00
ES701014;91;Roque de Gando;0.50
ES701015;91;Tufia;52.00
ES701016;62;Roque Aguayro;797.00
ES701017;62;Tauro;1257.00
ES701018;64;La Isleta;456.00
ES701019;64;Las Cumbres;4274.00
ES701020;64;Montaña de Agüimes;256.00
ES701021;64;Pino Santo;2994.00
ES701022;64;Tafira;1479.00
ES701023;64;Tenegüime;414.00
ES701024;64;Vallebrón;1653.00
ES701025;70;Jandía;14973.00
ES701026;70;Pilancones;5777.00
ES701027;74;Betancuria;16177.00
ES701028;74;Doramas;3879.00
ES701029;86;Inagua;3531.00
ES701030;91;Janubio;163.00
ES701031;91;Jinámar;31.00
ES701032;91;Juncalillo del Sur;186.00
ES701033;86;Barranco Oscuro;34.00
ES701034;85;Las Dunas de Maspalomas;360.00
ES701035;62;Bandama;322.00
ES701036;62;Islote de los Halcones;9.00
ES701037;62;Cueva de los Naturalistas;153.16
ES701038;62;Los Cuchillos de Vigán;5936.00
ES701039;62;Montañas de Fuego;385.00
ES701040;62;Montañón Negro;190.00
ES701041;70;Corralejo;2618.00
ES701042;62;Riscos de Tirajana;750.00
ES701043;62;Roque Nublo;442.00
ES701044;64;Fataga;2963.00
ES701045;64;La Geria;5318.68
ES701046;64;Lomo Magullo;178.00
ES701047;64;Malpaís Grande;3203.00
ES701048;70;Islote de Lobos;454.00
ES701049;70;Los Volcanes;9990.32
ES701050;74;Nublo;27405.00
ES701051;85;Azuaje;71.00
ES701052;85;El Brezal;110.00
ES701053;85;Güi-güí;2893.00
ES701054;85;Los Marteles;3549.00
ES701055;85;Los Tilos de Moya;90.00
ES701056;86;Los Islotes;138.29
ES701057;91;Los Jameos;31.00
ES701058;62;Ajuí;32.00
ES701059;62;Barranco del Draguillo;232.00
ES7011001;59;Los Risquetes;9.10
ES7011002;59;Cagafrecho;630.38
ES7011003;59;Pino Santo;1564.80
ES7011004;59;Macizo de Tauro II;5117.60
ES7011005;59;Sebadales de Güigüí;7222.01
ES7020001;59;Mencáfete;454.60
ES7020002;59;Roques de Salmor;4.50
ES7020003;59;Tibataje;596.75
ES7020004;59;Risco de Las Playas;999.02
ES7020006;59;Timijiraque;376.68
ES7020008;59;Pinar de Garafía;1027.50
ES7020009;59;Guelguén;1065.21
ES702001;69;El Teide;18833.03
ES7020010;59;Las Nieves;5111.86
ES7020011;59;Cumbre Vieja;7522.10
ES7020012;59;Montaña de Azufre;75.80
ES7020014;59;Risco de la Concepción;65.70
ES7020015;59;Costa de Hiscaguán;249.90
ES7020016;59;Barranco del Jorado;98.20
ES7020017;59;Franja marina Teno-Rasca;69490.53
ES7020018;59;Tubo volcánico de Todoque;45.19
ES702002;69;La Caldera de Taburiente;4394.37
ES7020020;59;Tablado;223.60
ES7020021;59;Barranco de las Angustias;1699.00
ES7020022;59;Tamanca;2074.59
ES7020024;59;Juan Mayor;28.30
ES7020025;59;Barranco del Agua;74.20
ES7020026;59;La Caldereta;18.00
ES7020028;59;Benchijigua;483.20
ES7020029;59;Puntallana;282.82
ES702003;69;Garajonay;3726.50
ES7020030;59;Majona;1975.70
ES7020032;59;Roque Cano;57.10
ES7020033;59;Roque Blanco;29.80
ES7020034;59;La Fortaleza;53.10
ES7020035;59;Barranco del Cabrito;1160.40
ES7020037;59;Lomo del Carretón;248.50
ES7020039;59;Orone;1706.60
ES702004;62;Barranco de Fasnia y Güímar;151.00
ES7020041;59;Charco del Conde;9.20
ES7020042;59;Charco de Cieno;5.20
ES7020043;59;Parque Nacional del Teide;18993.10
ES7020044;59;Ijuana;903.18
ES7020045;59;Pijaral;295.70
ES7020046;59;Los Roques de Anaga;9.80
ES7020047;59;Pinoleris;178.40
ES7020048;59;Malpaís de Güímar;289.46
ES7020049;59;Montaña Roja;166.51
ES7020049;93;Montaña Roja;166.51
ES702005;62;Barranco del Cabrito;1160.00
ES7020050;59;Malpaís de la Rasca;313.85
ES7020051;59;Barranco del Infierno;1824.10
ES7020052;59;Chinyero;2380.00
ES7020053;59;Las Palomas;582.70
ES7020054;59;Corona Forestal;41067.70
ES7020055;59;Barranco de Fasnia y Güímar;151.10
ES7020056;59;Montaña Centinela;130.70
ES7020057;59;Mar de Las Calmas;9890.14
ES7020058;59;Montañas de Ifara y Los Riscos;284.90
ES702006;62;Barranco del Jorado;98.00
ES7020061;59;Roque de Jama;92.50
ES7020064;59;Los Sables;3.10
ES7020065;59;Montaña de Tejina;167.70
ES7020066;59;Roque de Garachico;3.04
ES7020066;93;Roque de Garachico;3.04
ES7020068;59;La Rambla de Castro;43.66
ES7020069;59;Las Lagunetas;3568.30
ES702007;62;Roque de Garachico;3.00
ES7020070;59;Barranco de Erques;262.70
ES7020071;59;Montaña de la Centinela ;15.00
ES7020072;59;Montaña de la Breña;26.10
ES7020073;59;Los Acantilados de la Culata;440.90
ES7020074;59;Los Campeches, Tigaiga y Ruiz;543.50
ES7020075;59;La Resbala;590.60
ES7020076;59;Riscos de Bajamar;26.00
ES7020077;59;Acantilado de la Hondura;32.50
ES7020078;59;Tabaibal del Porís;47.50
ES702008;62;Roque de Jama;92.00
ES7020081;59;Interián;100.20
ES7020082;59;Barranco de Ruiz;95.30
ES7020084;59;Barlovento, Garafía, El Paso y Tijarafe;5561.70
ES7020085;59;El Paso y Santa Cruz de La Palma;1390.50
ES7020086;59;Santa Cruz de La Palma;216.00
ES7020087;59;Breña Alta;60.80
ES7020088;59;Sabinar de Puntallana;14.10
ES7020089;59;Sabinar de La Galga;81.00
ES702009;62;La Caldera;40.00
ES7020090;59;Monteverde de Don Pedro-Juan Adalid;483.10
ES7020091;59;Monteverde de Gallegos-Franceses;1408.60
ES7020092;59;Monteverde de Lomo Grande;494.90
ES7020093;59;Monteverde de Barranco Seco-Barranco del Agua;1939.10
ES7020094;59;Monteverde de Breña Alta;823.20
ES7020095;59;Anaga;10349.82
ES7020096;59;Teno;6121.03
ES7020097;59;Teselinde-Cabecera de Vallehermoso;2340.90
ES7020098;59;Montaña del Cepo;1160.27
ES7020099;59;Frontera;8816.67
ES702010;62;Caldera del Rey;177.00
ES7020100;59;Cueva del Viento;137.70
ES7020101;59;Laderas de Enchereda;682.60
ES7020102;59;Barranco de Charco Hondo;392.40
ES7020103;59;Barranco de Argaga;187.10
ES7020104;59;Valle Alto de Valle Gran Rey;706.80
ES7020105;59;Barranco del Águila;164.40
ES7020106;59;Cabecera Barranco de Aguajilva;140.30
ES7020107;59;Cuenca de Benchijigua-Guarimiar;1341.40
ES7020108;59;Taguluche;139.50
ES7020109;59;Barrancos del Cedro y Liria;584.18
ES7020109;93;Barrancos del Cedro y Liria;584.18
ES702011;62;Costa de Hiscaguán;249.00
ES7020110;59;Barranco de Niágara;38.70
ES7020111;59;Barranco de Orchilla;18.40
ES7020112;59;Barranco de las Hiedras-El Cedro;166.40
ES7020113;59;Acantilado costero de Los Perros;65.90
ES7020114;59;Riscos de Lara;103.40
ES7020115;59;Laderas de Chío;197.10
ES7020116;59;Sebadales del sur de Tenerife;2677.14
ES7020117;59;Cueva marina de San Juan;0.70
ES7020118;59;Barranco de Icor;36.50
ES7020119;59;Lomo de Las Eras;1.70
ES702012;62;Montaña Centinela;131.00
ES7020120;59;Sebadal de San Andrés;577.92
ES7020121;59;Barranco Madre del Agua;9.80
ES7020122;59;Franja marina de Fuencaliente;7064.35
ES7020123;59;Franja marina Santiago-Valle Gran Rey;13133.89
ES7020124;59;Costa de Garafía;3468.04
ES7020125;59;Costa de los Órganos;1164.00
ES7020126;59;Costa de San Juan de la Rambla;1602.90
ES7020127;59;Risco de la Mérica;38.30
ES7020128;59;Sebadales de Antequera;270.13
ES7020129;59;Piña de mar de Granadilla;0.93
ES702013;62;Montaña Colorada;507.00
ES702014;62;Montaña de Guaza;718.00
ES702015;62;Montaña de los Frailes;25.00
ES702016;62;Montaña de Azufre;76.00
ES702017;62;Montañas de Ifara y Los Riscos;285.00
ES702018;62;Las Playas;967.00
ES702019;62;Lomo del Carretón;249.98
ES702020;62;Derriscaderos;265.00
ES702021;62;Los Órganos;152.00
ES702022;62;Volcanes de Aridane;101.00
ES702023;62;Montaña Amarilla;28.00
ES702024;62;Montaña Tejina;168.00
ES702025;62;Montaña Pelada;151.00
ES702026;70;Corona Forestal;41083.30
ES702027;91;Tabaibal del Porís;48.00
ES702028;62;Risco de la Concepción;66.00
ES702029;62;Roque Blanco;27.44
ES702030;62;Roque Cano;57.00
ES702031;91;La Caleta;76.82
ES702032;64;Barranco de Erques;238.00
ES702033;64;Barranco de las Angustias;1645.11
ES702034;64;Costa de Acentejo;384.00
ES702035;64;Rambla de Castro;45.00
ES702036;64;Orone;1707.00
ES702037;64;Timijiraque;375.00
ES702038;64;Ventejís;1124.00
ES702039;70;Majona;1953.33
ES702040;74;Anaga;14266.11
ES702041;74;Frontera;12285.62
ES702042;74;Teno;7993.00
ES702043;74;Valle de Gran Rey;1944.51
ES702044;85;Barranco del Infierno;1824.00
ES702045;85;Guelguén;1062.00
ES702046;85;Malpaís de Güímar;449.00
ES702047;85;Malpaís de La Rasca;313.00
ES702048;85;Montaña Roja;163.00
ES702049;85;Puntallana;286.00
ES702050;85;Tibataje;593.00
ES702051;86;Benchijigua;480.75
ES702052;86;Pinar de Garafía;1028.00
ES702053;91;Charco del Conde;10.00
ES702054;91;Juan Mayor;28.00
ES702055;91;Barranco del Agua;74.00
ES702056;64;Acantilados de La Culata;541.00
ES702057;91;Acantilado de la Hondura;32.00
ES702058;91;Acantilados de Alajeró;281.00
ES702059;62;Idafe;0.40
ES702060;62;La Fortaleza;53.00
ES702061;62;Los Roques;104.00
ES702062;70;Cumbre Vieja;7522.00
ES702063;91;Las Salinas de Fuencaliente;7.00
ES702064;62;El Teide;3586.00
ES702065;62;Tubo Volcánico de Todoque;2.00
ES702066;64;El Remo;184.00
ES702067;64;Tablado;224.00
ES702068;64;Ifonche;770.00
ES702069;64;La Resbala;769.00
ES702070;64;Las Lagunetas;4151.00
ES702071;64;Siete Lomas;1001.00
ES702072;64;Campeches, Tigaiga y Ruiz;639.00
ES702073;64;Tamanca;2020.00
ES702074;70;Las Nieves;5113.45
ES702075;85;Chinyero;2380.00
ES702076;85;Las Palomas;583.00
ES702077;86;Pijaral;296.00
ES702078;86;Ijuana;902.00
ES702079;86;Mencáfete;454.00
ES702080;86;Pinoleris;178.00
ES702081;86;Roques de Anaga;10.00
ES702082;86;Roques de Salmor;4.00
ES702083;91;Acantilados de Isorana;25.00
ES702084;91;Barranco de Ruiz;95.00
ES702085;91;Charco de Cieno;5.00
ES702086;91;Interián;100.00
ES702087;62;Volcanes de Teneguía;952.00
ES801001;69;Picos de Europa;63600.71
ES802001;69;Sierra de Guadarrama;33959.88
ES90ATL01;59;El Cachucho;234950.33
ES999922;93;Àrees emergides de les Illes Columbretes;19.40
ES999923;93;Penya-segats de la Marina;943.08
ES999924;93;Illa de Tabarca;43.48
ES999925;93;Sierra de Malacara;15066.30
ES999926;93;Clot de Galvany;271.87
ES999927;93;Desembocadura del riu Millars;345.84
ES999928;94;Serra d'en Galceran (ZEC);11320.00
ES999929;94;Sabinar de Alpuente (ZEC);9200.83
ES999930;94;Alto Turia (ZEC);14444.00
ES999931;94;Sierra del Negrete (ZEC);21934.10
ES999932;94;Serra d'Enguera (ZEC);17305.50
ES999933;94;Sierra de Malacara (ZEC);15066.30
ES999934;94;Muela de Cortes y el Caroche (ZEC);61519.10
ES999935;94;Valle de Ayora y sierra del Boquerón (ZEC);16766.60
ES999936;94;Sierras de Martés y el Ave (ZEC);35242.00
ES999937;94;Marjal dels Moros (ZEC);619.45
ES999938;94;Marjal de Nules (ZEC);644.30
ES999939;94;Lavajos de Sinarcas (ZEC);24.80
ES999940;94;Desembocadura del riu Millars (ZEC);345.84
ES999941;94;Hoces del Cabriel (ZEC);13274.00
ES999942;94;Serra Calderona (ZEC);17781.30
ES999943;94;Serra d'Espadà (ZEC);31023.10
ES999944;94;Desert de les Palmes (ZEC);3070.83
ES999945;94;Serres de Mariola i el Carrascar de la Font Roja (ZEC);19945.90
ES999946;94;Marjal de Pego-Oliva (ZEC);1255.02
ES999947;94;Salinas de Santa Pola (ZEC);2504.12
ES999948;94;Llacunes de la Mata i Torrevieja (ZEC);3709.16
ES999949;94;El Fondo d'Elx-Crevillent (ZEC);2374.63
ES999950;94;Algepsars de Finestrat (ZEC);102.65
ES999951;94;Cueva del Perro (ZEC);1.00
ES999952;94;Cova Juliana (ZEC);1.00
ES999953;94;Cova dels Mosseguellos (ZEC);1.00
ES999954;94;Túnel de Canals (ZEC);1.00
ES999955;94;Cova de les Rates Penades (ZEC);1.00
ES999956;94;Cova Xurra (ZEC);1.00
ES999957;94;Cova de la Moneda (ZEC);1.00
ES999958;94;Cueva Negra (ZEC);1.00
ES999959;94;Sima de les Graelles (ZEC);1.00
ES999960;94;Cova de les Meravelles - Alzira (ZEC);1.00
ES999961;94;Cova de les Meravelles - Llombai (ZEC);1.00
ES999962;94;Sima de l'Àguila (ZEC);1.00
ES999963;94;Túnel del Carcalín (ZEC);1.00
ES999964;94;Cueva del Barranco Hondo (ZEC);1.00
ES999965;94;Cova del Sardiner (ZEC);1.00
ES999966;94;Forat d'en Ferràs (ZEC);1.00
ES999967;94;Cova Obscura (ZEC);1.00
ES999968;70;Parque Natural de la Serra Gelada (marino);4977.23
ES999977;67;Serra del Puig;17.45
ES999978;67;Matamón;692.56
ES999979;67;Monte Coto-Pinoso;286.10
ES999980;67;Muela de los Tres Reinos;56726.00
ES999981;67;Los Chorradores;28.95
ES999982;67;Los Algezares;507.34
ES999983;67;Lagunas de Lo Monte;10.16
ES999984;67;Nacimiento del Río Tuéjar;600.67
ES999985;67;La Manguilla;10.80
ES999986;67;Muntanya de Llaurí;223.83
ES999987;67;Penyes Albes;347.42
ES999988;67;Barranco la Hoz;1008.99
ES999989;67;Barranc de la Fos;604.74
ES999990;67;La Colaita;951.08
ES999991;67;Sierra de Chiva;5744.00
ES999992;67;Sant Pasqual-Torretes;69.30
ES999993;67;La Sierra;185.53
ES999994;67;Les Fontanelles;86.42
ES999995;67;El Molón;199.81
ES999996;67;Serra de les Àguiles i Sant Pasqual;384.06
ES999997;67;Castillo de Arenós;32.51
ES999998;67;Pereroles;360.67
ES9999999;90;Otros Espacios Protegidos;99999.00
esm04;99;esm04;12345.00
esme05;50;esm05;32432.00
ESZZ12001;59;Banco de Galicia;1035191.88
ESZZ12002;59;Volcanes de fango del Golfo de Cádiz;318599.78
ESZZ12003;59;Sistema de Cañones Submarinos de Avilés;339025.63
ESZZ15001;59;Banco de la Concepción;610067.13
ESZZ15002;59;Espacio marino del oriente y sur de Lanzarote-Fuerteventura;1432842.46
ESZZ16001;59;Sistema de cañones submarinos occidentales del Golfo de León;94405.22
ESZZ16002;59;Canal de Menorca;337980.55
ESZZ16003;59;Sur de Almería - Seco de los Olivos;282924.54
ESZZ16004;59;Espacio Marino de Illes Columbretes;1278.62
ESZZ16005;59;Espacio Marino de Alborán;10887.96
ESZZ16006;59;Espacio marino de Ifac;922.97
ESZZ16007;59;Espacio marino de la Marina Alta;2319.26
ESZZ16007;93;Espacio marino de la Marina Alta;2319.26
ESZZ16008;59;Espacio marino del Cabo de les Hortes;4253.26
ESZZ16009;59;Espacio marino de Cabo Roig;4686.50
ESZZ16009;93;Espacio Marino de Cabo Roig;4686.50
ESZZ16010;59;Espacio marino del entorno de Illes Columbretes;12286.47
ESZZ16010;93;Espacio marino del entorno de Illes Columbretes;12286.47
X001;78;Valle del Cabriel;421797.00
X002;78;Alto Turia;67.00
