IdComunidad;IdProvincia;IdMunicipio;IdComarcaIsla;Nombre;Huso;X;Y;Hoja;Cuadricula;fechabaja
1;1;0;100;INDETERMINADO;;;;0000;000;
1;1;1;103;ALEGRÍA-DULANTZI;30;540157;4742230;0601;M07;
1;1;2;101;AMURRIO;30;502391;4763940;0601;K03;
1;1;3;102;ARAMAIO;30;533202;4766230;0601;K06;
1;1;4;101;ARTZINIEGA;30;488542;4775500;0601;J01;
1;1;6;104;ARMIÑÓN;30;510876;4729920;0601;N04;
1;1;8;103;ARRAZUA-UBARRUNDIA;30;531584;4752690;0601;M05;
1;1;9;103;ASPARRENA;30;556927;4751100;0601;M08;
1;1;10;101;AIARA/AYALA;30;493714;4769440;0601;K02;
1;1;11;106;MAÑUETA/BAÑOS DE EBRO;30;526746;4708150;0602;B05;
1;1;13;103;BARRUNDIA;30;541544;4751340;0601;L07;
1;1;14;104;BERANTEVILLA;30;513814;4726260;0601;O04;
1;1;16;105;BERNEDO;30;539132;4727100;0602;A07;
1;1;17;105;KANPEZU/CAMPEZO;30;552490;4726390;0601;O08;
1;1;18;102;ZIGOITIA;30;522083;4757510;0601;L05;
1;1;19;106;KRIPAN;30;539931;4716110;0602;A06;
1;1;20;104;KUARTANGO;30;505419;4749440;0601;M03;
1;1;21;103;BURGELU/ELBURGO;30;537107;4746070;0601;M06;
1;1;22;106;ELCIEGO;30;530870;4706450;0602;B06;
1;1;23;106;BILAR/ELVILLAR;30;537735;4712590;0602;A06;
1;1;27;103;IRURAIZ-GAUNA;30;542953;4741410;0601;M07;
1;1;28;106;LABASTIDA;30;515865;4717230;0602;A04;
1;1;30;105;LAGRÁN;30;532186;4719020;0602;A06;
1;1;31;106;LAGUARDIA;30;535171;4710920;0602;A06;
1;1;32;106;LANTZIEGO/LANCIEGO;30;541150;4710520;0602;A06;
1;1;33;106;LAPUEBLA DE LABARCA;30;535375;4704940;0602;B06;
1;1;34;106;LEZA;30;529905;4713460;0602;A06;
1;1;36;101;LLODIO/LAUDIO;30;501911;4776340;0601;J03;
1;1;37;105;ARRAIA-MAEZTU;30;545551;4733310;0601;N07;
1;1;39;106;MOREDA DE ALAVA;30;548227;4708730;0602;B07;
1;1;41;106;NAVARIDAS;30;530357;4709990;0602;A06;
1;1;42;101;OKONDO;30;498702;4779710;0601;J02;
1;1;43;106;OION-OYÓN;30;546624;4710600;0602;B07;
1;1;44;105;URIZAHARRA-PEÑACERRADA;30;524271;4720890;0601;O05;
1;1;46;104;ERRIBERAGOITIA/RIBERA ALTA;30;506182;4739120;0601;N03;
1;1;47;104;ERRIBERA BEITIA/RIBERA BAJA;30;508131;4730120;0601;O03;
1;1;49;104;AÑANA;30;500754;4740400;0601;N03;
1;1;51;103;AGURAIN/SALVATIERRA;30;550241;4743290;0601;M08;
1;1;52;106;SAMANIEGO;30;526981;4713470;0602;A05;
1;1;53;103;DONEMILIAGA/SAN MILLÁN;30;549814;4747780;0601;M08;
1;1;54;102;URKABUSTAIZ;30;506489;4757310;0601;L03;
1;1;55;104;VALDEGOVIA;30;489803;4745700;0601;M02;
1;1;56;105;HARANA/VALLE DE ARANA;30;555968;4734280;0601;N08;
1;1;57;106;ESKUERNAGA/VILLABUENA DE ÁLAVA;30;527860;4710160;0602;A05;
1;1;58;102;LEGUTIO;0;0;0;0601;L05;
1;1;59;103;VITORIA-GASTEIZ;30;525579;4744430;0601;M05;
1;1;60;106;IECORA/YÉCORA;30;543744;4711820;0602;A07;
1;1;61;103;ZALDUONDO;30;553710;4750200;0601;M08;
1;1;62;104;ZAMBRANA;30;514784;4722980;0601;O04;
1;1;63;102;ZUIA;30;513226;4757700;0601;L04;
1;1;803;103;PARZONERIA DE ENTZIA;0;0;0;0601;M08;
1;1;804;105;COMUNIDAD BITIGARRA;0;0;0;0601;N08;
1;1;805;105;COMUNIDAD MARQUILLANO;0;0;0;0601;N08;
1;1;806;105;PARZONERIA ENTZIA-ARRIBA;0;0;0;0601;N08;
1;1;807;104;J.ADVA. OSMA Y FRESNEDA;0;0;0;0601;M02;
1;1;808;104;SIERRA BRAVA DE BADAYA;0;0;0;0601;M04;
1;1;809;104;COMUNIDAD GUIBIJO;0;0;0;0601;L03;
1;1;810;104;J.ADVA. CARCAMO Y GUINEA;0;0;0;0601;M02;
1;1;812;104;J.ADVA. VALDEREJO;0;0;0;0601;M01;
1;1;813;104;J.ADVA. VILLAMAD-BELLOJIN;0;0;0;0601;M02;
1;1;814;104;COM. CONSIERRA DE ARCENA;0;0;0;0601;N02;
1;1;815;103;J.ADVA. GOMETZA-ESQUIVEL;0;0;0;0601;M05;
1;1;816;101;ANT.HERM. SIERRA SALVADA;0;0;0;0601;K02;
1;1;901;104;IRUÑA OKA/IRUÑA DE OCA;30;514809;4741770;0601;M04;
1;1;902;104;LANTARÓN;30;499121;4733610;0601;N02;
1;1;999;100;OTRA PROVINCIA;0;0;0;0000;000;
1;20;0;2000;INDETERMINADO;;;;0000;000;
1;20;1;2006;ABALTZISKETA;30;572967;4765610;0601;K10;
1;20;2;2006;ADUNA;30;576843;4785170;0601;I10;
1;20;3;2007;AIZARNAZABAL;30;562367;4790640;0601;I09;
1;20;4;2006;ALBIZTUR;30;570068;4776080;0601;J10;
1;20;5;2006;ALEGIA;30;573421;4772490;0601;J10;
1;20;6;2006;ALKIZA;30;572239;4780310;0601;I10;
1;20;7;2006;ALTZO;30;575871;4772240;0601;J10;
1;20;8;2006;AMEZKETA;30;575728;4766810;0601;K10;
1;20;9;2004;ANDOAIN;30;580295;4785490;0601;I10;
1;20;10;2006;ANOETA;30;575271;4780080;0601;J10;
1;20;11;2003;ANTZUOLA;30;550978;4772090;0601;J08;
1;20;12;2005;ARAMA;30;568188;4767860;0601;K09;
1;20;13;2003;ARETXABALETA;30;542069;4763610;0601;K07;
1;20;14;2006;ASTEASU;30;571964;4784100;0601;I10;
1;20;15;2005;ATAUN;30;568420;4758450;0601;K09;
1;20;16;2007;AIA;30;569093;4788430;0601;I09;
1;20;17;2007;AZKOITIA;30;554618;4780450;0601;I08;
1;20;18;2007;AZPEITIA;30;560273;4779380;0601;I08;
1;20;19;2005;BEASAIN;30;563691;4769360;0601;K09;
1;20;20;2007;BEIZAMA;30;564885;4775360;0601;J09;
1;20;21;2006;BELAUNTZA;30;578307;4776600;0601;J10;
1;20;22;2006;BERASTEGI;30;584687;4776230;0601;J11;
1;20;23;2006;BERROBI;30;579362;4777680;0601;J10;
1;20;24;2006;BIDEGOIAN;30;567960;4776330;0601;J09;
1;20;25;2005;ZEGAMA;30;557534;4757380;0601;L08;
1;20;26;2005;ZERAIN;30;557820;4762400;0601;K08;
1;20;27;2007;ZESTOA;30;561605;4787560;0601;I09;
1;20;28;2006;ZIZURKIL;30;575136;4785550;0601;I10;
1;20;29;2002;DEBA;30;555324;4790490;0601;H08;
1;20;30;2002;EIBAR;30;543484;4783000;0601;I07;
1;20;31;2006;ELDUAIN;30;583398;4779670;0601;J11;
1;20;32;2002;ELGOIBAR;30;548592;4785010;0601;I07;
1;20;33;2003;ELGETA;30;542161;4777640;0601;J07;
1;20;34;2003;ESKORIATZA;30;538176;4761070;0601;K06;
1;20;35;2005;EZKIO-ITSASO;30;559819;4770560;0601;K09;
1;20;36;2001;HONDARRIBIA;30;595206;4801790;0701;G01;
1;20;37;2005;GAINTZA;30;570911;4767400;0601;K10;
1;20;38;2005;GABIRIA;30;557415;4767070;0601;K08;
1;20;39;2007;GETARIA;30;563896;4793980;0601;H09;
1;20;40;2004;HERNANI;30;585915;4787790;0601;H11;
1;20;41;2006;HERNIALDE;30;573615;4778490;0601;J10;
1;20;42;2006;IBARRA;30;577385;4777230;0601;J10;
1;20;43;2005;IDIAZABAL;30;562657;4759900;0601;K09;
1;20;44;2006;IKAZTEGIETA;30;571716;4771500;0601;J10;
1;20;45;2001;IRUN;30;598730;4797160;0701;H01;
1;20;46;2006;IRURA;30;576694;4779850;0601;J10;
1;20;47;2005;ITSASONDO;30;566827;4770460;0601;K09;
1;20;48;2006;LARRAUL;30;571491;4782060;0601;I10;
1;20;49;2005;LAZKAO;30;567760;4763600;0601;K09;
1;20;50;2006;LEABURU;30;578853;4774520;0601;J10;
1;20;51;2005;LEGAZPI;30;553687;4764440;0601;K08;
1;20;52;2006;LEGORRETA;30;569105;4771280;0601;J09;
1;20;53;2004;LEZO;30;591091;4798050;0601;H11;
1;20;54;2006;LIZARTZA;30;579067;4771860;0601;J10;
1;20;55;2003;ARRASATE/MONDRAGÓN;30;540726;4769140;0601;K07;
1;20;56;2002;MUTRIKU;30;548842;4793750;0601;H07;
1;20;57;2005;MUTILOA;30;558605;4764340;0601;K08;
1;20;58;2005;OLABERRIA;30;564738;4764010;0601;K09;
1;20;59;2003;OÑATI;30;547864;4762440;0601;K07;
1;20;60;2006;OREXA;30;581250;4771500;0601;J11;
1;20;61;2007;ORIO;30;572553;4793380;0601;H10;
1;20;62;2005;ORMAIZTEGI;30;561049;4765980;0601;K09;
1;20;63;2004;OIARTZUN;30;594305;4792380;0701;H01;
1;20;64;2004;PASAIA;30;589490;4799160;0601;H11;
1;20;65;2002;SORALUZE/PLASENCIA DE ARMAS;30;548026;4780870;0601;I07;
1;20;66;2007;ERREZIL;30;566344;4780840;0601;J09;
1;20;67;2004;ERRENTERIA;30;590341;4790940;0601;H11;
1;20;68;2003;LEINTZ-GATZAGA;30;535576;4758430;0601;L06;
1;20;69;2004;DONOSTIA-SAN SEBASTIÁN;30;582122;4794190;0601;H11;
1;20;70;2005;SEGURA;30;560424;4760860;0601;K09;
1;20;71;2006;TOLOSA;30;574816;4773140;0601;J10;
1;20;72;2004;URNIETA;30;583632;4786700;0601;I11;
1;20;73;2004;USURBIL;30;576111;4791830;0601;H10;
1;20;74;2003;BERGARA;30;546522;4774970;0601;J07;
1;20;75;2006;VILLABONA;30;578848;4781450;0601;I10;
1;20;76;2005;ORDIZIA;30;566749;4767890;0601;K09;
1;20;77;2005;URRETXU;30;556393;4772340;0601;J08;
1;20;78;2005;ZALDIBIA;30;570311;4764260;0601;K09;
1;20;79;2007;ZARAUTZ;30;567494;4791820;0601;H09;
1;20;80;2005;ZUMARRAGA;30;554538;4771960;0601;J08;
1;20;81;2007;ZUMAIA;30;561360;4793050;0601;H09;
1;20;701;2005;ARALAR (Comunidad Municipios);30;575254;4761323;0601;K10;
1;20;802;2005;PARZONERÍA DE GUIPÚZCOA;30;559884;4752551;0601;L08;
1;20;901;2002;MENDARO;30;550296;4788570;0601;I08;
1;20;902;2004;LASARTE-ORIA;30;580250;4790430;0601;I10;
1;20;903;2004;ASTIGARRAGA;30;586638;4792360;0601;H11;
1;20;904;2006;BALIARRAIN;30;570771;4769530;0601;K10;
1;20;905;2006;ORENDAIN;30;572901;4770050;0601;J10;
1;20;906;2005;ALTZAGA;30;569271;4768680;0601;K10;
1;20;907;2006;GAZTELU;30;580646;4769840;0601;J10;
1;20;998;2000;FRANCIA;0;0;0;0000;000;
1;20;999;2000;OTRA PROVINCIA;0;0;0;0000;000;
1;48;0;4800;INDETERMINADO;;;;0000;000;
1;48;1;4803;ABADIÑO;30;530816;4775050;0601;J06;
1;48;2;4807;ABANTO ZIERBENA;30;492936;4795520;0601;H02;
1;48;3;4803;AMOREBIETA-ETXANO;30;522863;4784970;0601;I05;
1;48;4;4804;AMOROTO;30;539800;4796850;0601;H06;
1;48;5;4805;ARAKALDO;30;505871;4777730;0601;J03;
1;48;6;4805;ARANTZAZU;30;517021;4777810;0601;J04;
1;48;7;4804;ARBATZEGI GERRIKAITZ/MUNITIBAR;30;532840;4789850;0601;H06;
1;48;8;4806;ARTZENTALES;30;481040;4787340;0601;I01;
1;48;9;4805;ARRANKUDIAGA;30;504970;4780980;0601;I03;
1;48;10;4801;ARRIETA;30;519263;4799520;0601;H04;
1;48;11;4807;ARRIGORRIAGA;30;507212;4784200;0601;I03;
1;48;12;4801;BAKIO;30;515197;4807750;0601;G04;
1;48;13;4807;BARAKALDO;30;499850;4790850;0601;H03;
1;48;14;4801;BARRIKA;30;503185;4805100;0601;G03;
1;48;15;4807;BASAURI;30;509146;4786720;0601;I03;
1;48;16;4807;BERANGO;30;501653;4800870;0601;G03;
1;48;17;4802;BERMEO;30;520011;4806940;0601;G05;
1;48;18;4804;BERRIATUA;30;543853;4796110;0601;H07;
1;48;19;4803;BERRIZ;30;533680;4782500;0601;I06;
1;48;20;4807;BILBAO;30;505140;4789210;0601;H03;
1;48;21;4802;BUSTURIA;30;522824;4802310;0601;G05;
1;48;22;4806;KARRANTZA HARANA;30;470494;4784370;0501;I10;
1;48;23;4805;ARTEA;30;516241;4774990;0601;J04;
1;48;24;4805;ZEANURI;30;520702;4768550;0601;J05;
1;48;25;4805;ZEBERIO;30;511736;4777910;0601;J04;
1;48;26;4805;DIMA;30;523174;4774510;0601;J05;
1;48;27;4803;DURANGO;30;528093;4779280;0601;J06;
1;48;28;4802;EA;30;533401;4803030;0601;G06;
1;48;29;4807;ETXEBARRI ;30;509502;4788970;0601;I03;
1;48;30;4804;ETXEBARRIA;30;543141;4789020;0601;I07;
1;48;31;4802;ELANTXOBE;30;529188;4806190;0601;G05;
1;48;32;4803;ELORRIO;30;537873;4775080;0601;J06;
1;48;33;4802;EREÑO;30;531643;4800050;0601;G06;
1;48;34;4803;ERMUA;30;540423;4781970;0601;I07;
1;48;35;4801;FRUIZ;30;516834;4797210;0601;H04;
1;48;36;4807;GALDAKAO;30;513583;4786790;0601;I04;
1;48;37;4806;GALDAMES;30;492091;4790170;0601;I02;
1;48;38;4801;GAMIZ-FIKA;30;515361;4795780;0601;H04;
1;48;39;4803;GARAI;30;530919;4783030;0601;I06;
1;48;40;4801;GATIKA;30;508673;4801560;0601;G04;
1;48;41;4802;GAUTEGIZ ARTEAGA;30;527781;4801820;0601;G05;
1;48;42;4806;GORDEXOLA;30;493652;4780260;0601;I02;
1;48;43;4801;GORLIZ;30;505596;4807560;0601;G03;
1;48;44;4807;GETXO;30;499363;4800520;0601;H02;
1;48;45;4806;GÜEÑES;30;495284;4785150;0601;I02;
1;48;46;4802;GUERNIKA-LUMO;30;525021;4795720;0601;H05;
1;48;47;4804;GIZABURUAGA;30;537375;4797800;0601;H06;
1;48;48;4802;IBARRANGELU;30;528201;4804730;0601;G05;
1;48;49;4804;ISPASTER;30;536771;4800670;0601;G06;
1;48;50;4803;IZURTZA;30;528683;4777630;0601;J05;
1;48;51;4806;LANESTOSA;30;464438;4785610;0501;I09;
1;48;52;4807;LARRABETZU;30;517731;4790750;0601;I04;
1;48;53;4801;LAUKIZ;30;506959;4799810;0601;H03;
1;48;54;4807;LEIOA;30;501226;4797520;0601;H03;
1;48;55;4803;LEMOA;30;518779;4783750;0601;I04;
1;48;56;4801;LEMOIZ;30;508309;4807150;0601;G03;
1;48;57;4804;LEKEITIO;30;539986;4801920;0601;G07;
1;48;58;4803;MALLABIA;30;537588;4783990;0601;I06;
1;48;59;4803;MAÑARIA;30;527169;4775110;0601;J05;
1;48;60;4804;MARKINA-XEMEIN;30;540044;4789930;0601;H07;
1;48;61;4801;MARURI-JATABE;30;510756;4804890;0601;G04;
1;48;62;4802;MENDATA;30;529649;4791930;0601;H05;
1;48;63;4804;MENDEXA;30;541633;4799740;0601;H07;
1;48;64;4801;MEÑAKA;30;517190;4801930;0601;G04;
1;48;65;4805;UGAO-MIRABALLES;30;507905;4781640;0601;I03;
1;48;66;4802;MORGA;30;519855;4794450;0601;H05;
1;48;67;4802;MUXIKA;30;525668;4789780;0601;H05;
1;48;68;4802;MUNDAKA;30;523771;4805780;0601;G05;
1;48;69;4801;MUNGIA;30;513339;4800830;0601;G04;
1;48;70;4804;AULESTI;30;536092;4793780;0601;H06;
1;48;71;4807;MUSKIZ;30;489617;4797180;0601;H02;
1;48;72;4805;OTXANDIO;30;528169;4765770;0601;K05;
1;48;73;4804;ONDARROA;30;545986;4796780;0601;H07;
1;48;74;4805;URDUÑA/ORDUÑA;30;497603;4762080;0601;K02;
1;48;75;4805;OROZKO;30;510011;4770830;0601;J03;
1;48;76;4802;SUKARRIETA;30;524438;4804610;0601;G05;
1;48;77;4801;PLENTZIA;30;506039;4805080;0601;G03;
1;48;78;4807;PORTUGALETE;30;498307;4796200;0601;H02;
1;48;79;4802;ERRIGOITI;30;521990;4797470;0601;H05;
1;48;80;4807;TRAPAGARAN-VALLE DE TRÁPAGA;30;497064;4793170;0601;H02;
1;48;81;4807;LEZAMA;30;513874;4791590;0601;I04;
1;48;82;4807;SANTURTZI;30;496236;4797790;0601;H02;
1;48;83;4807;ORTUELLA;30;495381;4794590;0601;H02;
1;48;84;4807;SESTAO;30;500205;4795180;0601;H03;
1;48;85;4801;SOPELANA;30;501804;4803050;0601;G03;
1;48;86;4806;SOPUERTA;30;486007;4789910;0601;H01;
1;48;87;4806;TURTZIOZ-TRUCIOS;30;477827;4792510;0501;I10;
1;48;88;4805;UBIDE;30;525355;4764530;0601;K05;
1;48;89;4801;URDULIZ;30;504578;4801760;0601;G03;
1;48;90;4806;BALMASEDA;30;482951;4782690;0601;I01;
1;48;91;4803;ATXONDO;30;533728;4772800;0601;J06;
1;48;92;4803;BEDIA;30;514948;4783060;0601;I04;
1;48;93;4805;AREATZA;30;517182;4772330;0601;J04;
1;48;94;4805;IGORRE;30;518039;4780270;0601;J04;
1;48;95;4803;ZALDIBAR;30;538660;4779690;0601;J06;
1;48;96;4806;ZALLA;30;488275;4783730;0601;I01;
1;48;97;4807;ZARATAMO;30;510884;4784050;0601;I04;
1;48;901;4807;DERIO;30;510570;4793600;0601;H04;
1;48;902;4807;ERANDIO;30;503659;4796360;0601;H03;
1;48;903;4807;LOIU;30;506911;4796030;0601;H03;
1;48;904;4807;SONDIKA;30;505834;4793110;0601;H03;
1;48;905;4807;ZAMUDIO;30;509771;4794940;0601;H03;
1;48;906;4802;FORUA;30;525483;4798440;0601;H05;
1;48;907;4802;KORTEZUBI;30;529484;4797960;0601;H05;
1;48;908;4802;MURUETA;30;525625;4800670;0601;G05;
1;48;909;4802;NABARNIZ;30;533878;4797050;0601;H06;
1;48;910;4803;IURRETA;30;528674;4782660;0601;I05;
1;48;911;4802;AJANGIZ;30;527110;4794630;0601;H05;
1;48;912;4807;ALONSOTEGI;30;501470;4785760;0601;I03;
1;48;913;4807;ZIERBENA;30;492582;4799610;0601;H02;
1;48;914;4802;ARRATZU;30;530096;4795640;0601;H05;
1;48;915;4804;ZIORTZA-BOLIBAR;0;0;0;0601;I06;
1;48;999;4800;OTRA PROVINCIA;0;0;0;0000;000;
2;8;0;0;INDETERMINADO;;;;0000;000;
2;8;1;11;ABRERA;30;909934;4607950;0902;P09;
2;8;2;7;AGUILAR DE SEGARRA;30;884218;4630340;0902;M07;
2;8;3;21;ALELLA;30;941928;4607890;1002;M02;
2;8;4;24;ALPENS;30;921035;4675970;0902;I11;
2;8;5;41;AMETLLA DEL VALLÈS, L';30;937702;4626110;1002;K01;
2;8;6;21;ARENYS DE MAR;30;962605;4618630;1002;L04;
2;8;7;21;ARENYS DE MUNT;30;960920;4621570;1002;L04;
2;8;8;6;ARGENÇOLA;30;871434;4614630;0902;O06;
2;8;9;21;ARGENTONA;30;949711;4615480;1002;L03;
2;8;10;7;ARTÉS;30;912004;4639240;0902;M10;
2;8;11;14;AVIÀ;30;899854;4668600;0902;J09;
2;8;12;7;AVINYÓ;30;913229;4646400;0902;L10;
2;8;13;3;AVINYONET DEL PENEDÈS;30;900305;4589120;0903;A08;
2;8;14;41;AIGUAFREDA;30;937529;4639120;1002;J01;
2;8;15;13;BADALONA;30;937486;4603530;1002;N01;
2;8;16;14;BAGÀ;30;900665;4692460;0902;H09;
2;8;17;24;BALENYÀ;30;933196;4643290;1002;J01;
2;8;18;7;BALSARENY;30;903962;4646550;0902;L09;
2;8;19;13;BARCELONA;30;930717;4596340;1002;N01;
2;8;20;11;BEGUES;30;910426;4585990;0903;A10;
2;8;21;6;BELLPRAT;30;871300;4605500;0902;P05;
2;8;22;14;BERGA;30;900996;4672540;0902;I09;
2;8;23;41;BIGUES I RIELLS;30;933364;4627800;1002;K01;
2;8;24;14;BORREDÀ;30;914401;4676450;0902;I10;
2;8;25;6;BRUC, EL;30;897052;4617680;0902;O08;
2;8;26;24;BRULL, EL;30;941702;4641960;1002;I02;
2;8;27;3;CABANYES, LES;30;892471;4590880;0902;Q08;
2;8;28;6;CABRERA D' IGUALADA;30;893306;4604030;0902;P08;
2;8;29;21;CABRERA DE MAR;30;950812;4611520;1002;M02;
2;8;30;21;CABRILS;30;948057;4611630;1002;M02;
2;8;31;6;CALAF;30;875157;4628980;0902;M06;
2;8;32;21;CALDES D' ESTRAC;30;960605;4617110;1002;L04;
2;8;33;41;CALDES DE MONTBUI;30;929608;4623380;1002;L01;
2;8;34;7;CALDERS;30;913271;4636680;0902;M10;
2;8;35;21;CALELLA;30;970529;4623610;1002;L05;
2;8;36;6;CALONGE DE SEGARRA;30;873119;4632030;0902;M06;
2;8;37;24;CALLDETENES;30;939445;4655340;1002;H02;
2;8;38;7;CALLÚS;30;897565;4638790;0902;M08;
2;8;39;41;CAMPINS;30;955375;4633880;1002;K03;
2;8;40;21;CANET DE MAR;30;964811;4620600;1002;L04;
2;8;41;41;CANOVELLES;30;939099;4621950;1002;L02;
2;8;42;41;CÀNOVES I SAMALÚS;30;944271;4630760;1002;K02;
2;8;43;17;CANYELLES;30;895456;4581160;0903;A08;
2;8;44;6;CAPELLADES;30;891362;4608590;0902;P08;
2;8;45;14;CAPOLAT;30;893165;4670630;0902;J08;
2;8;46;41;CARDEDEU;30;946108;4624470;1002;K02;
2;8;47;7;CARDONA;30;886648;4650180;0902;K08;
2;8;48;6;CARME;30;885893;4608490;0902;P07;
2;8;49;14;CASSERRES;30;900948;4663270;0902;J09;
2;8;50;14;CASTELLAR DEL RIU;30;893517;4674720;0902;I08;
2;8;51;40;CASTELLAR DEL VALLÈS;30;922866;4620540;0902;O11;
2;8;52;14;CASTELLAR DE N' HUG;30;912295;4693400;0902;G10;
2;8;53;7;CASTELLBELL I EL VILAR;30;904297;4621250;0902;O09;
2;8;54;40;CASTELLBISBAL;30;914951;4604460;0902;P10;
2;8;55;41;CASTELLCIR;30;926811;4637420;1002;J01;
2;8;56;11;CASTELLDEFELS;30;916356;4581650;0903;A10;
2;8;57;14;CASTELL DE L' ARENY;30;908490;4681540;0902;I10;
2;8;58;3;CASTELLET I LA GORNAL;30;888263;4578970;0903;B07;
2;8;59;7;CASTELLFOLLIT DEL BOIX;30;889509;4623970;0902;N08;
2;8;60;6;CASTELLFOLLIT DE RUIBREGÓS;30;868767;4634020;0902;M06;
2;8;61;7;CASTELLGALÍ;30;902025;4625530;0902;N09;
2;8;62;7;CASTELLNOU DE BAGES;30;900213;4642660;0902;L09;
2;8;63;6;CASTELLOLÍ;30;892168;4615870;0902;O08;
2;8;64;41;CASTELLTERÇOL;30;924399;4635030;0902;M11;
2;8;65;3;CASTELLVÍ DE LA MARCA;30;885406;4586290;0903;A07;
2;8;66;11;CASTELLVÍ DE ROSANES;30;910868;4600370;0902;Q09;
2;8;67;24;CENTELLES;30;933964;4639460;1002;J01;
2;8;68;11;CERVELLÓ;30;913676;4594730;0902;Q10;
2;8;69;11;COLLBATÓ;30;902605;4613860;0902;O09;
2;8;70;24;COLLSUSPINA;30;929812;4644280;1002;I01;
2;8;71;6;COPONS;30;875680;4620610;0902;N06;
2;8;72;11;CORBERA DE LLOBREGAT;30;912059;4597780;0902;Q10;
2;8;73;11;CORNELLÁ DE LLOBREGAT;30;924882;4590890;0903;A11;
2;8;74;17;CUBELLES;30;890781;4573650;0903;B07;
2;8;75;21;DOSRIUS;30;953496;4620380;1002;L03;
2;8;76;11;ESPARREGUERA;30;905798;4611350;0902;P09;
2;8;77;11;ESPLUGUES DE LLOBREGAT;30;925799;4593500;0902;Q11;
2;8;78;14;ESPUNYOLA, L';30;893553;4665850;0902;J08;
2;8;79;7;ESTANY, L';30;924202;4648380;0902;L11;
2;8;80;14;FIGOLS;30;895465;4679760;0902;H09;
2;8;81;41;FOGARS DE MONTCLÚS;30;952345;4636890;1002;J03;
2;8;82;34;FOGARS DE LA SELVA;30;969511;4634350;1002;J05;
2;8;83;24;FOLGUEROLES;30;940712;4657090;1002;H02;
2;8;84;7;FONOLLOSA;30;891834;4634650;0902;M07;
2;8;85;3;FONT-RUBÍ;30;888297;4596220;0902;Q07;
2;8;86;41;FRANQUESES DEL VALLÉS, LES;30;942565;4624700;1002;K02;
2;8;87;40;GALLIFA;30;925779;4628710;0902;N11;
2;8;88;41;GARRIGA, LA;30;939744;4629080;1002;K02;
2;8;89;11;GAVÀ;30;917421;4583670;0903;A10;
2;8;90;7;GAIÀ;30;908790;4653830;0902;K10;
2;8;91;3;GELIDA;30;906098;4598700;0902;Q09;
2;8;92;14;GIRONELLA;30;904438;4664520;0902;J09;
2;8;93;14;GISCLARENY;30;894851;4690600;0902;H08;
2;8;94;3;GRANADA, LA;30;895097;4591620;0902;Q08;
2;8;95;41;GRANERA;30;921323;4632160;0902;M11;
2;8;96;41;GRANOLLERS;30;940138;4618320;1002;L02;
2;8;97;41;GUALBA;30;957941;4635510;1002;J03;
2;8;98;7;SANT SALVADOR DE GUARDIOLA;30;896516;4624990;0902;N08;
2;8;99;14;GUARDIOLA DE BERGUEDÀ;30;902883;4690620;0902;H09;
2;8;100;24;GURB;30;933198;4659000;1002;H01;
2;8;101;13;HOSPITALET DE LLOBREGAT, L';30;927771;4591450;0903;A11;
2;8;102;6;IGUALADA;30;884740;4614310;0902;O07;
2;8;103;6;JORBA;30;877541;4616010;0902;O06;
2;8;104;6;LLACUNA, LA;30;879156;4601000;0902;P06;
2;8;105;41;LLAGOSTA, LA;30;934387;4609120;1002;M01;
2;8;106;41;LLINARS DEL VALÈS;30;950588;4623680;1002;K03;
2;8;107;41;LLIÇÀ D' AMUNT;30;935488;4620150;1002;L01;
2;8;108;41;LLIÇÀ DE VALL;30;936155;4617520;1002;L01;
2;8;109;24;LLUÇÀ;30;918035;4670130;0902;J11;
2;8;110;21;MALGRAT DE MAR;30;978657;4627190;1002;K05;
2;8;111;24;MALLA;30;935124;4650530;1002;I01;
2;8;112;24;MANLLEU;30;937419;4664320;1002;G02;
2;8;113;7;MANRESA;30;901506;4630250;0902;M09;
2;8;114;11;MARTORELL;30;910721;4603790;0902;P10;
2;8;115;41;MARTORELLES;30;937105;4611280;1002;M01;
2;8;116;24;MASIES DE RODA, LES;30;941288;4661680;1002;H02;
2;8;117;24;MASIES DE VOLTREGÀ, LES;30;932878;4665760;1002;G01;
2;8;118;21;MASNOU, EL;30;944164;4606280;1002;M02;
2;8;119;6;MASQUEFA;30;901350;4605630;0902;P09;
2;8;120;40;MATADEPERA;30;917697;4620910;0902;O10;
2;8;121;21;MATARÓ;30;954409;4614790;1002;M03;
2;8;122;3;MEDIONA;30;886837;4602690;0902;P07;
2;8;123;11;MOLINS DE REI;30;920818;4597890;0902;Q10;
2;8;124;41;MOLLET DEL VALLÈS;30;934692;4613050;1002;M01;
2;8;125;40;MONTCADA I REIXAC;30;932985;4606440;1002;M01;
2;8;126;21;MONTGAT;30;941041;4604740;1002;M01;
2;8;127;7;MONISTROL DE MONTSERRAT;30;903665;4617830;0902;O09;
2;8;128;7;MONISTROL DE CALDERS;30;917572;4635220;0902;M10;
2;8;129;24;MUNTANYOLA;30;928029;4650830;1002;I01;
2;8;130;14;MONTCLAR;30;895505;4663080;0902;J08;
2;8;131;24;MONTESQUIU;30;930921;4676480;1002;F01;
2;8;132;14;MONTMAJOR;30;890025;4661480;0902;J08;
2;8;133;6;MONTMANEU;30;866727;4617070;0902;O05;
2;8;134;41;FIGARÓ-MONTMANY;30;938665;4632050;1002;K01;
2;8;135;41;MONTMELÓ;30;937986;4614200;1002;L01;
2;8;136;41;MONTORNÈS DEL VALLÈS;30;939521;4612880;1002;M01;
2;8;137;41;MONTSENY;30;948147;4639680;1002;J02;
2;8;138;7;MOIÀ;30;923901;4642590;0902;M11;
2;8;139;7;MURA;30;914263;4626780;0902;N10;
2;8;140;7;NAVARCLES;30;908408;4634340;0902;M09;
2;8;141;7;NAVÀS;30;896043;4648630;0902;L09;
2;8;142;14;NOU DE BERGUEDÀ, LA;30;904071;4681210;0902;I09;
2;8;143;6;ÒDENA;30;886007;4618030;0902;O07;
2;8;144;14;OLVAN;30;906173;4668540;0902;J09;
2;8;145;3;OLÈRDOLA;30;895528;4585090;0903;A08;
2;8;146;3;OLESA DE BONESVALLS;30;906066;4589560;0903;A09;
2;8;147;11;OLESA DE MONTSERRAT;30;908902;4612110;0902;O09;
2;8;148;17;OLIVELLA;30;902958;4583400;0903;A09;
2;8;149;24;OLOST;30;922088;4662630;0902;K11;
2;8;150;24;ORÍS;30;932180;4670890;1002;G01;
2;8;151;24;ORISTÀ;30;920394;4656720;0902;K11;
2;8;152;6;ORPÍ;30;882081;4607270;0902;P07;
2;8;153;21;ÒRRIUS;30;946445;4614410;1002;L02;
2;8;154;3;PACS DEL PENEDÈS;30;890467;4589490;0903;A07;
2;8;155;21;PALAFOLLS;30;977209;4629350;1002;K05;
2;8;156;40;PALAU-SOLITÀ I PLEGAMANS;30;931551;4616320;1002;L01;
2;8;157;11;PALLEJÀ;30;916771;4597790;0902;Q10;
2;8;158;11;PAPIOL, EL;30;918834;4600230;0902;Q10;
2;8;159;41;PARETS DEL VALÈS;30;936382;4615230;1002;L01;
2;8;160;24;PERAFITA;30;922664;4668260;0902;J11;
2;8;161;6;PIERA;30;896515;4606570;0902;P08;
2;8;162;6;HOSTALETS DE PIEROLA, ELS;30;900032;4610350;0902;O08;
2;8;163;21;PINEDA DE MAR;30;972724;4624780;1002;L05;
2;8;164;3;PLA DEL PENEDÈS, EL;30;894784;4595910;0902;Q08;
2;8;165;6;POBLA DE CLARAMUNT, LA;30;890463;4611600;0902;O07;
2;8;166;14;POBLA DE LILLET, LA;30;910769;4687440;0902;H10;
2;8;167;40;POLINYÀ;30;929757;4613790;1002;L01;
2;8;168;3;PONTONS;30;877271;4594610;0902;Q06;
2;8;169;11;PRAT DE LLOBREGAT, EL;30;926760;4585980;0903;A11;
2;8;170;6;PRATS DE REI, ELS;30;878892;4626780;0902;N06;
2;8;171;24;PRATS DE LLUSÇANÈS;30;916222;4662010;0902;J10;
2;8;172;21;PREMIÀ DE MAR;30;947584;4607460;1002;M02;
2;8;174;3;PUIGDÀLBER;30;892771;4594530;0902;Q08;
2;8;175;14;PUIG-REIG;30;903658;4657610;0902;K09;
2;8;176;6;PUJALT;30;869202;4626950;0902;N05;
2;8;177;14;QUAR, LA;30;910713;4672660;0902;I10;
2;8;178;7;RAJADELL;30;892189;4629790;0902;M08;
2;8;179;40;RELLINARS;30;909806;4622110;0902;N09;
2;8;180;40;RIPOLLET;30;930438;4607220;1002;M01;
2;8;181;41;ROCA DEL VALLEÈS, LA;30;944758;4618860;1002;L02;
2;8;182;7;PONT DE VILOMARA I ROCAFORT EL;30;908417;4628820;0902;M09;
2;8;183;24;RODA DE TER;30;940160;4661720;1002;H02;
2;8;184;40;RUBÍ;30;918716;4606700;0902;P10;
2;8;185;6;RUBIÓ;30;881581;4621590;0902;N07;
2;8;187;40;SABADELL;30;925615;4613140;0902;P11;
2;8;188;14;SAGÀS;30;909453;4665080;0902;J10;
2;8;189;6;SANT PERE SALLAVINERA;30;879505;4632450;0902;M07;
2;8;190;14;SALDES;30;890889;4686290;0902;H08;
2;8;191;7;SALLENT;30;907592;4643010;0902;L09;
2;8;192;7;SANTPEDOR;30;901964;4637280;0902;M09;
2;8;193;21;SANT ISCLE DE VALLALTA;30;963919;4624950;1002;L04;
2;8;194;13;SANT ADRIÀ DE BESÒS;30;936438;4599280;1002;N01;
2;8;195;24;SANT AGUSTÍ LLUÇANÈS;30;924507;4671780;0902;J11;
2;8;196;11;SANT ANDREU DE LA BARCA;30;914750;4600950;0902;Q10;
2;8;197;21;SANT ANDREU DE LLAVANERES;30;957334;4617600;1002;L03;
2;8;198;41;SANT ANTONI DE VILAMAJOR;30;949236;4626370;1002;K03;
2;8;199;24;SANT BARTOLOME DEL GRAU;30;927242;4659510;1002;H01;
2;8;200;11;SANT BOI DE LLOBREGAT;30;922063;4588490;0903;A10;
2;8;201;24;SANT BOI DE LLUÇANÈS;30;926548;4668470;1002;G01;
2;8;202;41;SANT CELONI;30;961338;4630300;1002;K03;
2;8;203;21;SANT CEBRIÀ DE VALLALTA;30;966949;4623920;1002;L04;
2;8;204;11;SANT CLIMENT DE LLOBREGAT;30;917385;4587990;0903;A10;
2;8;205;40;SANT CUGAT DEL VALLÈS;30;923787;4602710;0902;P11;
2;8;206;3;SANT CUGAT SESGARRIGUES;30;897827;4589350;0902;Q08;
2;8;207;41;SANT ESTEVE DE PALAUTORDERA;30;951212;4632440;1002;K03;
2;8;208;11;SANT ESTEVE SESROVIRES;30;907319;4604480;0902;P09;
2;8;209;41;SANT FOST DE CAMPSENTELLES;30;936899;4608600;1002;M01;
2;8;210;41;SANT FELIU DE CODINES;30;929659;4629420;1002;K01;
2;8;211;11;SANT FELIU DE LLOBREGAT;30;922271;4595150;0902;Q11;
2;8;212;7;SANT FELIU SASSERRA;30;915198;4655310;0902;K10;
2;8;213;7;SANT FRUITÓS DE BAGES;30;905260;4634290;0902;M09;
2;8;214;21;VILASSAR DE DALT;30;946352;4611060;1002;M02;
2;8;215;24;SANT HIPÒLIT DE VOLTREGÀ;30;934021;4665030;1002;G01;
2;8;216;14;SANT JAUME DE FRONTANYÀ;30;915426;4683440;0902;H10;
2;8;217;11;SANT JOAN DESPÍ;30;923089;4592180;0902;Q11;
2;8;218;7;SANT JOAN DE VILATORRADA;30;898915;4634820;0902;M09;
2;8;219;21;VILASSAR DE MAR;30;949505;4609080;1002;M02;
2;8;220;24;SANT JULIÀ DE VILATORTA;30;941855;4653460;1002;H02;
2;8;221;11;SANT JUST DESVERN;30;924818;4595090;0902;Q11;
2;8;222;3;SANT LLORENÇ D' HORTONS;30;903930;4602520;0902;P09;
2;8;223;40;SANT LLORENÇ SAVALL;30;920841;4627180;0902;N11;
2;8;224;24;SANT MARTÍ DE CENTELLES;30;934081;4635380;1002;J01;
2;8;225;24;SANT MARTÍ D' ALBARS;30;919787;4666320;0902;J11;
2;8;226;6;SANT MARTÍ DE TOUS;30;875502;4610080;0902;O06;
2;8;227;3;SANT MARTÍ SARROCA;30;886481;4590830;0902;Q07;
2;8;228;6;SANT MARTÍ SESGUEIOLES;30;874860;4626890;0902;N06;
2;8;229;7;SANT MATEU DE BAGES;30;887949;4640100;0902;M08;
2;8;230;21;PREMÀ DE DALT;30;946216;4608910;1002;M02;
2;8;231;17;SANT PERE DE RIBES;30;900256;4579040;0903;B08;
2;8;232;3;SANT PERE DE RIUDEBITLLES;30;892423;4600510;0902;P08;
2;8;233;24;SANT PERE DE TORELLÓ;30;940970;4673330;1002;G02;
2;8;234;41;SANT PERE DE VILAMAJOR;30;948271;4632060;1002;K02;
2;8;235;21;SANT POL DE MAR;30;968271;4621780;1002;L04;
2;8;236;3;SANT QUINTÍ DE MEDIONA;30;889866;4599800;0902;P07;
2;8;237;24;SANT QUIRZE DE BESORA;30;932786;4674630;1002;F01;
2;8;238;40;SANT QUIRZE DEL VALLÈS;30;923227;4609670;0902;P11;
2;8;239;41;SANT QUIRZE SAFAJA;30;931336;4632610;1002;J01;
2;8;240;3;SANT SADURNÍ D' ANOIA;30;900126;4598740;0902;Q08;
2;8;241;24;SANT SADURNÍ D' OSORMORT;30;946455;4653430;1002;I02;
2;8;242;7;MARGANELL;30;900212;4620000;0902;N08;
2;8;243;24;SANTA CECILIA DE VOLTREGÀ;30;931688;4662870;1002;H01;
2;8;244;11;SANTA COLOMA DE CERVELLÒ;30;919805;4591910;0902;Q10;
2;8;245;13;SANTA COLOMA DE GRAMANET;30;934971;4602910;1002;N01;
2;8;246;24;SANTA EUGÈNIA DE BERGA;30;938209;4653480;1002;I02;
2;8;247;24;SANTA EUÀLIA DE RIUPRIMER;30;929197;4653300;1002;H01;
2;8;248;41;SANTA EULÀLIA DE RONÇANA;30;934938;4624030;1002;K01;
2;8;249;3;SANTA FE DEL PENEDÈS;30;894736;4592880;0902;Q08;
2;8;250;6;SANTA MARGARIDA DE MONTBUI;30;881789;4611330;0902;O07;
2;8;251;3;SANTA MARGARIDA I ELS MONJOS;30;890543;4584060;0903;A07;
2;8;252;40;BARBERÀ DEL VALLES;30;928665;4609250;0902;P11;
2;8;253;24;SANTA MARIA DE BESORA;30;934951;4677000;1002;F01;
2;8;254;24;SANTA MARIA DE CORCÓ;30;943896;4668290;1002;G02;
2;8;255;14;SANTA MARIA DE MERLÈS;30;911716;4660770;0902;J10;
2;8;256;41;SANTA MARIA DE MARTORELLES;30;939219;4609800;1002;M01;
2;8;257;6;SANTA MARIA DE MIRALLES;30;877004;4604950;0902;P06;
2;8;258;7;SANTA MARIA D' OLÓ;30;919154;4647820;0902;L10;
2;8;259;41;SANTA MARIA DE PALAUTORDERA;30;954102;4629250;1002;K03;
2;8;260;40;SANTA PERPÈTUA DE MOGODA;30;931998;4611100;1002;M01;
2;8;261;21;SANTA SUSANNA;30;974428;4626840;1002;K05;
2;8;262;7;SANT VINCENÇ DE CASTELLET;30;906077;4624700;0902;N09;
2;8;263;11;SANT VINCENÇ DELS HORTS;30;918429;4594390;0902;Q10;
2;8;264;21;SANT VINCENÇ DE MONTALT;30;959349;4618180;1002;L03;
2;8;265;24;SANT VINCENÇ DE TORELLÓ;30;935675;4670640;1002;G01;
2;8;266;40;CERDANYOLA DEL VALLÈS;30;927852;4605030;0902;P11;
2;8;267;40;SENTMENAT;30;927628;4619720;0902;O11;
2;8;268;14;CERCS;30;900980;4676920;0902;I09;
2;8;269;24;SEVA;30;938979;4644650;1002;I02;
2;8;270;17;SITGES;30;907283;4578820;0903;B09;
2;8;271;24;SOBREMUNT;30;928171;4665370;1002;G01;
2;8;272;24;SORA;30;927638;4674680;1002;F01;
2;8;273;3;SUBIRATS;30;901765;4594320;0902;Q09;
2;8;274;7;SÚRIA;30;895683;4642600;0902;L08;
2;8;275;24;TAVÈRNOLES;30;943121;4658910;1002;H02;
2;8;276;41;TAGAMANENT;30;940857;4636520;1002;J02;
2;8;277;7;TALAMANCA;30;912113;4632060;0902;M10;
2;8;278;24;TARADELL;30;938813;4649670;1002;I02;
2;8;279;40;TERRASSA;30;917674;4614910;0902;O10;
2;8;280;24;TAVERTET;30;947738;4664710;1002;H03;
2;8;281;21;TEIÀ;30;944345;4608290;1002;M02;
2;8;282;21;TIANA;30;939983;4606430;1002;M01;
2;8;283;24;TONA;30;933309;4647200;1002;I01;
2;8;284;21;TORDERA;30;973341;4631530;1002;K05;
2;8;285;24;TORELLÓ;30;936114;4667780;1002;G01;
2;8;286;6;TORRE DE CLARAMUNT, LA;30;888868;4607630;0902;P07;
2;8;287;3;TORRELAVIT;30;894700;4598680;0902;Q08;
2;8;288;3;TORRELLES DE FOIX;30;882102;4594590;0902;Q07;
2;8;289;11;TORRELLES DE LLOBREGAT;30;916021;4590300;0903;A10;
2;8;290;40;ULLASTRELL;30;914205;4609160;0902;P10;
2;8;291;40;VACARISSES;30;909912;4617640;0902;O09;
2;8;292;6;VALLBONA D' ANOIA;30;892964;4608260;0902;P08;
2;8;293;14;VALLCEBRE;30;897386;4684070;0902;H09;
2;8;294;41;VALLGORGUINA;30;957898;4625380;1002;K03;
2;8;295;11;VALLIRANA;30;911378;4592140;0902;Q10;
2;8;296;41;VALLROMANES;30;942283;4610980;1002;M02;
2;8;297;6;VECIANA;30;873127;4622790;0902;N06;
2;8;298;24;VIC;30;934307;4654660;1002;H01;
2;8;299;14;VILADA;30;906944;4676870;0902;I10;
2;8;300;40;VILADECAVALLS;30;913105;4612780;0902;O10;
2;8;301;11;VILADECANS;30;921419;4584820;0903;A10;
2;8;302;6;VILANOVA DEL CAMÍ;30;886442;4611570;0902;O07;
2;8;303;24;VILANOVA DE SAU;30;949625;4657920;1002;H02;
2;8;304;3;VILOBÍ DEL PENEDÈS;30;890232;4592290;0902;Q07;
2;8;305;3;VILAFRANCA DEL PENEDÈS;30;893488;4588230;0903;A08;
2;8;306;41;VILALBA SASSERRA;30;955271;4624430;1002;K03;
2;8;307;17;VILANOVA I LA GELTRÚ;30;894446;4575990;0903;B08;
2;8;308;14;VIVER I SERRATEIX;30;897497;4655320;0902;K08;
2;8;901;24;RUPIT I PRUIT;30;952464;4667680;1002;G03;
2;8;902;41;VILANOVA DEL VALLÈS;30;942642;4614310;1002;M02;
2;8;903;14;SANT JULIÀ DE CERDANYOLA;30;905338;4685830;0902;H09;
2;8;904;40;BADIA DEL VALLÈS;30;927146;4607900;0902;P11;
2;8;905;11;PALMA DE CERVELLÓ, LA;30;915142;4596584;0902;Q10;
2;8;999;0;OTRA PROVINCIA;0;0;0;0000;000;
2;17;0;0;INDETERMINADO;;;;0000;000;
2;17;1;2;AGULLANA;30;980935;4711500;1002;C06;
2;17;2;20;AIGUAVIVÀ;30;978789;4658200;1002;H06;
2;17;3;2;ALBANYÀ;30;966843;4700880;1002;D05;
2;17;4;10;ALBONS;30;1002890;4679800;1002;F08;
2;17;5;2;FAR D' EMPORDÀ, EL;30;994561;4694680;1002;E07;
2;17;6;15;ALP;30;906609;4700370;0902;F09;
2;17;7;34;AMER;30;964051;4666420;1002;G04;
2;17;8;34;ANGLÈS;30;967586;4659130;1002;H05;
2;17;9;34;ARBÚCIES;30;956175;4645130;1002;J03;
2;17;10;19;ARGELAGUER;30;964954;4688600;1002;E05;
2;17;11;2;ARMENTERA, L';30;1002920;4686280;1002;F08;
2;17;12;2;AVINYONET DE PUIGVENTÓS;30;987965;4695040;1002;E07;
2;17;13;10;BEGUR;30;1014140;4662890;1002;H09;
2;17;14;2;VAJOL, LA;30;977247;4711370;1002;C06;
2;17;15;28;BANYOLES;30;977236;4679690;1002;F06;
2;17;16;2;BÀSCARA;30;989025;4682650;1002;F07;
2;17;18;10;BELLCAIRE D' EMPORDÀ;30;1005020;4677600;1002;G08;
2;17;19;19;BESALÚ;30;970587;4688140;1002;E05;
2;17;20;20;BESCANÓ;30;973922;4660610;1002;H05;
2;17;21;19;BEUDA;30;971725;4692410;1002;E05;
2;17;22;10;BISBAL D' EMPORDÀ, LA;30;1001060;4661550;1002;H08;
2;17;23;34;BLANES;30;981497;4631560;1002;K06;
2;17;24;15;BOLVIR;30;901855;4707750;0902;F09;
2;17;25;20;BORDILS;30;989421;4672210;1002;G07;
2;17;26;2;BORRASSÀ;30;989674;4691330;1002;E07;
2;17;27;34;BREDA;30;962246;4637300;1002;J04;
2;17;28;34;BRUNYOLA;30;970625;4655840;1002;I05;
2;17;29;2;BOADELLA I LES ESCAULES;30;983509;4703140;1002;D06;
2;17;30;2;CABANES;30;992136;4701420;1002;D07;
2;17;31;2;CABANELLES;30;977500;4693760;1002;E06;
2;17;32;2;CADAQUÉS;30;1017430;4701370;1002;D10;
2;17;33;34;CALDES DE MALAVELLA;30;982518;4647880;1002;I06;
2;17;34;10;CALONGE;30;1004180;4652680;1002;I08;
2;17;35;28;CAMÓS;30;976650;4675570;1002;G06;
2;17;36;31;CAMPDEVÀNOL;30;924138;4689080;1002;E01;
2;17;37;31;CAMPELLES;30;923385;4694440;0902;G11;
2;17;38;20;CAMPLLONG;30;983857;4655190;1002;I06;
2;17;39;31;CAMPRODON;30;947752;4698730;1002;D02;
2;17;40;20;CANET D' ADRI;30;973899;4672110;1002;G05;
2;17;41;2;CANTALLOPS;30;987904;4713520;1002;C07;
2;17;42;2;CAPMANY;30;986633;4708170;1002;C07;
2;17;43;31;QUERALBS;30;925851;4705070;1002;D01;
2;17;44;20;CASSÀ DE LA SELVA;30;988733;4653440;1002;I06;
2;17;46;19;CASTELLFOLLIT DE LA ROCA;30;957771;4689110;1002;E04;
2;17;47;2;CASTELLÓ D' EMPÚRIES;30;1003240;4695510;1002;E08;
2;17;48;10;CASTELL-PLATJA D' ARO;30;1002380;4647770;1002;J08;
2;17;49;20;CELRÀ;30;986864;4668730;1002;G07;
2;17;50;20;CERVIÀ DE TER;30;988930;4674390;1002;G07;
2;17;51;2;CISTELLA;30;981007;4697560;1002;E06;
2;17;52;2;SIURANA;30;996039;4691000;1002;E07;
2;17;54;2;COLERA;30;1004190;4712880;1002;C09;
2;17;55;10;COLOMERS;30;995553;4676650;1002;G07;
2;17;56;28;CORNELLÀ DEL TERRI;30;981834;4676470;1002;F06;
2;17;57;10;CORÇÀ;30;998640;4667040;1002;H08;
2;17;58;28;CRESPIÀ;30;979063;4687720;1002;E06;
2;17;60;2;DARNIUS;30;980253;4706810;1002;C06;
2;17;61;15;DAS;30;900963;4701680;0902;F09;
2;17;62;2;ESCALA, L';30;1006310;4681670;1002;F09;
2;17;63;24;ESPINELVES;30;950163;4650240;1002;I03;
2;17;64;2;ESPOLLA;30;994211;4715090;1002;C08;
2;17;65;28;ESPONELLÀ;30;979352;4685310;1002;F06;
2;17;66;2;FIGUERES;30;992745;4697330;1002;E07;
2;17;67;20;FLAÇÀ;30;993718;4672280;1002;G07;
2;17;68;10;FOIXÀ;30;996778;4673000;1002;G07;
2;17;69;15;FONTANALS DE CERDANYA;30;905186;4704570;0902;F10;
2;17;70;10;FONTANILLES;30;1005610;4669840;1002;G08;
2;17;71;28;FONTCOBERTA;30;979884;4681460;1002;F06;
2;17;73;20;FORNELLS DE LA SELVA;30;982016;4658280;1002;H06;
2;17;74;2;FORTIÀ;30;998214;4694620;1002;E08;
2;17;75;2;GARRIGÀS;30;991778;4687350;1002;E07;
2;17;76;10;GARRIGOLES;30;998271;4679420;1002;F08;
2;17;77;2;GARRIGUELLA;30;999521;4705990;1002;D08;
2;17;78;15;GER;30;897256;4710030;0902;F09;
2;17;79;20;GIRONA;30;983521;4664800;1002;H06;
2;17;80;31;GOMBRÈN;30;918453;4690390;0902;H11;
2;17;81;10;GUALTA;30;1006600;4670910;1002;G08;
2;17;82;15;GUILS DE CERDANYA;30;900601;4711440;0902;E09;
2;17;83;34;HOSTALRIC;30;968310;4636510;1002;J04;
2;17;84;15;ISÒVOL;30;897190;4704670;0902;F09;
2;17;85;10;JAFRE;30;997637;4675620;1002;G08;
2;17;86;2;JONQUERA, LA;30;985712;4715720;1002;C06;
2;17;87;20;JUIÀ;30;989389;4668410;1002;G07;
2;17;88;2;LLADÓ;30;979493;4694580;1002;E06;
2;17;89;20;LLAGOSTERA;30;990839;4646360;1002;I07;
2;17;90;20;LLAMBILLES;30;986875;4658050;1002;H06;
2;17;91;31;LLANARS;30;940628;4701850;1002;D02;
2;17;92;2;LLANÇÀ;30;1004580;4708910;1002;C09;
2;17;93;2;LLERS;30;987515;4699620;1002;D07;
2;17;94;15;LLÍVIA;30;909623;4713820;0902;E10;
2;17;95;34;LLORET DE MAR;30;985412;4635650;1002;K06;
2;17;96;31;LLOSSES, LES;30;921454;4681120;0902;I11;
2;17;97;20;MADREMANYA;30;993317;4665610;1002;H07;
2;17;98;19;MAIÀ DE MONTCAL;30;974794;4689540;1002;E05;
2;17;99;15;MERANGES;30;892028;4711860;0902;E09;
2;17;100;2;MASARAC;30;991465;4705400;1002;D07;
2;17;101;34;MASSANES;30;969649;4640450;1002;J05;
2;17;102;2;MAÇANET DE CABRENYS;30;972063;4708580;1002;C05;
2;17;103;34;MAÇANET DE LA SELVA;30;976056;4639610;1002;J05;
2;17;105;19;MIERES;30;965714;4678910;1002;F05;
2;17;106;2;MOLLET DE PERALADA;30;995250;4706300;1002;D08;
2;17;107;31;MOLLÓ;30;944828;4705180;1002;D03;
2;17;109;19;MONTAGUT I OIX;30;958132;4695350;1002;E04;
2;17;110;10;MONT-RAS;30;1010300;4656530;1002;I09;
2;17;111;2;NAVATA;30;984310;4691460;1002;E06;
2;17;112;31;OGASSA;30;933244;4692720;1002;E02;
2;17;114;19;OLOT;30;953902;4684230;1002;E03;
2;17;115;2;ORDIS;30;986771;4690750;1002;E07;
2;17;116;34;OSOR;30;961326;4658530;1002;H04;
2;17;117;10;PALAFRUGELL;30;1011790;4658830;1002;H09;
2;17;118;10;PALAMÓS;30;1009040;4653280;1002;I09;
2;17;119;2;PALAU DE SANTA EULÀLIA;30;993623;4687260;1002;F07;
2;17;120;2;PALAU-SAVERDERA;30;1006460;4701630;1002;D09;
2;17;121;10;PALAU-SATOR;30;1007150;4666340;1002;H08;
2;17;123;28;PALOL DE REVARDIT;30;980431;4672580;1002;G06;
2;17;124;10;PALS;30;1011240;4666510;1002;H09;
2;17;125;31;PARDINES;30;931228;4697350;1002;D01;
2;17;126;10;PARLAVÀ;30;1000420;4669970;1002;G08;
2;17;128;2;PAU;30;1004130;4702450;1002;D08;
2;17;129;2;PEDRET I MARZÀ;30;1000460;4701980;1002;D08;
2;17;130;10;PERA, LA;30;994619;4669160;1002;G07;
2;17;132;2;PERALADA;30;997254;4701180;1002;D08;
2;17;133;19;PLANES D' HOSTOLES, LES;30;959282;4672070;1002;G04;
2;17;134;31;PLANOLES;30;920852;4698120;0902;G11;
2;17;135;2;PONT DE MOLINS;30;988557;4702480;1002;D07;
2;17;136;2;PONTÓS;30;988280;4687430;1002;E07;
2;17;137;28;PORQUERES;30;973801;4679470;1002;F05;
2;17;138;2;PORTBOU;30;1005180;4715670;1002;C09;
2;17;139;19;PRESES, LES;30;952489;4680780;1002;F03;
2;17;140;2;PORT DE LA SELVA, EL;30;1012460;4704790;1002;D09;
2;17;141;15;PUIGCERDÀ;30;906531;4707930;0902;F10;
2;17;142;20;QUART;30;987986;4661570;1002;H06;
2;17;143;2;RABÓS;30;997819;4712240;1002;C08;
2;17;144;10;REGENCÓS;30;1011770;4662820;1002;H09;
2;17;145;31;RIBES DE FRESER;30;926365;4696300;1002;D01;
2;17;146;34;RIELLS I VIABREA;30;959042;4638310;1002;J03;
2;17;147;31;RIPOLL;30;930712;4683830;1002;E01;
2;17;148;34;RIUDARENES;30;971191;4645810;1002;I05;
2;17;149;19;RIUDAURA;30;945098;4685220;1002;E03;
2;17;150;34;RIUDELLOTS DE LA SELVA;30;980971;4654340;1002;I06;
2;17;151;2;RIUMORS;30;999156;4692470;1002;E08;
2;17;152;2;ROSES;30;1011450;4698780;1002;E09;
2;17;153;10;RUPIÀ;30;997839;4669210;1002;G08;
2;17;154;19;SALES DE LLIERCA;30;964979;4694840;1002;E05;
2;17;155;20;SALT;30;979396;4663280;1002;H06;
2;17;157;20;SANT ANDREU SALOU;30;983375;4651940;1002;I06;
2;17;158;2;SANT CLIMENT SESCEBES;30;991321;4710390;1002;C07;
2;17;159;34;SANT FELIU DE BUIXALLEU;30;964435;4640870;1002;J04;
2;17;160;10;SANT FELIU DE GUÍXOLS;30;999763;4643400;1002;J08;
2;17;161;19;SANT FELIU DE PALLEROLS;30;955476;4675570;1002;G03;
2;17;162;19;SANT FERRIOL;30;968045;4686250;1002;E05;
2;17;163;20;SANT GREGORI;30;976213;4666100;1002;H05;
2;17;164;34;SANT HILARI SACALM;30;956461;4653830;1002;I03;
2;17;165;19;SANT JAUME DE LLIERCA;30;961909;4688430;1002;E04;
2;17;166;20;SANT JORDI DESVALLS;30;992665;4675350;1002;G07;
2;17;167;31;SANT JOAN DE LES ABADESSES;30;937636;4689640;1002;E02;
2;17;168;20;SANT JOAN DE MOLLET;30;991736;4671950;1002;G07;
2;17;169;20;SANT JULIÀ DE RAMIS;30;984160;4671530;1002;G06;
2;17;170;31;VALLFOGONA DE RIPOLLÈS;30;938213;4684260;1002;E02;
2;17;171;2;SANT LLORENÇ DE LA MUGA;30;975560;4702310;1002;D06;
2;17;172;20;SANT MARTÍ DE LLÈMENA;30;969552;4669780;1002;G05;
2;17;173;20;SANT MARTÍ VELL;30;991100;4667620;1002;G07;
2;17;174;28;SANT MIQUEL DE CAMPMAJOR;30;969464;4680000;1002;F05;
2;17;175;2;SANT MIQUEL DE FLUVIÀ;30;995486;4686880;1002;F07;
2;17;176;2;SANT MORI;30;994961;4684240;1002;F07;
2;17;177;31;SANT PAU DE SEGÚRIES;30;942314;4693420;1002;E02;
2;17;178;2;SANT PERE PESCADOR;30;1003220;4688730;1002;E08;
2;17;180;34;SANTA COLOMA DE FARNERS;30;966979;4650760;1002;I05;
2;17;181;10;SANTA CRISTINA D' ARO;30;996915;4648150;1002;J07;
2;17;182;2;SANTA LLOGAIA D' ÀLGUEMA;30;991271;4692920;1002;E07;
2;17;183;19;SANT ANIOL DE FINESTRES;30;963423;4673700;1002;F04;
2;17;184;19;SANTA PAU;30;960368;4681830;1002;F04;
2;17;185;19;SANT JOAN LES FONTS;30;957115;4687300;1002;E03;
2;17;186;20;SARRIÀ DE TER;30;981396;4667780;1002;G06;
2;17;187;2;SAUS;30;993005;4681200;1002;F07;
2;17;188;2;SELVA DE MAR, LA;30;1010060;4703790;1002;D09;
2;17;189;34;CELLERA DE TER, LA;30;964207;4661990;1002;H04;
2;17;190;28;SERINYÀ;30;974199;4684590;1002;F05;
2;17;191;10;SERRA DE DARÓ;30;1002100;4671320;1002;G08;
2;17;192;31;SETCASES;30;935871;4708010;1002;C02;
2;17;193;34;SILS;30;976775;4646880;1002;J05;
2;17;194;34;SUSQUEDA;30;957252;4664300;1002;H04;
2;17;195;10;TALLADA D' EMPORDÀ, LA;30;1001620;4676340;1002;G08;
2;17;196;2;TERRADES;30;981591;4701150;1002;D06;
2;17;197;10;TORRENT;30;1008260;4662760;1002;H09;
2;17;198;2;TORROELLA DE FLUVIÀ;30;998183;4688280;1002;F08;
2;17;199;10;TORROELLA DE MONTGRÍ;30;1009990;4674680;1002;G09;
2;17;200;19;TORTELLÀ;30;963922;4692350;1002;E04;
2;17;201;31;TOSES;30;915293;4698510;0902;G10;
2;17;202;34;TOSSA DE MAR;30;992044;4638210;1002;K07;
2;17;203;10;ULTRAMORT;30;999807;4672060;1002;G08;
2;17;204;10;ULLÀ;30;1005250;4673710;1002;G08;
2;17;205;10;ULLASTRET;30;1002950;4667800;1002;G08;
2;17;206;15;URÚS;30;900454;4698210;0902;G09;
2;17;207;19;VALL D' EN BAS, LA;30;948457;4678230;1002;F03;
2;17;208;19;VALL DE BIANYA, LA;30;948485;4690690;1002;E03;
2;17;209;10;VALL-LLOBREGA;30;1008430;4655480;1002;I09;
2;17;210;2;VENTALLÓ;30;999339;4684440;1002;F08;
2;17;211;10;VERGES;30;1000130;4675290;1002;G08;
2;17;212;24;VIDRÀ;30;940350;4679500;1002;F02;
2;17;213;34;VIDRERES;30;983274;4641320;1002;J06;
2;17;214;2;VILABERTRAN;30;993334;4698710;1002;D07;
2;17;215;20;VILABLAREIX;30;979271;4661050;1002;H06;
2;17;216;20;VILADASENS;30;990150;4677800;1002;F07;
2;17;217;2;VILADAMAT;30;1001410;4682000;1002;F08;
2;17;218;28;VILADEMULS;30;984873;4681530;1002;F07;
2;17;220;24;VILADRAU;30;946196;4646690;1002;I02;
2;17;221;2;VILAFANT;30;990542;4694880;1002;E07;
2;17;222;2;VILAÜR;30;992250;4682570;1002;F07;
2;17;223;2;VILAJUÏGA;30;1003080;4704950;1002;D08;
2;17;224;31;VILALLONGA DE TER;30;934973;4701520;1002;D02;
2;17;225;2;VILAMACOLUM;30;1000230;4690000;1002;E08;
2;17;226;2;VILAMALLA;30;993190;4691910;1002;E07;
2;17;227;2;VILAMANISCLE;30;999635;4709640;1002;C08;
2;17;228;2;VILANANT;30;984847;4695850;1002;E07;
2;17;230;2;VILA-SACRA;30;996834;4696670;1002;E08;
2;17;232;10;VILOPRIU;30;995257;4679500;1002;F07;
2;17;233;34;VILOBÍ D' ONYAR;30;976401;4653890;1002;I05;
2;17;234;2;BIURE;30;986481;4704570;1002;D07;
2;17;901;10;CRUÏLLES, MONELLS I S SADURNI;30;996200;4658930;1002;H08;
2;17;902;10;FORALLAC;30;1004680;4661100;1002;H08;
2;17;903;34;SANT JULIÀ DEL LLOR I BONMATÍ;30;968321;4662710;1002;H05;
2;17;998;0;FRANCIA;0;0;0;0000;000;
2;17;999;0;OTRA PROVINCIA;0;0;0;0000;000;
2;25;0;0;INDETERMINADO;;;;0000;000;
2;25;1;25;ABELLA DE LA CONCA;30;840206;4677730;0902;I03;
2;25;2;23;ÀGER;30;809749;4656820;0802;J12;
2;25;3;38;AGRAMUNT;30;838242;4634340;0902;M03;
2;25;4;33;ALAMÚS, ELS;30;813338;4612960;0802;O12;
2;25;5;4;ALÀS I CERC;30;872591;4695690;0902;G06;
2;25;6;18;ALBAGÉS, L';30;813663;4595320;0802;P12;
2;25;7;33;ALBATÀRREC;30;801795;4608240;0802;O11;
2;25;8;23;ALBESA;30;805248;4629860;0802;M11;
2;25;9;18;ALBI, L';30;827834;4594430;0902;Q01;
2;25;10;33;ALCANÓ;30;802884;4597470;0802;P11;
2;25;11;33;ALCARRÀS;30;788888;4612460;0802;O10;
2;25;12;33;ALCOLETGE;30;808164;4617610;0802;N11;
2;25;13;33;ALFARRÀS;30;796327;4637150;0802;L10;
2;25;14;33;ALFÈS;30;803441;4602370;0802;P11;
2;25;15;23;ALGERRI;30;802045;4636770;0802;L11;
2;25;16;33;ALGUAIRE;30;796322;4627120;0802;M10;
2;25;17;26;ALINS;30;857250;4723530;0902;D05;
2;25;19;33;ALMACELLES;30;787638;4625940;0802;M09;
2;25;20;33;ALMATRET;30;785233;4580190;0803;A09;
2;25;21;33;ALMENAR;30;794190;4632090;0802;L10;
2;25;22;23;ALÒS DE BALAGUER;30;827226;4648900;0902;K02;
2;25;23;33;ALPICAT;30;796033;4619430;0802;N10;
2;25;24;26;ALT ÀNEU;30;833396;4734420;0902;C03;
2;25;25;39;NAUT ARAN;30;821530;4735290;0902;B01;
2;25;27;38;ANGLESOLA;30;838092;4620500;0902;N03;
2;25;29;18;ARBECA;30;828519;4606950;0902;O01;
2;25;30;4;PONT DE BAR, EL;30;880000;4702410;0902;F07;
2;25;31;39;ARRES;30;803560;4741080;0802;B12;
2;25;32;4;ARSÈGUEL;30;877702;4699190;0902;G07;
2;25;33;33;ARTESA DE LLEIDA;30;808561;4605880;0802;O11;
2;25;34;23;ARTESA DE SEGRE;30;838462;4650950;0902;K02;
2;25;35;23;SENTIU DE SIÓ, LA;30;822339;4635440;0902;L01;
2;25;36;33;ASPA;30;806812;4600600;0802;P11;
2;25;37;23;AVELLANES I SANTA LINYA, LES;30;813992;4647970;0802;K12;
2;25;38;33;AITONA;30;790047;4597510;0802;P09;
2;25;39;26;BAIX PALLARS;30;834752;4693640;0902;G03;
2;25;40;23;BALAGUER;30;815301;4632910;0802;M12;
2;25;41;27;BARBENS;30;836771;4623200;0902;N02;
2;25;42;23;BARONIA DE RIALB, LA;30;846282;4661400;0902;K04;
2;25;43;5;VALL DE BOI, LA;30;816847;4716610;0802;E12;
2;25;44;4;BASSELLA;30;856446;4660220;0902;J04;
2;25;45;39;BAUSEN;30;802471;4750070;0802;A12;
2;25;46;38;BELIANES;30;833083;4610010;0902;O02;
2;25;47;23;BELLCAIRE D' URGELL;30;823532;4630650;0902;M01;
2;25;48;27;BELL-LLOC D' URGELL;30;814475;4616010;0802;N12;
2;25;49;23;BELLMUNT D' URGELL;30;828152;4631130;0902;M01;
2;25;50;38;BELLPUIG;30;833800;4616660;0902;N02;
2;25;51;15;BELLVER DE CERDANYA;30;893377;4701170;0902;F08;
2;25;52;27;BELLVIS;30;817838;4621690;0902;N01;
2;25;53;33;BENAVENT DE SEGRIÀ;30;803300;4622320;0802;N11;
2;25;55;32;BIOSCA;30;863096;4644920;0902;L05;
2;25;56;18;BOVERA;30;804467;4580420;0803;A11;
2;25;57;39;BÒRDES, ES;30;803453;4736470;0802;B12;
2;25;58;18;BORGES BLANQUES, LES;30;822719;4601560;0902;P01;
2;25;59;39;BOSSÒST;30;801925;4742980;0802;B12;
2;25;60;23;CABANABONA;30;849254;4640430;0902;L04;
2;25;61;4;CABÓ;30;849566;4685290;0902;H04;
2;25;62;23;CAMARASA;30;820843;4647640;0902;L01;
2;25;63;39;CANEJAN;30;810474;4747630;0802;A12;
2;25;64;35;CASTELLAR DE LA RIBERA;30;864827;4660770;0902;J05;
2;25;67;18;CASTELLDANS;30;814017;4600530;0802;P12;
2;25;68;27;CASTELLNOU DE SEANA;30;830787;4618990;0902;N02;
2;25;69;23;CASTELLÓ DE FARFANYA;30;808869;4636010;0802;L12;
2;25;70;38;CASTELLSERÀ;30;831855;4630070;0902;M02;
2;25;71;4;CAVA;30;880307;4695330;0902;G07;
2;25;72;32;CERVERA;30;856587;4623390;0902;N04;
2;25;73;18;CERVIÀ DE LES GARRIGES;30;821003;4594500;0902;Q01;
2;25;74;38;CIUTADILLA;30;846011;4607540;0902;O03;
2;25;75;35;CLARIANA DE CARDENER;30;881363;4654430;0902;K07;
2;25;76;18;COGUL, EL;30;808538;4596300;0802;P11;
2;25;77;4;COLL DE NARGÓ;30;850559;4676140;0902;H05;
2;25;78;33;CORBINS;30;806371;4621680;0802;N11;
2;25;79;23;CUBELLS;30;829024;4639650;0902;L02;
2;25;81;18;ESPLUGA CALBA, L';30;834461;4601270;0902;P02;
2;25;82;26;ESPOT;30;832095;4720780;0902;D03;
2;25;85;32;ESTARÀS;30;864707;4626470;0902;N05;
2;25;86;26;ESTERRI D' ÀNEU;30;837787;4727310;0902;C03;
2;25;87;26;ESTERRI DE CARDÓS;30;850467;4724110;0902;D04;
2;25;88;4;ESTAMARIU;30;872630;4702280;0902;F06;
2;25;89;26;FARRERA;30;853254;4712590;0902;E04;
2;25;92;18;FLORESTA, LA;30;827667;4601530;0902;P01;
2;25;93;27;FONDARELLA;30;822081;4615970;0902;N01;
2;25;94;23;FORADADA;30;833058;4643750;0902;L02;
2;25;96;38;FULIOLA, LA;30;833021;4626280;0902;M02;
2;25;97;18;FULLEDA;30;836983;4598060;0902;P02;
2;25;98;25;GAVET DE LA CONCA;30;830086;4665810;0902;I01;
2;25;99;27;GOLMÉS;30;827221;4615750;0902;N01;
2;25;100;14;GÓSOL;30;885623;4683680;0902;H07;
2;25;101;18;GRANADELLA, LA;30;805777;4585930;0802;Q11;
2;25;102;33;GRANJA D' ESCARP, LA;30;782156;4589510;0802;Q08;
2;25;103;32;GRANYANELLA;30;851053;4620290;0902;N04;
2;25;104;32;GRANYENA DE SEGARRA;30;851771;4616420;0902;O04;
2;25;105;18;GRANYENA DE LES GARRIGES;30;805309;4593740;0802;Q11;
2;25;109;38;GUIMERÀ;30;849178;4610410;0902;O03;
2;25;110;32;GUISSONA;30;856398;4635460;0902;M04;
2;25;111;35;GUIXERS;30;883758;4675950;0902;I07;
2;25;112;23;IVARS DE NOGUERA;30;799721;4641580;0802;L10;
2;25;113;27;IVARS D' URGELL;30;830137;4623020;0902;N02;
2;25;114;32;IVORRA;30;865083;4633790;0902;M05;
2;25;115;25;ISONA I CONCA DELLÀ;30;833938;4671920;0902;I02;
2;25;118;18;JUNCOSA;30;816720;4588100;0802;Q12;
2;25;119;18;JUNEDA;30;819110;4605380;0902;O01;
2;25;120;33;LLEIDA;30;798500;4615210;0802;N11;
2;25;121;39;LES;30;803760;4746610;0802;A12;
2;25;122;27;LINYOLA;30;823754;4624810;0902;M01;
2;25;123;26;LLADORRE;30;850576;4733640;0902;C04;
2;25;124;35;LLADURS;30;870565;4666710;0902;J06;
2;25;125;33;LLARDECANS;30;796093;4587930;0802;Q10;
2;25;126;26;LLAVORSÍ;30;844449;4712600;0902;E04;
2;25;127;15;LLES DE CERDANYA;30;884018;4708810;0902;F08;
2;25;128;25;LLIMIANA;30;825234;4663950;0902;I01;
2;25;129;35;LLOBERA;30;870101;4651140;0902;K06;
2;25;130;38;MALDÀ;30;835798;4605830;0902;O02;
2;25;131;33;MASSALCOREIG;30;780716;4595200;0802;P08;
2;25;132;32;MASSOTERES;30;860086;4636960;0902;M04;
2;25;133;33;MAIALS;30;793480;4583040;0802;Q10;
2;25;134;23;MENÀRGUENS;30;810259;4627670;0802;M12;
2;25;135;27;MIRALCAMP;30;824705;4612700;0902;O01;
2;25;136;35;MOLSOSA, LA;30;877575;4636040;0902;M07;
2;25;137;27;MOLLERUSSA;30;823736;4615530;0902;N01;
2;25;138;23;MONTGAI;30;830140;4635080;0902;M02;
2;25;139;15;MONTELLÀ I MARTINET;30;886810;4696440;0902;F08;
2;25;140;4;MONTFERRER I CASTELLBÒ;30;856473;4701870;0902;F05;
2;25;141;32;MONTOLLIU DE SEGARRA;30;856143;4613040;0902;O04;
2;25;142;33;MONTOLLIU DE LLEIDA;30;800162;4606760;0802;O10;
2;25;143;32;MONTORNÈS DE SEGARRA;30;851250;4614040;0902;O04;
2;25;145;38;NALEC;30;843528;4607880;0902;O03;
2;25;146;35;NAVÈS;30;883743;4665650;0902;K07;
2;25;148;35;ODÈN;30;867052;4673170;0902;I06;
2;25;149;4;OLIANA;30;857618;4669570;0902;J05;
2;25;150;23;OLIOLA;30;846493;4642640;0902;L03;
2;25;151;35;OLIUS;30;875393;4659050;0902;J07;
2;25;152;32;OLUGES, LES;30;861278;4624920;0902;N05;
2;25;153;18;OMELLONS, ELS;30;830632;4601220;0902;P01;
2;25;154;38;OMELLS DE NA GAIA, ELS;30;840336;4602180;0902;P02;
2;25;155;4;ORGANYÀ;30;856731;4682500;0902;H05;
2;25;156;23;OS DE BALAGUER;30;805521;4645460;0802;L12;
2;25;157;38;OSSÓ DE SIÓ;30;844949;4630190;0902;M03;
2;25;158;27;PALAU D' ANGLESOLA, EL;30;821792;4618280;0902;N01;
2;25;161;25;CONCA DE DALT;30;830893;4684510;0902;H02;
2;25;163;35;COMA I LA PEDRA, LA;30;878720;4679720;0902;H07;
2;25;164;23;PENELLES;30;828603;4627510;0902;M02;
2;25;165;4;PERAMOLA;30;852758;4667710;0902;J04;
2;25;166;35;PINELL DE SOLSONÈS;30;862188;4653870;0902;K05;
2;25;167;35;PINÓS;30;877872;4642790;0902;L06;
2;25;168;27;POAL, EL;30;822216;4621210;0902;N01;
2;25;169;18;POBLA DE CÉRVOLES, LA;30;824743;4588540;0902;Q01;
2;25;170;18;BELLAGUARDA;30;812438;4582870;0802;Q12;
2;25;171;25;POBLA DE SEGUR, LA;30;828444;4687680;0902;H02;
2;25;172;23;PONTS;30;845588;4648970;0902;K03;
2;25;173;5;PONT DE SUERT, EL;30;812902;4700710;0802;F12;
2;25;174;33;PORTELLA, LA;30;803041;4626890;0802;M11;
2;25;175;15;PRATS I SANSOR;30;898119;4702010;0902;F09;
2;25;176;28;PREIXANA;30;837332;4613680;0902;O02;
2;25;177;23;PREIXENS;30;835271;4635820;0902;M02;
2;25;179;15;PRULLANS;30;889324;4703920;0902;F08;
2;25;180;18;PUIGGRÒS;30;823662;4608010;0902;O01;
2;25;181;38;PUIGVERD D' AGRAMUNT;30;841242;4630660;0902;M03;
2;25;182;33;PUIGVERD DE LLEIDA;30;811853;4606040;0802;O12;
2;25;183;26;RIALP;30;841091;4709490;0902;E03;
2;25;185;4;RIBERA D' URGELLET;30;862671;4691690;0902;G05;
2;25;186;35;RINER;30;877735;4651390;0902;K07;
2;25;189;33;ROSELLÓ;30;799082;4622340;0802;N10;
2;25;190;25;SALÀS DE PALLARS;30;823852;4682080;0902;H01;
2;25;191;32;SANAÜJA;30;857692;4643990;0902;L04;
2;25;192;32;SANT GUIM DE FREIXENET;30;866922;4621130;0902;N05;
2;25;193;35;SANT LLORENÇ DE MORUNYS;30;879271;4674990;0902;I07;
2;25;194;32;SANT RAMON;30;862614;4629540;0902;M05;
2;25;196;25;SANT ESTEVE DE LA SARGA;30;811774;4665460;0802;I12;
2;25;197;32;SANT GUIM DE LA PLANA;30;861411;4632890;0902;M05;
2;25;200;33;SARROCA DE LLEIDA;30;797441;4596570;0802;P10;
2;25;201;25;SARROCA DE BELLERA;30;819920;4702720;0902;F01;
2;25;202;25;SENTERADA;30;823425;4693210;0902;G02;
2;25;203;4;SEU D' URGELL, LA;30;867678;4699170;0902;F06;
2;25;204;33;SERÒS;30;786196;4590730;0802;P09;
2;25;205;27;SIDAMON;30;819453;4615490;0902;N01;
2;25;206;18;SOLERÀS, EL;30;809281;4592280;0802;Q11;
2;25;207;35;SOLSONA;30;874299;4659020;0902;J06;
2;25;208;26;SORIGUERA;30;841439;4700070;0902;F04;
2;25;209;26;SORT;30;835679;4707270;0902;F03;
2;25;210;33;SOSES;30;789243;4604660;0802;O10;
2;25;211;33;SUDANELL;30;797678;4606680;0802;O10;
2;25;212;33;SUNYER;30;799484;4602880;0802;P10;
2;25;215;25;TALARN;30;821978;4677190;0902;H01;
2;25;216;32;TALAVERA;30;863666;4613120;0902;O05;
2;25;217;38;TÀRREGA;30;844932;4622020;0902;N03;
2;25;218;18;TARRÉS;30;836111;4594510;0902;Q02;
2;25;219;32;TARROJA DE SEGARRA;30;855921;4628030;0902;M04;
2;25;220;23;TÉRMENS;30;815088;4625770;0802;M12;
2;25;221;26;TIRVIA;30;847938;4716220;0902;E04;
2;25;222;23;TIURANA;30;851279;4653920;0902;K04;
2;25;223;32;TORÀ;30;868905;4641960;0902;L05;
2;25;224;18;TORMS, ELS;30;811271;4589400;0802;Q11;
2;25;225;38;TORNABOUS;30;837735;4625800;0902;N02;
2;25;226;33;TORREBESSES;30;800838;4591920;0802;Q10;
2;25;227;25;TORRE DE CABDELLA, LA;30;826855;4707000;0902;F02;
2;25;228;33;TORREFARRERA;30;795887;4622140;0802;N11;
2;25;230;27;TORREGROSSA;30;817679;4610790;0902;O01;
2;25;231;23;TORRELAMEU;30;808116;4624700;0802;N11;
2;25;232;33;TORRES DE SEGRE;30;793698;4603810;0802;O10;
2;25;233;33;TORRE-SERONA;30;802746;4620300;0802;N11;
2;25;234;25;TREMP;30;813963;4680840;0902;H01;
2;25;238;38;VALLBONA DE LES MONGES;30;844315;4602870;0902;P03;
2;25;239;4;VALLS DE VALIRA, LES;30;866550;4708820;0902;F06;
2;25;240;23;VALLFOGONA DE BALAGUER;30;818830;4629640;0902;M01;
2;25;242;38;VERDÚ;30;844052;4613310;0902;O03;
2;25;243;39;VIELHA E MIJARAN;30;810294;4735340;0802;B12;
2;25;244;38;VILAGRASSA;30;840607;4618430;0902;N03;
2;25;245;5;VILALLER;30;808769;4717050;0802;E12;
2;25;247;39;VILAMÒS;30;805534;4740610;0802;B12;
2;25;248;27;VILANOVA DE BELLPUIG;30;829743;4613270;0902;O02;
2;25;249;23;VILANOVA DE L' AGUDA;30;853676;4647580;0902;K04;
2;25;250;23;VILANOVA DE MEIÀ;30;832027;4657040;0902;J02;
2;25;251;33;VILANOVA DE SEGRIÀ;30;801588;4624380;0802;M11;
2;25;252;27;VILA-SANA;30;826602;4619920;0902;N01;
2;25;253;18;VILOSELL, EL;30;830478;4589420;0902;Q01;
2;25;254;33;VILLANOVA DE LA BARCA;30;810992;4621330;0802;N12;
2;25;255;18;VINAIXA;30;832201;4595400;0902;Q02;
2;25;901;26;VALL DE CARDÓS;30;846127;4723790;0902;D04;
2;25;902;38;SANT MARTÍ DE RIUCORB;30;839121;4609030;0902;O02;
2;25;903;26;GUINGUETA D' ANEU, LA;30;840894;4725300;0902;D03;
2;25;904;25;CASTELL DE MUR;30;818561;4668070;0902;I01;
2;25;905;32;RIBERA D' ONDARA;30;860431;4618120;0902;O05;
2;25;906;4;VALLS D' AGUILAR, LES;30;849802;4692350;0902;G05;
2;25;907;32;TORREFETA I FLOREJACS;30;854112;4635750;0902;M04;
2;25;908;4;FIGOLS I ALINYÀ;30;863476;4680980;0902;H05;
2;25;909;4;VANSA I FÓRNOLS, LA;30;871120;4687210;0902;H06;
2;25;910;4;JOSA I TUIXÉN;30;879885;4687510;0902;H07;
2;25;911;32;PLANS DE SIÓ, ELS;30;849960;4629190;0902;M04;
2;25;912;33;GIMENELLS I EL PLA DE LA FONT;30;781721;4618570;0802;N09;
2;25;913;15;RIU DE CERDANYA;30;897669;4696867;0902;G09;
2;25;998;0;FRANCIA;0;0;0;0000;000;
2;25;999;0;OTRA PROVINCIA;0;0;0;0000;000;
2;43;0;0;INDETERMINADO;;;;0000;000;
2;43;1;1;AIGUAMÚRCIA;30;870162;4588700;0903;A05;
2;43;2;12;ALBINYANA;30;876667;4575540;0903;B06;
2;43;3;8;ALBIOL, L';30;844074;4574410;0903;B03;
2;43;4;22;ALCANAR;30;798161;4497620;0803;I09;
2;43;5;1;ALCOVER;30;849160;4576880;0903;B03;
2;43;6;9;ALDOVER;30;792893;4530000;0803;F09;
2;43;7;8;ALEIXAR, L';30;839700;4570040;0903;B02;
2;43;8;9;ALFARA DE CARLES;30;784025;4528220;0803;F09;
2;43;9;8;ALFORJA;30;832258;4569260;0903;B02;
2;43;10;1;ALIÓ;30;860707;4580940;0903;A04;
2;43;11;8;ALMOSTER;30;843953;4569280;0903;B03;
2;43;12;36;ALTAFULLA;30;867668;4565050;0903;C05;
2;43;13;9;AMETLLA DE MAR, L';30;818118;4535550;0803;F12;
2;43;14;22;AMPOSTA;30;807646;4509390;0803;H10;
2;43;15;8;ARBOLÍ;30;831720;4573010;0903;B01;
2;43;16;12;ARBOÇ, L';30;885944;4579460;0903;B07;
2;43;17;8;ARGENTERA, L';30;827684;4560900;0903;C01;
2;43;18;37;ARNES;30;776100;4530460;0803;E07;
2;43;19;30;ASCÓ;30;797979;4563300;0803;B10;
2;43;20;12;BANYERES DEL PENEDÈS;30;882080;4579090;0903;A07;
2;43;21;16;BARBERÀ DE LA CONCA;30;853545;4593290;0902;Q04;
2;43;22;37;BATEA;30;776854;4555770;0803;C08;
2;43;23;29;BELLMUNT DEL PRIORAT;30;815462;4563440;0803;C12;
2;43;24;12;BELLVEI;30;882943;4575030;0903;B07;
2;43;25;9;BENIFALLET;30;796604;4541370;0803;E10;
2;43;26;30;BENISSANET;30;801190;4552700;0803;D11;
2;43;27;29;BISBAL DE FALSET, LA;30;811709;4577020;0803;A11;
2;43;28;12;BISBAL DEL PENEDÈS, LA;30;875423;4579760;0903;A06;
2;43;29;16;BLANCAFORT;30;846855;4597130;0902;Q03;
2;43;30;12;BONASTRE;30;871996;4573420;0903;B05;
2;43;31;8;BORGES DEL CAMP, LES;30;837095;4566510;0903;C02;
2;43;32;37;BOT;30;783659;4546140;0803;D09;
2;43;33;8;BOTARELL;30;836138;4562930;0903;C02;
2;43;34;1;BRÀFIM;30;863667;4578840;0903;A05;
2;43;35;29;CABACÉS;30;812685;4572950;0803;B12;
2;43;36;1;CABRA DEL CAMP;30;859626;4591810;0902;Q04;
2;43;37;12;CALAFELL;30;884955;4572390;0903;B07;
2;43;38;8;CAMBRILS;30;839739;4556000;0903;D02;
2;43;39;8;CAPAFONTS;30;838508;4579430;0903;A02;
2;43;40;29;CAPÇANES;30;819238;4556460;0803;C12;
2;43;41;37;CASERES;30;775915;4548900;0803;D07;
2;43;42;8;CASTELLVELL DEL CAMP;30;843203;4567960;0903;B03;
2;43;43;36;CATLLAR, EL;30;861439;4567670;0903;C04;
2;43;44;22;SÉNIA, LA;30;776692;4511100;0803;H08;
2;43;45;8;COLLDEJOU;30;825366;4557290;0903;C01;
2;43;46;16;CONESA;30;857301;4604930;0902;P04;
2;43;47;36;CONSTANTÍ;30;851831;4565320;0903;C04;
2;43;48;37;CORBERA D' EBRE;30;792041;4555750;0803;C09;
2;43;49;29;CORNUDELLA DE MONTSANT;30;828249;4576230;0903;A01;
2;43;50;36;CREIXELL;30;871783;4568690;0903;C05;
2;43;51;12;CUNIT;30;888285;4572450;0903;B07;
2;43;52;9;XERTA;30;791881;4533980;0803;E09;
2;43;53;8;DUESAIGÜES;30;829394;4564130;0903;C01;
2;43;54;16;ESPLUGA DE FRANCOLÍ, L';30;843063;4593790;0902;Q03;
2;43;55;29;FALSET;30;820260;4563780;0903;C01;
2;43;56;37;FATARELLA, LA;30;791129;4563850;0803;C09;
2;43;57;8;FEBRÓ, LA;30;834999;4577240;0903;A02;
2;43;58;29;FIGUERA, LA;30;811346;4567870;0803;B11;
2;43;59;1;FIGUEROLA DEL CAMP;30;856013;4587590;0902;Q04;
2;43;60;30;FLIX;30;798915;4574080;0803;B10;
2;43;61;16;FORÈS;30;853242;4602280;0902;P04;
2;43;62;22;FREGINALS;30;797543;4507040;0803;H10;
2;43;63;22;GALERA, LA;30;790735;4510740;0803;H09;
2;43;64;37;GANDESA;30;787598;4550660;0803;D09;
2;43;65;30;GARCIA;30;806616;4561130;0803;C11;
2;43;66;1;GARIDELLS, ELS;30;855953;4570870;0903;B04;
2;43;67;30;GINESTAR;30;805919;4548590;0803;D11;
2;43;68;22;GODALL;30;792951;4507250;0803;H09;
2;43;69;29;GRATALLOPS;30;816435;4567070;0803;B12;
2;43;70;29;GUIAMETS, ELS;30;814959;4557540;0803;C12;
2;43;71;37;HORTA DE SANT JOAN;30;779870;4537310;0803;E08;
2;43;72;29;LLOAR, EL;30;813861;4567010;0803;B12;
2;43;73;16;LLORAC;30;861233;4609780;0902;O04;
2;43;74;12;LLORENÇ DEL PENEDÈS;30;880438;4580690;0903;A06;
2;43;75;29;MARGALEF;30;816099;4579140;0803;A12;
2;43;76;29;MARÇÀ;30;819178;4560060;0803;C12;
2;43;77;22;MAS DE BARBERANS;30;783484;4513420;0803;G08;
2;43;78;22;MASDENVERGE;30;798325;4513200;0803;G10;
2;43;79;12;MASLLORENÇ;30;871271;4577600;0903;A05;
2;43;80;1;MASÓ, LA;30;853810;4574120;0903;B04;
2;43;81;8;MASPUJOLS;30;838343;4567740;0903;B02;
2;43;82;29;MASROIG, EL;30;813365;4560300;0803;C11;
2;43;83;1;MILÀ, EL;30;852565;4575480;0903;B03;
2;43;84;30;MIRAVET;30;800837;4549660;0803;D10;
2;43;85;29;MOLAR, EL;30;811105;4563920;0803;C11;
2;43;86;16;MONTBLANC;30;847612;4587420;0902;Q03;
2;43;88;8;MONTBRIÓ DEL CAMP;30;836074;4559810;0903;C02;
2;43;89;1;MONTFERRI;30;867521;4577130;0903;B05;
2;43;90;12;MONTMELL, EL;30;875639;4585560;0903;A06;
2;43;91;1;MONT-RAL;30;842749;4579570;0903;A03;
2;43;92;8;MONT-ROIG DEL CAMP;30;832574;4552820;0903;C01;
2;43;93;30;MÓRA D' EBRE;30;802258;4556040;0803;C11;
2;43;94;30;MÓRA LA NOVA;30;808181;4555910;0803;C11;
2;43;95;36;MORELL, EL;30;853612;4569870;0903;B03;
2;43;96;29;MORERA DE MONTSANT, LA;30;821540;4575980;0903;A01;
2;43;97;36;NOU DE GAIÀ, LA;30;867438;4568880;0903;B05;
2;43;98;1;NULLES;30;859544;4575970;0903;B04;
2;43;99;30;PALMA D' EBRE, LA;30;806965;4575520;0803;A11;
2;43;100;36;PALLARESOS, ELS;30;857385;4566320;0903;C04;
2;43;101;16;PASSANANT I BELLTALL;30;850512;4605280;0902;P03;
2;43;102;9;PAÜLS;30;787142;4536530;0803;E09;
2;43;103;36;PERAFORT;30;855745;4568700;0903;B04;
2;43;104;9;PERELLÓ, EL;30;810493;4532970;0803;F11;
2;43;105;16;PILES, LES;30;863138;4603920;0902;P05;
2;43;106;37;PINELL BRAI, EL;30;794538;4546970;0803;D10;
2;43;107;16;PIRA;30;850428;4594130;0902;Q03;
2;43;108;1;PLA DE SANTA MARIA, EL;30;860873;4586480;0902;Q04;
2;43;109;36;POBLA DE MAFUMET, LA;30;853401;4567850;0903;B03;
2;43;110;37;POBLA DE MASSALUCA, LA;30;780896;4565790;0803;B08;
2;43;111;36;POBLA DE MONTORNÈS, LA;30;869581;4568680;0903;C05;
2;43;112;29;POBOLEDA;30;822371;4571880;0903;B01;
2;43;113;1;PONT D' ARMENTERA, EL;30;862920;4593180;0902;Q05;
2;43;114;29;PORRERA;30;823314;4567980;0903;B01;
2;43;115;29;PRADELL DE LA TEIXETA;30;825164;4562990;0903;C01;
2;43;116;8;PRADES;30;834160;4581580;0903;A02;
2;43;117;37;PRAT DE COMTE;30;787196;4541900;0803;D09;
2;43;118;8;PRATDIP;30;826247;4552270;0903;D01;
2;43;119;1;PUIGPELAT;30;860324;4578910;0903;A04;
2;43;120;1;QUEROL;30;870319;4595140;0902;Q05;
2;43;121;30;RASQUERA;30;804247;4542470;0803;D10;
2;43;122;36;RENAU;30;862014;4572000;0903;B04;
2;43;123;8;REUS;30;845755;4563730;0903;C03;
2;43;124;1;RIBA, LA;30;849257;4581410;0903;A03;
2;43;125;30;RIBA-ROJA D' EBRE;30;788829;4573720;0803;B09;
2;43;126;36;RIERA DE GAIÀ, LA;30;865646;4566280;0903;C05;
2;43;127;8;RIUDECANYES;30;832337;4561550;0903;C02;
2;43;128;8;RUIDECOLS;30;832690;4565740;0903;C02;
2;43;129;8;RIUDOMS;30;840729;4562030;0903;C02;
2;43;130;16;ROCAFORT DE QUERALT;30;856680;4601050;0902;P04;
2;43;131;36;RODA DE BARÀ;30;874279;4569190;0903;B06;
2;43;132;1;RODONYÀ;30;869212;4579190;0903;A05;
2;43;133;9;ROQUETES;30;787141;4521000;0803;F09;
2;43;134;1;ROURELL, EL;30;853821;4572380;0903;B04;
2;43;135;36;SALOMÓ;30;866608;4574210;0903;B05;
2;43;136;22;SANT CARLES DE LA RÀPITA;30;807006;4501340;0803;I10;
2;43;137;12;SANT JAUME DELS DOMENYS;30;881594;4583330;0903;A06;
2;43;138;22;SANTA BÀRBARA;30;794118;4514020;0803;G09;
2;43;139;16;SANTA COLOMA DE QUERALT;30;866793;4608970;0902;P05;
2;43;140;12;SANTA OLIVA;30;880399;4576570;0903;B06;
2;43;141;16;PONTILS;30;866839;4600350;0902;P05;
2;43;142;16;SARRAL;30;856930;4598070;0902;Q04;
2;43;143;16;SAVALLÀ DEL COMTAT;30;857814;4608130;0902;O04;
2;43;144;36;SECUITA, LA;30;858559;4571080;0903;B04;
2;43;145;8;SELVA DEL CAMP, LA;30;846733;4570720;0903;B03;
2;43;146;16;SENAN;30;839973;4599850;0902;P03;
2;43;147;16;SOLIVELLA;30;849474;4598970;0902;P03;
2;43;148;36;TARRAGONA;30;857672;4562280;0903;C04;
2;43;149;9;TIVENYS;30;799290;4535650;0803;E10;
2;43;150;30;TIVISSA;30;813981;4547720;0803;D11;
2;43;151;29;TORRE DE FONTAUBELLA, LA;30;824334;4559380;0903;C01;
2;43;152;30;TORRE DE L' ESPANYOL, LA;30;806298;4568060;0803;B11;
2;43;153;36;TORREDEMBARRA;30;870036;4565050;0903;C05;
2;43;154;29;TORROJA DEL PRIORAT;30;819367;4570420;0803;B12;
2;43;155;9;TORTOSA;30;798105;4524960;0803;F10;
2;43;156;22;ULLDECONA;30;790882;4502190;0803;I09;
2;43;157;29;ULLDEMOLINS;30;822735;4582220;0903;A01;
2;43;158;16;VALLCLARA;30;833941;4587900;0902;Q02;
2;43;159;16;VALLFOGONA DE RIUCORB;30;853336;4609400;0902;O04;
2;43;160;1;VALLMOLL;30;856441;4574930;0903;B04;
2;43;161;1;VALLS;30;855040;4581130;0903;A04;
2;43;162;8;VANDELLÒS I L' HOSPITALET;30;823392;4545630;0903;D01;
2;43;163;12;VENDRELL, EL;30;879135;4571600;0903;B06;
2;43;164;36;VESPELLA DE GAIÀ;30;865898;4570690;0903;B05;
2;43;165;1;VILABELLA;30;862847;4575190;0903;B05;
2;43;166;36;VILALLONGA DEL CAMP;30;851964;4570990;0903;B03;
2;43;167;8;VILANOVA D' ESCORNALBOU;30;830095;4558160;0903;C01;
2;43;168;16;VILANOVA DE PRADES;30;830536;4584130;0902;Q01;
2;43;169;8;VILAPLANA;30;838266;4574530;0903;B02;
2;43;170;1;VILA-RODONA;30;865843;4582460;0903;A05;
2;43;171;36;VILA-SECA;30;848260;4558500;0903;C03;
2;43;172;16;VILAVERD;30;848591;4584550;0902;Q03;
2;43;173;29;VILELLA ALTA, LA;30;817021;4571530;0803;B12;
2;43;174;29;VILELLA BAIXA, LA;30;814908;4570250;0803;B12;
2;43;175;37;VILALBA DELS ARCS;30;785483;4560960;0803;C09;
2;43;176;16;VIMBODÍ;30;838447;4588510;0902;Q02;
2;43;177;30;VINEBRE;30;803781;4569270;0803;B10;
2;43;178;8;VINYOLS I ELS ARCS;30;840620;4557940;0903;C02;
2;43;901;9;DELTEBRE;30;816087;4516330;0803;G11;
2;43;902;22;SANT JAUME D' ENVEJA;30;820016;4511740;0803;H11;
2;43;903;9;CAMARLES;30;808230;4520890;0803;G11;
2;43;904;9;ALDEA, L';30;804971;4517370;0803;G10;
2;43;905;36;SALOU;30;848353;4556090;0903;D03;
2;43;906;9;AMPOLLA, L';30;811355;4524660;0803;F11;
2;43;907;36;CANONJA, LA;30;851147;4560817;0903;C03;
2;43;999;0;OTRA PROVINCIA;0;0;0;0000;000;
3;15;0;1500;INDETERMINADO;;;;0000;000;
3;15;1;1502;ABEGONDO;30;69960;4797860;0201;I02;
3;15;2;1503;AMES;30;38993;4764460;0101;M10;
3;15;3;1502;ARANGA;30;92945;4797980;0201;I05;
3;15;4;1501;ARES;30;74673;4823070;0201;G03;
3;15;5;1502;ARTEIXO;30;53211;4808950;0201;H01;
3;15;6;1503;ARZÚA;30;77159;4765980;0201;L03;
3;15;7;1504;BAÑA, A;30;30844;4773010;0101;L09;
3;15;8;1502;BERGONDO;30;74380;4809020;0201;H03;
3;15;9;1502;BETANZOS;30;76244;4804900;0201;H03;
3;15;10;1503;BOIMORTO;30;81958;4774760;0201;K04;
3;15;11;1504;BOIRO;30;17582;4742220;0101;O08;
3;15;12;1503;BOQUEIXÓN-CASANOVA;30;56850;4756190;0201;M01;
3;15;13;1503;BRIÓN;30;32665;4760450;0101;M10;
3;15;14;1502;CABANA DE BERGANTIÑOS;30;20997;4799520;0101;I08;
3;15;15;1501;CABANAS;30;84820;4822020;0201;G03;
3;15;16;1505;CAMARIÑAS;30;542;4797150;0101;J06;
3;15;17;1502;CAMBRE;30;67734;4805780;0201;H02;
3;15;18;1501;CAPELA, A;30;92128;4822740;0201;F05;
3;15;19;1502;CARBALLO;30;39593;4800230;0101;I10;
3;15;20;1505;CARNOTA;30;1463;4762040;0101;M07;
3;15;21;1502;CARRAL;30;64672;4798570;0201;I02;
3;15;22;1501;CEDEIRA;30;96638;4848040;0201;D04;
3;15;23;1505;CEE;30;-5156;4776240;0101;L06;
3;15;24;1503;CERCEDA;30;54318;4794200;0201;I01;
3;15;25;1501;CERDIDO;30;99622;4840940;0201;D05;
3;15;26;1502;CESURAS;30;76062;4792290;0201;I03;
3;15;27;1502;COIRÓS;30;82936;4800760;0201;I03;
3;15;28;1505;CORCUBIÓN;30;-5690;4771970;0101;L06;
3;15;29;1502;CORISTANCO;30;31101;4795040;0101;I10;
3;15;30;1502;CORUÑA, A;30;60617;4813680;0201;G01;
3;15;31;1502;CULLEREDO;30;61324;4805580;0201;H01;
3;15;32;1502;CURTIS;30;89728;4788390;0201;J03;
3;15;33;1504;DODRO;30;31686;4746090;0101;O10;
3;15;34;1505;DUMBRÍA;30;2967;4777800;0101;K07;
3;15;35;1501;FENE;30;82701;4825290;0201;F03;
3;15;36;1501;FERROL;30;74054;4831180;0201;F03;
3;15;37;1505;FISTERRA;30;-10767;4773080;0101;L05;
3;15;38;1503;FRADES;30;70246;4779590;0201;K02;
3;15;39;1502;IRIXOA;30;88795;4805270;0201;H04;
3;15;40;1502;LAXE;30;10924;4799440;0101;I07;
3;15;41;1502;LARACHA, A;30;49048;4801780;0101;I11;
3;15;42;1504;LOUSAME;30;22630;4751570;0101;N09;
3;15;43;1502;MALPICA DE BERGANTIÑOS;30;28424;4810480;0101;H09;
3;15;44;1501;MAÑÓN;30;118288;4844320;0201;D07;
3;15;45;1505;MAZARICOS;30;11116;4770680;0101;L08;
3;15;46;1503;MELIDE;30;89030;4765960;0201;L05;
3;15;47;1503;MESÍA;30;74148;4785340;0201;J03;
3;15;48;1502;MIÑO;30;80462;4813610;0201;H03;
3;15;49;1501;MOECHE;30;97980;4835870;0201;E05;
3;15;50;1501;MONFERO;30;94930;4811780;0201;H04;
3;15;51;1501;MUGARDOS;30;76595;4824330;0201;F03;
3;15;52;1505;MUXÍA;30;-4226;4786100;0101;J06;
3;15;53;1505;MUROS;30;6567;4757010;0101;N07;
3;15;54;1501;NARÓN;30;82616;4833860;0201;F03;
3;15;55;1501;NEDA;30;85563;4829120;0201;F03;
3;15;56;1504;NEGREIRA;30;25067;4767360;0101;L10;
3;15;57;1504;NOIA;30;20104;4755690;0101;N08;
3;15;58;1502;OLEIROS;30;68027;4813610;0201;H02;
3;15;59;1503;ORDES;30;60646;4785480;0201;K01;
3;15;60;1503;OROSO;30;60948;4775000;0201;K01;
3;15;61;1501;ORTIGUEIRA;30;110685;4844660;0201;D06;
3;15;62;1504;OUTES;30;16206;4761530;0101;M08;
3;15;63;1502;OZA DOS RÍOS;30;80923;4796710;0201;I03;
3;15;64;1502;PADERNE;30;81321;4806840;0201;H03;
3;15;65;1504;PADRÓN;30;39282;4749510;0101;N10;
3;15;66;1503;PINO, O;30;65774;4767920;0201;L02;
3;15;67;1504;POBRA DO CARAMIÑAL, A;30;12302;4736630;0102;A08;
3;15;68;1502;PONTECESO;30;23035;4806830;0101;I08;
3;15;69;1501;PONTEDEUME;30;82750;4818400;0201;G03;
3;15;70;1501;PONTES DE GARCIA RODRIGUEZ, AS;30;105893;4824090;0201;F06;
3;15;71;1504;PORTO DO SON;30;9407;4743540;0101;O07;
3;15;72;1504;RIANXO;30;25994;4742210;0101;O09;
3;15;73;1504;RIBEIRA;30;6631;4731490;0102;A08;
3;15;74;1504;ROIS;30;31802;4753420;0101;N10;
3;15;75;1502;SADA;30;71996;4813870;0201;G03;
3;15;76;1501;SAN SADURNIÑO;30;92200;4832060;0201;E04;
3;15;77;1505;SANTA COMBA;30;27125;4782460;0101;K09;
3;15;78;1503;SANTIAGO DE COMPOSTELA;30;49729;4765880;0101;M11;
3;15;79;1503;SANTISO;30;85940;4758870;0201;M04;
3;15;80;1503;SOBRADO;30;93082;4779380;0201;K04;
3;15;81;1501;SOMOZAS, AS;30;102465;4831060;0201;E05;
3;15;82;1503;TEO;30;44957;4753580;0101;N11;
3;15;83;1503;TOQUES;30;96020;4769570;0201;L05;
3;15;84;1503;TORDOIA;30;47457;4785870;0101;J11;
3;15;85;1503;TOURO;30;66079;4758870;0201;M02;
3;15;86;1503;TRAZO;30;48631;4777190;0101;K11;
3;15;87;1501;VALDOVIÑO;30;86653;4840760;0201;E03;
3;15;88;1503;VAL DO DUBRA;30;39333;4778720;0101;K10;
3;15;89;1503;VEDRA;30;53036;4751210;0201;N01;
3;15;90;1502;VILASANTAR;30;84915;4781660;0201;K04;
3;15;91;1502;VILARMAIOR;30;84960;4813460;0201;G04;
3;15;92;1505;VIMIANZO;30;8711;4789330;0101;J07;
3;15;93;1505;ZAS;30;17760;4788190;0101;J08;
3;15;901;1501;CARIÑO;30;105317;4853370;0201;C06;
3;15;902;1502;OZA-CESURAS;0;0;0;0201;I03;
3;15;999;1500;OTRA PROVINCIA;0;0;0;0000;000;
3;27;0;2700;INDETERMINADO;;;;0000;000;
3;27;1;2710;ABADÍN;30;136161;4812220;0201;G09;
3;27;2;2706;ALFOZ;30;141670;4826360;0201;E09;
3;27;3;2709;ANTAS DE ULLA;30;98818;4747680;0201;N06;
3;27;4;2707;BALEIRA;30;156792;4774450;0201;K11;
3;27;5;2706;BARREIROS;30;158238;4827480;0201;E11;
3;27;6;2707;BECERREÁ;30;161711;4756320;0301;M01;
3;27;7;2710;BEGONTE;30;118548;4789240;0201;J07;
3;27;8;2708;BÓVEDA;30;131531;4730330;0201;O09;
3;27;9;2708;CARBALLEDO;30;105070;4719360;0202;B07;
3;27;10;2710;CASTRO DE REI;30;139254;4789850;0201;I10;
3;27;11;2709;CASTROVERDE;30;146843;4772760;0201;K10;
3;27;12;2707;CERVANTES;30;175849;4749800;0301;M01;
3;27;13;2706;CERVO;30;142667;4842100;0201;D09;
3;27;14;2709;CORGO, O;30;138241;4762840;0201;L09;
3;27;15;2710;COSPEITO;30;131725;4795640;0201;I08;
3;27;16;2708;CHANTADA;30;106063;4729140;0202;A07;
3;27;17;2708;FOLGOSO DO COUREL;30;157658;4726450;0202;A11;
3;27;18;2707;FONSAGRADA, A;30;168256;4783980;0301;J01;
3;27;19;2706;FOZ;30;150594;4834230;0201;E11;
3;27;20;2709;FRIOL;30;108013;4776780;0201;K06;
3;27;21;2710;XERMADE;30;111576;4813720;0201;G06;
3;27;22;2710;GUITIRIZ;30;105596;4795410;0201;I06;
3;27;23;2709;GUNTÍN;30;119817;4760660;0201;M07;
3;27;24;2709;INCIO, O;30;142099;4733830;0201;O10;
3;27;25;2706;XOVE;30;136396;4845180;0201;D09;
3;27;26;2709;LÁNCARA;30;145857;4752970;0201;M10;
3;27;27;2706;LOURENZÁ;30;153529;4820380;0201;F10;
3;27;28;2709;LUGO;30;128027;4771290;0201;K08;
3;27;29;2710;MEIRA;30;154121;4794560;0201;I10;
3;27;30;2706;MONDOÑEDO;30;146583;4819110;0201;G10;
3;27;31;2708;MONFORTE DE LEMOS;30;130973;4717280;0202;B09;
3;27;32;2709;MONTERROSO;30;107428;4751840;0201;N06;
3;27;33;2710;MURAS;30;122914;4824990;0201;F07;
3;27;34;2707;NAVIA DE SUARNA;30;176672;4763950;0301;L02;
3;27;35;2707;NEGUEIRA DE MUÑIZ;30;183626;4782340;0301;J03;
3;27;36;2707;NEIRA DE JUSA;30;151565;4758410;0201;L11;
3;27;37;2707;NOGAIS, AS;30;164566;4744190;0301;M01;
3;27;38;2706;OUROL;30;125131;4833750;0201;E07;
3;27;39;2709;OUTEIRO DE REI;30;125343;4782490;0201;J08;
3;27;40;2709;PALAS DE REI;30;102397;4761000;0201;M06;
3;27;41;2708;PANTÓN;30;118154;4716620;0202;B08;
3;27;42;2709;PARADELA;30;125417;4742580;0201;N08;
3;27;43;2709;PÁRAMO, O;30;130335;4752600;0201;M09;
3;27;44;2710;PASTORIZA, A;30;146722;4803560;0201;H10;
3;27;45;2707;PEDRAFITA DO CEBREIRO;30;165590;4734950;0301;N02;
3;27;46;2710;POL;30;147822;4785800;0201;J10;
3;27;47;2708;POBLA DO BROLLÓN, A;30;141594;4721840;0202;A10;
3;27;48;2706;PONTENOVA, A;30;160882;4805630;0201;G11;
3;27;49;2709;PORTOMARÍN;30;117233;4751360;0201;M08;
3;27;50;2708;QUIROGA;30;155516;4712990;0202;B11;
3;27;51;2706;RIBADEO;30;167650;4826140;0301;E01;
3;27;52;2708;RIBAS DE SIL;30;146884;4707250;0202;B11;
3;27;53;2710;RIBEIRA DE PIQUÍN;30;159159;4790840;0201;I11;
3;27;54;2710;RIOTORTO;30;154307;4805860;0201;G11;
3;27;55;2709;SAMOS;30;149875;4737950;0201;N10;
3;27;56;2709;RÁBADE;30;124196;4785330;0201;J08;
3;27;57;2709;SARRIA;30;137498;4745220;0201;N09;
3;27;58;2708;SAVIÑAO, O;30;119027;4731500;0202;A08;
3;27;59;2708;SOBER;30;125412;4708170;0202;B08;
3;27;60;2708;TABOADA;30;110293;4740710;0201;N07;
3;27;61;2706;TRABADA;30;161896;4818360;0201;F11;
3;27;62;2709;TRIACASTELA;30;155019;4743180;0201;N11;
3;27;63;2706;VALADOURO, O;30;138105;4830550;0201;E09;
3;27;64;2706;VICEDO, O;30;123561;4847510;0201;C07;
3;27;65;2710;VILALBA;30;122088;4806860;0201;H07;
3;27;66;2706;VIVEIRO;30;129997;4841670;0201;D08;
3;27;901;2707;BARALLA;30;152960;4759440;0201;L11;
3;27;902;2706;BURELA;30;148146;4843320;0201;D10;
3;27;999;2700;OTRA PROVINCIA;0;0;0;0000;000;
3;32;0;3200;INDETERMINADO;;;;0000;000;
3;32;1;3212;ALLARIZ;30;103370;4682330;0202;E06;
3;32;2;3212;AMOEIRO;30;93064;4706120;0202;C05;
3;32;3;3211;ARNOIA, A;30;76693;4690720;0202;E04;
3;32;4;3211;AVIÓN;30;66070;4706580;0202;C03;
3;32;5;3215;BALTAR;30;107265;4653610;0202;H07;
3;32;6;3215;BANDE;30;88593;4665450;0202;G05;
3;32;7;3212;BAÑOS DE MOLGAS;30;113929;4685700;0202;E07;
3;32;8;3212;BARBADÁS;30;95556;4695040;0202;D06;
3;32;9;3213;BARCO DE VALDEORRAS, O;30;172412;4703740;0302;D02;
3;32;10;3211;BEADE;30;77067;4698870;0202;D04;
3;32;11;3211;BEARIZ;30;66067;4716880;0202;B03;
3;32;12;3215;BLANCOS, OS;30;105839;4658810;0202;G07;
3;32;13;3211;BOBORÁS;30;74300;4712240;0202;C04;
3;32;14;3212;BOLA, A;30;95340;4677730;0202;F06;
3;32;15;3213;BOLO, O;30;161542;4691110;0302;E01;
3;32;16;3215;CALVOS DE RANDÍN;30;97428;4654130;0202;H06;
3;32;17;3213;CARBALLEDA DE VALDEORRAS;30;183348;4695490;0302;D03;
3;32;18;3211;CARBALLEDA DE AVIA;30;72511;4699500;0202;D03;
3;32;19;3211;CARBALLINO, O;30;82421;4711420;0202;C04;
3;32;20;3212;CARTELLE;30;85763;4688760;0202;E05;
3;32;21;3214;CASTRELO DO VAL;30;139417;4663560;0202;G10;
3;32;22;3211;CASTRELO DE MIÑO;30;82593;4695110;0202;D04;
3;32;23;3213;CASTRO CALDELAS;30;137501;4700980;0202;C10;
3;32;24;3212;CELANOVA;30;89168;4679570;0202;F05;
3;32;25;3211;CENLLE;30;81742;4700090;0202;D04;
3;32;26;3212;COLES;30;101931;4706430;0202;C06;
3;32;27;3211;CORTEGADA;30;74941;4685870;0202;E03;
3;32;28;3214;CUALEDRO;30;119370;4656030;0202;H08;
3;32;29;3213;CHANDREXA DE QUEIXA;30;139128;4687110;0202;D10;
3;32;30;3215;ENTRIMO;30;74072;4656420;0202;H04;
3;32;31;3212;ESGOS;30;113127;4697670;0202;D07;
3;32;32;3215;XINZO DE LIMIA;30;110584;4665660;0202;G07;
3;32;33;3212;GOMESENDE;30;79055;4683610;0202;F04;
3;32;34;3214;GUDIÑA, A;30;155143;4662680;0302;H01;
3;32;35;3211;IRIXO, O;30;77748;4719880;0202;B04;
3;32;36;3212;XUNQUEIRA DE AMBÍA;30;110560;4680750;0202;E07;
3;32;37;3212;XUNQUEIRA DE ESPADANEDO;30;118003;4696080;0202;D08;
3;32;38;3213;LAROUCO;30;156971;4697700;0302;E01;
3;32;39;3214;LAZA;30;131827;4670680;0202;G09;
3;32;40;3211;LEIRO;30;75497;4704300;0202;C04;
3;32;41;3215;LOBEIRA;30;82071;4662530;0202;H04;
3;32;42;3215;LOBIOS;30;77913;4648700;0202;I04;
3;32;43;3212;MACEDA;30;120588;4688780;0202;D08;
3;32;44;3213;MANZANEDA;30;152032;4688580;0202;D11;
3;32;45;3211;MASIDE;30;87219;4708770;0202;C05;
3;32;46;3211;MELÓN;30;69441;4693580;0202;E03;
3;32;47;3212;MERCA, A;30;95430;4685850;0202;E06;
3;32;48;3214;MEZQUITA, A;30;166027;4658600;0302;H02;
3;32;49;3213;MONTEDERRAMO;30;128735;4691090;0202;D09;
3;32;50;3214;MONTERREI;30;125288;4654050;0202;H09;
3;32;51;3215;MUIÑOS;30;88720;4654590;0202;H05;
3;32;52;3212;NOGUEIRA DE RAMUÍN;30;112596;4704720;0202;C07;
3;32;53;3214;OÍMBRA;30;124797;4645480;0202;I09;
3;32;54;3212;OURENSE;30;97394;4700450;0202;D06;
3;32;55;3212;PADERNE DE ALLARIZ;30;108715;4691730;0202;D07;
3;32;56;3212;PADRENDA;30;73924;4676140;0202;F03;
3;32;57;3213;PARADA DE SIL;30;124411;4700360;0202;C08;
3;32;58;3212;PEREIRO DE AGUIAR, O;30;106384;4699180;0202;D06;
3;32;59;3212;PEROXA, A;30;105173;4711760;0202;C06;
3;32;60;3213;PETÍN;30;162644;4698950;0302;D01;
3;32;61;3211;PIÑOR;30;88458;4720260;0202;B04;
3;32;62;3215;PORQUEIRA;30;98996;4663410;0202;G06;
3;32;63;3213;POBRA DE TRIVES, A;30;147522;4694940;0202;D11;
3;32;64;3212;PONTEDEVA;30;75596;4681520;0202;F04;
3;32;65;3211;PUNXÍN;30;87503;4703340;0202;C05;
3;32;66;3212;QUINTELA DE LEIRADO;30;79267;4676240;0202;F04;
3;32;67;3215;RAIRIZ DE VEIGA;30;98588;4671570;0202;G06;
3;32;68;3212;RAMIRÁS;30;84084;4682580;0202;E05;
3;32;69;3211;RIBADAVIA;30;76494;4694910;0202;D04;
3;32;70;3213;SAN XOAN DE RIO;30;145043;4701860;0202;C11;
3;32;71;3214;RIÓS;30;145839;4655870;0202;H11;
3;32;72;3213;RÚA, A;30;160775;4703910;0302;D01;
3;32;73;3213;RUBIÁ;30;179829;4709280;0302;C02;
3;32;74;3211;SAN AMARO;30;83267;4703600;0202;C04;
3;32;75;3212;SAN CIBRAO DAS VIÑAS;30;99912;4692230;0202;D06;
3;32;76;3211;SAN CRISTOVO DE CEA;30;92792;4717260;0202;B05;
3;32;77;3215;SANDIÁS;30;107600;4673330;0202;F07;
3;32;78;3215;SARREAUS;30;119483;4672090;0202;F08;
3;32;79;3212;TABOADELA;30;101983;4688870;0202;E06;
3;32;80;3213;TEIXEIRA, A;30;131549;4700910;0202;C09;
3;32;81;3212;TOÉN;30;90767;4696000;0202;D05;
3;32;82;3215;TRASMIRAS;30;117362;4663440;0202;G08;
3;32;83;3213;VEIGA, A;30;173594;4687040;0302;F02;
3;32;84;3212;VEREA;30;87276;4672590;0202;F05;
3;32;85;3214;VERÍN;30;133784;4649070;0202;H09;
3;32;86;3214;VIANA DO BOLO;30;163037;4675120;0302;F01;
3;32;87;3212;VILAMARÍN;30;97939;4713020;0202;B06;
3;32;88;3213;VILAMARTÍN DE VALDEORRAS;30;166723;4707720;0302;D01;
3;32;89;3215;VILAR DE BARRIO;30;123290;4679240;0202;F08;
3;32;90;3215;VILAR DE SANTOS;30;102881;4671850;0202;F06;
3;32;91;3214;VILARDEVÓS;30;143264;4648010;0202;H10;
3;32;92;3214;VILARIÑO DE CONSO;30;147619;4675630;0302;G01;
3;32;902;3616;CERDEDO-COTOBADE;0;0;0;0202;B02;
3;32;998;3200;PORTUGAL;0;0;0;0000;000;
3;32;999;3200;OTRA PROVINCIA;0;0;0;0000;000;
3;36;0;3600;INDETERMINADO;;;;0000;000;
3;36;1;3617;ARBO;30;60401;4677450;0202;F02;
3;36;2;3619;BARRO;30;36430;4723770;0102;B10;
3;36;3;3618;BAIONA;30;16743;4676720;0102;F09;
3;36;4;3619;BUEU;30;21734;4702760;0102;D09;
3;36;5;3619;CALDAS DE REIS;30;36011;4733910;0102;A10;
3;36;6;3619;CAMBADOS;30;23403;4722520;0102;B09;
3;36;7;3619;CAMPO LAMEIRO;30;46468;4725260;0102;A11;
3;36;8;3619;CANGAS;30;20755;4697080;0102;E09;
3;36;9;3617;CAÑIZA, A;30;63254;4686130;0202;E02;
3;36;10;3619;CATOIRA;30;32335;4738890;0101;O10;
3;36;11;3616;CERDEDO;30;56125;4724520;0202;B02;
3;36;12;3619;COTOBADE;30;48992;4717110;0202;B01;
3;36;13;3617;COVELO;30;59140;4693950;0202;E02;
3;36;14;3617;CRECENTE;30;69750;4683690;0202;F03;
3;36;15;3619;CUNTIS;30;44430;4736100;0101;O11;
3;36;16;3616;DOZÓN;30;86022;4727850;0202;A04;
3;36;17;3616;ESTRADA, A;30;52996;4740700;0201;O01;
3;36;18;3616;FORCAREI;30;63325;4728130;0202;A02;
3;36;19;3618;FORNELOS DE MONTES;30;53468;4701080;0202;D01;
3;36;20;3616;AGOLADA;30;88382;4749800;0201;N05;
3;36;21;3618;GONDOMAR;30;24947;4677750;0102;F09;
3;36;22;3619;GROVE, O;30;15736;4719350;0102;B09;
3;36;23;3618;GUARDA, A;30;13838;4655790;0102;I09;
3;36;24;3616;LALÍN;30;79541;4736250;0201;O04;
3;36;25;3619;LAMA, A;30;56788;4709840;0202;C01;
3;36;26;3619;MARÍN;30;29856;4705970;0102;C10;
3;36;27;3619;MEAÑO;30;24316;4716200;0102;C09;
3;36;28;3619;MEIS;30;29788;4721000;0102;B10;
3;36;29;3619;MOAÑA;30;28842;4699250;0102;D10;
3;36;30;3617;MONDARIZ;30;51023;4691150;0202;E01;
3;36;31;3617;MONDARIZ-BALNEARIO;30;48660;4689160;0202;E01;
3;36;32;3619;MORAÑA;30;41693;4728100;0102;A11;
3;36;33;3618;MOS;30;35764;4687210;0102;E11;
3;36;34;3617;NEVES, AS;30;53584;4677640;0202;G01;
3;36;35;3618;NIGRÁN;30;21615;4682250;0102;F09;
3;36;36;3618;OIA;30;16070;4668710;0102;G09;
3;36;37;3618;PAZOS DE BORBÉN;30;43685;4696600;0102;D11;
3;36;38;3619;PONTEVEDRA;30;37874;4713810;0102;C10;
3;36;39;3618;PORRIÑO, O;30;34793;4680160;0102;F11;
3;36;40;3619;PORTAS;30;34695;4728380;0102;A10;
3;36;41;3619;POIO;30;30847;4714720;0102;C10;
3;36;42;3617;PONTEAREAS;30;44594;4685410;0202;F01;
3;36;43;3619;PONTE CALDELAS;30;45976;4707540;0202;C01;
3;36;44;3619;PONTECESURES;30;38579;4744810;0101;O10;
3;36;45;3618;REDONDELA;30;37068;4696130;0102;D11;
3;36;46;3619;RIBADUMIA;30;27160;4723120;0102;B09;
3;36;47;3616;RODEIRO;30;94752;4735030;0201;O05;
3;36;48;3618;ROSAL, O;30;16455;4659820;0102;H09;
3;36;49;3618;SALCEDA DE CASELAS;30;39091;4676210;0102;F11;
3;36;50;3617;SALVATERRA DE MIÑO;30;46621;4677160;0202;F01;
3;36;51;3619;SANXENXO;30;20721;4713130;0102;C09;
3;36;52;3616;SILLEDA;30;67881;4740600;0201;O03;
3;36;53;3618;SOUTOMAIOR;30;41427;4702210;0102;D11;
3;36;54;3618;TOMIÑO;30;23988;4666650;0102;H10;
3;36;55;3618;TUI;30;31817;4672730;0102;G10;
3;36;56;3619;VALGA;30;36888;4742190;0101;O10;
3;36;57;3618;VIGO;30;27675;4688430;0102;E10;
3;36;58;3619;VILABOA;30;34545;4704510;0102;C10;
3;36;59;3616;VILA DE CRUCES;30;73177;4751950;0201;N03;
3;36;60;3619;VILAGARCÍA DE AROUSA;30;28265;4731220;0102;A09;
3;36;61;3619;VILANOVA DE AROUSA;30;23712;4727430;0102;A09;
3;36;901;3619;ILLA DE AROUSA, A;30;17961;4728000;0102;A09;
3;36;902;3617;CERDEDO-COTOBADE;0;0;0;0202;E01;
3;36;998;3600;PORTUGAL;0;0;0;0000;000;
3;36;999;3600;OTRA PROVINCIA;0;0;0;0000;000;
4;4;0;400;INDETERMINADO;;;;0000;000;
4;4;1;408;ABLA;30;520842;4113060;0606;B04;
4;4;2;408;ABRUCENA;30;515524;4109610;0606;C04;
4;4;3;406;ADRA;30;495624;4069810;0606;G02;
4;4;4;407;ALBÁNCHEZ;30;574485;4126990;0606;A10;
4;4;5;408;ALBOLODUY;30;533095;4102070;0606;D06;
4;4;6;404;ALBOX;30;576529;4145400;0605;O10;
4;4;7;401;ALCOLEA;30;503405;4090090;0606;D03;
4;4;8;407;ALCÓNTAR;30;533496;4129950;0605;O06;
4;4;9;407;ALCUDIA DE MONTEAGUD;30;566224;4121400;0606;A09;
4;4;10;408;ALHABIA;30;539294;4094470;0606;D06;
4;4;11;401;ALHAMA DE ALMERÍA;30;537962;4089180;0606;D06;
4;4;12;401;ALICÚN;30;535355;4089610;0606;D06;
4;4;13;402;ALMERÍA;30;558770;4081480;0606;F07;
4;4;14;408;ALMÓCITA;30;517719;4091180;0606;D04;
4;4;15;408;ALSODUX;30;536646;4097840;0606;D06;
4;4;16;405;ANTAS;30;592909;4123700;0606;A12;
4;4;17;407;ARBOLEAS;30;581247;4134690;0605;O11;
4;4;18;407;ARMUÑA DE ALMANZORA;30;551938;4134840;0605;O08;
4;4;19;407;BACARES;30;546507;4123170;0606;A07;
4;4;20;408;BAYÁRCAL;30;500554;4101240;0606;D03;
4;4;21;408;BAYARQUE;30;549038;4130140;0605;O08;
4;4;22;405;BÉDAR;30;589443;4115170;0606;B12;
4;4;23;408;BEIRES;30;517117;4099930;0606;D04;
4;4;24;402;BENAHADUX;30;546953;4085850;0606;E07;
4;4;26;407;BENITAGLA;30;568810;4121540;0606;A09;
4;4;27;407;BENIZALÓN;30;569416;4117810;0606;B09;
4;4;28;401;BENTARIQUE;30;531271;4091030;0606;D06;
4;4;29;406;BERJA;30;503710;4077720;0606;F03;
4;4;30;408;CANJÁYAR;30;523712;4094180;0606;D05;
4;4;31;407;CANTORIA;30;572743;4133230;0605;O10;
4;4;32;405;CARBONERAS;30;594453;4096090;0606;D12;
4;4;33;407;CASTRO DE FILABRES;30;548864;4115110;0606;B07;
4;4;34;407;CÓBDAR;30;572434;4122970;0606;A10;
4;4;35;405;CUEVAS DEL ALMANZORA;30;605092;4131550;0606;A12;
4;4;36;407;CHERCOS;30;564694;4124580;0606;A09;
4;4;37;403;CHIRIVEL;30;564703;4162240;0605;L09;
4;4;38;406;DALÍAS;30;515846;4078250;0606;F04;
4;4;41;406;ENIX;30;536038;4081400;0606;E06;
4;4;43;406;FELIX;30;526972;4081380;0606;E06;
4;4;44;407;FINES;30;564966;4135910;0605;O09;
4;4;45;408;FIÑANA;30;512821;4115940;0606;B04;
4;4;46;408;FONDÓN;30;512999;4092330;0606;D04;
4;4;47;402;GÁDOR;30;543970;4090300;0606;E07;
4;4;48;405;GALLARDOS, LOS;30;593239;4113370;0606;B12;
4;4;49;405;GARRUCHA;30;603789;4116490;0606;B13;
4;4;50;407;GÉRGAL;30;539465;4111780;0606;C07;
4;4;51;401;HUÉCIJA;30;533245;4089440;0606;D06;
4;4;52;402;HUÉRCAL DE ALMERÍA;30;547735;4082710;0606;E08;
4;4;53;405;HUÉRCA-OVERA;30;593933;4143170;0605;O12;
4;4;54;401;ILLAR;30;531576;4093220;0606;D06;
4;4;55;401;INSTINCIÓN;30;528023;4091350;0606;D06;
4;4;56;407;LAROYA;30;558288;4127290;0606;A08;
4;4;57;408;LÁUJAR DE ANDARAX;30;508755;4096230;0606;D03;
4;4;58;407;LÍJAR;30;568360;4127860;0606;A09;
4;4;59;405;LUBRÍN;30;582848;4120790;0606;B11;
4;4;60;407;LUCAINENA DE LAS TORRES;30;575345;4100010;0606;D10;
4;4;61;404;LÚCAR;30;549462;4143820;0605;O08;
4;4;62;407;MACAEL;30;562555;4129620;0605;O09;
4;4;63;403;MARÍA;30;567056;4178550;0605;K10;
4;4;64;405;MOJÁCAR;30;600821;4108320;0606;B13;
4;4;65;408;NACIMIENTO;30;530466;4110060;0606;C06;
4;4;66;402;NÍJAR;30;578001;4083270;0606;D10;
4;4;67;408;OHANES;30;521309;4101880;0606;D05;
4;4;68;407;OLULA DE CASTRO;30;545565;4114430;0606;B07;
4;4;69;404;OLULA DEL RÍO;30;561797;4137390;0605;O09;
4;4;70;404;ORIA;30;562945;4150180;0605;N09;
4;4;71;408;PADULES;30;520482;4091060;0606;D05;
4;4;72;404;PARTALOA;30;568224;4140920;0605;N09;
4;4;73;408;PATERNA DEL RÍO;30;504638;4100550;0606;D03;
4;4;74;402;PECHINA;30;553532;4088960;0606;E07;
4;4;75;405;PULPÍ;30;612683;4140210;0705;N02;
4;4;76;404;PURCHENA;30;556665;4137350;0605;O08;
4;4;77;408;RÁGOL;30;527370;4095030;0606;D05;
4;4;78;402;RIOJA;30;549928;4091980;0606;E07;
4;4;79;406;ROQUETAS DE MAR;30;534248;4070250;0606;G06;
4;4;80;408;SANTA CRUZ DE MARCHENA;30;537411;4099360;0606;D06;
4;4;81;402;SANTA FE DE MONDÚJAR;30;542611;4094230;0606;D07;
4;4;82;407;SENÉS;30;559149;4116270;0606;B08;
4;4;83;407;SERÓN;30;540296;4133110;0605;O07;
4;4;84;407;SIERRO;30;553830;4127970;0605;O08;
4;4;85;404;SOMONTÍN;30;554053;4141560;0605;O08;
4;4;86;405;SORBAS;30;580986;4106580;0606;C10;
4;4;87;407;SUFLÍ;30;555034;4130360;0605;O08;
4;4;88;407;TABERNAS;30;556755;4103190;0606;C08;
4;4;89;404;TABERNO;30;582977;4148840;0605;N11;
4;4;90;407;TAHAL;30;563696;4116340;0606;A09;
4;4;91;401;TERQUE;30;533513;4089420;0606;D06;
4;4;92;404;TÍJOLA;30;545175;4139740;0605;O07;
4;4;93;405;TURRE;30;594319;4107410;0606;B12;
4;4;94;407;TURRILLAS;30;565706;4098590;0606;D09;
4;4;95;407;ULEILA DEL CAMPO;30;572271;4114980;0606;B10;
4;4;96;404;URRÁCAL;30;557733;4138830;0605;O08;
4;4;97;407;VELEFIQUE;30;553417;4117140;0606;B08;
4;4;98;403;VÉLEZ-BLANCO;30;578828;4183000;0605;K10;
4;4;99;403;VÉLEZ-RUBIO;30;582698;4161020;0605;L11;
4;4;100;405;VERA;30;601632;4120640;0606;A13;
4;4;101;402;VIATOR;30;553663;4083470;0606;E08;
4;4;102;406;VÍCAR;30;530370;4074330;0606;F06;
4;4;103;407;ZURGENA;30;585785;4135320;0605;O11;
4;4;901;408;TRES VILLAS, LAS;30;524943;4112900;0606;B05;
4;4;902;406;EJIDO, EL;30;519637;4067110;0606;F04;
4;4;903;406;MOJONERA, LA;30;527582;4070130;0606;G05;
4;4;904;406;BALANEGRA;30;507534;4067417;0606;G03;
4;4;999;400;OTRA PROVINCIA;0;0;0;0000;000;
4;11;0;1100;INDETERMINADO;;;;0000;000;
4;11;1;1105;ALCALÁ  DE LOS GAZULES;30;258650;4036730;0406;K01;
4;11;2;1106;ALCALÁ DEL VALLE;30;308618;4088540;0406;F06;
4;11;3;1106;ALGAR;30;263670;4060140;0406;H02;
4;11;4;1103;ALGECIRAS;30;276891;3998770;0406;N03;
4;11;5;1106;ALGODONALES;30;283277;4085780;0406;F04;
4;11;6;1106;ARCOS DE LA FRONTERA;30;254164;4070190;0406;G01;
4;11;7;1105;BARBATE;30;239419;4010270;0306;M15;
4;11;8;1103;BARRIOS, LOS;30;270137;4011670;0406;N03;
4;11;9;1106;BENAOCAZ;30;280989;4065970;0406;H04;
4;11;10;1106;BORNOS;30;258237;4081780;0406;G01;
4;11;11;1106;BOSQUE, EL;30;275935;4070670;0406;G03;
4;11;12;1101;CÁDIZ;30;207344;4044290;0306;I12;
4;11;13;1103;CASTELLAR DE LA FRONTERA;30;278734;4021550;0406;M04;
4;11;14;1105;CONIL DE LA FRONTERA;30;223878;4023070;0306;L14;
4;11;15;1101;CHICLANA DE LA FRONTERA;30;221239;4032950;0306;J13;
4;11;16;1104;CHIPIONA;30;195908;4070210;0306;G10;
4;11;17;1106;ESPERA;30;250415;4085280;0406;F01;
4;11;18;1106;GASTOR, EL;30;291021;4080650;0406;F05;
4;11;19;1106;GRAZALEMA;30;286879;4072300;0406;G04;
4;11;20;1102;JEREZ DE LA FRONTERA;30;235019;4063910;0306;G13;
4;11;21;1103;JIMENA DE LA FRONTERA;30;279846;4034360;0406;K04;
4;11;22;1103;LINEA  CONCEPCION, LA;30;289169;4007830;0406;N04;
4;11;23;1105;MEDINA-SIDONIA;30;243002;4031940;0306;J15;
4;11;24;1106;OLVERA;30;296927;4092080;0406;E05;
4;11;25;1105;PATERNA DE RIVERA;30;244636;4045890;0306;I16;
4;11;26;1106;PRADO DEL REY;30;272962;4074280;0406;G03;
4;11;27;1101;PUERTO SANTA MARIA, EL;30;210784;4059060;0306;H12;
4;11;28;1101;PUERTO REAL;30;221502;4046730;0306;I13;
4;11;29;1106;PUERTO SERRANO;30;279665;4095620;0406;F03;
4;11;30;1104;ROTA;30;200191;4063470;0306;H11;
4;11;31;1101;SAN FERNANDO;30;212911;4039160;0306;J13;
4;11;32;1104;SANLÚCAR DE BARRAMEDA;30;204946;4078740;0306;F11;
4;11;33;1103;SAN ROQUE;30;289024;4015400;0406;M04;
4;11;34;1106;SETENIL DE LAS BODEGAS;30;306175;4083040;0406;F06;
4;11;35;1103;TARIFA;30;258634;4001460;0406;P02;
4;11;36;1106;TORRE ALHÁQUIME;30;301307;4087490;0406;F06;
4;11;37;1104;TREBUJENA;30;213445;4085590;0306;E13;
4;11;38;1106;UBRIQUE;30;279959;4059980;0406;H04;
4;11;39;1105;VEJER DE LA FRONTERA;30;235907;4019440;0306;L15;
4;11;40;1106;VILLALUENGA DEL ROSARIO;30;288602;4062890;0406;H04;
4;11;41;1106;VILLAMARTÍN;30;266869;4084190;0406;F02;
4;11;42;1106;ZAHARA;30;282088;4079000;0406;G04;
4;11;901;1105;BENALUP-CASAS VIEJAS;30;251035;4024630;0306;L16;
4;11;902;1102;SAN JOSÉ DEL VALLE;30;254986;4056060;0306;I16;
4;11;999;1100;OTRA PROVINCIA;0;0;0;0000;000;
4;14;0;1400;INDETERMINADO;;;;0000;000;
4;14;1;1401;ADAMUZ;30;362677;4217210;0405;G12;
4;14;2;1403;AGUILAR DE LA FRONTERA;30;351756;4147620;0405;M11;
4;14;3;1404;ALCARACEJOS;30;330788;4240410;0405;C08;
4;14;4;1403;ALMEDINILLA;30;405662;4143930;0505;N04;
4;14;5;1406;ALMODÓVAR DEL RÍO;30;323263;4190050;0405;J08;
4;14;6;1404;AÑORA;30;336905;4243490;0405;C09;
4;14;7;1403;BAENA;30;384346;4171210;0505;L02;
4;14;8;1404;BELALCÁZAR;30;312937;4273850;0405;A07;
4;14;9;1405;BELMEZ;30;309043;4237740;0405;E06;
4;14;10;1403;BENAMEJÍ;30;363332;4123700;0406;B12;
4;14;11;1405;BLÁZQUEZ, LOS;30;285868;4256000;0405;C04;
4;14;12;1401;BUJALANCE;30;379527;4197600;0505;I01;
4;14;13;1403;CABRA;30;371944;4150380;0505;N01;
4;14;14;1401;CAÑETE DE LAS TORRES;30;383119;4189990;0505;I02;
4;14;15;1403;CARCABUEY;30;384755;4145630;0505;N02;
4;14;16;1404;CARDEÑA;30;380543;4237610;0505;E02;
4;14;17;1406;CARLOTA, LA;30;329774;4172120;0405;K08;
4;14;18;1401;CARPIO, EL;30;369163;4199690;0405;H12;
4;14;19;1403;CASTRO DEL RÍO;30;369672;4171810;0405;K12;
4;14;20;1404;CONQUISTA;30;369885;4252020;0405;C12;
4;14;21;1402;CÓRDOBA;30;350374;4190690;0405;I10;
4;14;22;1403;DOÑA MENCÍA;30;379170;4157240;0505;M02;
4;14;23;1404;DOS TORRES;30;338428;4259870;0405;C09;
4;14;24;1403;ENCINAS REALES;30;369271;4126990;0406;B12;
4;14;25;1403;ESPEJO;30;362771;4170450;0405;K12;
4;14;26;1405;ESPIEL;30;318044;4222770;0405;F08;
4;14;27;1403;FERNÁN-NÚÑEZ;30;347658;4172680;0405;K10;
4;14;28;1404;FUENTE LA LANCHA;30;321255;4254680;0405;C08;
4;14;29;1405;FUENTE OBEJUNA;30;287719;4238180;0405;E04;
4;14;30;1406;FUENTE PALMERA;30;315080;4176440;0405;K07;
4;14;31;1403;FUENTE-TÓJAR;30;400319;4153150;0505;M03;
4;14;32;1405;GRANJUELA, LA;30;295851;4248620;0405;D05;
4;14;33;1406;GUADALCÁZAR;30;326266;4180270;0405;J08;
4;14;34;1404;GUIJO, EL;30;346953;4265650;0405;B10;
4;14;35;1404;HINOJOSA DEL DUQUE;30;309102;4258620;0405;B07;
4;14;36;1406;HORNACHUELOS;30;295496;4202810;0405;J06;
4;14;37;1403;IZNÁJAR;30;384188;4125370;0506;A02;
4;14;38;1403;LUCENA;30;363553;4135880;0405;N12;
4;14;39;1403;LUQUE;30;390723;4157510;0505;M02;
4;14;40;1403;MONTALBÁN DE CORDOBA;30;345418;4157540;0405;L10;
4;14;41;1403;MONTEMAYOR;30;353952;4169090;0405;L11;
4;14;42;1403;MONTILLA;30;355384;4160000;0405;L11;
4;14;43;1401;MONTORO;30;380404;4218470;0505;H01;
4;14;44;1403;MONTURQUE;30;360313;4149040;0405;N12;
4;14;45;1403;MORILES;30;355936;4143540;0405;N11;
4;14;46;1403;NUEVA CARTEYA;30;372342;4162580;0505;L01;
4;14;47;1405;OBEJO;30;345662;4215670;0405;F10;
4;14;48;1403;PALENCIANA;30;358914;4123830;0406;B11;
4;14;49;1406;PALMA DEL RÍO;30;297972;4172210;0405;K05;
4;14;50;1401;PEDRO ABAD;30;372277;4203590;0505;H01;
4;14;51;1404;PEDROCHE;30;348031;4254260;0405;C10;
4;14;52;1405;PEÑARROYA-PUEBLONUEVO;30;303879;4243610;0405;D06;
4;14;53;1406;POSADAS;30;313779;4190120;0405;J07;
4;14;54;1404;POZOBLANCO;30;342736;4236730;0405;D09;
4;14;55;1403;PRIEGO DE CÓRDOBA;30;394598;4143610;0505;N03;
4;14;56;1403;PUENTE GENIL;30;344193;4141190;0405;N10;
4;14;57;1403;RAMBLA, LA;30;342377;4170730;0405;L10;
4;14;58;1403;RUTE;30;378940;4134560;0505;O01;
4;14;59;1403;S SEBASTIÁN DE LOS BALLESTEROS;30;338509;4170630;0405;L09;
4;14;60;1403;SANTAELLA;30;336220;4157680;0405;M09;
4;14;61;1404;SANTA EUFEMIA;30;334912;4275010;0405;A09;
4;14;62;1404;TORRECAMPO;30;357506;4258580;0405;B11;
4;14;63;1403;VALENZUELA;30;390726;4181200;0505;J03;
4;14;64;1405;VALSEQUILLO;30;292856;4259630;0405;C05;
4;14;65;1403;VICTORIA, LA;30;336557;4174090;0405;K09;
4;14;66;1401;VILLA DEL RÍO;30;386064;4204750;0505;H02;
4;14;67;1401;VILLAFRANCA DE CÓRDOBA;30;363401;4202100;0405;H12;
4;14;68;1405;VILLAHARTA;30;333590;4223140;0405;F09;
4;14;69;1404;VILLANUEVA DE CÓRDOBA;30;357552;4237930;0405;D11;
4;14;70;1404;VILLANUEVA DEL DUQUE;30;321967;4246710;0405;C08;
4;14;71;1405;VILLANUEVA DEL REY;30;308240;4224180;0405;E07;
4;14;72;1404;VILLARALTO;30;327829;4258380;0405;C08;
4;14;73;1405;VILLAVICIOSA DE CÓRDOBA;30;323836;4209450;0405;G08;
4;14;74;1404;VISO, EL;30;326514;4274290;0405;B08;
4;14;75;1403;ZUHEROS;30;382365;4154380;0505;M02;
4;14;999;1400;OTRA PROVINCIA;0;0;0;0000;000;
4;18;0;1800;INDETERMINADO;;;;0000;000;
4;18;1;1802;AGRÓN;30;427115;4096860;0506;D06;
4;18;2;1807;ALAMEDILLA;30;478724;4160360;0505;M11;
4;18;3;1811;ALBOLOTE;30;441699;4129140;0506;A08;
4;18;4;1809;ALBONDÓN;30;481621;4077600;0606;F01;
4;18;5;1804;ALBUÑÁN;30;487686;4120820;0606;A01;
4;18;6;1809;ALBUÑOL;30;483328;4070740;0606;F01;
4;18;7;1810;ALBUÑUELAS;30;438796;4087320;0506;E08;
4;18;10;1808;ALDEIRE;30;493280;4112710;0606;B02;
4;18;11;1811;ALFACAR;30;450837;4122580;0506;A08;
4;18;12;1806;ALGARINEJO;30;394569;4128980;0505;O03;
4;18;13;1802;ALHAMA DE GRANADA;30;410867;4095010;0506;D05;
4;18;14;1811;ALHENDÍN;30;437779;4102640;0506;C08;
4;18;15;1807;ALICÚN DE ORTEGA;30;485809;4162670;0605;L01;
4;18;16;1801;ALMEGIJAR;30;474719;4084240;0506;E11;
4;18;17;1809;ALMUÑÉCAR;30;435398;4069680;0506;G07;
4;18;18;1808;ALQUIFE;30;490410;4115750;0606;B01;
4;18;20;1802;ARENAS DEL REY;30;422134;4089700;0506;D06;
4;18;21;1811;ARMILLA;30;445057;4111490;0506;B08;
4;18;22;1811;ATARFE;30;437595;4123790;0506;A07;
4;18;23;1803;BAZA;30;520178;4141140;0605;N04;
4;18;24;1811;BEAS DE GRANADA;30;458898;4121400;0506;B09;
4;18;25;1804;BEAS DE GUADIX;30;481134;4125770;0606;A01;
4;18;27;1804;BENALÚA;30;485306;4134900;0605;O01;
4;18;28;1807;BENALÚA DE LAS VILLAS;30;440760;4144350;0505;N07;
4;18;29;1803;BENAMAUREL;30;526743;4164890;0605;L05;
4;18;30;1808;BÉRCHULES;30;482681;4097960;0606;D01;
4;18;32;1808;BUBIÓN;30;467077;4093970;0506;E10;
4;18;33;1808;BUSQUÍSTAR;30;475331;4090440;0506;E11;
4;18;34;1802;CACÍN;30;418836;4103840;0506;C05;
4;18;35;1808;CÁDIAR;30;485318;4087060;0606;E01;
4;18;36;1808;CÁJAR;30;449396;4109960;0506;B08;
4;18;37;1811;CALICASAS;30;444476;4126300;0506;A08;
4;18;38;1807;CAMPOTÉJAR;30;447194;4151400;0505;N08;
4;18;39;1803;CANILES;30;528336;4141260;0605;N05;
4;18;40;1808;CÁÑAR;30;462267;4090800;0506;E10;
4;18;42;1808;CAPILEIRA;30;469480;4096620;0506;D10;
4;18;43;1801;CARATAUNAS;30;464910;4086220;0506;E10;
4;18;44;1801;CÁSTARAS;30;478698;4085630;0506;E11;
4;18;45;1805;CASTILLÉJAR;30;528469;4176760;0605;K06;
4;18;46;1805;CASTRIL;30;519972;4186850;0605;J04;
4;18;47;1811;CENES DE LA VEGA;30;452396;4112400;0506;B09;
4;18;48;1811;CIJUELA;30;426863;4114330;0506;B06;
4;18;49;1804;COGOLLOS DE GUADIX;30;484501;4120690;0606;B01;
4;18;50;1811;COGOLLOS DE LA VEGA;30;450593;4128290;0506;A08;
4;18;51;1807;COLOMERA;30;436957;4138080;0505;O07;
4;18;53;1803;CORTES DE BAZA;30;516153;4171560;0605;L05;
4;18;54;1804;CORTES Y GRAENA;30;479277;4128610;0606;A01;
4;18;56;1803;CÚLLAR;30;542552;4158170;0605;M06;
4;18;57;1811;CÚLLAR VEGA;30;439798;4112930;0506;B08;
4;18;59;1811;CHAUCHINA;30;430277;4115200;0506;B07;
4;18;61;1802;CHIMENEAS;30;425076;4108980;0506;B06;
4;18;62;1811;CHURRIANA DE LA VEGA;30;443049;4111910;0506;B08;
4;18;63;1804;DARRO;30;474903;4135600;0505;O11;
4;18;64;1807;DEHESAS DE GUADIX;30;493094;4160980;0605;L02;
4;18;65;1807;DEHESAS VIEJAS;0;0;0;0505;N09;
4;18;66;1807;DEIFONTES;30;447501;4133540;0505;O08;
4;18;67;1804;DIEZMA;30;468923;4131200;0505;O11;
4;18;68;1808;DÍLAR;30;454035;4102080;0506;C08;
4;18;69;1808;DÓLAR;30;504021;4118790;0606;B03;
4;18;70;1811;DÚDAR;30;456580;4115880;0506;B09;
4;18;71;1808;DÚRCAL;30;454402;4097630;0506;D08;
4;18;72;1802;ESCÚZAR;30;431040;4101020;0506;C07;
4;18;74;1808;FERREIRA;30;497897;4114830;0606;B02;
4;18;76;1804;FONELAS;30;485318;4141900;0605;N01;
4;18;78;1803;FREILA;30;506683;4153000;0605;M03;
4;18;79;1811;FUENTE VAQUEROS;30;430411;4119690;0506;B07;
4;18;82;1805;GALERA;30;538576;4174770;0605;K06;
4;18;83;1807;GOBERNADOR;30;473366;4148100;0505;N11;
4;18;84;1808;GÓJAR;30;447719;4105620;0506;C08;
4;18;85;1804;GOR;30;504457;4136600;0605;O03;
4;18;86;1804;GORAFE;30;496930;4152760;0605;N02;
4;18;87;1811;GRANADA;30;447586;4115790;0506;B08;
4;18;88;1807;GUADAHORTUNA;30;465401;4153890;0505;M10;
4;18;89;1804;GUADIX;30;492932;4138280;0606;A01;
4;18;93;1809;GUALCHOS;30;465136;4066170;0506;G10;
4;18;94;1808;GÜEJAR SIERRA;30;468361;4111220;0506;B10;
4;18;95;1811;GÜEVEJAR;30;446759;4123750;0506;A08;
4;18;96;1807;HUÉLAGO;30;476644;4141280;0505;N11;
4;18;97;1808;HUÉNEJA;30;505804;4115950;0606;B03;
4;18;98;1805;HUÉSCAR;30;536474;4194090;0605;J07;
4;18;99;1811;HUÉTOR DE SANTILLÁN;30;459807;4127480;0506;B09;
4;18;100;1806;HUÉTOR TÁJAR;30;407218;4117370;0506;B04;
4;18;101;1811;HUÉTOR VEGA;30;449740;4111650;0506;B08;
4;18;102;1806;ILLORA;30;420490;4126780;0506;A06;
4;18;103;1809;ITRABO;30;443071;4071920;0506;F08;
4;18;105;1807;IZNALLOZ;30;453025;4141880;0505;O09;
4;18;106;1802;JATAR;0;0;0;0506;E05;
4;18;107;1802;JAYENA;30;429486;4088680;0506;E06;
4;18;108;1808;JEREZ DEL MARQUESADO;30;482771;4111980;0606;B01;
4;18;109;1809;JETE;30;440788;4072770;0506;F08;
4;18;111;1811;JUN;30;447771;4119280;0506;B08;
4;18;112;1808;JUVILES;30;479561;4091080;0606;E01;
4;18;114;1808;CALAHORRA, LA;30;496225;4119880;0606;B02;
4;18;115;1811;LÁCHAR;30;425206;4115940;0506;B06;
4;18;116;1808;LANJARÓN;30;458775;4089640;0506;E09;
4;18;117;1808;LANTEIRA;30;487821;4111350;0606;B01;
4;18;119;1808;LECRÍN;30;453144;4089720;0506;E09;
4;18;120;1809;LENTEGÍ;30;438777;4077970;0506;F08;
4;18;121;1801;LOBRAS;30;481370;4085240;0606;E01;
4;18;122;1806;LOJA;30;394839;4112930;0506;B03;
4;18;123;1808;LUGROS;30;478031;4117840;0506;A11;
4;18;124;1809;LÚJAR;30;465857;4070910;0506;F10;
4;18;126;1802;MALAHÁ, LA;30;434781;4106430;0506;C07;
4;18;127;1811;MARACENA;30;443243;4118580;0506;B08;
4;18;128;1804;MARCHAL;30;482685;4128280;0506;A11;
4;18;132;1806;MOCLÍN;30;429761;4134940;0505;O07;
4;18;133;1809;MOLVIZAR;30;446384;4072110;0506;F08;
4;18;134;1808;MONACHIL;30;457917;4106850;0506;C09;
4;18;135;1806;MONTEFRÍO;30;408737;4132440;0505;O05;
4;18;136;1807;MONTEJÍCAR;30;455105;4157350;0505;M09;
4;18;137;1807;MONTILLANA;30;436250;4147570;0505;M08;
4;18;138;1806;MORALEDA DE ZAFAYONA;30;415740;4115570;0506;B05;
4;18;140;1809;MOTRIL;30;456889;4066690;0506;G09;
4;18;141;1801;MURTAS;30;488476;4080280;0606;E02;
4;18;143;1808;NIGÜELAS;30;455312;4094210;0506;D09;
4;18;144;1811;NÍVAR;30;450946;4124710;0506;A08;
4;18;145;1811;OGÍJARES;30;445450;4108940;0506;C08;
4;18;146;1805;ORCE;30;553102;4175030;0605;K07;
4;18;147;1801;ÓRGIVA;30;464614;4080190;0506;E10;
4;18;148;1809;OTÍVAR;30;433697;4077360;0506;F07;
4;18;149;1811;OTURA;30;442134;4103470;0506;C08;
4;18;150;1808;PADUL;30;440516;4096840;0506;D08;
4;18;151;1808;PAMPANEIRA;30;466406;4090990;0506;E10;
4;18;152;1807;PEDRO MARTÍNEZ;30;480628;4152050;0505;M11;
4;18;153;1811;PELIGROS;30;444224;4121990;0506;A08;
4;18;154;1804;PEZA, LA;30;472550;4125980;0506;A11;
4;18;157;1808;PINOS GENIL;30;455359;4112870;0506;B09;
4;18;158;1811;PINOS PUENTE;30;428296;4121880;0506;A07;
4;18;159;1807;PÍÑAR;30;464259;4142910;0505;N10;
4;18;161;1804;POLÍCAR;30;478716;4122660;0506;A11;
4;18;162;1809;POLOPOS;30;473154;4070360;0506;F11;
4;18;163;1808;PÓRTUGOS;30;472854;4091980;0506;E11;
4;18;164;1805;PUEBLA DE DON FADRIQUE;30;552615;4198290;0605;H07;
4;18;165;1811;PULIANAS;30;446000;4120250;0506;A08;
4;18;167;1804;PURULLENA;30;482393;4132720;0605;O01;
4;18;168;1811;QUÉNTAR;30;463314;4120820;0506;B09;
4;18;170;1809;RUBITE;30;469892;4071000;0506;F10;
4;18;171;1806;SALAR;30;407883;4110860;0506;B04;
4;18;173;1809;SALOBREÑA;30;448038;4068760;0506;G08;
4;18;174;1802;SANTA CRUZ DEL COMERCIO;30;413382;4102650;0506;C05;
4;18;175;1811;SANTA FE;30;434452;4115590;0506;B07;
4;18;176;1808;SOPORTÚJAR;30;464575;4090520;0506;E10;
4;18;177;1809;SORVILÁN;30;476653;4071810;0506;F11;
4;18;178;1807;TORRE-CARDELA;30;468344;4150380;0505;M10;
4;18;179;1801;TORVIZCÓN;30;475073;4078860;0506;E11;
4;18;180;1808;TREVÉLEZ;30;477019;4100610;0506;D11;
4;18;181;1801;TURÓN;30;492715;4077870;0606;F02;
4;18;182;1801;UGIJAR;30;494057;4089230;0606;D02;
4;18;183;1801;VÁLOR;30;491729;4097870;0606;D02;
4;18;184;1809;VÉLEZ DE BENAUDALLA;30;456434;4075280;0506;F09;
4;18;185;1802;VENTAS DE HUELMA;30;425943;4103080;0506;C06;
4;18;187;1807;VILLANUEVA DE LAS TORRES;30;490282;4153960;0605;M02;
4;18;188;1806;VILLANUEVA MESÍA;30;410669;4121080;0506;B05;
4;18;189;1811;VÍZNAR;30;452341;4121430;0506;A09;
4;18;192;1802;ZAFARRAYA;30;396782;4094940;0506;D03;
4;18;193;1808;ZUBIA, LA;30;449389;4107390;0506;C08;
4;18;194;1803;ZÚJAR;30;513582;4158570;0605;M04;
4;18;901;1808;TAHA, LA;30;470281;4086740;0506;E11;
4;18;902;1810;VALLE, EL;30;447074;4087260;0506;E08;
4;18;903;1808;NEVADA;30;496750;4099480;0606;D02;
4;18;904;1808;ALPUJARRA DE LA SIERRA;30;487500;4097180;0606;D01;
4;18;905;1811;GABIAS, LAS;30;438313;4110020;0506;B08;
4;18;906;1809;GUAJARES, LOS;30;446342;4078820;0506;F08;
4;18;907;1804;VALLE DEL ZALABÍ;30;500110;4126660;0606;A03;
4;18;908;1810;VILLAMENA;30;446303;4092480;0506;D08;
4;18;909;1804;MORELÁBOR;30;472411;4143490;0505;N11;
4;18;910;1810;PINAR, EL;30;451784;4083590;0506;E09;
4;18;911;1811;VEGAS DEL GENIL;30;438526;4114090;0506;B08;
4;18;912;1803;CUEVAS DEL CAMPO;30;507783;4163070;0605;L03;
4;18;913;1806;ZAGRA;30;396038;4123730;0506;A03;
4;18;914;1811;VALDERRUBIO;0;0;0;0506;A06;
4;18;915;1807;DOMINGO PEREZ DE GRANADA;0;0;0;0505;N09;
4;18;999;1800;OTRA PROVINCIA;0;0;0;0000;000;
4;18;1000;1809;TORRENUEVA COSTA;0;0;0;0506;G09;
4;18;1003;1802;FORNES;0;0;0;0506;D06;
4;21;0;2100;INDETERMINADO;;;;0000;000;
4;21;1;2106;ALÁJAR;30;178411;4195590;0305;I08;
4;21;2;2101;ALJARAQUE;30;143627;4133900;0306;A05;
4;21;3;2104;ALMENDRO, EL;30;116600;4165060;0305;M03;
4;21;4;2106;ALMONASTER LA REAL;30;166992;4190650;0305;I07;
4;21;5;2105;ALMONTE;30;186020;4112150;0306;A10;
4;21;6;2104;ALOSNO;30;138509;4165350;0305;M04;
4;21;7;2106;ARACENA;30;187187;4197670;0305;I09;
4;21;8;2106;AROCHE;30;149462;4207750;0305;H05;
4;21;9;2106;ARROYOMOLINOS DE LEÓN;30;200011;4212450;0305;G10;
4;21;10;2102;AYAMONTE;30;111269;4133870;0306;B02;
4;21;11;2105;BEAS;30;163142;4153180;0305;N07;
4;21;12;2103;BERROCAL;30;190186;4163670;0305;L09;
4;21;13;2105;BOLLULLOS PAR DEL CONDADO;30;186850;4137600;0305;O09;
4;21;14;2105;BONARES;30;173011;4132240;0305;O08;
4;21;15;2104;CABEZAS RUBÍAS;30;138313;4188090;0305;K04;
4;21;16;2106;CALA;30;207355;4206830;0305;H11;
4;21;17;2104;CALAÑAS;30;154763;4170560;0305;L06;
4;21;18;2103;CAMPILLO, EL;30;178244;4179630;0305;K08;
4;21;19;2103;CAMPOFRÍO;30;184471;4186530;0305;J09;
4;21;20;2106;CAÑAVERAL DE LEÓN;30;192695;4211120;0305;G09;
4;21;21;2102;CARTAYA;30;131864;4137950;0306;A04;
4;21;22;2106;CASTAÑO DEL ROBLEDO;30;175834;4200030;0305;I08;
4;21;23;2104;CERRO DE ANDÉVALO, EL;30;146184;4181250;0305;K06;
4;21;24;2106;CORTECONCEPCIÓN;30;192997;4204370;0305;I09;
4;21;25;2106;CORTEGANA;30;155400;4197230;0305;I07;
4;21;26;2106;CORTELAZOR;30;181686;4207700;0305;H08;
4;21;27;2106;CUMBRES DE ENMEDIO;30;175818;4220720;0305;G08;
4;21;28;2106;CUMBRES DE SAN BARTOLOMÉ;30;166790;4219270;0305;G07;
4;21;29;2106;CUMBRES MAYORES;30;178932;4216060;0305;G08;
4;21;30;2105;CHUCENA;30;199405;4139880;0305;O11;
4;21;31;2106;ENCINASOLA;30;158483;4227440;0305;F06;
4;21;32;2105;ESCACENA DEL CAMPO;30;200377;4155930;0305;N11;
4;21;33;2106;FUENTEHERIDOS;30;178351;4202140;0305;I08;
4;21;34;2106;GALAROZA;30;175625;4204400;0305;H08;
4;21;35;2101;GIBRALEÓN;30;146510;4146460;0305;O05;
4;21;36;2103;GRANADA DE RÍO-TINTO, LA;30;191065;4186450;0305;J09;
4;21;37;2104;GRANADO, EL;30;108595;4161770;0305;M01;
4;21;38;2106;HIGUERA DE LA SIERRA;30;196998;4193170;0305;I10;
4;21;39;2106;HINOJALES;30;186406;4212230;0305;H09;
4;21;40;2105;HINOJOS;30;198089;4119130;0305;O11;
4;21;41;2101;HUELVA;30;151647;4132550;0306;A06;
4;21;42;2102;ISLA CRISTINA;30;119716;4128800;0306;B02;
4;21;43;2106;JABUGO;30;170440;4202950;0305;I07;
4;21;44;2102;LEPE;30;125686;4134350;0306;A03;
4;21;45;2106;LINARES DE LA SIERRA;30;182759;4196140;0305;I08;
4;21;46;2105;LUCENA DEL PUERTO;30;168674;4129790;0305;O08;
4;21;47;2105;MANZANILLA;30;194899;4145430;0305;N10;
4;21;48;2106;MARINES, LOS;30;181613;4201370;0305;I08;
4;21;49;2103;MINAS DE RIOTINTO;30;184063;4178930;0305;K09;
4;21;50;2101;MOGUER;30;162121;4125020;0306;A07;
4;21;51;2106;NAVA, LA;30;169985;4209850;0305;H07;
4;21;52;2103;NERVA;30;188982;4179090;0305;K09;
4;21;53;2105;NIEBLA;30;174631;4149670;0305;O08;
4;21;54;2105;PALMA DEL CONDADO, LA;30;185345;4145720;0305;N09;
4;21;55;2101;PALOS DE LA FRONTERA;30;154325;4123810;0306;A06;
4;21;56;2105;PATERNA DEL CAMPO;30;193615;4153080;0305;N11;
4;21;57;2104;PAYMOGO;30;119738;4186740;0305;K02;
4;21;58;2104;PUEBLA DE GUZMÁN;30;120443;4174300;0305;L03;
4;21;59;2106;PUERTO MORAL;30;195354;4199710;0305;I10;
4;21;60;2101;PUNTA UMBRÍA;30;143622;4126660;0306;B06;
4;21;61;2105;ROCIANA DEL CONDADO;30;179435;4133510;0305;O09;
4;21;62;2106;ROSAL DE LA FRONTERA;30;131829;4205980;0305;H03;
4;21;63;2104;SAN BARTOLOMÉ DE LA TORRE;30;137454;4151010;0305;N04;
4;21;64;2101;SAN JUAN DEL PUERTO;30;159666;4139820;0305;O07;
4;21;65;2104;SANLÚCAR DE GUADIANA;30;110567;4153930;0305;N01;
4;21;66;2102;SAN SILVESTRE DE GUZMÁN;30;112405;4146830;0305;O02;
4;21;67;2106;SANTA ANA LA REAL;30;172781;4196300;0305;I08;
4;21;68;2104;SANTA BÁRBARA DE CASA;30;130004;4191680;0305;J03;
4;21;69;2106;SANTA OLALLA DEL CALA;30;216967;4197530;0305;I12;
4;21;70;2105;TRIGUEROS;30;159491;4147900;0305;O07;
4;21;71;2106;VALDELARCO;30;177605;4207080;0305;H08;
4;21;72;2104;VALVERDE DEL CAMINO;30;169688;4163710;0305;L07;
4;21;73;2102;VILLABLANCA;30;116201;4138050;0306;A02;
4;21;74;2105;VILLALBA DEL ALCOR;30;190899;4145420;0305;N10;
4;21;75;2104;VILLANUEVA DE LAS CRUCES;30;145814;4171290;0305;L05;
4;21;76;2104;VILLANUEVA DE LOS CASTILLEJOS;30;127942;4153870;0305;M03;
4;21;77;2105;VILLARRASA;30;178921;4145750;0305;N09;
4;21;78;2103;ZALAMEA LA REAL;30;175759;4172080;0305;K08;
4;21;79;2106;ZUFRE;30;204289;4191730;0305;I11;
4;21;998;2100;PORTUGAL;0;0;0;0000;000;
4;21;999;2100;OTRA PROVINCIA;0;0;0;0000;000;
4;21;1001;2104;LA ZARZA-PERRUNAL;0;0;0;;;
4;21;1002;2104;ZARZA - EL PERRUNAL, LA ;0;0;0;;;
4;23;0;2300;INDETERMINADO;;;;0000;000;
4;23;1;2307;ALBANCHEZ DE MÁGINA;30;459787;4181090;0505;J09;
4;23;2;2309;ALCALÁ LA REAL;30;417693;4145790;0505;N05;
4;23;3;2309;ALCAUDETE;30;403271;4162510;0505;L04;
4;23;4;2308;ALDEAQUEMADA;30;468569;4250860;0505;C10;
4;23;5;2308;ANDÚJAR;30;408193;4231370;0505;G04;
4;23;6;2308;ARJONA;30;405337;4198390;0505;I04;
4;23;7;2308;ARJONILLA;30;401564;4204790;0505;H04;
4;23;8;2302;ARQUILLOS;30;463724;4228970;0505;F10;
4;23;9;2303;BAEZA;30;457013;4200070;0505;H09;
4;23;10;2308;BAILÉN;30;431854;4216650;0505;G07;
4;23;11;2308;BAÑOS DE LA ENCINA;30;432777;4237910;0505;F07;
4;23;12;2306;BEAS DE SEGURA;30;511293;4235750;0605;E03;
4;23;14;2303;BEGÍJAR;30;450015;4203220;0505;H09;
4;23;15;2307;BÉELMEZ DE LA MORALEDA;30;467515;4176340;0505;K10;
4;23;16;2306;BENATAE;30;530014;4245290;0605;D06;
4;23;17;2307;CABRA DEL SANTO CRISTO;30;478412;4173060;0505;K11;
4;23;18;2307;CAMBIL;30;451901;4170100;0505;K09;
4;23;19;2307;CAMPILLO DE ARENAS;30;442463;4160180;0505;M08;
4;23;20;2303;CANENA;30;455964;4212710;0505;G09;
4;23;21;2308;CARBONEROS;30;444881;4230390;0505;E08;
4;23;24;2308;CAROLINA, LA;30;446318;4240220;0505;E08;
4;23;25;2302;CASTELLAR;30;487679;4238890;0605;E01;
4;23;26;2309;CASTILLO DE LOCUBÍN;30;416335;4156360;0505;M05;
4;23;27;2308;CAZALILLA;30;422371;4202010;0505;H06;
4;23;28;2305;CAZORLA;30;503171;4196280;0605;I02;
4;23;29;2302;CHICLANA DE SEGURA;30;501228;4245140;0605;D02;
4;23;30;2305;CHILLUÉVAR;30;497060;4205000;0605;H02;
4;23;31;2308;ESCAÑUELA;30;409280;4192650;0505;I04;
4;23;32;2308;ESPELÚY;30;424521;4208700;0505;G06;
4;23;33;2309;FRAILES;30;427274;4150050;0505;N06;
4;23;34;2301;FUENSANTA DE MARTOS;30;419661;4165440;0505;L05;
4;23;35;2301;FUERTE DEL REY;30;420881;4195470;0505;I06;
4;23;37;2306;GÉNAVE;30;521707;4255030;0605;C05;
4;23;38;2301;GUARDIA DE JAÉN, LA;30;438616;4178780;0505;K07;
4;23;39;2308;GUARROMÁN;30;433524;4222660;0505;F08;
4;23;40;2308;LAHIGUERA;30;413456;4202700;0505;H05;
4;23;41;2301;HIGUERA DE CALATRAVA;30;398556;4183990;0505;J03;
4;23;42;2305;HINOJARES;30;499856;4175630;0605;K03;
4;23;43;2306;HORNOS;30;523516;4226610;0605;E05;
4;23;44;2307;HUELMA;30;465067;4166930;0505;L09;
4;23;45;2305;HUESA;30;494330;4172400;0605;K02;
4;23;46;2303;IBROS;30;452700;4211670;0505;H09;
4;23;47;2305;IRUELA, LA;30;506252;4202140;0605;I03;
4;23;48;2304;IZNATORAF;30;501128;4220610;0605;F02;
4;23;49;2308;JABALQUINTO;30;434222;4208220;0505;H07;
4;23;50;2301;JAÉN;30;433963;4185140;0505;J06;
4;23;51;2301;JAMILENA;30;419424;4177440;0505;K05;
4;23;52;2307;JIMENA;30;454682;4188330;0505;J09;
4;23;53;2307;JÓDAR;30;470994;4187420;0505;J10;
4;23;54;2307;LARVA;30;482828;4180270;0605;K01;
4;23;55;2308;LINARES;30;444295;4216880;0505;G08;
4;23;56;2308;LOPERA;30;391896;4202450;0505;H03;
4;23;57;2303;LUPIÓN;30;449560;4207750;0505;H09;
4;23;58;2301;MANCHA REAL;30;446393;4188010;0505;J08;
4;23;59;2308;MARMOLEJO;30;397368;4214380;0505;G03;
4;23;60;2301;MARTOS;30;410359;4172140;0505;K05;
4;23;61;2301;MENGÍBAR;30;429121;4202170;0505;H06;
4;23;62;2302;MONTIZÓN;30;491238;4248730;0605;D02;
4;23;63;2302;NAVAS DE SAN JUAN;30;470599;4230410;0505;F11;
4;23;64;2307;NOALEJO;30;441655;4154910;0505;M08;
4;23;65;2306;ORCERA;30;523144;4246960;0605;D05;
4;23;66;2305;PEAL DE BECERRO;30;491593;4192700;0605;I01;
4;23;67;2307;PEGALAJAR;30;444496;4175280;0505;K08;
4;23;69;2301;PORCUNA;30;394053;4190860;0505;I03;
4;23;70;2305;POZO ALCÓN;30;504704;4174030;0605;K03;
4;23;71;2306;PUENTE DE GÉNAVE;30;516462;4243350;0605;D04;
4;23;72;2306;PUERTA DE SEGURA, LA;30;518575;4247830;0605;D05;
4;23;73;2305;QUESADA;30;492344;4181810;0605;J02;
4;23;74;2303;RUS;30;460258;4214790;0505;G09;
4;23;75;2303;SABIOTE;30;477303;4216430;0505;G11;
4;23;76;2308;SANTA ELENA;30;452911;4247110;0505;D09;
4;23;77;2301;SANTIAGO DE CALATRAVA;30;395339;4177900;0505;K03;
4;23;79;2302;SANTISTEBAN DEL PUERTO;30;478179;4239120;0605;E01;
4;23;80;2305;SANTO TOME;30;499537;4208020;0605;H02;
4;23;81;2306;SEGURA DE LA SIERRA;30;529970;4234150;0605;E06;
4;23;82;2306;SILES;30;537176;4248450;0605;D06;
4;23;84;2304;SORIHUELA DEL GUADALIMAR;30;505118;4229600;0605;E02;
4;23;85;2303;TORREBLASCOPEDRO;30;442072;4204410;0505;H08;
4;23;86;2301;TORRE DEL CAMPO;30;419789;4187100;0505;J06;
4;23;87;2301;TORREDONJIMENO;30;408253;4183800;0505;J05;
4;23;88;2303;TORREPEROGIL;30;478989;4207320;0505;G11;
4;23;90;2307;TORRES;30;453455;4181980;0505;J09;
4;23;91;2306;TORRES DE ALBÁNCHEZ;30;528089;4252330;0605;C05;
4;23;92;2303;ÚBEDA;30;472954;4205400;0505;H10;
4;23;93;2309;VALDEPEÑAS DE JAÉN;30;430249;4159840;0505;L06;
4;23;94;2302;VÍLCHES;30;458141;4231100;0505;F09;
4;23;95;2304;VILLACARRILLO;30;496542;4215570;0605;G02;
4;23;96;2308;VILLANUEVA DE LA REINA;30;421890;4221960;0505;H05;
4;23;97;2304;VILLANUEVA DEL ARZOBISPO;30;504784;4225050;0605;F02;
4;23;98;2301;VILLARDOMPARDO;30;412200;4189140;0505;J05;
4;23;99;2301;VILLARES, LOS;30;426281;4171370;0505;K06;
4;23;101;2306;VILLARRODRIGO;30;528684;4259600;0605;B06;
4;23;901;2307;CÁRCHELES;30;443903;4166500;0505;L08;
4;23;902;2307;BEDMAR Y GARCÍEZ;30;462865;4188170;0505;J10;
4;23;903;2301;VILLATORRES;30;439050;4198520;0505;I07;
4;23;904;2306;SANTIAGO-PONTONES;30;528662;4216910;0605;G06;
4;23;905;2306;ARROYO DEL OJANCO;30;510405;4240090;0605;D03;
4;23;999;2300;OTRA PROVINCIA;0;0;0;0000;000;
4;29;0;2900;INDETERMINADO;;;;0000;000;
4;29;1;2901;ALAMEDA;30;352177;4121570;0406;C11;
4;29;2;2904;ALCAUCÍN;30;400670;4086350;0506;E04;
4;29;3;2904;ALFARNATE;30;389079;4094960;0506;D02;
4;29;4;2904;ALFARNATEJO;30;387601;4091900;0506;D02;
4;29;5;2904;ALGARROBO;30;406893;4069650;0506;F04;
4;29;6;2905;ALGATOCÍN;30;295344;4050360;0406;I05;
4;29;7;2906;ALHAURÍN DE LA TORRE;30;358629;4058710;0406;I12;
4;29;8;2906;ALHAURÍN EL GRANDE;30;349577;4057440;0406;I10;
4;29;9;2904;ALMÁCHAR;30;391227;4075970;0506;F03;
4;29;10;2901;ALMARGEN;30;320492;4099610;0406;E08;
4;29;11;2902;ALMOGÍA;30;362033;4078630;0406;G12;
4;29;12;2906;ÁLORA;30;348671;4080540;0406;G10;
4;29;13;2906;ALOZAINA;30;334005;4066980;0406;H09;
4;29;14;2905;ALPANDEIRE;30;301976;4059190;0406;I06;
4;29;15;2901;ANTEQUERA;30;359664;4099290;0406;E12;
4;29;16;2904;ÁRCHEZ;30;411246;4076250;0506;F05;
4;29;17;2901;ARCHIDONA;30;376459;4107710;0506;C01;
4;29;18;2901;ARDALES;30;335527;4084760;0406;F09;
4;29;19;2904;ARENAS;30;406036;4074980;0506;F04;
4;29;20;2905;ARRIATE;30;309565;4074640;0406;G06;
4;29;21;2905;ATAJATE;30;299218;4057520;0406;I05;
4;29;22;2905;BENADALID;30;296446;4054700;0406;I05;
4;29;23;2903;BENAHAVÍS;30;316671;4046570;0406;J07;
4;29;24;2905;BENALAURÍA;30;294105;4051760;0406;I05;
4;29;25;2903;BENALMÁDENA;30;360425;4051540;0406;I11;
4;29;26;2904;BENAMARGOSA;30;393282;4078290;0506;F03;
4;29;27;2904;BENAMOCARRA;30;396146;4072050;0506;F03;
4;29;28;2905;BENAOJÁN;30;298200;4064390;0406;H05;
4;29;29;2905;BENARRABÁ;30;294226;4047440;0406;J05;
4;29;30;2904;BORGE, EL;30;388539;4075970;0506;F02;
4;29;31;2905;BURGO, EL;30;325751;4075070;0406;G08;
4;29;32;2901;CAMPILLOS;30;334377;4100350;0406;D09;
4;29;33;2904;CANILLAS DE ACEITUNO;30;402717;4081620;0506;E04;
4;29;34;2904;CANILLAS DE ALBAIDA;30;413563;4080380;0506;F05;
4;29;35;2901;CAÑETE LA REAL;30;318734;4091330;0406;E07;
4;29;36;2901;CARRATRACA;30;337612;4079480;0406;F09;
4;29;37;2905;CARTAJIMA;30;307471;4059480;0406;I06;
4;29;38;2906;CÁRTAMA;30;353492;4067120;0406;H11;
4;29;39;2902;CASABERMEJA;30;372536;4082950;0506;E01;
4;29;40;2906;CASARABONELA;30;337453;4073910;0406;G09;
4;29;41;2903;CASARES;30;296092;4034510;0406;K05;
4;29;42;2906;COÍN;30;342036;4060130;0406;I10;
4;29;43;2904;COLMENAR;30;381695;4086550;0506;E02;
4;29;44;2904;COMARES;30;387995;4079750;0506;F02;
4;29;45;2904;CÓMPETA;30;418025;4077190;0506;F05;
4;29;46;2905;CORTES DE LA FRONTERA;30;282460;4050720;0406;I05;
4;29;47;2901;CUEVAS BAJAS;30;369188;4121250;0406;B12;
4;29;48;2905;CUEVAS DEL BECERRO;30;317723;4082960;0406;F07;
4;29;49;2901;CUEVAS DE SAN MARCOS;30;374181;4124040;0506;A01;
4;29;50;2904;CÚTAR;30;390822;4080520;0506;F03;
4;29;51;2903;ESTEPONA;30;308265;4038010;0406;K06;
4;29;52;2905;FARAJÁN;30;303486;4053450;0406;I06;
4;29;53;2904;FRIGILIANA;30;420219;4073810;0506;F06;
4;29;54;2903;FUENGIROLA;30;355613;4047320;0406;J11;
4;29;55;2901;FUENTE DE PIEDRA;30;344189;4110230;0406;C10;
4;29;56;2905;GAUCÍN;30;289834;4042360;0406;J05;
4;29;57;2905;GENALGUACIL;30;300968;4044610;0406;J06;
4;29;58;2906;GUARO;30;335705;4060520;0406;I09;
4;29;59;2901;HUMILLADERO;30;349858;4111520;0406;D10;
4;29;60;2905;IGUALEJA;30;312774;4055150;0406;I07;
4;29;61;2903;ISTÁN;30;324436;4052570;0406;I08;
4;29;62;2904;IZNATE;30;393754;4071880;0506;F03;
4;29;63;2905;JIMERA DE LÍBAR;30;296482;4059510;0406;I05;
4;29;64;2905;JUBRIQUE;30;302953;4048590;0406;J06;
4;29;65;2905;JÚZCAR;30;306730;4051970;0406;I06;
4;29;66;2904;MACHARAVIAYA;30;390944;4070360;0506;G03;
4;29;67;2902;MÁLAGA;30;373014;4070250;0506;G01;
4;29;68;2903;MANILVA;30;297152;4025680;0406;L05;
4;29;69;2903;MARBELLA;30;332114;4042850;0406;J09;
4;29;70;2903;MIJAS;30;349356;4047560;0406;I11;
4;29;71;2904;MOCLINEJO;30;387697;4069850;0506;F02;
4;29;72;2901;MOLLINA;30;353852;4112240;0406;C11;
4;29;73;2906;MONDA;30;334338;4055420;0406;I09;
4;29;74;2905;MONTEJAQUE;30;295998;4067320;0406;H05;
4;29;75;2904;NERJA;30;426011;4071650;0506;G06;
4;29;76;2903;OJÉN;30;335508;4048560;0406;J09;
4;29;77;2905;PARAUTA;30;314007;4060090;0406;I06;
4;29;79;2904;PERIANA;30;393835;4088190;0506;E03;
4;29;80;2906;PIZARRA;30;347736;4070510;0406;G10;
4;29;81;2905;PUJERRA;30;309537;4051300;0406;I06;
4;29;82;2904;RINCÓN DE LA VICTORIA;30;386659;4065920;0506;G02;
4;29;83;2904;RIOGORDO;30;386169;4087320;0506;E02;
4;29;84;2905;RONDA;30;309294;4073670;0406;H06;
4;29;85;2904;SALARES;30;409671;4079930;0506;F04;
4;29;86;2904;SAYALONGA;30;410075;4072880;0506;F04;
4;29;87;2904;SEDELLA;30;407055;4080550;0506;E04;
4;29;88;2901;SIERRA DE YEGUAS;30;335236;4112760;0406;C09;
4;29;89;2901;TEBA;30;328568;4094400;0406;E08;
4;29;90;2906;TOLOX;30;326560;4061120;0406;H08;
4;29;91;2904;TORROX;30;414986;4069380;0506;G05;
4;29;92;2904;TOTALÁN;30;384521;4069260;0506;G02;
4;29;93;2901;VALLE DE ABDALAJÍS;30;351024;4089570;0406;F11;
4;29;94;2904;VÉLEZ-MÁLAGA;30;398864;4070490;0506;F04;
4;29;95;2901;VILLANUEVA DE ALGAIDAS;30;374289;4116940;0506;B01;
4;29;96;2901;VILLANUEVA DEL ROSARIO;30;378456;4096900;0506;D01;
4;29;97;2901;VILLANUEVA DEL TRABUCO;30;382756;4100360;0506;D02;
4;29;98;2901;VILLANUEVA DE TAPIA;30;380997;4115940;0506;B02;
4;29;99;2904;VIÑUELA;30;396430;4080930;0506;E03;
4;29;100;2906;YUNQUERA;30;327090;4067460;0406;H08;
4;29;901;2903;TORREMOLINOS;30;364524;4054630;0406;I12;
4;29;902;2901;VILLANUEVA DE LA CONCEPCIÓN;30;363835;4087564;0406;F12;
4;29;903;2905;MONTECORTO;30;294974;4076836;0406;G05;
4;29;904;2905;SERRATO;30;323397;4083958;0406;F08;
4;29;999;2900;OTRA PROVINCIA;0;0;0;0000;000;
4;41;0;4100;INDETERMINADO;;;;0000;000;
4;41;1;4104;AGUADULCE;30;324517;4124680;0406;B08;
4;41;2;4103;ALANÍS;30;269885;4214210;0405;G02;
4;41;3;4101;ALBAIDA DEL ALJARAFE;30;218916;4148630;0305;N13;
4;41;4;4102;ALCALÁ DE GUADAIRA;30;251344;4130970;0305;O14;
4;41;5;4105;ALCALÁ DEL RÍO;30;237520;4159790;0305;M14;
4;41;6;4105;ALCOLEA DEL RÍO;30;266641;4169080;0405;L02;
4;41;7;4105;ALGABA, LA;30;233353;4151770;0305;M13;
4;41;8;4104;ALGÁMITAS;30;308350;4099220;0406;E06;
4;41;9;4103;ALMADÉN DE LA PLATA;30;232662;4193600;0305;I13;
4;41;10;4102;ALMENSILLA;30;224700;4133570;0305;O13;
4;41;11;4104;ARAHAL;30;271713;4120370;0406;B03;
4;41;12;4101;AZNALCÁZAR;30;208336;4112090;0305;O12;
4;41;13;4103;AZNALCÓLLAR;30;207739;4160570;0305;M12;
4;41;14;4104;BADOLATOSA;30;349902;4129500;0406;A11;
4;41;15;4101;BENACAZÓN;30;215481;4137370;0305;O12;
4;41;16;4101;BOLLULLOS DE LA MITACIÓN;30;220641;4134800;0305;O13;
4;41;17;4102;BORMUJOS;30;227083;4139890;0305;O13;
4;41;18;4105;BRENES;30;245963;4160330;0305;M14;
4;41;19;4105;BURGUILLOS;30;238927;4165760;0305;L14;
4;41;20;4104;CABEZAS DE SAN JUAN, LAS;30;239446;4097810;0306;D15;
4;41;21;4102;CAMAS;30;231445;4143770;0305;N13;
4;41;22;4104;CAMPANA, LA;30;287451;4159510;0405;L04;
4;41;23;4105;CANTILLANA;30;251461;4167940;0405;L01;
4;41;24;4104;CARMONA;30;267388;4148960;0405;M02;
4;41;25;4101;CARRIÓN DE LOS CÉSPEDES;30;205444;4140760;0305;O11;
4;41;26;4104;CASARICHE;30;344487;4129330;0406;B10;
4;41;27;4103;CASTIBLANCO DE LOS ARROYOS;30;237127;4178630;0305;K14;
4;41;28;4102;CASTILLEJA DE GUZMÁN;30;229834;4144710;0305;N13;
4;41;29;4102;CASTILLEJA DE LA CUESTA;30;229709;4142210;0305;N13;
4;41;30;4101;CASTILLEJA DEL CAMPO;30;204640;4143890;0305;N11;
4;41;31;4103;CASTILLO DE LAS GUARDAS, EL;30;207617;4177200;0305;K11;
4;41;32;4103;CAZALLA DE LA SIERRA;30;250363;4203160;0405;H01;
4;41;33;4103;CONSTANTINA;30;271805;4192730;0405;I02;
4;41;34;4102;CORIA DEL RÍO;30;230905;4126770;0305;O13;
4;41;35;4104;CORIPE;30;286013;4096360;0406;E04;
4;41;36;4104;CORONIL, EL;30;267101;4101160;0406;D02;
4;41;37;4104;CORRALES, LOS;30;321097;4109270;0406;D08;
4;41;38;4102;DOS HERMANAS;30;237366;4127680;0305;O14;
4;41;39;4104;ÉCIJA;30;315214;4155060;0405;M07;
4;41;40;4102;ESPARTINAS;30;223455;4142490;0305;N13;
4;41;41;4104;ESTEPA;30;332550;4130950;0406;B09;
4;41;42;4104;FUENTES DE ANDALUCÍA;30;292582;4153080;0405;N05;
4;41;43;4103;GARROBO, EL;30;219535;4169880;0305;L12;
4;41;44;4102;GELVES;30;230462;4136050;0305;O13;
4;41;45;4103;GERENA;30;220197;4160710;0305;M13;
4;41;46;4104;GILENA;30;328436;4122510;0406;B09;
4;41;47;4102;GINES;30;227680;4142180;0305;N13;
4;41;48;4103;GUADALCANAL;30;253659;4220900;0405;F01;
4;41;49;4103;GUILLENA;30;227594;4167800;0305;M13;
4;41;50;4104;HERRERA;30;335030;4138560;0406;A09;
4;41;51;4101;HUÉVAR DEL ALJARAFE;30;208407;4139990;0305;O12;
4;41;52;4104;LANTEJUELA, LA;30;303553;4137440;0406;A06;
4;41;53;4104;LEBRIJA;30;227433;4092730;0306;D14;
4;41;54;4104;LORA DE ESTEPA;30;338805;4126690;0406;B09;
4;41;55;4105;LORA DEL RÍO;30;278902;4172350;0405;K03;
4;41;56;4104;LUISIANA, LA;30;304268;4158640;0405;M06;
4;41;57;4103;MADROÑO, EL;30;195920;4172800;0305;L09;
4;41;58;4104;MAIRENA DEL ALCOR;30;257320;4137310;0405;N01;
4;41;59;4102;MAIRENA DEL ALJARAFE;30;228230;4136940;0305;O13;
4;41;60;4104;MARCHENA;30;290627;4134550;0406;A04;
4;41;61;4104;MARINALEDA;30;328123;4138140;0406;A08;
4;41;62;4104;MARTÍN DE LA JARA;30;326523;4111680;0406;D08;
4;41;63;4104;MOLARES, LOS;30;261783;4116300;0406;C01;
4;41;64;4104;MONTELLANO;30;273443;4098630;0406;E03;
4;41;65;4104;MORÓN DE LA FRONTERA;30;284529;4110510;0406;C04;
4;41;66;4103;NAVAS DE LA CONCEPCION, LAS;30;283753;4201860;0405;H04;
4;41;67;4101;OLIVARES;30;219807;4150730;0305;N13;
4;41;68;4104;OSUNA;30;311666;4124830;0406;B07;
4;41;69;4104;PALACIOS Y VILLAFRANCA, LOS;30;240701;4115750;0306;B16;
4;41;70;4102;PALOMARES DEL RÍO;30;229196;4134350;0305;O13;
4;41;71;4104;PARADAS;30;278707;4130330;0406;A03;
4;41;72;4104;PEDRERA;30;331955;4119220;0406;B09;
4;41;73;4103;PEDROSO, EL;30;253856;4186320;0405;I01;
4;41;74;4105;PEÑAFLOR;30;291676;4178870;0405;K05;
4;41;75;4101;PILAS;30;206458;4134070;0305;O11;
4;41;76;4104;PRUNA;30;301620;4098180;0406;E06;
4;41;77;4104;PUEBLA DE CAZALLA, LA;30;298133;4115480;0406;B05;
4;41;78;4103;PUEBLA DE LOS INFANTES, LA;30;286345;4187370;0405;J04;
4;41;79;4102;PUEBLA DEL RÍO, LA;30;220664;4111470;0306;A14;
4;41;80;4103;REAL DE LA JARA, EL;30;232080;4204930;0305;H13;
4;41;81;4102;RINCONADA, LA;30;243905;4151220;0305;M14;
4;41;82;4104;RODA DE ANDALUCIA, LA;30;342533;4119860;0406;C10;
4;41;83;4103;RONQUILLO, EL;30;220048;4182910;0305;K12;
4;41;84;4104;RUBIO, EL;30;322036;4135310;0406;A08;
4;41;85;4102;SALTERAS;30;226877;4150210;0305;N13;
4;41;86;4102;SAN JUAN DE AZNALFARACHE;30;231577;4139500;0305;O13;
4;41;87;4101;SANLÚCAR LA MAYOR;30;213403;4149860;0305;N12;
4;41;88;4103;SAN NICOLÁS DEL PUERTO;30;268931;4207150;0405;H02;
4;41;89;4102;SANTIPONCE;30;232035;4147530;0305;N13;
4;41;90;4104;SAUCEJO, EL;30;314118;4105210;0406;D07;
4;41;91;4102;SEVILLA;30;238378;4142750;0305;N14;
4;41;92;4105;TOCINA;30;259078;4165940;0405;L01;
4;41;93;4102;TOMARES;30;230298;4140640;0305;N13;
4;41;94;4101;UMBRETE;30;218471;4137840;0305;O13;
4;41;95;4104;UTRERA;30;251701;4107510;0406;C01;
4;41;96;4102;VALENCINA DE LA CONCEPCIÓN;30;228200;4146450;0305;N13;
4;41;97;4101;VILLAMANRIQUE DE LA CONDESA;30;205642;4125400;0306;A11;
4;41;98;4101;VILLANUEVA DEL ARISCAL;30;221321;4144000;0305;N13;
4;41;99;4105;VILLANUEVA DEL RÍO Y MINAS;30;260414;4172330;0405;K02;
4;41;100;4104;VILLANUEVA DE SAN JUAN;30;305863;4105220;0406;D06;
4;41;101;4105;VILLAVERDE DEL RÍO;30;244701;4166170;0305;L14;
4;41;102;4104;VISO DEL ALCOR, EL;30;260283;4141350;0405;N01;
4;41;901;4104;CAÑADA ROSAL;30;303776;4163870;0405;L06;
4;41;902;4102;ISLA MAYOR;30;231458;4084130;0306;C13;
4;41;903;4104;CUERVO DE SEVILLA, EL;30;217722;4112200;0306;B13;
4;41;999;4100;OTRA PROVINCIA;0;0;0;0000;000;
5;33;0;3300;INDETERMINADO;;;;0000;000;
5;33;1;3302;ALLANDE;30;198411;4793910;0301;H05;
5;33;2;3306;ALLER;30;288917;4776340;0401;I02;
5;33;3;3308;AMIEVA;30;330113;4790170;0401;H06;
5;33;4;3303;AVILÉS;30;264369;4827240;0301;E10;
5;33;5;3304;BELMONTE DE MIRANDA;30;236117;4795970;0301;H08;
5;33;6;3304;BIMENES;30;292452;4800170;0401;G03;
5;33;7;3301;BOAL;30;190645;4814480;0301;F03;
5;33;8;3308;CABRALES;30;351745;4792900;0401;H09;
5;33;9;3304;CABRANES;30;304031;4808830;0401;F04;
5;33;10;3303;CANDAMO;30;252826;4815420;0301;F09;
5;33;11;3302;CANGAS DEL NARCEA;30;211067;4778610;0301;I05;
5;33;12;3308;CANGAS DE ONÍS;30;333407;4799240;0401;G06;
5;33;13;3308;CARAVIA;30;322869;4814440;0401;F06;
5;33;14;3305;CARREÑO;30;274643;4825930;0401;D01;
5;33;15;3307;CASO;30;310437;4781700;0401;I04;
5;33;16;3303;CASTRILLÓN;30;258397;4826340;0301;E10;
5;33;17;3301;CASTROPOL;30;178974;4821380;0301;E01;
5;33;18;3301;COAÑA;30;195928;4824540;0301;E04;
5;33;19;3308;COLUNGA;30;315347;4815630;0401;F05;
5;33;20;3303;CORVERA DE ASTURIAS;30;267387;4822260;0301;E10;
5;33;21;3303;CUDILLERO;30;239259;4826480;0301;E09;
5;33;22;3302;DEGAÑA;30;209679;4761250;0301;L05;
5;33;23;3301;FRANCO, EL;30;189552;4824780;0301;E03;
5;33;24;3305;GIJÓN;30;283211;4820010;0401;E02;
5;33;25;3303;GOZÓN;30;270152;4831940;0401;D01;
5;33;26;3304;GRADO;30;248840;4800960;0301;G09;
5;33;27;3301;GRANDAS DE SALIME;30;183058;4790160;0301;I03;
5;33;28;3302;IBIAS;30;189347;4768560;0301;K03;
5;33;29;3301;ILLANO;30;188020;4806020;0301;G03;
5;33;30;3303;ILLAS;30;260242;4820510;0301;E10;
5;33;31;3307;LANGREO;30;281546;4797580;0401;H02;
5;33;32;3307;LAVIANA;30;293424;4789470;0401;H03;
5;33;33;3306;LENA;30;270419;4773020;0401;I01;
5;33;34;3301;VALDÉS;30;219677;4821820;0301;E05;
5;33;35;3304;LLANERA;30;268536;4815390;0401;F01;
5;33;36;3308;LLANES;30;351770;4806860;0401;G09;
5;33;37;3306;MIERES;30;276473;4790640;0401;H01;
5;33;38;3304;MORCÍN;30;264608;4794780;0301;H10;
5;33;39;3303;MUROS DE NALÓN;30;249938;4826680;0301;E09;
5;33;40;3304;NAVA;30;298088;4803080;0401;G03;
5;33;41;3301;NAVIA;30;202957;4826360;0301;E04;
5;33;42;3304;NOREÑA;30;281471;4809700;0401;G02;
5;33;43;3308;ONÍS;30;341471;4796700;0401;G08;
5;33;44;3304;OVIEDO;30;267161;4803900;0401;G01;
5;33;45;3308;PARRES;30;322796;4804060;0401;G06;
5;33;46;3308;PEÑAMELLERA ALTA;30;361021;4798120;0401;H10;
5;33;47;3308;PEÑAMELLERA BAJA;30;370702;4796600;0401;H11;
5;33;48;3301;PESOZ;30;186171;4798490;0301;H03;
5;33;49;3308;PILOÑA;30;310624;4800320;0401;G04;
5;33;50;3308;PONGA;30;323572;4784240;0401;I06;
5;33;51;3303;PRAVIA;30;245377;4819690;0301;F09;
5;33;52;3304;PROAZA;30;252904;4790870;0301;H09;
5;33;53;3304;QUIRÓS;30;259317;4780740;0301;I10;
5;33;54;3304;REGUERAS, LAS;30;259446;4812070;0301;F10;
5;33;55;3308;RIVADEDEVA;30;373296;4803390;0401;G11;
5;33;56;3308;RIBADESELLA;30;331393;4812570;0401;F07;
5;33;57;3304;RIBERA DE ARRIBA;30;266198;4798930;0301;H10;
5;33;58;3304;RIOSA;30;265239;4788840;0301;H10;
5;33;59;3304;SALAS;30;236984;4812040;0301;F08;
5;33;60;3307;SAN MARTÍN DEL REY AURELIO;30;287856;4794820;0401;H02;
5;33;61;3301;SAN MARTÍN DE OSCOS;30;180555;4799690;0301;H02;
5;33;62;3301;SANTA EULALIA DE OSCOS;30;173173;4797320;0301;H02;
5;33;63;3301;SAN TIRSO DE ABRES;30;164949;4814340;0301;G01;
5;33;64;3304;SANTO ADRIANO;30;258222;4797310;0301;H10;
5;33;65;3304;SARIEGO;30;293545;4809900;0401;G03;
5;33;66;3304;SIERO;30;282563;4808150;0401;G02;
5;33;67;3307;SOBRESCOBIO;30;299887;4785420;0401;I04;
5;33;68;3304;SOMIEDO;30;235703;4776940;0301;J08;
5;33;69;3303;SOTO DEL BARCO;30;253194;4824010;0301;E09;
5;33;70;3301;TAPIA DE CASARIEGO;30;183159;4826790;0301;E02;
5;33;71;3301;TARAMUNDI;30;169722;4809020;0301;G01;
5;33;72;3304;TEVERGA;30;247472;4781140;0301;I09;
5;33;73;3302;TINEO;30;217708;4804390;0301;G06;
5;33;74;3301;VEGADEO;30;174279;4815720;0301;F01;
5;33;75;3301;VILLANUEVA DE OSCOS;30;176536;4804750;0301;H02;
5;33;76;3305;VILLAVICIOSA;30;301234;4817860;0401;F04;
5;33;77;3301;VILLAYÓN;30;200066;4813420;0301;F04;
5;33;78;3304;YERNES Y TAMEZA;30;247775;4794730;0301;H09;
5;33;999;3300;OTRA PROVINCIA;0;0;0;0000;000;
6;39;0;3900;INDETERMINADO;;;;0000;000;
6;39;1;3913;ALFOZ DE LLOREDO;30;404335;4803540;0501;G03;
6;39;2;3911;AMPUERO;30;466331;4798040;0501;H09;
6;39;3;3907;ANIEVAS;30;418560;4783960;0501;I04;
6;39;4;3907;ARENAS DE IGUÑA;30;411254;4781270;0501;I04;
6;39;5;3912;ARGOÑOS;30;460105;4811800;0501;F09;
6;39;6;3912;ARNUERO;30;455031;4814160;0501;F08;
6;39;7;3910;ARREDONDO;30;448670;4790910;0501;H08;
6;39;8;3912;ASTILLERO, EL;30;432327;4805680;0501;G06;
6;39;9;3912;BÁRCENA DE CICERO;30;459057;4806020;0501;G08;
6;39;10;3907;BÁRCENA DE PIE DE CONCHA;30;412575;4774230;0501;J04;
6;39;11;3912;BAREYO;30;450035;4813750;0501;F08;
6;39;12;3913;CABEZÓN DE LA SAL;30;400256;4796350;0501;H02;
6;39;13;3902;CABEZÓN DE LIÉBANA;30;374827;4776540;0401;J11;
6;39;14;3904;CABUÉRNIGA;30;394157;4785400;0501;I02;
6;39;15;3901;CAMALEÑO;30;358037;4778590;0401;J10;
6;39;16;3912;CAMARGO;30;429367;4807140;0501;G06;
6;39;17;3905;CAMPOO DE YUSO;30;419843;4764640;0501;K04;
6;39;18;3913;CARTES;30;411467;4796600;0501;H04;
6;39;19;3909;CASTAÑEDA;30;424938;4796900;0501;H05;
6;39;20;3911;CASTRO-URDIALES;30;481423;4800170;0601;H01;
6;39;21;3907;CIEZA;30;408350;4786440;0501;I04;
6;39;22;3901;CILLORIGO DE LIÉBANA;30;368302;4785160;0401;I11;
6;39;23;3911;COLINDRES;30;464371;4804260;0501;G09;
6;39;24;3913;COMILLAS;30;395338;4802460;0501;G02;
6;39;25;3907;CORRALES DE BUELNA, LOS;30;411595;4790640;0501;H04;
6;39;26;3908;CORVERA DE TORANZO;30;422674;4784830;0501;I05;
6;39;27;3905;CAMPOO DE ENMEDIO;30;408572;4760840;0501;L03;
6;39;28;3912;ENTRAMBASAGUAS;30;446002;4801690;0501;G07;
6;39;29;3912;ESCALANTE;30;458174;4809650;0501;G08;
6;39;30;3911;GURIEZO;30;474815;4798170;0501;H10;
6;39;31;3912;HAZAS DE CESTO;30;452685;4806150;0501;G08;
6;39;32;3905;HERMANDAD DE CAMPOO DE SUSO;30;398194;4764480;0501;K03;
6;39;33;3913;HERRERÍAS;30;380330;4796560;0501;H01;
6;39;34;3903;LAMASÓN;30;378809;4787360;0501;H01;
6;39;35;3911;LAREDO;30;465848;4806350;0501;G09;
6;39;36;3911;LIENDO;30;470470;4804310;0501;G09;
6;39;37;3909;LIÉRGANES;30;438261;4798610;0501;H06;
6;39;38;3911;LIMPIAS;30;466574;4802580;0501;G09;
6;39;39;3908;LUENA;30;426785;4773240;0501;J05;
6;39;40;3912;MARINA DE CUDEYO;30;438871;4807600;0501;G06;
6;39;41;3913;MAZCUERRAS;30;404769;4793840;0501;H03;
6;39;42;3912;MEDIO CUDEYO;30;438546;4803500;0501;G07;
6;39;43;3912;MERUELO;30;452689;4810500;0501;F08;
6;39;44;3912;MIENGO;30;419519;4808610;0501;G04;
6;39;45;3909;MIERA;30;441876;4792990;0501;H07;
6;39;46;3907;MOLLEDO;30;417659;4776590;0501;J04;
6;39;47;3912;NOJA;30;458114;4814230;0501;F08;
6;39;48;3909;PENAGOS;30;434069;4798350;0501;G06;
6;39;49;3903;PEÑARRUBIA;30;371929;4790490;0401;H11;
6;39;50;3902;PESAGUERO;30;375121;4769370;0401;J11;
6;39;51;3907;PESQUERA;30;413227;4771250;0501;J04;
6;39;52;3912;PIÉLAGOS;30;423324;4804510;0501;G05;
6;39;53;3903;POLACIONES;30;384948;4772240;0501;J01;
6;39;54;3912;POLANCO;30;417681;4803370;0501;G04;
6;39;55;3901;POTES;30;368047;4779210;0401;J10;
6;39;56;3908;PUENTE VIESGO;30;420625;4794140;0501;H05;
6;39;57;3910;RAMALES DE LA VICTORIA;30;464222;4790450;0501;I09;
6;39;58;3911;RASINES;30;467687;4794230;0501;H09;
6;39;59;3905;REINOSA;30;407477;4761660;0501;K03;
6;39;60;3913;REOCÍN;30;409056;4800400;0501;H04;
6;39;61;3912;RIBAMONTÁN AL MAR;30;444067;4812080;0501;F07;
6;39;62;3912;RIBAMONTÁN AL MONTE;30;446804;4806840;0501;G07;
6;39;63;3903;RIONANSA;30;384730;4786430;0501;H01;
6;39;64;3909;RIOTUERTO;30;444296;4797920;0501;G07;
6;39;65;3905;ROZAS DE VALDEARROYO, LAS;30;416749;4757930;0501;L04;
6;39;66;3904;RUENTE;30;399624;4788080;0501;H02;
6;39;67;3910;RUESGA;30;453821;4792900;0501;H08;
6;39;68;3913;RUILOBA;30;398814;4804060;0501;G02;
6;39;69;3907;SAN FELICES DE BUELNA;30;416454;4791710;0501;H04;
6;39;70;3907;SAN MIGUEL DE AGUAYO;30;417825;4769540;0501;K04;
6;39;71;3908;SAN PEDRO DEL ROMERAL;30;432751;4774370;0501;J06;
6;39;72;3909;SAN ROQUE DE RIOMIERA;30;441751;4785510;0501;I07;
6;39;73;3912;SANTA CRUZ DE BEZANA;30;427097;4811150;0501;F05;
6;39;74;3909;SANTA MARIA DE CAYÓN;30;431186;4794750;0501;H06;
6;39;75;3912;SANTANDER;30;432694;4812980;0501;F06;
6;39;76;3913;SANTILLANA DEL MAR;30;411424;4804970;0501;G04;
6;39;77;3907;SANTIURDE DE REINOSA;30;411535;4768760;0501;K04;
6;39;78;3908;SANTIURDE DE TORANZO;30;425736;4786860;0501;I05;
6;39;79;3912;SANTOÑA;30;463505;4811500;0501;F09;
6;39;80;3913;SAN VICENTE DE LA BARQUERA;30;387189;4802800;0501;G01;
6;39;81;3909;SARO;30;435073;4790620;0501;H06;
6;39;82;3909;SELAYA;30;437866;4783770;0501;I06;
6;39;83;3910;SOBA;30;455576;4782940;0501;I08;
6;39;84;3912;SOLÓRZANO;30;452226;4801530;0501;G08;
6;39;85;3913;SUANCES;30;414601;4807380;0501;G04;
6;39;86;3904;TOJOS, LOS;30;401014;4777430;0501;J02;
6;39;87;3912;TORRELAVEGA;30;415687;4798810;0501;G04;
6;39;88;3901;TRESVISO;30;362902;4790570;0401;H10;
6;39;89;3903;TUDANCA;30;389403;4779040;0501;J01;
6;39;90;3913;UDÍAS;30;398585;4799270;0501;G02;
6;39;91;3913;VALDÁLIGA;30;391199;4797200;0501;H02;
6;39;92;3906;VALDEOLEA;30;403417;4751270;0501;M03;
6;39;93;3906;VALDEPRADO DEL RÍO;30;413256;4749990;0501;L04;
6;39;94;3906;VALDERREDIBLE;30;420987;4743590;0501;N05;
6;39;95;3913;VAL DE SAN VICENTE;30;380409;4802440;0501;G01;
6;39;96;3902;VEGA DE LIÉBANA;30;364443;4770640;0401;J10;
6;39;97;3908;VEGA DE PAS;30;437829;4777890;0501;J06;
6;39;98;3909;VILLACARRIEDO;30;432443;4786040;0501;I06;
6;39;99;3912;VILLAESCUSA;30;430623;4801710;0501;G06;
6;39;100;3909;VILLAFUFRE;30;428313;4790630;0501;H05;
6;39;101;3911;VILLAVERDE DE TRUCIOS;30;477491;4787400;0501;I10;
6;39;102;3911;VOTO;30;459148;4799590;0501;G08;
6;39;701;3904;Comunidad de Campoo-Cabuérniga;30;395000;7775000;0501;J02;
6;39;801;3904;Comunidad de Campoo-Cabuérniga;30;395000;7775000;0501;J02;
6;39;999;3900;OTRA PROVINCIA;0;0;0;0000;000;
7;26;0;2600;INDETERMINADO;;;;0000;000;
7;26;1;2612;ÁBALOS;30;524418;4712920;0602;A05;
7;26;2;2632;AGONCILLO;30;559145;4698290;0602;C08;
7;26;3;2641;AGUILAR DEL RÍO ALHAMA;30;584344;4645460;0602;H11;
7;26;4;2631;AJAMIL DE CAMEROS;30;546256;4667760;0602;F07;
7;26;5;2633;ALBELDA DE IREGUA;30;543849;4690670;0602;D07;
7;26;6;2633;ALBERITE;30;548568;4694650;0602;C07;
7;26;7;2642;ALCANADRE;30;569404;4694730;0602;C10;
7;26;8;2643;ALDEANUEVA DE EBRO;30;590100;4676000;0602;E12;
7;26;9;2611;ALESANCO;30;515107;4696710;0602;C04;
7;26;10;2623;ALESÓN;30;526827;4695150;0602;C05;
7;26;11;2643;ALFARO;30;596651;4668790;0702;F01;
7;26;12;2630;ALMARZA DE CAMEROS;30;534109;4675770;0602;E06;
7;26;13;2612;ANGUCIANA;30;508077;4713390;0602;A03;
7;26;14;2622;ANGUIANO;30;518774;4677950;0602;E04;
7;26;15;2623;ARENZANA DE ABAJO;30;523256;4691970;0602;C05;
7;26;16;2623;ARENZANA DE ARRIBA;30;525544;4692090;0602;C05;
7;26;17;2640;ARNEDILLO;30;562960;4674230;0602;E09;
7;26;18;2640;ARNEDO;30;574717;4674400;0602;E10;
7;26;19;2632;ARRÚBAL;30;561610;4697920;0602;C09;
7;26;20;2642;AUSEJO;30;570725;4689690;0602;D09;
7;26;21;2643;AUTOL;30;583911;4672380;0602;E11;
7;26;22;2611;AZOFRA;30;516399;4698630;0602;C04;
7;26;23;2611;BADARÁN;30;516241;4690220;0602;C04;
7;26;24;2612;BAÑARES;30;507204;4701830;0602;B03;
7;26;25;2612;BAÑOS DE RIOJA;30;503886;4706920;0602;B03;
7;26;26;2623;BAÑOS DE RÍO TOBÍA;30;520032;4687790;0602;D04;
7;26;27;2611;BERCEO;30;510368;4685300;0602;D04;
7;26;28;2642;BERGASA;30;570139;4679820;0602;E10;
7;26;29;2642;BERGASILLAS BAJERA;30;568630;4678150;0602;E09;
7;26;30;2623;BEZARES;30;527271;4690440;0602;C05;
7;26;31;2622;BOBADILLA;30;519855;4685330;0602;D04;
7;26;32;2621;BRIEVA DE CAMEROS;30;518072;4669190;0602;F04;
7;26;33;2612;BRIÑAS;30;513971;4717130;0602;A04;
7;26;34;2612;BRIONES;30;517268;4707370;0602;A04;
7;26;35;2631;CABEZÓN DE CAMEROS;30;539899;4671030;0602;E06;
7;26;36;2643;CALAHORRA;30;586107;4683370;0602;D11;
7;26;37;2623;CAMPROVÍN;30;523438;4689250;0602;D05;
7;26;38;2620;CANALES DE LA SIERRA;30;495355;4668360;0602;F02;
7;26;39;2611;CANILLAS DE RÍO TUERTO;30;513671;4694110;0602;C04;
7;26;40;2611;CAÑAS;30;511707;4694020;0602;C04;
7;26;41;2611;CÁRDENAS;30;519271;4691600;0602;C04;
7;26;42;2612;CASALARREINA;30;507881;4710760;0602;A03;
7;26;43;2612;CASTAÑARES DE RIOJA;30;506581;4706810;0602;B03;
7;26;44;2623;CASTROVIEJO;30;528676;4685840;0602;D05;
7;26;45;2612;CELLORIGO;30;499931;4719130;0602;A03;
7;26;46;2623;CENICERO;30;528541;4702650;0602;B05;
7;26;47;2641;CERVERA DEL RÍO ALHAMA;30;587627;4652510;0602;G11;
7;26;48;2612;CIDAMÓN;30;511506;4703500;0602;B04;
7;26;49;2612;CIHURI;30;506125;4714410;0602;A03;
7;26;50;2611;CIRUEÑA;30;509679;4696730;0602;C03;
7;26;51;2633;CLAVIJO;30;547321;4690420;0602;D07;
7;26;52;2611;CORDOVÍN;30;515824;4693040;0602;C04;
7;26;53;2642;CORERA;30;564727;4689830;0602;D09;
7;26;54;2641;CORNAGO;30;574759;4657540;0602;G10;
7;26;55;2610;CORPORALES;30;499849;4697350;0602;C03;
7;26;56;2612;CUZCURRITA DE RÍO TIRÓN;30;502469;4710950;0602;A03;
7;26;57;2623;DAROCA DE RIOJA;30;533686;4689860;0602;C06;
7;26;58;2640;ENCISO;30;561812;4665440;0602;F09;
7;26;59;2623;ENTRENA;30;539995;4693670;0602;C06;
7;26;60;2611;ESTOLLO;30;512390;4685090;0602;D04;
7;26;61;2610;EZCARAY;30;498068;4678800;0602;D02;
7;26;62;2612;FONCEA;30;496206;4718480;0602;A02;
7;26;63;2612;FONZALECHE;30;500189;4715210;0602;A02;
7;26;64;2623;FUENMAYOR;30;535077;4701780;0602;B06;
7;26;65;2612;GALBÁRRULI;30;503779;4719020;0602;A03;
7;26;66;2642;GALILEA;30;563323;4690620;0602;D09;
7;26;67;2630;GALLINERO DE CAMEROS;30;532203;4668860;0602;F06;
7;26;68;2612;GIMILEO;30;515053;4711150;0602;A04;
7;26;69;2610;GRAÑÓN;30;498267;4700240;0602;C02;
7;26;70;2641;GRÁVALOS;30;583696;4663510;0602;F11;
7;26;71;2612;HARO;30;511456;4715020;0602;A04;
7;26;72;2642;HERCE;30;568883;4675070;0602;E09;
7;26;73;2612;HERRAMÉLLURI;30;499128;4705470;0602;B02;
7;26;74;2612;HERVÍAS;30;511119;4699610;0602;C03;
7;26;75;2611;HORMILLA;30;518189;4700190;0602;C04;
7;26;76;2623;HORMILLEJA;30;521817;4701340;0602;B05;
7;26;77;2631;HORNILLOS DE CAMEROS;30;548781;4673760;0602;E07;
7;26;78;2623;HORNOS DE MONCALVILLO;30;534646;4694170;0602;C06;
7;26;79;2623;HUÉRCANOS;30;527512;4698060;0602;C05;
7;26;80;2641;IGEA;30;580719;4657070;0602;G11;
7;26;81;2631;JALÓN DE CAMEROS;30;541914;4673920;0602;E07;
7;26;82;2631;LAGUNA DE CAMEROS;30;537541;4667670;0602;F06;
7;26;83;2632;LAGUNILLA DEL JUBERA;30;554474;4687190;0602;D08;
7;26;84;2633;LARDERO;30;543593;4696560;0602;C07;
7;26;86;2622;LEDESMA DE LA COGOLLA;30;524421;4685440;0602;D05;
7;26;87;2612;LEIVA;30;496389;4706380;0602;B02;
7;26;88;2632;LEZA DE RÍO LEZA;30;548969;4686690;0602;D07;
7;26;89;2633;LOGROÑO;30;545038;4701650;0602;B07;
7;26;91;2650;LUMBRERAS;30;533766;4658480;0602;F06;
7;26;92;2623;MANJARRÉS;30;527571;4693460;0602;C05;
7;26;93;2620;MANSILLA DE LA SIERRA;30;506685;4663680;0602;F03;
7;26;94;2611;MANZANARES DE RIOJA;30;507525;4692660;0602;C03;
7;26;95;2622;MATUTE;30;516737;4682190;0602;D04;
7;26;96;2623;MEDRANO;30;536475;4693150;0602;C06;
7;26;98;2640;MUNILLA;30;555281;4672550;0602;E08;
7;26;99;2632;MURILLO DE RÍO LEZA;30;557008;4694940;0602;C08;
7;26;100;2641;MURO DE AGUAS;30;572011;4664550;0602;F10;
7;26;101;2631;MURO EN CAMEROS;30;537692;4674730;0602;E06;
7;26;102;2623;NÁJERA;30;521151;4696460;0602;C05;
7;26;103;2633;NALDA;30;542792;4686420;0602;D07;
7;26;104;2641;NAVAJÚN;30;575607;4647090;0602;H10;
7;26;105;2623;NAVARRETE;30;535859;4697690;0602;C06;
7;26;106;2630;NESTARES;30;531788;4682100;0602;D06;
7;26;107;2630;NIEVA DE CAMEROS;30;526224;4674520;0602;E05;
7;26;108;2642;OCÓN;30;565388;4683860;0602;D09;
7;26;109;2612;OCHÁNDURI;30;499907;4708190;0602;B02;
7;26;110;2610;OJACASTRO;30;500152;4689000;0602;D02;
7;26;111;2612;OLLAURI;30;514453;4709640;0602;A04;
7;26;112;2630;ORTIGOSA DE CAMEROS;30;523499;4668080;0602;F05;
7;26;113;2611;PAZUENGOS;30;506152;4683990;0602;D03;
7;26;114;2622;PEDROSO;30;525190;4682720;0602;D05;
7;26;115;2630;PINILLOS;30;533505;4671220;0602;E06;
7;26;117;2642;PRADEJÓN;30;579502;4686810;0602;D10;
7;26;118;2630;PRADILLO;30;529613;4670690;0602;F05;
7;26;119;2640;PRÉJANO;30;567661;4668740;0602;E09;
7;26;120;2643;QUEL;30;579079;4673060;0602;E10;
7;26;121;2631;RABANERA;30;543253;4670710;0602;E07;
7;26;122;2630;RASILLO DE CAMEROS, EL;30;523595;4671440;0602;E05;
7;26;123;2642;REDAL, EL;30;565955;4688730;0602;D09;
7;26;124;2632;RIBAFRECHA;30;552096;4690360;0602;D08;
7;26;125;2643;RINCÓN DE SOTO;30;594880;4676190;0602;E12;
7;26;126;2642;ROBRES DEL CASTILLO;30;558557;4678530;0602;D08;
7;26;127;2612;RODEZNO;30;513444;4707800;0602;B04;
7;26;128;2612;SAJAZARRA;30;504235;4715680;0602;A03;
7;26;129;2623;SAN ASENSIO;30;521729;4706070;0602;B05;
7;26;130;2611;SAN MILLÁN DE LA COGOLLA;30;508283;4682720;0602;D04;
7;26;131;2612;SAN MILLÁN DE YÉCORA;30;491869;4710720;0602;A02;
7;26;132;2631;SAN ROMÁN DE CAMEROS;30;544597;4675180;0602;E07;
7;26;134;2623;SANTA COLOMA;30;530065;4689840;0602;C05;
7;26;135;2642;SANTA ENGRACIA DEL JUBERA;30;556993;4684400;0602;D08;
7;26;136;2642;SANTA EULALIA BAJERA;30;566730;4675340;0602;E09;
7;26;138;2610;SANTO DOMINGO DE LA CALZADA;30;503630;4698030;0602;C03;
7;26;139;2612;SAN TORCUATO;30;511260;4703180;0602;B03;
7;26;140;2610;SANTURDE DE RIOJA;30;500838;4693250;0602;C03;
7;26;141;2610;SANTURDEJO;30;504586;4691270;0602;C03;
7;26;142;2612;SAN VICENTE DE LA SONSIERRA;30;520869;4713700;0602;A05;
7;26;143;2623;SOJUELA;30;536653;4689830;0602;C06;
7;26;144;2633;SORZANO;30;539057;4687930;0602;D06;
7;26;145;2623;SOTÉS;30;532505;4693970;0602;C06;
7;26;146;2632;SOTO EN CAMEROS;30;547176;4681440;0602;D07;
7;26;147;2632;TERROBA;30;546424;4678340;0602;E07;
7;26;148;2612;TIRGO;30;505069;4710220;0602;A03;
7;26;149;2622;TOBÍA;30;511548;4680280;0602;D04;
7;26;150;2612;TORMANTOS;30;494328;4704630;0602;B02;
7;26;151;2630;TORRECILLA EN CAMEROS;30;530461;4678590;0602;E06;
7;26;152;2611;TORRECILLA SOBRE ALESANCO;30;513242;4695860;0602;C04;
7;26;153;2631;TORRE EN CAMEROS;30;539038;4677410;0602;E07;
7;26;154;2623;TORREMONTALBO;30;524916;4704080;0602;B05;
7;26;155;2612;TREVIANA;30;496271;4711940;0602;A02;
7;26;157;2623;TRICIO;30;523709;4694480;0602;C05;
7;26;158;2642;TUDELILLA;30;573225;4682790;0602;D10;
7;26;160;2623;URUÑUELA;30;524893;4700800;0602;C05;
7;26;161;2641;VALDEMADERA;30;577125;4648960;0602;H10;
7;26;162;2610;VALGAÑÓN;30;493546;4685630;0602;D02;
7;26;163;2623;VENTOSA;30;530455;4694760;0602;C06;
7;26;164;2621;VENTROSA;30;513300;4668810;0602;F04;
7;26;165;2633;VIGUERA;30;538665;4683100;0602;D06;
7;26;166;2633;VILLALBA DE RIOJA;30;508857;4717300;0602;A03;
7;26;167;2633;VILLALOBAR DE RIOJA;30;502560;4704380;0602;B03;
7;26;168;2633;VILLAMEDIANA DE IREGUA;30;549358;4697760;0602;C07;
7;26;169;2630;VILLANUEVA DE CAMEROS;30;529076;4666960;0602;F05;
7;26;170;2642;VILLAR DE ARNEDO, EL;30;576602;4685090;0602;D10;
7;26;171;2611;VILLAR DE TORRE;30;510751;4690580;0602;C04;
7;26;172;2611;VILLAREJO;30;509054;4691080;0602;C03;
7;26;173;2643;VILLARROYA;30;577730;4665400;0602;F10;
7;26;174;2610;VILLARTA-QUINTANA;30;495257;4695080;0602;C02;
7;26;175;2620;VILLAVELAYO;30;501380;4666830;0602;F03;
7;26;176;2622;VILLAVERDE DE RIOJA;30;515396;4685610;0602;D04;
7;26;177;2650;VILLOSLADA DE CAMEROS;30;525586;4657510;0602;F05;
7;26;178;2621;VINIEGRA DE ABAJO;30;509930;4663010;0602;F03;
7;26;179;2621;VINIEGRA DE ARRIBA;30;514649;4658790;0602;F04;
7;26;180;2612;ZARRATÓN;30;510350;4707640;0602;B04;
7;26;181;2640;ZARZOSA;30;553445;4669430;0602;E08;
7;26;183;2610;ZORRAQUÍN;30;496450;4685740;0602;D02;
7;26;999;2600;OTRA PROVINCIA;0;0;0;0000;000;
8;30;0;3000;INDETERMINADO;;;;0000;000;
8;30;1;3004;ABANILLA;30;670571;4236110;0705;E08;
8;30;2;3004;ABARÁN;30;646922;4235490;0705;F05;
8;30;3;3003;ÁGUILAS;30;624814;4147950;0705;N03;
8;30;4;3002;ALBUDEITE;30;642025;4210560;0705;G05;
8;30;5;3004;ALCANTARILLA;30;655473;4204270;0705;H06;
8;30;6;3002;ALEDO;30;621898;4183750;0705;J03;
8;30;7;3004;ALGUAZAS;30;651681;4213780;0705;G06;
8;30;8;3002;ALHAMA DE MURCIA;30;642011;4187560;0705;I04;
8;30;9;3004;ARCHENA;30;649502;4219780;0705;F05;
8;30;10;3004;BENIEL;30;676393;4210960;0705;G08;
8;30;11;3004;BLANCA;30;649217;4231090;0705;F05;
8;30;12;3002;BULLAS;30;616570;4211470;0705;G02;
8;30;13;3005;CALASPARRA;30;617692;4233250;0705;E02;
8;30;14;3004;CAMPOS DEL RÍO;30;643412;4212840;0705;G05;
8;30;15;3005;CARAVACA DE LA CRUZ;30;585548;4207250;0605;G12;
8;30;16;3003;CARTAGENA;30;677435;4167890;0705;L08;
8;30;17;3005;CEHEGÍN;30;610064;4215130;0705;G01;
8;30;18;3004;CEUTÍ;30;650841;4216940;0705;G06;
8;30;19;3004;CIEZA;30;633919;4237560;0705;E04;
8;30;20;3004;FORTUNA;30;663320;4230200;0705;F07;
8;30;21;3006;FUENTE ÁLAMO DE MURCIA;30;657505;4177810;0705;K07;
8;30;22;3001;JUMILLA;30;647535;4259430;0705;B05;
8;30;23;3002;LIBRILLA;30;646037;4196760;0705;I05;
8;30;24;3003;LORCA;30;609905;4173360;0705;K02;
8;30;25;3004;LORQUÍ;30;653406;4218750;0705;G06;
8;30;26;3003;MAZARRÓN;30;645493;4165220;0705;L05;
8;30;27;3004;MOLINA DE SEGURA;30;657952;4221190;0705;G06;
8;30;28;3005;MORATALLA;30;588456;4228560;0605;F12;
8;30;29;3002;MULA;30;628229;4208010;0705;G04;
8;30;30;3004;MURCIA;30;666484;4199020;0705;H07;
8;30;31;3004;OJÓS;30;643774;4219180;0705;F05;
8;30;32;3002;PLIEGO;30;631480;4204520;0705;H04;
8;30;33;3003;PUERTO LUMBRERAS;30;604634;4156420;0705;M01;
8;30;34;3004;RICOTE;30;637077;4223780;0705;F05;
8;30;35;3006;SAN JAVIER;30;690385;4187110;0705;J10;
8;30;36;3006;SAN PEDRO DEL PINATAR;30;694709;4189730;0705;I10;
8;30;37;3006;TORRE-PACHECO;30;679177;4183300;0705;K09;
8;30;38;3004;TORRES DE COTILLAS, LAS;30;652153;4209750;0705;G06;
8;30;39;3002;TOTANA;30;629806;4182350;0705;J04;
8;30;40;3004;ULEA;30;650133;4225620;0705;F05;
8;30;41;3003;UNION, LA;30;687058;4165340;0705;L09;
8;30;42;3004;VILLANUEVA DEL RÍO SEGURA;30;647117;4218270;0705;F05;
8;30;43;3001;YECLA;30;661092;4274940;0705;A07;
8;30;901;3004;SANTOMERA;30;670549;4217310;0705;G08;
8;30;902;3006;ALCAZARES, LOS;30;688209;4179690;0705;K09;
8;30;999;3000;OTRA PROVINCIA;0;0;0;0000;000;
9;3;0;300;INDETERMINADO;;;;0000;000;
9;3;1;330;ADSUBIA;30;745727;4305250;0804;M04;
9;3;2;332;AGOST;30;705949;4257720;0705;C11;
9;3;3;326;AGRES;30;716224;4296330;0804;N01;
9;3;4;332;AIGÜES;30;729995;4265920;0805;B01;
9;3;5;334;ALBATERA;30;684956;4231680;0705;F09;
9;3;6;330;ALCALALÍ;30;758082;4294030;0804;N05;
9;3;7;326;ALCOCER DE PLANES;30;725771;4297250;0804;N02;
9;3;8;326;ALCOLEJA;30;732710;4283160;0804;O03;
9;3;9;327;ALCOI/ALCOY;30;716141;4284670;0804;O01;
9;3;10;326;ALFAFARA;30;711765;4295430;0804;N01;
9;3;11;331;ALFÀS DEL PI, L';30;753662;4274220;0805;A04;
9;3;12;334;ALGORFA;30;694245;4215440;0705;G10;
9;3;13;329;ALGUEÑA;30;674487;4245910;0705;D08;
9;3;14;332;ALACANT/ALICANTE;30;715182;4251320;0805;C01;
9;3;15;334;ALMORADÍ;30;693478;4219350;0705;F10;
9;3;16;326;ALMUDAINA;30;729714;4294150;0804;N03;
9;3;17;326;ALQUERIA D' ASNAR, L';30;724021;4294780;0804;N02;
9;3;18;331;ALTEA;30;757160;4279510;0805;A04;
9;3;19;329;ASPE;30;693675;4244890;0705;D10;
9;3;20;326;BALONES;30;731871;4292050;0804;N03;
9;3;21;327;BANYERES DE MARIOLA;30;701981;4286880;0704;O11;
9;3;22;326;BENASAU;30;731528;4286620;0804;O03;
9;3;23;328;BENEIXAMA;30;694764;4288530;0704;O10;
9;3;24;334;BENEJÚZAR;30;690258;4216450;0705;G09;
9;3;25;334;BENFERRI;30;676851;4224750;0705;F08;
9;3;26;330;BENIARBEIG;30;759486;4300990;0804;M05;
9;3;27;331;BENIARDÁ;30;742335;4286940;0804;O04;
9;3;28;326;BENIARRÉS;30;729009;4300950;0804;M02;
9;3;29;330;BENIGEMBLA;30;750811;4292900;0804;N05;
9;3;30;330;BENIDOLEIG;30;758414;4298150;0804;N05;
9;3;31;331;BENIDORM;30;750271;4271530;0805;A03;
9;3;32;327;BENIFALLIN;30;725383;4281920;0804;O02;
9;3;33;331;BENIFATO;30;740159;4282960;0804;O04;
9;3;34;334;BENIJÓFAR;30;698330;4216780;0705;G10;
9;3;35;326;BENILLOBA;30;726563;4287570;0804;O02;
9;3;36;326;BENILLUP;30;728021;4293110;0804;N02;
9;3;37;331;BENIMANTELL;30;743557;4281320;0804;O04;
9;3;38;326;BENIMARFULL;30;726651;4295240;0804;N02;
9;3;39;326;BENIMASSOT;30;734886;4293130;0804;N03;
9;3;40;330;BENIMELI;30;757378;4302240;0804;M05;
9;3;41;330;BENISSA;30;764349;4287220;0804;O06;
9;3;42;330;POBLE NOU DE BENITATXELL, EL;30;773873;4291090;0804;N07;
9;3;43;328;BIAR;30;696128;4279950;0705;A10;
9;3;44;334;BIGASTRO;30;684801;4214630;0705;G09;
9;3;45;331;BOLULLA;30;750545;4285910;0804;O05;
9;3;46;332;BUSOT;30;725205;4264740;0805;B01;
9;3;47;330;CALP;0;0;0;0804;O06;
9;3;48;331;CALLOSA D'EN SARRIÁ;30;752149;4282480;0804;O05;
9;3;49;334;CALLOSA DE SEGURA;30;686846;4222960;0705;F09;
9;3;50;332;CAMPELLO, EL;30;729326;4260540;0805;C01;
9;3;51;328;CAMP DE MIRRA, EL;30;691266;4286340;0704;O10;
9;3;52;328;CAÑADA;30;689617;4284220;0704;O10;
9;3;53;327;CASTALLA;30;703078;4271580;0705;A11;
9;3;54;330;CASTELL DE CASTELLS;30;744671;4291280;0804;N04;
9;3;55;334;CATRAL;30;693053;4225230;0705;F10;
9;3;56;326;COCENTAINA;30;721964;4290950;0804;N02;
9;3;57;331;CONFRIDES;30;736973;4284870;0804;O03;
9;3;58;334;COX;30;683982;4223970;0705;F09;
9;3;59;333;CREVILLENT;30;691443;4234280;0705;E10;
9;3;60;326;QUATRETONDETA;30;733564;4289020;0804;O03;
9;3;61;334;DAYA NUEVA;30;696331;4220680;0705;F10;
9;3;62;334;DAYA VIEJA;30;698694;4220010;0705;G10;
9;3;63;330;DÉNIA;30;767446;4301900;0804;M06;
9;3;64;334;DOLORES;30;696784;4223830;0705;F10;
9;3;65;333;ELX/ELCHE;30;704487;4236030;0705;E11;
9;3;66;329;ELDA;30;690224;4260990;0705;B10;
9;3;67;326;FACHECA;30;737069;4290730;0804;N03;
9;3;68;326;FAMORCA;30;740008;4290720;0804;N03;
9;3;69;331;FINESTRAT;30;743712;4273440;0805;A03;
9;3;70;334;FORMENTERA  DEL SEGURA;30;698466;4218940;0705;G10;
9;3;71;330;GATA DE GORGOS;30;766852;4295670;0804;N06;
9;3;72;326;GAIANES;30;724929;4299700;0804;N02;
9;3;73;326;GORGA;30;728205;4289470;0804;O02;
9;3;74;334;GRANJA DE ROCAMORA;30;684815;4225300;0705;F09;
9;3;75;331;CASTELL DE GUADALEST, EL;30;746517;4284210;0804;O04;
9;3;76;334;GUARDAMAR DEL SEGURA;30;704591;4217610;0705;G11;
9;3;77;329;FONDÓ DE LES NEUS, EL ;30;684145;4242280;0705;D09;
9;3;78;329;HONDÓN DE LOS FRAILES;30;681031;4237890;0705;E09;
9;3;79;327;IBI;30;712287;4278250;0705;A12;
9;3;80;334;JACARILLA;30;688594;4213530;0705;G09;
9;3;81;330;XALÓ/JALÓN;30;758238;4289260;0804;N05;
9;3;82;330;XÀBIA/JÁVEA;30;774956;4295930;0804;N07;
9;3;83;332;XIXONA/JIJONA;30;718863;4270150;0705;B12;
9;3;84;326;ORXA, L' /LORCHA;30;733696;4303720;0804;M03;
9;3;85;330;LLÍBER;30;761626;4291320;0804;N06;
9;3;86;326;MILLENA;30;728034;4291460;0804;N02;
9;3;88;329;MONFORTE DEL CID;30;701438;4251230;0705;C10;
9;3;89;329;MONÒVER/MONÓVAR;30;682361;4255620;0705;C09;
9;3;90;332;MUTXAMEL;30;720517;4257230;0805;C01;
9;3;91;330;MURLA;30;753989;4295100;0804;N05;
9;3;92;326;MURO DE ALCOY;30;721916;4296640;0804;N02;
9;3;93;329;NOVELDA;30;693461;4252120;0705;C10;
9;3;94;331;NUCIA, LA;30;750855;4276710;0805;A03;
9;3;95;330;ONDARA;30;761853;4302090;0804;M06;
9;3;96;327;ONIL;30;703685;4278810;0705;A11;
9;3;97;330;ORBA;30;755116;4297230;0804;N05;
9;3;98;331;ORXETA;30;737042;4270900;0805;A02;
9;3;99;334;ORIHUELA;30;683547;4215440;0705;G08;
9;3;100;330;PARCENT;30;754464;4292160;0804;N05;
9;3;101;330;PEDREGUER;30;763425;4298450;0804;N06;
9;3;102;330;PEGO;30;751776;4303620;0804;M05;
9;3;103;327;PENÀGUILA;30;728702;4282310;0804;O02;
9;3;104;329;PETRER;30;697934;4263050;0705;B10;
9;3;105;329;PINÒS, EL/PINOSO;30;672156;4253620;0705;C08;
9;3;106;326;PLANES;30;731860;4297310;0804;N03;
9;3;107;331;POLOP;30;748060;4278760;0805;A04;
9;3;109;334;RAFAL;30;688688;4220030;0705;F09;
9;3;110;330;RÀFOL D' ALMUNIA, EL;30;756021;4302440;0804;M05;
9;3;111;334;REDOVÁN;30;682219;4221670;0705;F09;
9;3;112;331;RELLEU;30;731889;4272820;0805;A02;
9;3;113;334;ROJALES;30;700317;4216750;0705;G10;
9;3;114;329;ROMANA, LA;30;682991;4247520;0705;D09;
9;3;115;330;SAGRA;30;754887;4300790;0804;M05;
9;3;116;328;SALINAS;30;682332;4264480;0705;B09;
9;3;117;330;SANET Y NEGRALS;30;758065;4300690;0804;M05;
9;3;118;334;SAN FULGENCIO;30;702328;4222450;0705;F11;
9;3;119;332;SANT JOAN D' ALACANT;30;724677;4254150;0805;C01;
9;3;120;334;SAN MIGUEL DE SALINAS;30;693061;4205510;0705;H10;
9;3;121;333;SANTA POLA;30;712192;4231350;0705;E12;
9;3;122;332;SANT VICENT DEL RASPEIG;30;715326;4256280;0705;C12;
9;3;123;328;SAX;30;690647;4269130;0705;B09;
9;3;124;331;SELLA;30;737033;4278110;0805;A02;
9;3;125;330;SENIJA;30;764771;4291860;0804;N06;
9;3;127;331;TÀRBENA;30;752647;4288500;0804;O05;
9;3;128;330;TEULADA;30;770902;4289650;0804;N06;
9;3;129;327;TIBI;30;709812;4266620;0705;B12;
9;3;130;326;TOLLOS;30;739333;4294250;0804;N03;
9;3;131;330;TORMOS;30;754105;4299250;0804;N05;
9;3;132;332;TORRE DE LES MAÇANES, LA;30;725480;4276290;0805;A01;
9;3;133;334;TORREVIEJA;30;701605;4208550;0705;H11;
9;3;134;330;VALL D' ALCALÁ, LA;30;738592;4297110;0804;N03;
9;3;135;330;VALL DE EBO;30;745844;4298670;0804;N04;
9;3;136;330;VALL DE GALLINERA;30;740430;4301750;0804;M03;
9;3;137;330;VALL DE LAGUAR, LA;30;749304;4295980;0804;N05;
9;3;138;330;VERGEL, EL;30;760110;4304640;0804;M06;
9;3;139;331;VILA JOIOSA, LA/VILLAJOYOSA;30;739672;4267420;0805;B03;
9;3;140;328;VILLENA;30;681682;4278440;0705;A09;
9;3;901;330;POBLETS, ELS;30;761950;4305310;0804;M06;
9;3;902;334;PILAR DE LA HORADADA;30;691053;4197020;0705;I10;
9;3;903;334;MONTESINOS, LOS;30;695733;4211650;0705;G10;
9;3;904;334;SAN ISIDRO;30;689521;4228100;0705;F09;
9;3;999;300;OTRA PROVINCIA;0;0;0;0000;000;
9;12;0;1200;INDETERMINADO;;;;0000;000;
9;12;1;1204;ATZENETA DEL MAESTRAT;30;739566;4457850;0803;M04;
9;12;2;1206;AÍN;30;726878;4419590;0804;A02;
9;12;3;1202;ALBOCÀSSER;30;756235;4473770;0803;K05;
9;12;4;1203;ALCALÀ DE XIVERT;30;774770;4465820;0803;L07;
9;12;5;1204;ALCORA, L';30;737551;4438950;0803;N03;
9;12;6;1206;ALCUDIA DE VEO;30;726966;4422550;0804;A02;
9;12;7;1206;ALFONDEGUILLA;30;732696;4413580;0804;B03;
9;12;8;1207;ALGIMIA DE ALMONACID;30;720543;4421770;0804;A01;
9;12;9;1205;ALMASSORA/ALMAZORA;30;750586;4426640;0804;A05;
9;12;10;1207;ALMEDIJAR;30;721830;4417060;0804;B02;
9;12;11;1206;ALMENARA;30;737701;4404020;0804;C03;
9;12;12;1207;ALTURA;30;706876;4410240;0804;B01;
9;12;13;1208;ARAÑUEL;30;714227;4440240;0803;O01;
9;12;14;1202;ARES DEL MAESTRAT;30;745228;4481350;0803;J04;
9;12;15;1208;ARGELITA;30;726925;4438730;0803;O02;
9;12;16;1206;ARTANA;30;735486;4419980;0804;B03;
9;12;17;1208;AYÓDAR;30;723334;4430430;0803;O02;
9;12;18;1207;AZUÉBAR;30;725459;4414690;0804;B02;
9;12;20;1207;BARRACAS;30;696797;4430380;0703;O10;
9;12;21;1206;BETXÍ;30;739736;4422930;0804;A03;
9;12;22;1207;BEJÍS;30;693578;4419450;0704;A10;
9;12;24;1207;BENAFER;30;704644;4427310;0704;A11;
9;12;25;1204;BENAFIGOS;30;738566;4462090;0803;L03;
9;12;26;1202;BENASAL;30;740489;4474720;0803;K04;
9;12;27;1203;BENICARLÓ;30;788708;4482770;0803;K09;
9;12;28;1205;BENICÀSSIM;30;759511;4438690;0803;O05;
9;12;29;1205;BENLLOCH;30;760325;4455490;0803;M05;
9;12;31;1205;BORRIOL;30;749970;4437630;0803;O05;
9;12;32;1206;BORRIANA/BURRIANA;30;750220;4419760;0804;B04;
9;12;33;1205;CABANES;30;763650;4448550;0803;N05;
9;12;34;1203;CÀLIG;30;784341;4485280;0803;J08;
9;12;36;1203;CANET LO ROIG;30;773875;4495370;0803;I07;
9;12;37;1203;CASTELL DE CABRES;30;757337;4506760;0803;H06;
9;12;38;1201;CASTELLFORT;30;737371;4487900;0803;J03;
9;12;39;1207;CASTELLNOVO;30;718374;4414920;0804;B01;
9;12;40;1205;CASTELLÓN DE LA PLANA;30;752637;4431870;0803;O05;
9;12;41;1208;CASTILLO DE VILLAMALEFA;30;724400;4447500;0803;N02;
9;12;42;1202;CATÍ;30;756099;4485040;0803;J05;
9;12;43;1207;CAUDIEL;30;707485;4429320;0704;A11;
9;12;44;1203;CERVERA DEL MAESTRE;30;778527;4482390;0803;J07;
9;12;45;1201;CINCTORRES;30;735468;4495670;0803;I03;
9;12;46;1208;CIRAT;30;717185;4436790;0803;O01;
9;12;48;1208;CORTES DE ARENOSO;30;710574;4449930;0703;M11;
9;12;49;1204;COSTUR;30;741959;4445330;0803;N04;
9;12;50;1205;COVES DE VINROMÀ, LES;30;765035;4468530;0803;L06;
9;12;51;1202;CULLA;30;744565;4466210;0803;L04;
9;12;52;1203;XERT/CHERT;30;765569;4491920;0803;J06;
9;12;53;1206;XILXES/CHILCHES;30;741503;4407300;0804;C04;
9;12;55;1204;XODOS/CHODOS;30;730712;4457070;0803;M03;
9;12;56;1207;CHÓVAR;30;729057;4414700;0804;B02;
9;12;57;1206;ESLIDA;30;730528;4418910;0804;B03;
9;12;58;1208;ESPADILLA;30;724990;4433580;0803;O02;
9;12;59;1208;FANZARA;30;729253;4432750;0803;O02;
9;12;60;1204;FIGUEROLES;30;736804;4445670;0803;N03;
9;12;61;1201;FORCALL;30;735736;4504750;0803;H03;
9;12;63;1208;FUENTE LA REINA;30;704045;4437110;0703;O11;
9;12;64;1208;FUENTES DE AYÓDAR;30;719725;4433460;0803;O02;
9;12;65;1207;GAIBIEL;30;713757;4423160;0804;A01;
9;12;66;1207;GATOVA (PERTENECE A VALENCIA);30;711579;4404412;0804;C01;
9;12;67;1207;GELDO;30;717105;4412780;0804;B01;
9;12;68;1201;HERBÉS;30;752174;4510910;0803;G05;
9;12;69;1207;HIGUERAS;30;712813;4429960;0804;A01;
9;12;70;1203;JANA, LA;30;774471;4488780;0803;J07;
9;12;71;1207;JÈRICA;30;706611;4418530;0704;A11;
9;12;72;1204;LUCENA DEL CID;30;731738;4448120;0803;N03;
9;12;73;1208;LUDIENTE;30;723735;4441850;0803;N02;
9;12;74;1206;LLOSA, LA;30;739807;4405730;0804;C03;
9;12;75;1201;MATA DE MORELLA, LA;30;730398;4499410;0803;H03;
9;12;76;1207;MATET;30;717464;4424760;0804;A01;
9;12;77;1206;MONCOFA;30;743901;4409480;0804;B04;
9;12;78;1208;MONTÁN;30;709183;4434050;0703;O11;
9;12;79;1208;MONTANEJOS;30;710308;4438480;0803;O01;
9;12;80;1201;MORELLA;30;747523;4498470;0803;H04;
9;12;81;1207;NAVAJAS;30;713817;4417820;0804;B01;
9;12;82;1206;NULES;30;743118;4415490;0804;B04;
9;12;83;1201;OLOCAU DEL REY;30;725082;4502610;0803;H02;
9;12;84;1206;ONDA;30;736816;4429380;0804;A03;
9;12;85;1205;OROPESA DEL MAR;30;766330;4442890;0803;N06;
9;12;87;1201;PALANQUES;30;737362;4510580;0803;G03;
9;12;88;1207;PAVÍAS;30;715194;4427590;0804;A01;
9;12;89;1203;PENÍSCOLA/PEÑÍSCOLA;30;785024;4473000;0803;K08;
9;12;90;1207;PINA DE MONTALGRAO;30;700886;4432140;0703;O11;
9;12;91;1201;PORTELL DE MORELLA;30;731520;4491380;0803;I03;
9;12;92;1208;PUEBLA DE ARENOSO;30;706388;4442180;0703;N11;
9;12;93;1203;POBLA DE BENIFASSÀ, LA;30;767553;4508930;0803;H06;
9;12;94;1205;POBLA TORNESA, LA;30;755644;4443720;0803;N05;
9;12;95;1206;RIBESALBES;30;732448;4434470;0803;O03;
9;12;96;1203;ROSSELL;30;772809;4502060;0803;H07;
9;12;97;1207;SACAÑET;30;693908;4414060;0704;B10;
9;12;98;1203;SALZADELLA, LA;30;767196;4479010;0803;K07;
9;12;99;1203;SAN JORDI/SAN JORGE;30;784672;4493070;0803;J08;
9;12;100;1203;SAN MATEU;30;769189;4484500;0803;J07;
9;12;101;1203;SAN RAFAEL DEL RÍO;30;782683;4499320;0803;I08;
9;12;102;1203;SANTA MAGDALENA DE PULPIS;30;778032;4474720;0803;K08;
9;12;103;1205;SARRATELLA;30;758245;4466720;0803;L05;
9;12;104;1207;SEGORBE;30;717333;4407490;0804;B01;
9;12;105;1205;SIERRA ENGARCERÁN;30;752903;4461450;0803;L05;
9;12;106;1207;SONEJA;30;724767;4411220;0804;B02;
9;12;107;1207;SOT DE FERRER;30;722571;4409130;0804;C02;
9;12;108;1206;SUERA/SUERAS;30;726220;4426210;0804;A02;
9;12;109;1206;TALES;30;730675;4425440;0804;A03;
9;12;110;1207;TERESA;30;698924;4418230;0704;B11;
9;12;111;1202;TÍRIG;30;760621;4480530;0803;K06;
9;12;112;1201;TODOLELLA;30;731647;4503060;0803;H03;
9;12;113;1208;TOGA;30;723882;4436980;0803;O02;
9;12;114;1207;TORÁS;30;697810;4422590;0704;A10;
9;12;115;1207;TORO, EL;30;690177;4425970;0704;A10;
9;12;116;1208;TORRALBA DEL PINAR;30;717834;4430500;0804;A01;
9;12;117;1205;TORREBLANCA;30;772570;4456170;0803;M07;
9;12;118;1208;TORRECHIVA;30;721532;4436600;0803;O02;
9;12;119;1202;TORRE D' EN BESORA, LA;30;748098;4467660;0803;L04;
9;12;120;1205;TORRE D'EN DOMÉNEC, LA;30;761438;4462230;0803;L06;
9;12;121;1203;TRAIGUERA;30;781038;4494200;0803;J08;
9;12;122;1204;USERES, LES/USERAS;30;744151;4451710;0803;N04;
9;12;123;1208;VALLAT;30;727613;4435460;0803;O02;
9;12;124;1205;VALL D' ALBA;30;753064;4452400;0803;M05;
9;12;125;1207;VALL DE ALMONACID;30;717430;4419720;0804;A01;
9;12;126;1206;VALL D' UIXÓ, LA;30;736797;4410920;0804;B03;
9;12;127;1201;VALLIBONA;30;761391;4500000;0803;I06;
9;12;128;1205;VILAFAMÉS;30;749661;4445610;0803;N05;
9;12;129;1202;VILLAFRANCA DEL CID/VILAFRANCA;30;732221;4479420;0803;K03;
9;12;130;1208;VILLAHERMOSA DEL RÍO;30;719470;4453980;0803;M01;
9;12;131;1208;VILLAMALUR;30;721615;4426660;0804;A02;
9;12;132;1205;VILANOVA D' ALCOLEA;30;763033;4459110;0803;M06;
9;12;133;1208;VILLANUEVA DE VIVER;30;701406;4437080;0703;O11;
9;12;134;1202;VILAR DE CANES;30;749550;4471420;0803;K04;
9;12;135;1206;VILA-REAL/VILLAREAL;30;745475;4424470;0804;A04;
9;12;136;1206;VILAVELLA, LA;30;740271;4416600;0804;B04;
9;12;137;1201;VILLORES;30;736049;4507080;0803;H03;
9;12;138;1203;VINARÒS;30;791157;4490260;0803;J09;
9;12;139;1204;VISTABELLA DEL MAESTRAZGO;30;729742;4465460;0803;L03;
9;12;140;1207;VIVER;30;702633;4423100;0704;A11;
9;12;141;1201;ZORITA DEL MAESTRAZGO;30;739558;4514170;0803;G03;
9;12;142;1208;ZUCAINA;30;717651;4445710;0803;N02;
9;12;901;1206;ALQUERÍAS DEL NIÑO PERDIDO;30;745681;4419680;0804;A04;
9;12;902;1205;SAN JOAN DE MORÓ;30;745190;4439600;0803;O04;
9;12;999;1200;OTRA PROVINCIA;0;0;0;0000;000;
9;46;0;4600;INDETERMINADO;;;;0000;000;
9;46;1;4609;ADEMUZ;30;651222;4437190;0703;O05;
9;46;2;4625;ADOR;30;739271;4311810;0804;L04;
9;46;3;4624;ATZENETA D' ALBAIDA;30;718313;4301380;0804;M01;
9;46;4;4624;AGULLENT;30;712041;4301420;0804;M01;
9;46;5;4614;ALAQUÀS;30;717705;4370140;0804;F01;
9;46;6;4624;ALBAIDA;30;714830;4303170;0804;M01;
9;46;7;4616;ALBAL;30;722414;4363880;0804;G02;
9;46;8;4621;ALBALAT DE LA RIBERA;30;726849;4344730;0804;I02;
9;46;9;4613;ALBALAT DELS SORELLS;30;727115;4381840;0804;E02;
9;46;10;4612;ALBALAT DELS TARONGERS;30;726726;4395450;0804;D02;
9;46;11;4620;ALBERIC;30;713019;4332980;0804;J01;
9;46;12;4618;ALBORACHE;30;693470;4361400;0704;G10;
9;46;13;4613;ALBORAYA;30;729154;4375780;0804;F02;
9;46;14;4613;ALBUIXECH;30;730565;4380570;0804;E03;
9;46;15;4616;ALCÀSSER;30;719980;4362360;0804;G02;
9;46;16;4620;ALCÀNTERA DE XÚQUER;30;711464;4327040;0804;K01;
9;46;17;4620;ALZIRA;30;720446;4335290;0804;J02;
9;46;18;4610;ALCUBLAS;30;698822;4408760;0704;C10;
9;46;19;4620;ACÚDIA, L;30;713832;4341250;0804;I01;
9;46;20;4623;ALCÚDIA DE CRESPINS, L;30;707596;4316600;0704;L11;
9;46;21;4614;ALDAIA;30;716264;4371040;0804;F01;
9;46;22;4616;ALFAFAR;30;727390;4364990;0804;G02;
9;46;23;4625;ALFAUIR;30;738750;4312840;0804;L03;
9;46;24;4612;ALFARA DE LA BARONIA;30;727373;4406000;0804;C02;
9;46;25;4613;ALFARA DEL PATRIARCA;30;725209;4380090;0804;E02;
9;46;26;4620;ALFARP;30;713682;4351240;0804;H01;
9;46;27;4624;ALFARRASÍ;30;716706;4309650;0804;M01;
9;46;28;4612;ALGAR DE PALANCIA;30;725751;4407510;0804;C02;
9;46;29;4620;ALGEMESÍ;30;722038;4343820;0804;I02;
9;46;30;4612;ALGIMIA DE ALFARA;30;723447;4402940;0804;C02;
9;46;31;4620;ALGINET;30;718956;4348860;0804;I01;
9;46;32;4613;ALMÀSSERA;30;727938;4377400;0804;F02;
9;46;33;4625;ALMISERÀ;30;735202;4312260;0804;L03;
9;46;34;4625;ALMOINES;30;744521;4314680;0804;L04;
9;46;35;4621;ALMUSSAFES;30;723341;4353050;0804;H02;
9;46;36;4610;ALPUENTE;30;668811;4419490;0704;B08;
9;46;37;4625;ALQUERIA DE LA COMTESSA, L';30;746771;4313280;0804;L04;
9;46;38;4610;ANDILLA;30;688222;4409480;0704;B09;
9;46;39;4622;ANNA;30;703093;4321290;0704;K11;
9;46;40;4620;ANTELLA;30;707560;4330510;0704;K11;
9;46;41;4610;ARAS DE LOS OLMOS;30;658380;4421720;0704;A06;
9;46;42;4624;AIELO DE MALFERIT;30;707650;4306830;0704;M11;
9;46;43;4624;AIELO DE RUGAT;30;730688;4306820;0804;M03;
9;46;44;4619;AYORA;30;666827;4320840;0704;K07;
9;46;45;4623;BARXETA;30;723372;4321540;0804;K02;
9;46;46;4625;BARX;30;732670;4321630;0804;K03;
9;46;47;4624;BÈLGIDA;30;720170;4304930;0804;M01;
9;46;48;4625;BELLREGUARD;30;746896;4315530;0804;L04;
9;46;49;4624;BELLÚS;30;716877;4313930;0804;L01;
9;46;50;4610;BENAGÈBER;30;660807;4398920;0704;D07;
9;46;51;4611;BENAGUASIL;30;704712;4385600;0704;E11;
9;46;52;4612;BENAVITES;30;736771;4402170;0804;C03;
9;46;53;4620;BENEIXIDA;30;712180;4327870;0804;K01;
9;46;54;4616;BENETÚSSER;30;724021;4367030;0804;G02;
9;46;55;4625;BENIARJÓ;30;743493;4313500;0804;L04;
9;46;56;4624;BENIATJAR;30;723709;4303690;0804;M02;
9;46;57;4624;BENICOLET;30;731553;4311450;0804;L03;
9;46;58;4612;BENIFAIRÓ DE LES VALLS;30;733709;4400930;0804;C03;
9;46;59;4625;BENIFAIRÓ DE LA VALLDIGNA;30;733512;4327530;0804;K03;
9;46;60;4620;BENIFAIÓ;30;720374;4351740;0804;H02;
9;46;61;4625;BENIFLÁ;30;743771;4312780;0804;L04;
9;46;62;4624;BENIGÁNIM;30;721401;4315050;0804;L02;
9;46;63;4620;BENIMODO;30;711781;4341520;0804;I01;
9;46;64;4620;BENIMUSLEM;30;716742;4335330;0804;J01;
9;46;65;4616;BENIPARRELL;30;722736;4362670;0804;G02;
9;46;66;4625;BENIRREDRÀ;30;743021;4316280;0804;L04;
9;46;67;4611;BENISANÓ;30;708521;4388130;0704;E11;
9;46;68;4624;BENISODA;30;714305;4300780;0804;M01;
9;46;69;4624;BENISUERA;30;718521;4309840;0804;L01;
9;46;70;4611;BÉTERA;30;717921;4386620;0804;E01;
9;46;71;4622;BICORP;30;686133;4331740;0704;J10;
9;46;72;4624;BOCAIRENT;30;707858;4291060;0704;N11;
9;46;73;4622;BOLBAITE;30;695220;4325010;0704;K11;
9;46;74;4613;BONREPÒS I MIRAMBELL;30;726521;4377780;0804;F02;
9;46;75;4624;BUFALI;30;716396;4305400;0804;M01;
9;46;76;4610;BUGARRA;30;691443;4387710;0704;E10;
9;46;77;4618;BUÑOL;30;685301;4366810;0704;G10;
9;46;78;4613;BURJASSOT;30;722738;4376610;0804;F02;
9;46;79;4610;CALLES;30;675765;4401240;0704;D08;
9;46;80;4617;CAMPORROBLES;30;639350;4388990;0704;D04;
9;46;81;4623;CANALS;30;709293;4314200;0704;L11;
9;46;82;4612;CANET D'EN BERENGUER;30;738771;4396280;0804;D03;
9;46;83;4620;CARCAIXENT;30;722547;4331050;0804;J02;
9;46;84;4620;CÀRCER;30;710191;4326580;0804;K01;
9;46;85;4620;CARLET;30;712682;4345870;0804;I01;
9;46;86;4624;CARRÍCOLA;30;719521;4302580;0804;M01;
9;46;87;4609;CASAS ALTAS;30;649365;4433110;0703;O05;
9;46;88;4609;CASAS BAJAS;30;648582;4431020;0703;O05;
9;46;89;4611;CASINOS;30;693599;4397500;0704;D10;
9;46;90;4624;CASTELLÓ DE RUGAT;30;726844;4306910;0804;M02;
9;46;91;4625;CASTELLONET DE LA CONQUESTA;30;737362;4310050;0804;L03;
9;46;92;4609;CASTIELFABID;30;642028;4443450;0703;N05;
9;46;93;4620;CATADAU;30;706440;4348050;0704;H11;
9;46;94;4616;CATARROJA;30;724432;4364170;0804;G02;
9;46;95;4617;CAUDETE DE LAS FUENTES;30;646828;4378890;0704;E05;
9;46;96;4623;CERDÀ;30;709571;4318480;0704;L11;
9;46;97;4619;COFRENTES;30;665746;4347040;0704;I07;
9;46;98;4621;CORBERA;30;728909;4337960;0804;J02;
9;46;99;4619;CORTES DE PALLÁS;30;677948;4346650;0704;I08;
9;46;100;4620;COTES;30;707619;4326210;0704;K11;
9;46;101;4612;QUART DE LES VALLS;30;732414;4403100;0804;C03;
9;46;102;4614;QUART DE POBLET;30;715447;4372390;0804;F01;
9;46;103;4612;QUARTELL;30;736635;4401460;0804;C03;
9;46;104;4624;QUATRETONDA;30;726626;4316770;0804;L02;
9;46;105;4621;CULLERA;30;736926;4338630;0804;J03;
9;46;106;4610;CHELVA;30;669947;4401290;0704;C08;
9;46;107;4622;CHELLA;30;699146;4323860;0704;K11;
9;46;108;4617;CHERA;30;675292;4383860;0704;E08;
9;46;109;4618;CHESTE;30;699828;4376020;0704;F10;
9;46;110;4614;XIRIVELLA;30;721327;4371250;0804;F02;
9;46;111;4618;CHIVA;30;694319;4373560;0704;F10;
9;46;112;4610;CHULILLA;30;683779;4391500;0704;D09;
9;46;113;4625;DAIMÚS;30;747089;4317870;0804;L04;
9;46;114;4610;DOMEÑO;30;678034;4396730;0704;D08;
9;46;115;4618;DOS AGUAS;30;692022;4351190;0704;H09;
9;46;116;4611;ELIANA, L';30;712614;4382380;0804;E01;
9;46;117;4613;EMPERADOR;30;726271;4386530;0804;E02;
9;46;118;4622;ENGUERA;30;689874;4315260;0704;L11;
9;46;119;4620;ÈNOVA, L';30;719538;4324640;0804;K01;
9;46;120;4612;ESTIVELLA;30;725680;4399560;0804;D02;
9;46;121;4623;ESTUBENY;30;706438;4321610;0704;K11;
9;46;122;4612;FAURA;30;735188;4401360;0804;C03;
9;46;123;4621;FAVARA;30;733605;4333520;0804;J03;
9;46;124;4624;FONTANARS DELS AFORINS;30;692526;4294890;0704;N10;
9;46;125;4621;FORTALENY;30;731882;4340110;0804;I03;
9;46;126;4613;FOIOS;30;727086;4380700;0804;E02;
9;46;127;4625;FONT D'EN CARRÒS, LA;30;746109;4311390;0804;L04;
9;46;128;4623;FONT DE LA FIGUERA, LA;30;683027;4299740;0704;N09;
9;46;129;4617;FUENTERROBLES;30;640196;4382490;0704;E05;
9;46;130;4620;GAVARDA;30;711062;4330180;0804;K01;
9;46;131;4625;GANDIA;30;741357;4318950;0804;L04;
9;46;132;4623;GENOVÉS;30;719754;4318490;0804;L01;
9;46;133;4610;GESTALGAR;30;685384;4383780;0704;E09;
9;46;134;4612;GILET;30;728593;4394810;0804;D02;
9;46;135;4613;GODELLA;30;721196;4379670;0804;F02;
9;46;136;4618;GODELLETA;30;701023;4366880;0704;G10;
9;46;137;4623;GRANJA DE LA COSTERA, LA;30;711646;4318900;0804;L01;
9;46;138;4624;GUADASEQUIES;30;717233;4311850;0804;L01;
9;46;139;4620;GUADASSUAR;30;713422;4340140;0804;I01;
9;46;140;4625;GUARDAMAR DE LA SAFOR;30;747355;4316690;0804;L04;
9;46;141;4610;HIGUERUELAS;30;683109;4404830;0704;C09;
9;46;142;4619;JALANCE;30;664340;4340460;0704;J07;
9;46;143;4625;XERACO;30;739903;4324670;0804;K04;
9;46;144;4619;JARAFUEL;30;663448;4335210;0704;J07;
9;46;145;4623;XÀTIVA;30;717284;4323210;0804;L01;
9;46;146;4625;XERESA;30;740332;4322130;0804;K04;
9;46;147;4611;LLÍRIA;30;700844;4396260;0704;E11;
9;46;148;4611;LORIGUILLA;30;676027;4389170;0704;D08;
9;46;149;4610;LOSA DEL OBISPO;30;683163;4396720;0704;D09;
9;46;150;4624;LUTXENT;30;730494;4314350;0804;L02;
9;46;151;4623;LLOCNOU D'EN FENOLLET;30;719200;4321130;0804;K01;
9;46;152;4616;LLOCNOU DE LA CORONA;30;725233;4366583;0804;G02;
9;46;153;4625;LLOCNOU DE SANT JERONI;30;735084;4309590;0804;L03;
9;46;154;4623;LLANERA DE RANES;30;708469;4319800;0804;L01;
9;46;155;4621;LLAURÍ;30;731486;4335770;0804;J03;
9;46;156;4620;LLOMBAY;30;707658;4352480;0704;H11;
9;46;157;4623;LLOSA DE RANES, LA;30;713288;4323010;0804;K01;
9;46;158;4618;MACASTRE;30;690093;4357820;0704;G10;
9;46;159;4614;MANISES;30;715367;4375220;0804;F01;
9;46;160;4620;MANUEL;30;717209;4325880;0804;K01;
9;46;161;4611;MARINES;30;710141;4400210;0704;D11;
9;46;162;4620;MASSALAVÉS;30;714605;4336990;0804;J01;
9;46;163;4613;MASSALFASSAR;30;730871;4381930;0804;E03;
9;46;164;4613;MASSAMAGRELL;30;729291;4384140;0804;E02;
9;46;165;4616;MASSANASSA;30;726358;4364320;0804;G02;
9;46;166;4613;MELIANA;30;729295;4378610;0804;F02;
9;46;167;4622;MILLARES;30;690628;4342760;0704;I10;
9;46;168;4625;MIRAMAR;30;748317;4315870;0804;L04;
9;46;169;4614;MISLATA;30;721938;4373050;0804;F02;
9;46;170;4623;MOIXENT/MOGENTE;30;691149;4304210;0704;M10;
9;46;171;4613;MONCADA;30;723763;4382700;0804;E02;
9;46;172;4620;MONTSERRAT;30;708161;4360090;0704;H11;
9;46;173;4624;MONTAVERNER;30;717705;4307380;0804;M01;
9;46;174;4623;MONTESA;30;704541;4313140;0704;L11;
9;46;175;4624;MONTICHELVO;30;731318;4308380;0804;M03;
9;46;176;4620;MONTROY;30;702442;4356500;0704;H11;
9;46;177;4613;MUSEROS;30;727026;4383980;0804;E02;
9;46;178;4611;NÁQUERA;30;722023;4390910;0804;D02;
9;46;179;4622;NAVARRÉS;30;697654;4329790;0704;J10;
9;46;180;4623;NOVETLÈ/NOVELÉ;30;712343;4317560;0804;L01;
9;46;181;4625;OLIVA;30;751207;4309450;0804;L04;
9;46;182;4611;OLOCAU;30;712123;4396340;0804;D01;
9;46;183;4624;OLLERIA, L';30;712943;4310360;0804;L01;
9;46;184;4624;ONTINYENT;30;703701;4298800;0704;N11;
9;46;185;4624;OTOS;30;721510;4305730;0804;M02;
9;46;186;4616;PAIPORTA;30;722700;4367450;0804;G02;
9;46;187;4625;PALMA DE GANDÍA;30;739550;4314630;0804;L04;
9;46;188;4625;PALMERA;30;746871;4314480;0804;L04;
9;46;189;4624;PALOMAR. EL;30;717908;4303710;0804;M01;
9;46;190;4614;PATERNA;30;717249;4378990;0804;F02;
9;46;191;4610;PEDRALBA;30;695263;4385720;0704;E10;
9;46;192;4612;PETRÉS;30;730771;4396190;0804;D03;
9;46;193;4614;PICANYA;30;720755;4368330;0804;G02;
9;46;194;4616;PICASSENT;30;716715;4358530;0804;G01;
9;46;195;4625;PILES;30;748990;4314710;0804;L04;
9;46;196;4624;PINET;30;731625;4318580;0804;L03;
9;46;197;4621;POLINYÀ DEL XÚQUER;30;726875;4341290;0804;I02;
9;46;198;4625;POTRÍES;30;743628;4311310;0804;L04;
9;46;199;4613;POBLA DE FARNALS, LA;30;731200;4383990;0804;E02;
9;46;200;4624;POBLA DEL DUC, LA;30;723535;4309640;0804;M02;
9;46;201;4609;PUEBLA DE SAN MIGUEL;30;659439;4435870;0703;O06;
9;46;202;4611;POBLA DE VALLBONA, LA;30;711088;4386720;0804;E01;
9;46;203;4620;POBLA LLARGA, LA;30;718820;4329000;0804;K01;
9;46;204;4613;PUIG;30;730181;4386880;0804;E03;
9;46;205;4613;PUÇOL;30;731299;4389050;0804;E03;
9;46;206;4622;QUESA;30;692263;4330990;0704;J10;
9;46;207;4613;RAFELBUNYOL/RAFELBUÑOL;30;727977;4386330;0804;E02;
9;46;208;4625;RAFELCOFER;30;745438;4313610;0804;L04;
9;46;209;4620;RAFELGUARAF;30;721724;4325500;0804;K02;
9;46;210;4624;RÁFOL DE SALEM;30;724966;4305140;0804;M02;
9;46;211;4625;REAL DE GANDÍA;30;742431;4314920;0804;L04;
9;46;212;4620;REAL;30;705025;4354430;0704;H11;
9;46;213;4617;REQUENA;30;660512;4367100;0704;F07;
9;46;214;4611;RIBA-ROJA DEL TÚRIA;30;709819;4377590;0704;E11;
9;46;215;4621;RIOLA;30;730171;4341480;0804;I03;
9;46;216;4613;ROCAFORT;30;722408;4379680;0804;F02;
9;46;217;4623;ROTGLÀ I CORBERÀ;30;714561;4319320;0804;K01;
9;46;218;4625;RÓTOVA;30;736886;4313730;0804;L03;
9;46;219;4624;RUGAT;30;728953;4307140;0804;M02;
9;46;220;4612;SAGUNT/SAGUNTO;30;733471;4397120;0804;D03;
9;46;221;4624;SALEM;30;727328;4303500;0804;M02;
9;46;222;4620;SANT JOANET;30;717271;4328030;0804;K01;
9;46;223;4616;SEDAVÍ;30;725771;4367360;0804;G02;
9;46;224;4612;SEGART;30;724631;4395540;0804;D02;
9;46;225;4620;SELLENT;30;708478;4323500;0704;K11;
9;46;226;4624;SEMPERE;30;719271;4310960;0804;L01;
9;46;227;4620;SENYERA;30;715959;4326960;0804;K01;
9;46;228;4611;SERRA;30;718308;4396040;0804;D02;
9;46;229;4618;SIETE AGUAS;30;678617;4372810;0704;F08;
9;46;230;4616;SILLA;30;723958;4359840;0804;G02;
9;46;231;4625;SIMAT LA VALLDIGNA;30;730370;4324990;0804;K03;
9;46;232;4617;SINARCAS;30;653401;4401350;0704;D06;
9;46;233;4621;SOLLANA;30;726297;4351520;0804;H02;
9;46;234;4610;SOT CHERA;30;679282;4387140;0704;E08;
9;46;235;4621;SUECA;30;732409;4347090;0804;I03;
9;46;236;4620;SUMACÀRCER;30;704870;4329180;0704;J11;
9;46;237;4613;TAVERNES BLANQUES;30;726605;4376610;0804;F02;
9;46;238;4625;TAVERNES DE LA VALLDIGNA;30;737583;4329420;0804;K03;
9;46;239;4619;TERESA DE COFRENTES;30;674606;4331300;0704;J07;
9;46;240;4624;TERRATEIG;30;733076;4309230;0804;M03;
9;46;241;4610;TITAGUAS;30;661497;4415440;0704;B07;
9;46;242;4609;TORREBAJA;30;648716;4440110;0703;N05;
9;46;243;4623;TORRELLA;30;709146;4318280;0804;L01;
9;46;244;4614;TORRENT;30;713446;4366270;0804;G01;
9;46;245;4612;TORRES TORRES;30;724492;4401500;0804;C02;
9;46;246;4620;TOUS;30;702131;4340430;0704;J11;
9;46;247;4610;TUÉJAR;30;661626;4407970;0704;C07;
9;46;248;4620;TURÍS;30;699367;4361020;0704;G10;
9;46;249;4617;UTIEL;30;652643;4386970;0704;E06;
9;46;250;4615;VALENCIA;30;727386;4366930;0804;F02;
9;46;251;4623;VALLADA;30;700525;4308430;0704;M11;
9;46;252;4609;VALLANCA;30;640485;4435310;0703;O05;
9;46;253;4623;VALLÉS;30;711889;4318292;0804;L01;
9;46;254;4617;VENTA DEL MORO;30;638431;4368710;0704;F05;
9;46;255;4625;VILLALONGA;30;740619;4307410;0804;M04;
9;46;256;4611;VILAMARXANT;30;701473;4381780;0704;E11;
9;46;257;4620;CASTELLÓ/CASTELLÓ DE LA RIBERA;30;714633;4328110;0804;K01;
9;46;258;4610;VILLAR DEL ARZOBISPO;30;687289;4397690;0704;C09;
9;46;259;4617;VILLARGORDO DEL CABRIEL;30;633207;4377180;0704;F04;
9;46;260;4613;VINALESA;30;726271;4379610;0804;E02;
9;46;261;4618;YÁTOVA;30;681812;4359180;0704;G09;
9;46;262;4610;YESA, LA;30;675863;4419130;0704;B08;
9;46;263;4619;ZARRA;30;662894;4329810;0704;K07;
9;46;902;4611;GÁTOVA;30;711655;4404440;0804;C01;
9;46;903;4611;SAN ANTONIO DE BENAGÉBER;30;715010;4381394;0804;E01;
9;46;904;4621;BENICULL DE XÚQUER;30;725756;4340480;0804;I02;
9;46;999;4600;OTRA PROVINCIA;0;0;0;0000;000;
10;22;0;0;INDETERMINADO;;;;0000;000;
10;22;1;7;ABIEGO;30;742666;4669460;0802;I05;
10;22;2;3;ABIZANDA;30;763202;4683470;0802;G07;
10;22;3;7;ADAHUESCA;30;745750;4676280;0802;H05;
10;22;4;6;AGÜERO;30;678899;4688150;0702;C09;
10;22;6;1;AÍSA;30;696451;4731360;0701;O11;
10;22;7;8;ALBALATE DE CINCA;30;763339;4625980;0802;M07;
10;22;8;10;ALBALATILLO;30;736771;4624530;0802;M04;
10;22;9;9;ALBELDA;30;790257;4638990;0802;L09;
10;22;11;6;ALBERO ALTO;30;720122;4659240;0802;J03;
10;22;12;10;ALBERO BAJO;30;716805;4656190;0802;J02;
10;22;13;10;ALBERUELA DEL TUBO;30;729742;4642260;0802;K04;
10;22;14;6;ALCALÁ DE GURREA;30;691701;4663490;0702;F10;
10;22;15;6;ALCALÁ DEL OBISPO;30;725465;4662750;0802;I03;
10;22;16;9;ALCAMPELL;30;785213;4642160;0802;K09;
10;22;17;8;ALCOLEA DE CINCA;30;756056;4624470;0802;M06;
10;22;18;10;ALCUBIERRE;30;712129;4629950;0802;L02;
10;22;19;6;ALERRE;30;708313;4671290;0802;H01;
10;22;20;8;ALFÁNTEGA;30;761827;4635590;0802;L07;
10;22;21;6;ALMUDÉVAR;30;700085;4658990;0802;J01;
10;22;22;8;ALMUNIA DE SAN JUAN;30;768356;4649540;0802;K08;
10;22;23;10;ALMUNIENTE;30;712965;4645530;0802;K02;
10;22;24;7;ALQUÉZAR;30;748446;4674290;0802;H06;
10;22;25;9;ALTORRICÓN;30;783656;4631690;0802;L09;
10;22;27;6;ANGÜÉS;30;735085;4663830;0802;I04;
10;22;28;1;ANSÓ;30;682487;4742440;0701;N09;
10;22;29;6;ANTILLÓN;30;734243;4656580;0802;J04;
10;22;32;1;ARAGÜÉS DEL PUERTO;30;692120;4733430;0701;N11;
10;22;35;4;ARÉN;30;803081;4688760;0802;G12;
10;22;36;6;ARGAVIESO;30;725156;4659200;0802;J03;
10;22;37;6;ARGUIS;30;707785;4688850;0802;G02;
10;22;39;6;AYERBE;30;689750;4680320;0702;D10;
10;22;40;9;AZANÚY-ALINS;30;774385;4653320;0802;J08;
10;22;41;7;AZARA;30;745973;4661910;0802;I05;
10;22;42;7;AZLOR;30;744958;4665040;0802;I05;
10;22;43;9;BAÉLLS;30;787296;4651150;0802;K09;
10;22;44;1;BAILO;30;680294;4707990;0702;B08;
10;22;45;9;BALDELLOU;30;795019;4646440;0802;K10;
10;22;46;11;BALLOBAR;30;761809;4609390;0802;N07;
10;22;47;6;BANASTÁS;30;710087;4674120;0802;H02;
10;22;48;7;BARBASTRO;30;758553;4658640;0802;J07;
10;22;49;10;BARBUÉS;30;712508;4651180;0802;J02;
10;22;50;7;BARBUÑALES;30;740365;4657940;0802;J05;
10;22;51;3;BÁRCABO;30;752880;4682190;0802;G06;
10;22;52;11;BELVER DE CINCA;30;769485;4623190;0802;N07;
10;22;53;4;BENABARRE;30;787908;4665140;0802;I10;
10;22;54;4;BENASQUE;30;792917;4726880;0802;C10;
10;22;55;7;BERBEGAL;30;748447;4650350;0802;J05;
10;22;57;3;BIELSA;30;760469;4729210;0802;C08;
10;22;58;7;BIERGE;30;740103;4681860;0802;H05;
10;22;59;2;BIESCAS;30;720345;4723320;0802;C03;
10;22;60;8;BINACED;30;766657;4633750;0802;L07;
10;22;61;9;BINÉFAR;30;773390;4638030;0802;L08;
10;22;62;4;BISAURRI;30;789756;4710160;0802;E10;
10;22;63;6;BISCARRUÉS;30;687088;4675390;0702;E09;
10;22;64;6;BLECUA Y TORRES;30;731731;4661710;0802;I04;
10;22;66;3;BOLTAÑA;30;747152;4700440;0802;E06;
10;22;67;4;BONANSA;30;803864;4702310;0802;F11;
10;22;68;1;BORAU;30;697890;4726510;0701;O11;
10;22;69;3;BROTO;30;734830;4716900;0802;C04;
10;22;72;2;CALDEARENAS;30;704982;4697790;0802;F01;
10;22;74;4;CAMPO;30;779472;4703210;0802;F09;
10;22;75;9;CAMPORRÉLLS;30;792890;4650440;0802;K10;
10;22;76;1;CANAL DE BERDÚN;30;675519;4719870;0702;A08;
10;22;77;11;CANDASNOS;30;756403;4598560;0802;P06;
10;22;78;1;CANFRANC;30;706189;4736750;0802;B01;
10;22;79;10;CAPDESASO;30;733666;4636350;0802;L04;
10;22;80;4;CAPELLA;30;784012;4675760;0802;H09;
10;22;81;6;CASBAS DE HUESCA;30;733090;4677650;0802;H04;
10;22;82;7;CASTEJÓN DEL PUENTE;30;760408;4650630;0802;K07;
10;22;83;10;CASTEJÓN DE MONEGROS;30;732537;4614460;0802;N03;
10;22;84;4;CASTEJÓN DE SOS;30;789292;4714940;0802;E10;
10;22;85;10;CASTELFLORITE;30;748681;4632140;0802;L05;
10;22;86;1;CASTIELLO DE JACA;30;700547;4723740;0802;C01;
10;22;87;4;CASTIGALEU;30;795257;4679140;0802;H11;
10;22;88;7;CASTILLAZUELO;30;752534;4660790;0802;I06;
10;22;89;9;CASTILLONROY;30;794067;4642620;0802;K10;
10;22;90;7;COLUNGO;30;753305;4674960;0802;H06;
10;22;94;11;CHALAMERA;30;762716;4617850;0802;N07;
10;22;95;4;CHÍA;30;783002;4714150;0802;D10;
10;22;96;6;CHIMILLAS;30;707747;4670480;0802;H02;
10;22;99;9;ESPLÚS;30;774242;4629690;0802;L08;
10;22;102;7;ESTADA;30;768975;4663940;0802;I08;
10;22;103;7;ESTADILLA;30;769373;4660330;0802;J08;
10;22;105;4;ESTOPIÑÁN DEL CASTILLO;30;794077;4657250;0802;J10;
10;22;106;1;FAGO;30;673653;4732890;0701;N09;
10;22;107;3;FANLO;30;747308;4720580;0802;D05;
10;22;109;3;FISCAL;30;741230;4707970;0802;E04;
10;22;110;8;FONZ;30;768081;4655370;0802;J08;
10;22;111;4;FORADADA DEL TOSCAR;30;777155;4701620;0802;F09;
10;22;112;11;FRAGA;30;768578;4597610;0802;O08;
10;22;113;3;FUEVA, LA;30;769462;4695690;0802;F08;
10;22;114;3;GISTAÍN;30;774539;4728970;0802;D09;
10;22;115;7;GRADO, EL;30;764801;4669450;0802;H08;
10;22;116;10;GRAÑÉN;30;719455;4644790;0802;K02;
10;22;117;4;GRAUS;30;779493;4678760;0802;H09;
10;22;119;6;GURREA DE GÁLLEGO;30;685731;4654270;0702;G09;
10;22;122;2;HOZ DE JACA;30;721732;4729730;0802;B03;
10;22;124;10;HUERTO;30;733415;4645600;0802;K04;
10;22;125;6;HUESCA;30;712580;4667470;0802;I02;
10;22;126;6;IBIECA;30;731789;4670850;0802;H04;
10;22;127;6;IGRIÉS;30;711936;4676230;0802;H02;
10;22;128;7;ILCHE;30;753307;4648030;0802;K06;
10;22;129;4;ISÁBENA;30;791460;4689760;0802;G10;
10;22;130;1;JACA;30;701101;4714340;0802;D01;
10;22;131;1;JASA;30;692477;4730500;0701;O11;
10;22;133;3;LABUERDA;30;756100;4705530;0802;E07;
10;22;135;7;LALUENGA;30;747640;4655790;0802;J05;
10;22;136;10;LALUEZA;30;728404;4638110;0802;L03;
10;22;137;10;LANAJA;30;720531;4624960;0802;M03;
10;22;139;7;LAPERDIGUERA;30;744138;4653080;0802;J05;
10;22;141;7;LASCELLAS-PONZANO;30;741744;4661340;0802;I05;
10;22;142;4;LASCUARRE;30;790799;4677060;0802;H10;
10;22;143;4;LASPAÚLES;30;795839;4707940;0802;E11;
10;22;144;3;LASPUÑA;30;762613;4711480;0802;E07;
10;22;149;6;LOARRE;30;694069;4688050;0702;D10;
10;22;150;6;LOPORZANO;30;722923;4677650;0802;H03;
10;22;151;6;LOSCORRALES;30;692935;4676100;0702;D10;
10;22;155;4;MONESMA Y CAJIGAR;30;798178;4681850;0802;G11;
10;22;156;6;MONFLORITE-LASCASAS;30;717408;4662470;0802;I02;
10;22;157;4;MONTANUY;30;802360;4716460;0802;E12;
10;22;158;8;MONZÓN;30;762945;4643740;0802;K07;
10;22;160;7;NAVAL;30;762284;4676910;0802;H07;
10;22;162;6;NOVALES;30;725174;4656780;0802;J03;
10;22;163;6;NUENO;30;718825;4685640;0802;G02;
10;22;164;7;OLVENA;30;770168;4667020;0802;I08;
10;22;165;11;ONTIÑENA;30;753646;4613560;0802;N06;
10;22;167;11;OSSO DE CINCA;30;768321;4618030;0802;N07;
10;22;168;3;PALO;30;767236;4690720;0802;G08;
10;22;170;2;PANTICOSA;30;726035;4735470;0802;B03;
10;22;172;10;PEÑALBA;30;746872;4594990;0802;P05;
10;22;173;6;PEÑAS DE RIGLOS, LAS;30;688013;4697240;0702;C09;
10;22;174;7;PERALTA DE ALCOFEA;30;745506;4642310;0802;K05;
10;22;175;9;PERALTA DE CALASANZ;30;780415;4655580;0802;J09;
10;22;176;7;PERALTILLA;30;747392;4659600;0802;I05;
10;22;177;4;PERARRÚA;30;775857;4685650;0802;G09;
10;22;178;6;PERTUSA;30;737864;4653890;0802;J04;
10;22;181;6;PIRACÉS;30;722190;4653810;0802;J03;
10;22;182;3;PLAN;30;771232;4716170;0802;D09;
10;22;184;10;POLEÑINO;30;722343;4637450;0802;L03;
10;22;186;7;POZÁN DE VERO;30;750611;4662950;0802;I06;
10;22;187;4;PUEBLA DE CASTRO, LA;30;772553;4670410;0802;I08;
10;22;188;4;PUENTE DE MONTAÑANA;30;803168;4675410;0802;I11;
10;22;189;3;PUÉRTOLAS;30;755488;4716920;0802;D07;
10;22;190;3;PUEYO DE ARAGUÁS, EL;30;763587;4706510;0802;E07;
10;22;193;8;PUEYO DE SANTA CRUZ;30;762474;4638510;0802;L07;
10;22;195;6;QUICENA;30;718403;4670220;0802;I02;
10;22;197;10;ROBRES;30;709709;4638150;0802;L02;
10;22;199;2;SABIÑÁNIGO;30;721950;4703720;0802;D02;
10;22;200;4;SAHÚN;30;783592;4722870;0802;D10;
10;22;201;7;SALAS ALTAS;30;754101;4667890;0802;I06;
10;22;202;7;SALAS BAJAS;30;755403;4665170;0802;I06;
10;22;203;6;SALILLAS;30;733642;4651780;0802;J04;
10;22;204;2;SALLENT DE GÁLLEGO;30;717366;4739410;0802;B02;
10;22;205;9;SAN ESTEBAN DE LITERA;30;776415;4643990;0802;K08;
10;22;206;10;SANGARRÉN;30;710814;4654380;0802;J02;
10;22;207;3;SAN JUAN DE PLAN;30;777814;4724770;0802;D09;
10;22;208;1;SANTA CILIA;30;687544;4715020;0702;A09;
10;22;209;1;SANTA CRUZ DE LA SERÓS;30;690441;4711760;0702;A10;
10;22;212;4;SANTA LIESTRA Y SAN QUÍLEZ;30;776943;4690610;0802;G09;
10;22;213;10;SARIÑENA;30;734679;4628250;0802;L04;
10;22;214;4;SECASTILLA;30;769029;4676820;0802;H08;
10;22;215;4;SEIRA;30;779268;4710970;0802;E09;
10;22;217;10;SENA;30;742136;4617880;0802;M05;
10;22;218;10;SENÉS DE ALCUBIERRE;30;706613;4642250;0802;K01;
10;22;220;6;SESA;30;728230;4653240;0802;J03;
10;22;221;4;SESUÉ;30;785667;4716860;0802;D10;
10;22;222;6;SIÉTAMO;30;726808;4669290;0802;I03;
10;22;223;4;SOPEIRA;30;806588;4694240;0802;G12;
10;22;225;9;TAMARITE DE LITERA;30;781053;4634970;0802;L09;
10;22;226;10;TARDIENTA;30;701713;4648040;0802;J01;
10;22;227;3;TELLA-SIN;30;764085;4720860;0802;D07;
10;22;228;6;TIERZ;30;718896;4667710;0802;I02;
10;22;229;4;TOLVA;30;794717;4671050;0802;I10;
10;22;230;3;TORLA;30;734957;4729570;0802;C04;
10;22;232;10;TORRALBA DE ARAGÓN;30;704693;4643830;0802;K01;
10;22;233;4;TORRE LA RIBERA;30;791685;4698170;0802;F10;
10;22;234;11;TORRENTE LA CINCA;30;776091;4594260;0802;P08;
10;22;235;7;TORRES DE ALCANADRE;30;740514;4649650;0802;J04;
10;22;236;10;TORRES DE BARBUÉS;30;711169;4648510;0802;K02;
10;22;239;6;TRAMACED;30;723271;4649890;0802;J03;
10;22;242;10;VALFARTA;30;740283;4604000;0802;O04;
10;22;243;4;VALLE DE BARDAJÍ;30;785050;4703460;0802;E10;
10;22;244;4;VALLE LIERP;30;787504;4698230;0802;F10;
10;22;245;11;VELILLA DE CINCA;30;771425;4608580;0802;O08;
10;22;246;4;VERACRUZ;30;796880;4698590;0802;F11;
10;22;247;4;VIACAMP Y LITERA;30;800765;4664480;0802;I11;
10;22;248;6;VICIÉN;30;710491;4657910;0802;J02;
10;22;249;4;VILLANOVA;30;783823;4716810;0802;D10;
10;22;250;1;VILLANÚA;30;704068;4728950;0802;C01;
10;22;251;10;VILLANUEVA DE SIJENA;30;746575;4617220;0802;M05;
10;22;252;2;YEBRA DE BASA;30;727081;4708170;0802;E03;
10;22;253;2;YÉSERO;30;727454;4723860;0802;C03;
10;22;254;11;ZAIDÍN;30;773799;4613640;0802;O08;
10;22;901;1;VALLE DE HECHO;30;685988;4734150;0701;N10;
10;22;902;1;PUENTE LA REINA DE JACA;30;683714;4717770;0702;A09;
10;22;903;8;SAN MIGUEL DEL CINCA;30;756159;4634580;0802;L07;
10;22;904;6;SOTONERA, LA;30;702883;4680490;0802;H01;
10;22;905;6;LUPIÑÉN-ORTILLA;30;695671;4670740;0702;E10;
10;22;906;7;SANTA MARÍA DE DULCIS;30;750248;4667990;0802;I06;
10;22;907;3;AÍNSA-SOBRARBE;30;754965;4693030;0802;E07;
10;22;908;7;HOZ Y COSTEÁN;30;760203;4668610;0802;I07;
10;22;909;9;VENCILLÓN;30;776255;4622950;0802;M08;
10;22;998;0;FRANCIA;0;0;0;0000;000;
10;22;999;0;OTRA PROVINCIA;0;0;0;0000;000;
10;44;0;0;INDETERMINADO;;;;0000;000;
10;44;1;29;ABABUJ;30;683525;4491080;0703;I09;
10;44;2;32;ABEJUELA;30;682253;4420090;0704;A09;
10;44;3;29;AGUATÓN;30;650101;4502690;0703;H05;
10;44;4;28;AGUAVIVA;30;736110;4522460;0803;F03;
10;44;5;29;AGUILAR DEL ALFAMBRA;30;685036;4495690;0703;I09;
10;44;6;27;ALACÓN;30;693512;4546740;0703;D10;
10;44;7;29;ALBA;30;638313;4497600;0703;I09;
10;44;8;23;ALBALETE DEL ARZOBISPO;30;704751;4555390;0703;C11;
10;44;9;31;ALBARRACÍN;30;628656;4470880;0703;K04;
10;44;10;32;ALBENTOSA;30;691668;4440320;0703;N10;
10;44;11;26;ALCAINE;30;693954;4536320;0703;E10;
10;44;12;32;ALCALÁ DE LA SELVA;30;694313;4470890;0703;K10;
10;44;13;28;ALCAÑIZ;30;737923;4551010;0803;D04;
10;44;14;28;ALCORISA;30;721557;4533430;0803;E02;
10;44;16;29;ALFAMBRA;30;664351;4490850;0703;I07;
10;44;17;26;ALIAGA;30;696301;4506450;0703;H10;
10;44;18;29;ALMOHAJA;30;632479;4496540;0703;I04;
10;44;19;29;ALOBRAS;30;636194;4449480;0703;N04;
10;44;20;29;ALPEÑÉS;30;662592;4518830;0703;G07;
10;44;21;30;ALLEPUZ;30;694811;4483700;0703;J10;
10;44;22;27;ALLOZA;30;708149;4538310;0703;E11;
10;44;23;25;ALLUEVA;30;664633;4538330;0703;E07;
10;44;24;26;ANADÓN;30;671201;4539470;0703;E07;
10;44;25;27;ANDORRA;30;716138;4543650;0803;E01;
10;44;26;32;ARCOS DE LAS SALINAS;30;665511;4431360;0704;A07;
10;44;27;33;ARENS DE LLEDÓ;30;773095;4542930;0803;D08;
10;44;28;29;ARGENTE;30;653870;4506610;0703;H06;
10;44;29;27;ARIÑO;30;701870;4547380;0703;D11;
10;44;31;23;AZAILA;30;708581;4575940;0803;A01;
10;44;32;25;BÁDENAS;30;657527;4551700;0703;C06;
10;44;33;25;BÁGUENA;30;638097;4544180;0703;D04;
10;44;34;25;BAÑÓN;30;650771;4522080;0703;F06;
10;44;35;25;BARRACHINA;30;656231;4528450;0703;F06;
10;44;36;25;BEA;30;656633;4543570;0703;D06;
10;44;37;33;BECEITE;30;770057;4522820;0803;F07;
10;44;38;28;BELMONTE DE SAN JOSÉ;30;747682;4530150;0803;F04;
10;44;39;25;BELLO;30;625507;4531470;0703;E03;
10;44;40;28;BERGE;30;718730;4525820;0803;F01;
10;44;41;31;BEZAS;30;641661;4464900;0703;L05;
10;44;42;25;BLANCAS;30;628143;4520370;0703;G03;
10;44;43;26;BLESA;30;677906;4549190;0703;D08;
10;44;44;30;BORDÓN;30;724605;4507800;0803;H02;
10;44;45;31;BRONCHALES;30;621300;4486990;0703;J02;
10;44;46;25;BUEÑA;30;646118;4508500;0703;H05;
10;44;47;25;BURBÁGUENA;30;640448;4541590;0703;D04;
10;44;48;32;CABRA DE MORA;30;686107;4465270;0703;L09;
10;44;49;33;CALACEITE;30;767982;4545810;0803;D07;
10;44;50;25;CALAMOCHA;30;648117;4534040;0703;E05;
10;44;51;28;CALANDA;30;733034;4537350;0803;E03;
10;44;52;31;CALOMARDE;30;621123;4470040;0703;K03;
10;44;53;29;CAMAÑAS;30;657093;4497940;0703;H06;
10;44;54;32;CAMARENA DE LA SIERRA;30;665708;4444070;0703;N07;
10;44;55;29;CAMARILLAS;30;688987;4499650;0703;I10;
10;44;56;25;CAMINREAL;30;638557;4523360;0703;F05;
10;44;59;30;CANTAVIEJA;30;720657;4489080;0803;J01;
10;44;60;30;CAÑADA DE BENATANDUZ;30;709807;4495170;0703;I11;
10;44;61;28;CAÑADA DE VERICH, LA;30;744460;4527000;0803;F04;
10;44;62;29;CAÑADA VELLIDA;30;675733;4508040;0703;H08;
10;44;63;26;CAÑIZAR DEL OLIVAR;30;698765;4520810;0703;F10;
10;44;64;29;CASCANTE DEL RÍO;30;659044;4451260;0703;M07;
10;44;65;25;CASTEJÓN DE TORNOS;30;632892;4540030;0703;E04;
10;44;66;26;CASTEL DE CABRA;30;694145;4519110;0703;G10;
10;44;67;23;CASTELNOU;30;722857;4568510;0803;B02;
10;44;68;28;CASTELSERÁS;30;740267;4538960;0803;D04;
10;44;70;32;CASTELLAR, EL;30;684381;4471850;0703;K09;
10;44;71;30;CASTELLOTE;30;723259;4515020;0803;F02;
10;44;74;29;CEDRILLAS;30;682276;4477800;0703;K09;
10;44;75;29;CELADAS;30;656236;4484550;0703;J06;
10;44;76;29;CELLA;30;644676;4480270;0703;K05;
10;44;77;28;CEROLLERA, LA;30;746250;4523590;0803;F04;
10;44;80;28;CODOÑERA, LA;30;747771;4535160;0803;E04;
10;44;82;29;CORBALÁN;30;673113;4474740;0703;K08;
10;44;84;26;CORTES DE ARAGÓN;30;683467;4538770;0703;E09;
10;44;85;25;COSA;30;658133;4518680;0703;F06;
10;44;86;33;CRETAS;30;769952;4535430;0803;E07;
10;44;87;27;CRIVILLÉN;30;704890;4530390;0703;F11;
10;44;88;30;CUBA, LA;30;728251;4496960;0803;I02;
10;44;89;29;CUBLA;30;664923;4453840;0703;M07;
10;44;90;25;CUCALÓN;30;651970;4549300;0703;C05;
10;44;92;29;CUERVO, EL;30;640789;4446520;0703;N05;
10;44;93;26;CUEVAS DE ALMUDÉN;30;684229;4511180;0703;H09;
10;44;94;29;CUEVAS LABRADAS;30;667781;4480470;0703;J07;
10;44;96;27;EJULVE;30;707371;4514610;0703;G11;
10;44;97;29;ESCORIHUELA;30;673634;4488640;0703;I08;
10;44;99;26;ESCUCHA;30;681574;4516500;0703;G09;
10;44;100;27;ESTERCUEL;30;700014;4528790;0703;F10;
10;44;101;25;FERRERUELA DE HUERVA;30;647491;4546420;0703;D05;
10;44;102;25;FONFRÍA;30;661021;4540000;0703;D07;
10;44;103;32;FORMICHE ALTO;30;679657;4466020;0703;L08;
10;44;105;33;FÓRNOLES;30;752711;4532090;0803;E05;
10;44;106;30;FORTANETE;30;708538;4486880;0803;J01;
10;44;107;28;FOZ-CALANDA;30;729814;4533150;0803;E03;
10;44;108;33;FRESNEDA, LA;30;758372;4535500;0803;E06;
10;44;109;31;FRÍAS DE ALBARRACÍN;30;616573;4467140;0703;L02;
10;44;110;26;FUENFERRADA;30;667782;4525970;0703;F07;
10;44;111;29;FUENTES CALIENTES;30;670892;4506320;0703;H08;
10;44;112;25;FUENTES CLARAS;30;641321;4525180;0703;F05;
10;44;113;32;FUENTES DE RUBIELOS;30;703828;4449210;0703;N11;
10;44;114;33;FUENTESPALDA;30;759094;4523280;0803;F06;
10;44;115;29;GALVE;30;680186;4501780;0703;H08;
10;44;116;27;GARGALLO;30;703609;4522750;0703;F11;
10;44;117;31;GEA DE ALBARRACÍN;30;641252;4473080;0703;K05;
10;44;118;28;GINEBROSA, LA;30;737593;4527030;0803;F04;
10;44;119;31;GRIEGOS;30;608649;4477890;0703;K01;
10;44;120;31;GUADALAVIAR;30;607407;4472760;0703;K01;
10;44;121;32;GÚDAR;30;695346;4478650;0703;K10;
10;44;122;23;HÍJAR;30;713924;4558660;0803;B01;
10;44;123;26;HINOJOSA DE JARQUE;30;688669;4505520;0703;H09;
10;44;124;26;HOZ DE LA VIEJA, LA;30;681923;4533000;0703;E09;
10;44;125;26;HUESA DEL COMÚN;30;672948;4542740;0703;D08;
10;44;126;30;IGLESUELA DEL CID, LA;30;726870;4484730;0803;J02;
10;44;127;31;JABALOYAS;30;634661;4455250;0703;M04;
10;44;128;26;JARQUE DE LA VAL;30;686021;4508500;0703;H09;
10;44;129;23;JATIEL;30;717976;4568640;0803;B01;
10;44;130;29;JORCAS;30;690616;4491000;0703;I10;
10;44;131;26;JOSA;30;687386;4536570;0703;E09;
10;44;132;25;LAGUERUELA;30;651583;4544270;0703;D06;
10;44;133;25;LANZUELA;30;652369;4552450;0703;C06;
10;44;135;29;LIBROS;30;652446;4445510;0703;N06;
10;44;136;29;LIDÓN;30;659594;4510690;0703;H06;
10;44;137;32;LINARES DE MORA;30;707598;4465670;0703;L11;
10;44;138;25;LOSCOS;30;662415;4548010;0703;D07;
10;44;141;33;LLEDÓ;30;774422;4538390;0803;E08;
10;44;142;26;MAICAS;30;677323;4537600;0703;E08;
10;44;143;32;MANZANERA;30;682863;4434140;0703;O09;
10;44;144;26;MARTÍN DEL RÍO;30;676292;4522960;0703;F08;
10;44;145;28;MAS DE LAS MATAS;30;730317;4525890;0803;F03;
10;44;146;28;MATA DE LOS OLMOS, LA;30;708555;4527850;0703;F11;
10;44;147;33;MAZALEÓN;30;759770;4547100;0803;D06;
10;44;148;26;MEZQUITA DE JARQUE;30;679191;4511220;0703;G09;
10;44;149;30;MIRAMBEL;30;724181;4495320;0803;I02;
10;44;150;30;MIRAVETE DE LA SIERRA;30;694730;4493240;0703;I10;
10;44;151;30;MOLINOS;30;713184;4521260;0803;F01;
10;44;152;25;MONFORTE DE MOYUELA;30;667980;4546580;0703;D07;
10;44;153;25;MONREAL DEL CAMPO;30;639170;4515130;0703;G04;
10;44;154;33;MONROYO;30;751137;4519260;0803;G05;
10;44;155;26;MONTALBÁN;30;685806;4524630;0703;F09;
10;44;156;29;MONTEAGUDO DEL CASTILLO;30;686830;4481420;0703;J09;
10;44;157;31;MONTERDE DE ALBARRAÍN;30;628525;4484020;0703;J03;
10;44;158;32;MORA DE RUBIELOS;30;692720;4458210;0703;M10;
10;44;159;31;MOSCARDÓN;30;623173;4464430;0703;L03;
10;44;160;32;MOSQUERUELA;30;718661;4474640;0803;K01;
10;44;161;26;MUNIESA;30;687571;4549760;0703;D09;
10;44;163;31;NOGUERA DE ALBARRACÍN;30;616974;4479680;0703;K02;
10;44;164;25;NOGUERAS;30;661440;4556640;0703;C07;
10;44;165;32;NOGUERUELAS;30;702814;4458910;0703;M11;
10;44;167;26;OBÓN;30;691834;4530580;0703;E10;
10;44;168;25;ODÓN;30;620660;4526980;0703;F03;
10;44;169;25;OJOS NEGROS;30;628767;4510430;0703;G03;
10;44;171;32;OLBA;30;701075;4444390;0703;N11;
10;44;172;27;OLIETE;30;697889;4540650;0703;D10;
10;44;173;28;OLMOS, LOS;30;712819;4530980;0803;F01;
10;44;174;31;ORIHUELA DEL TREMEDAL;30;615384;4489810;0703;J02;
10;44;175;29;ORRIOS;30;672807;4494640;0703;I08;
10;44;176;26;PALOMAR DE ARROYOS;30;691470;4516510;0703;G09;
10;44;177;29;PANCRUDO;30;667784;4517220;0703;G07;
10;44;178;28;PARRAS DE CASTELLOTE, LAS;30;732640;4516960;0803;G03;
10;44;179;33;PEÑARROYA DE TASTAVINS;30;758916;4515370;0803;G06;
10;44;180;25;PERACENSE;30;630545;4501090;0703;H03;
10;44;181;29;PERALEJOS;30;669778;4483070;0703;J07;
10;44;182;29;PERALES DEL ALFAMBRA;30;671189;4500350;0703;H07;
10;44;183;30;PITARQUE;30;702991;4499480;0703;H11;
10;44;184;26;PLOU;30;681003;4541380;0703;D09;
10;44;185;29;POBO, EL;30;680431;4485990;0703;J09;
10;44;187;33;PORTELLADA, LA;30;758208;4530610;0803;E06;
10;44;189;31;POZODÓN;30;630696;4491120;0703;I03;
10;44;190;25;POZUEL DEL CAMPO;30;627412;4515300;0703;G03;
10;44;191;23;PUEBLA DE HÍJAR, LA;30;714041;4569570;0803;B01;
10;44;192;32;PUEBLA DE VALVERDE, LA;30;674787;4452970;0703;M08;
10;44;193;32;PUERTOMINGALVO;30;716522;4463320;0803;L01;
10;44;194;33;RÁFALES;30;754215;4526540;0803;F05;
10;44;195;29;RILLO;30;671131;4511130;0703;G07;
10;44;196;29;RIODEVA;30;659043;4443580;0703;N06;
10;44;197;31;RÓDENAS;30;625348;4497860;0703;H03;
10;44;198;31;ROYUELA;30;626830;4469110;0703;K03;
10;44;199;31;RUBIALES;30;646638;4459560;0703;L05;
10;44;200;25;RUBIELOS DE LA CÉRIDA;30;650968;4514650;0703;G06;
10;44;201;32;RUBIELOS DE MORA;30;698530;4450930;0703;M10;
10;44;203;26;SALCEDILLO;30;667841;4535690;0703;E07;
10;44;204;31;SALDÓN;30;633622;4466140;0703;L04;
10;44;205;23;SAMPER DE CALANDA;30;724859;4561420;0803;B01;
10;44;206;32;SAN AGUSTÍN;30;697921;4440260;0703;O10;
10;44;207;25;SAN MARTÍN DEL RÍO;30;635734;4546360;0703;D04;
10;44;208;25;SANTA CRUZ DE NOGUERAS;30;660443;4554030;0703;C07;
10;44;209;29;SANTA EULALIA;30;642969;4490670;0703;I05;
10;44;210;32;SARRIÓN;30;682645;4445310;0703;N09;
10;44;211;26;SEGURA DE LOS BAÑOS;30;672484;4533320;0703;E08;
10;44;212;28;SENO;30;723671;4523230;0803;F02;
10;44;213;25;SINGRA;30;643747;4503230;0703;H05;
10;44;215;31;TERRIENTE;30;627341;4461150;0703;L03;
10;44;216;29;TERUEL;30;659786;4469230;0703;L07;
10;44;217;31;TORIL Y MASEGOSO;30;628318;4454030;0703;M03;
10;44;218;29;TORMÓN;30;641506;4452310;0703;M05;
10;44;219;25;TORNOS;30;633198;4534370;0703;E04;
10;44;220;25;TORRALBA DE LOS SISONES;30;631164;4527960;0703;F03;
10;44;221;28;TORRECILLA DE ALCAÑIZ;30;745818;4539310;0803;E04;
10;44;222;25;TORRECILLA DEL REBOLLAR;30;662297;4531460;0703;E07;
10;44;223;33;TORRE DE ARCAS;30;745168;4516560;0803;G04;
10;44;224;26;TORRE DE LAS ARCAS;30;693570;4524360;0703;F10;
10;44;225;33;TORRE DEL COMPTE;30;763192;4537670;0803;E06;
10;44;226;29;TORRELACÁRCEL;30;646049;4498950;0703;I05;
10;44;227;25;TORRE LOS NEGROS;30;661200;4524190;0703;F07;
10;44;228;29;TORREMOCHA DE JILOCA;30;649082;4495870;0703;I05;
10;44;229;31;TORRES DE ALBARRACÍN;30;624876;4476710;0703;K03;
10;44;230;28;TORREVELILLA;30;742545;4533360;0803;E04;
10;44;231;32;TORRIJAS;30;674523;4431120;0703;O08;
10;44;232;25;TORRIJO DEL CAMPO;30;640904;4519760;0703;F05;
10;44;234;29;TRAMACASTIEL;30;647800;4451450;0703;M05;
10;44;235;31;TRAMACASTILLA;30;621095;4476500;0703;K03;
10;44;236;30;TRONCHÓN;30;718756;4499260;0803;H02;
10;44;237;23;URREA DE GAÉN;30;711032;4560240;0803;C01;
10;44;238;26;UTRILLAS;30;678910;4519020;0703;F09;
10;44;239;29;VALACLOCHE;30;663093;4449860;0703;M07;
10;44;240;32;VALBONA;30;686146;4455840;0703;M09;
10;44;241;28;VALDEALGORFA;30;750673;4543560;0803;D04;
10;44;243;31;VALDECUENCA;30;635593;4461890;0703;L04;
10;44;244;32;VALDELINARES;30;703341;4475830;0703;K11;
10;44;245;33;VALDELTORMO;30;759898;4540830;0803;D06;
10;44;246;33;VALDERROBRES;30;765242;4527550;0803;F07;
10;44;247;33;VALJUNQUERA;30;753917;4539430;0803;E06;
10;44;249;31;VALLECILLO, EL;30;621334;4455970;0703;M03;
10;44;250;29;VEGUILLAS DE LA SIERRA;30;635253;4445970;0703;N04;
10;44;251;25;VILLAFRANCA DEL CAMPO;30;637606;4506520;0703;H04;
10;44;252;25;VILLAHERMOSA DEL CAMPO;30;648615;4553130;0703;C05;
10;44;256;26;VILLANUEVA DEL REBOLLAR;30;667571;4529680;0703;F07;
10;44;257;31;VILLAR DEL COBO;30;612525;4472740;0703;K02;
10;44;258;25;VILLAR DEL SALZ;30;627688;4504900;0703;H03;
10;44;260;30;VILLARLUENGO;30;711033;4503910;0703;H11;
10;44;261;29;VILLARQUEMADO;30;648946;4487680;0703;J05;
10;44;262;30;VILLARROYA DE LOS PINARES;30;699449;4487460;0703;J10;
10;44;263;29;VILLASTAR;30;655877;4459400;0703;L06;
10;44;264;29;VILLEL;30;653233;4453680;0703;M06;
10;44;265;23;VINACEITE;30;702013;4571850;0703;A11;
10;44;266;29;VISIEDO;30;662662;4505010;0703;H07;
10;44;267;26;VIVEL DEL RÍO MARTÍN;30;675591;4528210;0703;F08;
10;44;268;26;ZOMA, LA;30;701263;4516830;0703;G11;
10;44;999;0;OTRA PROVINCIA;0;0;0;0000;000;
10;50;0;0;INDETERMINADO;;;;0000;000;
10;50;1;20;ABANTO;30;609975;4554740;0703;C01;
10;50;2;24;ACERED;30;617334;4557540;0703;C02;
10;50;3;13;AGÓN;30;630025;4634140;0702;I03;
10;50;4;21;AGUARÓN;30;643309;4577660;0703;A05;
10;50;5;21;AGUILÓN;30;666150;4573110;0703;A07;
10;50;6;13;AINZÓN;30;622234;4625660;0702;I03;
10;50;7;21;ALADRÉN;30;654620;4568140;0703;B06;
10;50;8;15;ALAGÓN;30;656139;4626350;0702;J06;
10;50;9;20;ALARBA;30;616278;4562860;0703;B02;
10;50;10;13;ALBERITE DE SAN JUAN;30;627782;4629220;0702;I03;
10;50;11;13;ALBETA;30;624464;4631850;0702;I03;
10;50;12;18;ALBORGE;30;721382;4580140;0802;Q03;
10;50;13;15;ALCALÁ DE EBRO;30;651109;4631260;0702;I05;
10;50;14;12;ALCALÁ DE MONCAYO;30;609290;4628310;0702;J01;
10;50;15;20;ALCONCHEL DE ARIZA;30;575025;4561810;0603;B10;
10;50;16;24;ALDEHUELA DE LIESTOS;30;608477;4546340;0703;D01;
10;50;17;17;ALFAJARÍN;30;695925;4611850;0702;L10;
10;50;18;21;ALFAMÉN;30;647709;4591690;0702;N05;
10;50;19;18;ALFORQUE;30;718538;4580820;0803;A01;
10;50;20;20;ALHAMA DE ARAGÓN;30;592065;4572610;0603;A12;
10;50;21;22;ALMOCHUEL;30;705065;4573500;0703;A11;
10;50;22;10;ALMOLDA, LA;30;730126;4602770;0802;O04;
10;50;23;22;ALMONACID DE LA CUBA;30;683430;4572780;0703;A09;
10;50;24;16;ALMONACID DE LA SIERRA;30;640476;4586360;0702;N05;
10;50;25;16;ALMUNIA DE DOÑA GODINA, LA;30;637002;4592700;0702;M04;
10;50;26;16;ALPARTIR;30;635149;4586250;0702;N04;
10;50;27;13;AMBEL;30;614707;4625280;0702;J02;
10;50;28;24;ANENTO;30;640990;4548170;0703;D05;
10;50;29;20;ANIÑÓN;30;608095;4592790;0702;N01;
10;50;30;12;AÑÓN DE MONCAYO;30;603794;4623970;0702;J01;
10;50;31;14;ARANDA DE MONCAYO;30;601314;4605190;0702;L01;
10;50;32;20;ARÁNDIGA;30;625080;4597620;0702;M03;
10;50;33;5;ARDISA;30;683094;4674040;0702;E09;
10;50;34;20;ARIZA;30;580034;4575300;0603;A10;
10;50;35;1;ARTIEDA;30;664887;4717350;0702;A07;
10;50;36;5;ASÍN;30;660431;4681750;0702;D07;
10;50;37;24;ATEA;30;621268;4556030;0703;C03;
10;50;38;20;ATECA;30;599650;4578130;0703;A01;
10;50;39;22;AZUARA;30;675615;4567590;0703;B08;
10;50;40;24;BADULES;30;647930;4557420;0703;C05;
10;50;41;5;BAGÜÉS;30;669186;4711910;0702;A07;
10;50;42;24;BALCONCHÁN;30;627635;4548630;0703;D03;
10;50;43;15;BÁRBOLES;30;652271;4619950;0702;K06;
10;50;44;16;BARDALLUR;30;650708;4615680;0702;K05;
10;50;45;22;BELCHITE;30;692156;4578320;0703;A09;
10;50;46;20;BELMONTE DE GRACIÁN;30;625748;4576500;0703;A03;
10;50;47;20;BERDEJO;30;586951;4602600;0602;L11;
10;50;48;24;BERRUECO;30;628427;4537900;0703;E03;
10;50;50;20;BIJUESCA;30;589970;4597980;0602;M12;
10;50;51;5;BIOTA;30;650169;4679200;0702;D05;
10;50;52;13;BISIMBRE;30;631695;4635190;0702;I03;
10;50;53;15;BOQUIÑENI;30;643420;4633560;0702;I05;
10;50;54;20;BORDALBA;30;577192;4584950;0602;N10;
10;50;55;13;BORJA;30;620347;4634340;0702;I03;
10;50;56;17;BOTORRITA;30;664464;4595190;0702;M07;
10;50;57;14;BREA DE ARAGÓN;30;617462;4598250;0702;M02;
10;50;58;20;BUBIERCA;30;594390;4575750;0603;A12;
10;50;59;10;BUJARALOZ;30;738966;4592890;0802;P04;
10;50;60;13;BULBUENTE;30;614837;4631770;0702;I02;
10;50;61;13;BURETA;30;625499;4628660;0702;I03;
10;50;62;17;BURGO DE EBRO, EL;30;689940;4604300;0702;L09;
10;50;63;12;BUSTE, EL;30;616323;4639120;0702;I02;
10;50;64;15;CABAÑAS DE EBRO;30;652396;4629030;0702;J06;
10;50;65;20;CABOLAFUENTE;30;580459;4563520;0603;B11;
10;50;66;17;CADRETE;30;670557;4602110;0702;L08;
10;50;67;20;CALATAYUD;30;615106;4581650;0703;A02;
10;50;68;16;CALATORAO;30;641875;4598290;0702;M04;
10;50;69;14;CALCENA;30;606672;4613480;0702;K01;
10;50;70;20;CALMARZA;30;590116;4558080;0603;C12;
10;50;71;20;CAMPILLO DE ARAGÓN;30;597072;4554060;0603;C12;
10;50;72;20;CARENAS;30;601054;4568740;0703;A01;
10;50;73;21;CARIÑENA;30;650006;4579480;0703;A05;
10;50;74;19;CASPE;30;748712;4571560;0803;B04;
10;50;75;20;CASTEJÓN DE ALARBA;30;613139;4560220;0703;B02;
10;50;76;20;CASTEJÓN DE LAS ARMAS;30;599006;4572650;0603;A12;
10;50;77;5;CASTEJÓN DE VALDEJASA;30;665300;4651620;0702;G07;
10;50;78;5;CASTILISCAR;30;641138;4691240;0702;C05;
10;50;79;20;CERVERA DE LA CAÑADA;30;604745;4586060;0702;N01;
10;50;80;24;CERVERUELA;30;649766;4564850;0703;B05;
10;50;81;20;CETINA;30;586452;4570090;0603;A11;
10;50;82;20;CIMBALLA;30;603420;4550020;0703;C01;
10;50;83;18;CINCO OLIVAS;30;720327;4580220;0802;Q03;
10;50;84;20;CLARÉS DE RIBOTA;30;597245;4599080;0602;M12;
10;50;85;22;CODO;30;694049;4579340;0703;A10;
10;50;86;20;CODOS;30;637127;4572150;0703;A04;
10;50;87;20;CONTAMINA;30;589910;4570820;0603;A12;
10;50;88;21;COSUENDA;30;641886;4581070;0702;N05;
10;50;89;17;CUARTE DE HUERVA;30;672744;4606170;0702;L08;
10;50;90;24;CUBEL;30;615051;4550290;0703;C02;
10;50;91;24;CUERLAS, LAS;30;620867;4535700;0703;E03;
10;50;92;19;CHIPRANA;30;737084;4571370;0803;A04;
10;50;93;16;CHODES;30;627006;4593670;0702;M03;
10;50;94;24;DAROCA;30;632974;4552840;0703;C04;
10;50;95;5;EJEA DE LOS CABALLEROS;30;649222;4665650;0702;F06;
10;50;96;20;EMBID DE ARIZA;30;586250;4580940;0602;N11;
10;50;98;21;ENCINACORBA;30;644486;4572150;0703;A05;
10;50;99;16;ÉPILA;30;640811;4605640;0702;L05;
10;50;100;5;ERLA;30;667278;4664260;0702;F07;
10;50;101;18;ESCATRÓN;30;728625;4571060;0803;A02;
10;50;102;19;FABARA;30;764859;4565700;0803;B07;
10;50;104;10;FARLETE;30;705077;4617500;0802;N01;
10;50;105;19;FAYÓN;30;778148;4573670;0803;B08;
10;50;106;12;FAYOS, LOS;30;600628;4637170;0702;I01;
10;50;107;15;FIGUERUELAS;30;651561;4625780;0702;J06;
10;50;108;24;FOMBUENA;30;651859;4557750;0703;C06;
10;50;109;5;FRAGO, EL;30;670536;4683400;0702;D08;
10;50;110;20;FRASNO, EL;30;626167;4584940;0702;N03;
10;50;111;13;FRÉSCANO;30;627845;4638380;0702;I03;
10;50;113;13;FUENDEJALÓN;30;628175;4621490;0702;J03;
10;50;114;22;FUENDETODOS;30;673607;4580380;0703;A08;
10;50;115;17;FUENTES DE EBRO;30;698105;4594120;0702;M10;
10;50;116;20;FUENTES DE JILOCA;30;621771;4565060;0703;B03;
10;50;117;24;GALLOCANTA;30;624534;4539570;0703;E03;
10;50;118;15;GALLUR;30;639328;4636150;0702;I04;
10;50;119;18;GELSA;30;717478;4590040;0802;Q02;
10;50;120;20;GODOJOS;30;594673;4568760;0603;B12;
10;50;121;14;GOTOR;30;612330;4600860;0702;L02;
10;50;122;12;GRISEL;30;606047;4635910;0702;I01;
10;50;123;15;GRISÉN;30;653087;4623280;0702;J06;
10;50;124;24;HERRERA DE LOS NAVARROS;30;662765;4564990;0703;B07;
10;50;125;20;IBDES;30;596525;4563570;0603;B12;
10;50;126;14;ILLUECA;30;614438;4599480;0702;M02;
10;50;128;5;ISUERRE;30;659708;4705470;0702;B06;
10;50;129;20;JARABA;30;592524;4561040;0603;B12;
10;50;130;14;JARQUE;30;609102;4602430;0702;L02;
10;50;131;17;JAULÍN;30;669210;4588320;0702;M07;
10;50;132;15;JOYOSA, LA;30;660175;4623760;0702;J07;
10;50;133;22;LAGATA;30;684387;4564380;0703;B09;
10;50;134;24;LANGA DEL CASTILLO;30;634380;4564430;0703;B04;
10;50;135;5;LAYANA;30;644646;4684840;0702;D05;
10;50;136;22;LÉCERA;30;693516;4562140;0703;B10;
10;50;137;10;LECIÑENA;30;698770;4632660;0702;I10;
10;50;138;24;LECHÓN;30;644474;4549500;0703;D05;
10;50;139;22;LETUX;30;685417;4567440;0703;B09;
10;50;140;12;LITAGO;30;603026;4629280;0702;I01;
10;50;141;12;LITUÉNIGO;30;602144;4631940;0702;I01;
10;50;142;5;LOBERA DE ONSELLA;30;663603;4704640;0702;B07;
10;50;143;21;LONGARES;30;654439;4583990;0702;N06;
10;50;144;5;LONGÁS;30;670121;4704920;0702;B07;
10;50;146;16;LUCENA DE JALÓN;30;642121;4601780;0702;L05;
10;50;147;15;LUCENI;30;644556;4631310;0702;I05;
10;50;148;5;LUESIA;30;663414;4692700;0702;C07;
10;50;149;24;LUESMA;30;655742;4558820;0703;C06;
10;50;150;16;LUMPIAQUE;30;637110;4611630;0702;K05;
10;50;151;5;LUNA;30;671433;4670170;0702;E08;
10;50;152;19;MAELLA;30;760567;4556520;0803;C06;
10;50;153;13;MAGALLÓN;30;633340;4630370;0702;I03;
10;50;154;24;MAINAR;30;642158;4563490;0703;B05;
10;50;155;20;MALANQUILLA;30;593499;4604220;0602;L12;
10;50;156;13;MALEJÁN;30;620513;4631674;0702;I03;
10;50;157;12;MALÓN;30;610467;4645650;0702;H02;
10;50;159;20;MALUENDA;30;614879;4570320;0703;A02;
10;50;160;13;MALLÉN;30;630610;4639540;0702;H04;
10;50;161;24;MANCHONES;30;629673;4557230;0703;C03;
10;50;162;20;MARA;30;623690;4571510;0703;A03;
10;50;163;17;MARÍA DE HUERVA;30;667692;4597690;0702;L07;
10;50;164;17;MEDIANA DE ARAGÓN;30;689719;4591370;0702;M10;
10;50;165;11;MEQUINENZA;30;770388;4581630;0802;Q08;
10;50;166;14;MESONES DE ISUELA;30;621673;4604060;0702;L03;
10;50;167;21;MEZALOCHA;30;661407;4586520;0702;N07;
10;50;168;1;MIANOS;30;669013;4717450;0702;A07;
10;50;169;20;MIEDES DE ARAGÓN;30;629192;4567430;0703;B03;
10;50;170;10;MONEGRILLO;30;714978;4611780;0802;N02;
10;50;171;22;MONEVA;30;682940;4556790;0703;C09;
10;50;172;20;MONREAL DE ARIZA;30;574102;4571260;0603;A10;
10;50;173;20;MONTERDE;30;604506;4557480;0703;C01;
10;50;174;20;MONTÓN;30;624431;4563080;0703;B03;
10;50;175;16;MORATA DE JALÓN;30;628665;4589290;0702;M03;
10;50;176;20;MORATA DE JILOCA;30;618967;4567480;0703;B02;
10;50;177;20;MORÉS;30;619783;4592740;0702;M02;
10;50;178;20;MOROS;30;597215;4583600;0602;N12;
10;50;179;22;MOYUELA;30;674341;4557980;0703;C08;
10;50;180;17;MOZOTA;30;662620;4594020;0702;M07;
10;50;181;21;MUEL;30;656479;4593180;0702;M07;
10;50;182;16;MUELA, LA;30;657092;4604810;0702;L06;
10;50;183;20;MUNÉBREGA;30;607395;4566750;0703;B01;
10;50;184;24;MURERO;30;626278;4557580;0703;C03;
10;50;185;6;MURILLO DE GÁLLEGO;30;683467;4684180;0702;C09;
10;50;186;5;NAVARDÚN;30;653875;4707690;0702;B06;
10;50;187;20;NIGÜELLA;30;624788;4602100;0702;M03;
10;50;188;24;NOMBREVILLA;30;639081;4552380;0703;C04;
10;50;189;19;NONASPE;30;772017;4567600;0803;B07;
10;50;190;12;NOVALLAS;30;606828;4644800;0702;H01;
10;50;191;13;NOVILLAS;30;634812;4641920;0702;H04;
10;50;192;20;NUÉVALOS;30;602717;4562150;0703;B01;
10;50;193;17;NUEZ DE EBRO;30;693038;4606240;0702;L10;
10;50;194;20;OLVÉS;30;612146;4564800;0703;B02;
10;50;195;24;ORCAJO;30;625587;4551690;0703;C03;
10;50;196;20;ORERA;30;628784;4574170;0703;A03;
10;50;197;5;ORÉS;30;664124;4680730;0702;D07;
10;50;198;14;OSEJA;30;608500;4607190;0702;L01;
10;50;199;17;OSERA DE EBRO;30;703139;4601400;0802;O01;
10;50;200;21;PANIZA;30;650620;4570910;0703;A06;
10;50;201;20;PARACUELLOS DE JILOCA;30;612905;4573380;0703;A02;
10;50;202;20;PARACUELLOS DE LA RIBERA;30;621146;4586630;0702;N03;
10;50;203;17;PASTRIZ;30;686255;4608470;0702;K09;
10;50;204;15;PEDROLA;30;644630;4624800;0702;J05;
10;50;205;5;PEDROSAS, LAS;30;675757;4655410;0702;G08;
10;50;206;10;PERDIGUERA;30;698724;4624590;0702;J10;
10;50;207;5;PIEDRATAJADA;30;683092;4664190;0702;F09;
10;50;208;18;PINA DE EBRO;30;717459;4598750;0802;P01;
10;50;209;15;PINSEQUE;30;659201;4621610;0702;J06;
10;50;210;5;PINTANOS, LOS;30;661835;4712870;0702;A07;
10;50;211;16;PLASENCIA DE JALÓN;30;644580;4617340;0702;K05;
10;50;212;15;PLEITAS;30;649896;4619780;0702;K05;
10;50;213;22;PLENAS;30;671413;4553350;0703;C08;
10;50;214;14;POMER;30;596601;4610250;0602;K12;
10;50;215;20;POZUEL DE ARIZA;30;572918;4578410;0603;A10;
10;50;216;13;POZUELO DE ARAGÓN;30;634716;4623800;0702;J04;
10;50;217;15;PRADILLA DE EBRO;30;650585;4637550;0702;I05;
10;50;218;22;PUEBLA DE ALBORTÓN;30;680620;4585080;0702;N08;
10;50;219;17;PUEBLA DE ALFINDÉN, LA;30;687664;4612000;0702;K09;
10;50;220;5;PUENDELUNA;30;684179;4669280;0702;F09;
10;50;221;14;PURUJOSA;30;602702;4616400;0702;K01;
10;50;222;18;QUINTO;30;706483;4587000;0802;Q01;
10;50;223;15;REMOLINOS;30;651541;4634600;0702;I06;
10;50;224;24;RETASCÓN;30;636176;4558000;0703;C04;
10;50;225;16;RICLA;30;632683;4599160;0702;M04;
10;50;227;24;ROMANOS;30;643849;4553890;0703;C05;
10;50;228;16;RUEDA DE JALÓN;30;637627;4615430;0702;K05;
10;50;229;20;RUESCA;30;629396;4571400;0703;A03;
10;50;230;5;SÁDABA;30;637642;4681470;0702;D05;
10;50;231;16;SALILLAS DE JALÓN;30;639999;4602820;0702;L04;
10;50;232;1;SALVATIERRA DE ESCA;30;667363;4727970;0701;O08;
10;50;233;22;SAMPER DEL SALZ;30;681905;4564920;0703;B09;
10;50;234;12;S MARTÍN DE LA VIRGEN MONCAYO;30;600336;4632320;0702;I01;
10;50;235;17;SAN MATEO DE GÁLLEGO;30;688430;4634330;0702;I09;
10;50;236;16;SANTA CRUZ DE GRÍO;30;631836;4581790;0702;N04;
10;50;237;12;SANTA CRUZ DE MONCAYO;30;603271;4637550;0702;I01;
10;50;238;6;SANTA EULALIA DE GÁLLEGO;30;683034;4682060;0702;D09;
10;50;239;24;SANTED;30;625362;4543840;0703;D03;
10;50;240;18;SÁSTAGO;30;729399;4581480;0803;A02;
10;50;241;20;SABIÑÁN;30;620565;4589820;0702;N02;
10;50;242;20;SEDILES;30;624355;4579580;0703;A03;
10;50;243;14;SESTRICA;30;614416;4593730;0702;M02;
10;50;244;5;SIERRA DE LUNA;30;671214;4656950;0702;G08;
10;50;245;1;SIGÜÉS;30;661843;4721170;0701;O08;
10;50;246;20;SISAMÓN;30;583187;4559490;0603;C11;
10;50;247;15;SOBRADIEL;30;663996;4623240;0702;J07;
10;50;248;5;SOS DEL REY CATÓLICO;30;645289;4703010;0702;B05;
10;50;249;13;TABUENCA;30;623023;4615820;0702;K03;
10;50;250;13;TALAMANTES;30;611228;4620310;0702;J01;
10;50;251;12;TARAZONA;30;603988;4640830;0702;H01;
10;50;252;5;TAUSTE;30;649169;4645840;0702;H05;
10;50;253;20;TERRER;30;606623;4576270;0703;A01;
10;50;254;14;TIERGA;30;617813;4607940;0702;L02;
10;50;255;20;TOBED;30;635059;4578810;0703;A04;
10;50;256;24;TORRALBA DE LOS FRAILES;30;612856;4541840;0703;D02;
10;50;257;20;TORRALBA DE RIBOTA;30;610764;4586710;0702;N02;
10;50;258;24;TORRALBILLA;30;639129;4564730;0703;B04;
10;50;259;20;TORREHERMOSA;30;573351;4566220;0603;B10;
10;50;260;20;TORRELAPAJA;30;587812;4605060;0602;L11;
10;50;261;12;TORRELLAS;30;602271;4639280;0702;I01;
10;50;262;15;TORRES DE BERRELLÉN;30;657611;4631350;0702;J07;
10;50;263;20;TORRIJO DE LA CAÑADA;30;591978;4591570;0602;M12;
10;50;264;21;TOSOS;30;658437;4574750;0703;A07;
10;50;265;12;TRASMOZ;30;605237;4631210;0702;I01;
10;50;266;14;TRASOBARES;30;614499;4612830;0702;K02;
10;50;267;5;UNCASTILLO;30;652131;4692210;0702;C06;
10;50;268;5;UNDUÉS DE LERDA;30;651689;4715810;0702;A06;
10;50;269;16;URREA DE JALÓN;30;647737;4612530;0702;K05;
10;50;270;5;URRIÉS;30;655582;4712460;0702;B06;
10;50;271;24;USED;30;619488;4543320;0703;D03;
10;50;272;17;UTEBO;30;666452;4620140;0702;J07;
10;50;273;24;VALDEHORNA;30;632691;4547440;0703;D04;
10;50;274;24;VAL DE SAN MARTÍN;30;630210;4544910;0703;D04;
10;50;275;22;VALMADRID;30;676759;4590930;0702;M08;
10;50;276;5;VALPALMAS;30;677638;4669640;0702;F08;
10;50;277;20;VALTORRES;30;605105;4572780;0703;A01;
10;50;278;18;VELILLA DE EBRO;30;718625;4585420;0802;Q02;
10;50;279;20;VELILLA DE JILOCA;30;617930;4570070;0703;A02;
10;50;280;12;VERA DE MONCAYO;30;609577;4631990;0702;I01;
10;50;281;12;VIERLAS;30;609171;4643130;0702;H01;
10;50;282;20;VILUEÑA, LA;30;607000;4571060;0703;A01;
10;50;283;24;VILLADOZ;30;644822;4558730;0703;C05;
10;50;284;20;VILLAFELICHE;30;626043;4560650;0703;B03;
10;50;285;17;VILLAFRANCA DE EBRO;30;701977;4605620;0702;L10;
10;50;286;20;VILLALBA DE PEREJIL;30;620960;4576940;0703;A03;
10;50;287;20;VILLALENGUA;30;594010;4586560;0602;N12;
10;50;288;17;VILLANUEVA DE GÁLLEGO;30;677753;4628780;0702;J09;
10;50;289;24;VILLANUEVA DE JILOCA;30;635829;4549290;0703;D04;
10;50;290;21;VILLANUEVA DE HUERVA;30;665219;4580790;0702;N07;
10;50;291;24;VILLAR DE LOS NAVARROS;30;666820;4559480;0703;C07;
10;50;292;24;VILLARREAL DE HUERVA;30;645823;4562860;0703;B05;
10;50;293;20;VILLARROYA DE LA SIERRA;30;601636;4594180;0702;M01;
10;50;294;24;VILLARROYA DEL CAMPO;30;640480;4556320;0703;C05;
10;50;295;21;VISTABELLA;30;654367;4564010;0703;B06;
10;50;296;18;ZAIDA, LA;30;713832;4578910;0803;A01;
10;50;297;17;ZARAGOZA;30;673924;4616770;0702;K08;
10;50;298;17;ZUERA;30;682588;4642090;0702;I09;
10;50;901;5;BIEL;30;671990;4693100;0702;C08;
10;50;902;5;MARRACOS;30;683454;4660834;0702;F09;
10;50;903;17;VILLAMAYOR DE GÁLLEGO;30;699721;4676734;0702;K09;
10;50;999;0;OTRA PROVINCIA;0;0;0;0000;000;
11;2;0;0;INDETERMINADO;;;;0000;000;
11;2;1;2;ABENGIBRE;30;626222;4341720;0704;I03;
11;2;2;2;ALATOZ;30;641063;4327160;0704;K05;
11;2;3;4;ALBACETE;30;597228;4310950;0604;L12;
11;2;4;7;ALBATANA;30;629398;4270990;0705;A03;
11;2;5;2;ALBOREA;30;639273;4350630;0704;I04;
11;2;6;4;ALCADOZO;30;582165;4279960;0605;A11;
11;2;7;2;ALCALÁ DEL JUCAR;30;638032;4338850;0704;J04;
11;2;8;3;ALCARAZ;30;540910;4285900;0604;O07;
11;2;9;5;ALMANSA;30;665833;4301090;0704;M07;
11;2;10;5;ALPERA;30;649661;4317140;0704;L06;
11;2;11;6;AYNA;30;578098;4269080;0605;B11;
11;2;12;3;BALAZOTE;30;574915;4304770;0604;M10;
11;2;13;2;BALSA DE VES;30;654544;4347610;0704;I06;
11;2;14;3;BALLESTERO, EL;30;545590;4299860;0604;N07;
11;2;15;4;BARRAX;30;568953;4320950;0604;K09;
11;2;16;3;BIENSERVIDA;30;530866;4264910;0605;B06;
11;2;17;6;BOGARRA;30;566723;4271000;0605;A09;
11;2;18;5;BONETE;30;646799;4305930;0704;M05;
11;2;19;1;BONILLO, EL;30;536209;4310440;0604;L06;
11;2;20;2;CARCELÉN;30;648124;4330210;0704;K05;
11;2;21;4;CASAS DE JUAN NÚÑEZ;30;623379;4328800;0704;K03;
11;2;22;3;CASAS DE LÁZARO;30;567051;4290150;0604;N09;
11;2;23;2;CASAS DE VES;30;646710;4346000;0704;I05;
11;2;24;2;CASAS-IBÁÑEZ;30;632987;4352800;0704;I04;
11;2;25;5;CAUDETE;30;673119;4286440;0704;O08;
11;2;26;2;CENIZATE;30;615634;4350980;0704;H02;
11;2;27;4;CORRAL-RUBIO;30;635523;4297220;0704;N04;
11;2;28;3;COTILLAS;30;543602;4253030;0605;C07;
11;2;29;4;CHINCHILLA DE MONTE-ARAGÓN;30;618403;4304100;0704;M02;
11;2;30;6;ELCHE DE LA SIERRA;30;578936;4256860;0605;C11;
11;2;31;6;FÉREZ;30;592096;4249400;0605;D11;
11;2;32;1;FUENSANTA;30;580506;4344090;0604;I11;
11;2;33;5;FUENTE-ÁLAMO;30;634191;4285760;0704;O04;
11;2;34;2;FUENTEALBILLA;30;623718;4345650;0704;I03;
11;2;35;4;GINETA, LA;30;586747;4329770;0604;J11;
11;2;36;2;GOLOSALVO;30;617841;4344140;0704;I02;
11;2;37;7;HELLÍN;30;615829;4258160;0705;B02;
11;2;38;4;HERRERA, LA;30;577820;4311300;0604;L10;
11;2;39;4;HIGUERUELA;30;636196;4314480;0704;L04;
11;2;40;4;HOYA-GONZALO;30;624674;4313630;0704;L03;
11;2;41;2;JORQUERA;30;625751;4335780;0704;J03;
11;2;42;6;LETUR;30;576103;4241850;0605;D10;
11;2;43;1;LEZUZA;30;560035;4311940;0604;L08;
11;2;44;7;LIÉTOR;30;592786;4266980;0605;B12;
11;2;45;2;MADRIGUERAS;30;602448;4343660;0704;I01;
11;2;46;2;MAHORA;30;610915;4340460;0704;I02;
11;2;47;3;MASEGOSO;30;559805;4286420;0604;O08;
11;2;48;1;MINAYA;30;559201;4341780;0604;I08;
11;2;49;6;MOLINICOS;30;561855;4260860;0605;C09;
11;2;50;4;MONTALVOS;30;583792;4336290;0604;J11;
11;2;51;5;MONTEALEGRE DEL CASTILLO;30;647198;4292170;0704;N05;
11;2;52;2;MOTILLEJA;30;605776;4336620;0704;J01;
11;2;53;1;MUNERA;30;547579;4326640;0604;K07;
11;2;54;2;NAVAS DE JORQUERA;30;610017;4349210;0704;I02;
11;2;55;6;NERPIO;30;556202;4222130;0605;F09;
11;2;56;7;ONTUR;30;631533;4276130;0705;A04;
11;2;57;1;OSSA DE MONTIEL;30;520444;4313530;0604;L05;
11;2;58;3;PATERNA  DEL MADERA;30;557262;4271460;0605;A08;
11;2;59;3;PEÑASCOSA;30;558528;4280540;0604;O08;
11;2;60;4;PEÑAS DE SAN PEDRO;30;584629;4288300;0604;O11;
11;2;61;4;PÉTROLA;30;628207;4295150;0704;N03;
11;2;62;3;POVEDILLA;30;533261;4284340;0604;O06;
11;2;63;7;POZOHONDO;30;594588;4285570;0604;O12;
11;2;64;2;POZO-LORENTE;30;631431;4324660;0704;K03;
11;2;65;4;POZUELO;30;579345;4296750;0604;N10;
11;2;66;2;RECUEJA, LA;30;633406;4334640;0704;J04;
11;2;67;3;RIÓPAR;30;550376;4259640;0605;B07;
11;2;68;3;ROBLEDO;30;549629;4292390;0604;N07;
11;2;69;1;RODA, LA;30;569396;4336480;0604;I10;
11;2;70;3;SALOBRE;30;539505;4269990;0605;A06;
11;2;71;3;SAN PEDRO;30;570871;4293950;0604;N10;
11;2;72;6;SOCOVOS;30;595464;4244220;0605;D11;
11;2;73;1;TARAZONA DE LA MANCHA;30;591876;4344040;0604;I12;
11;2;74;7;TOBARRA;30;616401;4275720;0705;A02;
11;2;75;2;VALDEGANGA;30;615329;4331280;0704;J02;
11;2;76;3;VIANOS;30;543141;4270510;0605;A07;
11;2;77;2;VILLA DE VES;30;651376;4340040;0704;I06;
11;2;78;1;VILLALGORDO DEL JÚCAR;30;582502;4352830;0604;H11;
11;2;79;2;VILLAMALEA;30;624941;4357810;0704;H03;
11;2;80;3;VILLAPALACIOS;30;531423;4270430;0605;B06;
11;2;81;1;VILLARROBLEDO;30;533801;4338540;0604;I06;
11;2;82;2;VILLATOYA;30;643858;4354100;0704;H05;
11;2;83;2;VILLAVALIENTE;30;632606;4331140;0704;J04;
11;2;84;3;VILLAVERDE DE GUADALIMAR;30;542217;4257450;0605;C07;
11;2;85;3;VIVEROS;30;537033;4294930;0604;N06;
11;2;86;6;YESTE;30;557077;4243790;0605;D08;
11;2;901;4;POZO CAÑADA;30;609924;4291485;0704;N02;
11;2;999;0;OTRA PROVINCIA;0;0;0;0000;000;
11;13;0;0;INDETERMINADO;;;;0000;000;
11;13;1;11;ABENÓJAR;30;374177;4304460;0504;M02;
11;13;2;10;AGUDO;30;342659;4319710;0404;L08;
11;13;3;10;ALAMILLO;30;342597;4282470;0404;O09;
11;13;4;12;ALBALADEJO;30;518384;4273740;0605;A04;
11;13;5;1;ALCÁZAR DE SAN JUAN;30;479457;4348540;0604;G01;
11;13;6;8;ALCOBA;30;378128;4352310;0504;I01;
11;13;7;9;ALCOLEA DE CALATRAVA;30;403109;4315070;0504;L04;
11;13;8;12;ALCUBILLAS;30;487483;4289800;0604;O01;
11;13;9;9;ALDEA DEL REY;30;424457;4286360;0504;O06;
11;13;10;12;ALHAMBRA;30;495008;4307650;0604;M02;
11;13;11;10;ALMADÉN;30;348839;4296760;0404;N09;
11;13;12;10;ALMADENEJOS;30;355230;4293030;0404;O10;
11;13;13;9;ALMAGRO;30;436818;4306030;0504;M07;
11;13;14;12;ALMEDINA;30;503393;4274870;0605;A03;
11;13;15;11;ALMODÓVAR DEL CAMPO;30;369969;4279740;0504;O03;
11;13;16;11;ALMURADIEL;30;457522;4258180;0505;B09;
11;13;17;8;ANCHURAS;30;341651;4369290;0404;F09;
11;13;18;1;ARENAS DE SAN JUAN;30;456277;4340090;0504;I09;
11;13;19;1;ARGAMASILLA DE ALBA;30;495555;4325610;0604;J02;
11;13;20;9;ARGAMASILLA DE CALATRAVA;30;411164;4288790;0504;O04;
11;13;21;8;ARROBA DE LOS MONTES;30;365509;4336310;0404;J11;
11;13;22;9;BALLESTEROS DE CALATRAVA;30;417839;4297050;0504;N05;
11;13;23;9;BOLAÑOS DE CALATRAVA;30;445954;4307240;0504;M08;
11;13;24;11;BRAZATORTAS;30;381512;4270680;0505;A02;
11;13;25;9;CABEZARADOS;30;387678;4301260;0504;M02;
11;13;26;11;CABEZARRUBIAS DEL PUERTO;30;391237;4269050;0505;A03;
11;13;27;9;CALZADA DE CALATRAVA;30;433908;4274460;0504;O07;
11;13;28;1;CAMPO DE CRIPTANA;30;493365;4356570;0604;G01;
11;13;29;9;CAÑADA DE CALATRAVA;30;411696;4299430;0504;M05;
11;13;30;9;CARACUEL DE CALATRAVA;30;408553;4298540;0504;M04;
11;13;31;9;CARRIÓN DE CALATRAVA;30;427804;4322780;0504;L06;
11;13;32;12;CARRIZOSA;30;501675;4300180;0604;N03;
11;13;33;12;CASTELLAR DE SANTIAGO;30;475519;4265250;0505;B11;
11;13;34;9;CIUDAD REAL;30;415775;4314220;0504;L05;
11;13;35;9;CORRAL DE CALATRAVA;30;402366;4303820;0504;M04;
11;13;36;8;CORTIJOS, LOS;30;410780;4353120;0504;H04;
11;13;37;12;CÓZAR;30;492524;4279280;0605;A02;
11;13;38;10;CHILLÓN;30;337171;4297280;0404;N08;
11;13;39;1;DAIMIEL;30;447224;4324610;0504;K08;
11;13;40;9;FERNÁN CABALLERO;30;418203;4331120;0504;J06;
11;13;41;8;FONTANAREJO;30;369589;4341050;0404;I11;
11;13;42;11;FUENCALIENTE;30;387443;4254520;0505;C02;
11;13;43;12;FUENLLANA;30;503271;4290500;0604;O03;
11;13;44;8;FUENTE EL FRESNO;30;428046;4344570;0504;I07;
11;13;45;9;GRANÁTULA DE CALATRAVA;30;439694;4291000;0504;N07;
11;13;46;10;GUADALMEZ;30;330098;4288070;0404;O07;
11;13;47;1;HERENCIA;30;465429;4350620;0504;H10;
11;13;48;11;HINOJOSAS DE CALATRAVA;30;397942;4268380;0505;A04;
11;13;49;8;HORCAJO DE LOS MONTES;30;358976;4358360;0404;H10;
11;13;50;1;LABORES, LAS;30;455892;4341360;0504;I09;
11;13;51;8;LUCIANA;30;380802;4316600;0504;L02;
11;13;52;8;MALAGÓN;30;415012;4341180;0504;J06;
11;13;53;1;MANZANARES;30;467681;4320520;0504;L10;
11;13;54;1;MEMBRILLA;30;471991;4307710;0504;L10;
11;13;55;11;MESTANZA;30;414254;4260150;0505;A04;
11;13;56;9;MIGUELTURRA;30;420752;4319690;0504;L06;
11;13;57;12;MONTIEL;30;507920;4279170;0604;O04;
11;13;58;9;MORAL DE CALATRAVA;30;449873;4293610;0504;N08;
11;13;59;8;NAVALPINO;30;360430;4346590;0404;I11;
11;13;60;8;NAVAS DE ESTENA;30;367677;4369550;0404;F11;
11;13;61;1;PEDRO MUÑOZ;30;505142;4361270;0604;G03;
11;13;62;9;PICÓN;30;407385;4324090;0504;K04;
11;13;63;8;PIEDRABUENA;30;387496;4327690;0504;K03;
11;13;64;9;POBLETE;30;413355;4309750;0504;L05;
11;13;65;8;PORZUNA;30;397820;4339870;0504;J04;
11;13;66;9;POZUELO DE CALATRAVA;30;427108;4304460;0504;M06;
11;13;67;9;POZUELOS DE CALATRAVA, LOS;30;396782;4309210;0504;M03;
11;13;68;8;PUEBLA DE DON RODRIGO;30;356446;4330020;0404;K11;
11;13;69;12;PUEBLA DEL PRINCIPE;30;507096;4268170;0605;B03;
11;13;70;1;PUERTO LÁPICE;30;458705;4347890;0504;H09;
11;13;71;11;PUERTOLLANO;30;407861;4278580;0504;O04;
11;13;72;8;RETUERTA DEL BULLAQUE;30;392283;4365360;0504;G01;
11;13;73;10;SACERUELA;30;361164;4313950;0404;L11;
11;13;74;1;SAN CARLOS DEL VALLE;30;479009;4299800;0504;N11;
11;13;75;11;SAN LORENZO DE CALATRAVA;30;426929;4257860;0505;C06;
11;13;76;12;SANTA CRUZ DE LOS CÁÑAMOS;30;510578;4276440;0605;A04;
11;13;77;1;SANTA CRUZ DE MUDELA;30;456238;4277070;0505;A09;
11;13;78;1;SOCUÉLLAMOS;30;513743;4345400;0604;I04;
11;13;79;1;SOLANA, LA;30;481670;4309040;0504;L11;
11;13;80;11;SOLANA DEL PINO;30;403533;4257350;0505;C04;
11;13;81;12;TERRINCHES;30;513026;4270650;0605;A04;
11;13;82;1;TOMELLOSO;30;502724;4340110;0604;J02;
11;13;83;9;TORRALBA DE CALATRAVA;30;434024;4322710;0504;L07;
11;13;84;12;TORRE DE JUAN ABAD;30;480198;4272450;0605;A02;
11;13;85;12;TORRENUEVA;30;469547;4276690;0505;A10;
11;13;86;10;VADEMANCO DEL ESTERAS;30;349137;4313380;0404;L09;
11;13;87;1;VALDEPEÑAS;30;465055;4293440;0504;N10;
11;13;88;9;VALENZUELA DE CALATRAVA;30;431829;4299220;0504;M07;
11;13;89;12;VILLAHERMOSA;30;513735;4296080;0604;O04;
11;13;90;12;VILLAMANRIQUE;30;495119;4262370;0605;B03;
11;13;91;9;VILLAMAYOR DE CALATRAVA;30;397264;4295100;0504;N04;
11;13;92;12;VILLANUEVA DE LA FUENTE;30;525886;4283310;0604;O05;
11;13;93;12;VILLANUEVA DE LOS INFANTES;30;497010;4285920;0604;O02;
11;13;94;11;VILLANUEVA DE SAN CARLOS;30;423558;4273400;0505;A06;
11;13;95;9;VILLAR DEL POZO;30;415608;4300680;0504;M05;
11;13;96;1;VILLARUBIA DE LOS OJOS;30;444477;4341090;0504;I08;
11;13;97;1;VILLARTA DE SAN JUAN;30;462593;4340430;0504;I10;
11;13;98;11;VISO DEL MARQUÉS;30;449338;4262890;0505;B09;
11;13;901;8;ROBLEDO, EL;30;387486;4341230;0504;I02;
11;13;902;1;RUIDERA;30;508613;4317190;0604;L04;
11;13;903;1;ARENALES DE SAN GREGORIO;30;496356;4349765;0604;H02;
11;13;904;1;LLANOS DEL CAUDILLO;30;470157;4329894;0504;J10;
11;13;999;0;OTRA PROVINCIA;0;0;0;0000;000;
11;16;0;0;INDETERMINADO;30;;;0000;000;
11;16;1;15;ABIA DE LA OBISPALÍA;30;552652;4432310;0603;O08;
11;16;2;18;ACEBRON, EL;30;501777;4417790;0604;B03;
11;16;3;2;ALARCÓN;30;580086;4376750;0604;F10;
11;16;4;15;ALBALADEJO DEL CUENDE;30;565642;4406540;0604;C09;
11;16;5;13;ALBALATE DE LAS NOGUERAS;30;560838;4468640;0603;L09;
11;16;6;13;ALBENDEA;30;550990;4480560;0603;J07;
11;16;7;17;ALBERCA DE ZÁNCARA, LA;30;543211;4372300;0604;F07;
11;16;8;16;ALCALÁ DE LA VEGA;30;626991;4432580;0703;O03;
11;16;9;13;ALCANTUD;30;557701;4487680;0603;J08;
11;16;10;18;ALCÁZAR DEL REY;30;516476;4434020;0603;O04;
11;16;11;13;ALCOHUJATE;30;533915;4475100;0603;K06;
11;16;12;18;ALCONCHEL DE LA ESTRELLA;30;536064;4396630;0604;D06;
11;16;13;16;ALGARRA;30;632904;4432120;0704;A04;
11;16;14;16;ALIAGUILLA;30;643832;4399250;0704;C05;
11;16;15;18;ALMARCHA, LA;30;552628;4393830;0604;D08;
11;16;16;18;ALMENDROS;30;510850;4413940;0604;B03;
11;16;17;15;ALMODÓVAR DEL PINAR;30;595335;4395580;0604;D12;
11;16;18;18;ALMONACID DEL MARQUESADO;30;518695;4408860;0604;C04;
11;16;19;18;ALTAREJOS;30;551675;4419770;0604;B08;
11;16;20;13;ARANDILLA DEL ARROYO;30;552623;4485150;0603;J08;
11;16;22;15;ARCOS DE LA SIERRA;30;577430;4466530;0603;L10;
11;16;23;15;CHILLARÓN DE CUENCA;30;566718;4441530;0603;N09;
11;16;24;16;ARGUISUELAS;30;600082;4409850;0704;C01;
11;16;25;13;ARRANCACEPAS;30;555332;4462340;0603;L08;
11;16;26;18;ATALAYA DEL CAÑAVATE;30;564946;4374340;0604;F09;
11;16;27;13;BARAJAS DE MELO;30;503280;4440990;0603;N03;
11;16;29;15;BARCHÍN DEL HOYO;30;582621;4393250;0604;D11;
11;16;30;15;BASCUÑANA DE SAN PEDRO;30;566046;4451560;0603;M09;
11;16;31;15;BEAMUD;30;599373;4450020;0603;N12;
11;16;32;18;BELINCHÓN;30;496875;4433720;0603;O02;
11;16;33;17;BELMONTE;30;525575;4379700;0604;F05;
11;16;34;18;BELMONTEJO;30;557597;4407680;0604;C08;
11;16;35;14;BETETA;30;580400;4490510;0603;I10;
11;16;36;16;BONICHES;30;617682;4425970;0704;A02;
11;16;38;13;BUCIEGAS;30;545549;4465710;0603;L07;
11;16;39;2;BUENACHE DE ALARCÓN;30;572443;4389700;0604;D10;
11;16;40;15;BUENACHE DE LA SIERRA;30;586656;4442320;0603;N11;
11;16;41;13;BUENDÍA;30;520223;4469430;0603;L05;
11;16;42;2;CAMPILLO DE ALTOBUEY;30;603490;4386050;0704;E01;
11;16;43;16;CAMPILLOS-PARAVIENTOS;30;624732;4425390;0704;A03;
11;16;44;16;CAMPILLOS-SIERRA;30;612121;4439100;0703;O02;
11;16;45;13;CANALEJAS DEL ARROYO;30;545216;4471000;0603;L07;
11;16;46;16;CAÑADA DEL HOYO;30;593816;4426060;0604;A12;
11;16;47;18;CAÑADA JUNCOSA;30;566368;4378970;0604;F09;
11;16;48;15;CAÑAMARES;30;564557;4477230;0603;K09;
11;16;49;18;CAÑAVATE, EL;30;557948;4377370;0604;F08;
11;16;50;13;CAÑAVERAS;30;551585;4467800;0603;L08;
11;16;51;13;CAÑAVERUELAS;30;530004;4473880;0603;K06;
11;16;52;16;CAÑETE;30;613864;4432810;0703;O02;
11;16;53;14;CAÑIZARES;30;568825;4485150;0603;J09;
11;16;55;16;CARBONERAS DE GUADAZAÓN;30;603056;4416910;0704;B01;
11;16;56;16;CARDENETE;30;611206;4406510;0704;C02;
11;16;57;14;CARRASCOSA;30;568296;4493070;0603;I10;
11;16;58;17;CARRASCOSA DE HARO;30;538633;4382680;0604;E06;
11;16;60;2;CASAS DE BENÍTEZ;30;576651;4351280;0604;H10;
11;16;61;17;CASAS DE FERNANDO ALONSO;30;557997;4355820;0604;H08;
11;16;62;16;CASAS DE GARCIMOLINA;30;636057;4430390;0704;A04;
11;16;63;2;CASAS DE GUIJARRO;30;572521;4355530;0604;H10;
11;16;64;17;CASAS DE HARO;30;563801;4349920;0604;H09;
11;16;65;17;CASAS DE LOS PINOS;30;553552;4350010;0604;H08;
11;16;66;2;CASASIMARRO;30;582639;4360030;0604;G11;
11;16;67;13;CASTEJÓN;30;539180;4472150;0603;K07;
11;16;68;2;CASTILLEJO DE INIESTA;30;607404;4376570;0704;F01;
11;16;70;15;CASTILLEJO-SIERRA;30;576107;4470520;0603;K10;
11;16;71;13;CASTILLO-ALBARÁÑEZ;30;552134;4460920;0603;L08;
11;16;72;18;CASTILLO DE GARCIMUÑOZ;30;555189;4391660;0604;D08;
11;16;73;18;CERVERA DEL LLANO;30;548406;4404550;0604;C07;
11;16;74;15;CIERVA, LA;30;596549;4435390;0603;O12;
11;16;78;15;CUENCA;30;585818;4451870;0603;O10;
11;16;79;14;CUEVA DEL HIERRO;30;584204;4492270;0603;I11;
11;16;81;15;CHUMILLAS;30;582467;4402340;0604;C11;
11;16;82;15;ENGUÍDANOS;30;617742;4391870;0704;D02;
11;16;83;15;FRESNEDA DE ALTAREJOS;30;559675;4420300;0604;B08;
11;16;84;15;FRESNEDA DE LA SIERRA;30;572843;4473300;0603;K10;
11;16;85;15;FRONTERA, LA;30;567021;4472290;0603;K09;
11;16;86;18;FUENTE DE PEDRO NAHARRO;30;496403;4419870;0604;B02;
11;16;87;17;FUENTELESPINO DE HARO;30;530829;4392760;0604;D05;
11;16;88;16;FUENTELESPINO DE MOYA;30;631119;4421300;0704;A04;
11;16;89;15;FUENTES;30;585492;4420680;0604;A11;
11;16;91;14;FUERTESCUSA;30;571785;4479490;0603;J09;
11;16;92;2;GABALDÓN;30;589780;4388800;0604;E12;
11;16;93;16;GARABALLA;30;639256;4407680;0704;C04;
11;16;94;13;GASCUEÑA;30;539674;4461070;0603;L07;
11;16;95;16;GRAJA DE CAMPALBO;30;647671;4417870;0704;B05;
11;16;96;2;GRAJA DE INIESTA;30;613754;4375190;0704;F02;
11;16;97;16;HENAREJOS;30;630101;4410430;0704;B03;
11;16;98;2;HERRUMBLAR, EL;30;619539;4362420;0704;G02;
11;16;99;18;HINOJOSA, LA;30;549457;4397800;0604;D08;
11;16;100;17;HINOJOSOS, LOS;30;512709;4383320;0604;E04;
11;16;101;18;HITO, EL;30;523780;4411050;0604;B05;
11;16;102;18;HONRUBIA;30;562919;4384560;0604;E09;
11;16;103;17;HONTANAYA;30;515158;4395650;0604;D04;
11;16;104;2;HONTECILLAS;30;569786;4394000;0604;D09;
11;16;106;18;HORCAJO DE SANTIAGO;30;497256;4411060;0604;B03;
11;16;107;14;HUÉLAMO;30;600870;4459430;0703;M01;
11;16;108;18;HUELVES;30;508188;4433110;0603;O04;
11;16;109;16;HUÉRGUINA;30;619686;4433140;0703;O02;
11;16;110;18;HUERTA DE LA OBISPALÍA;30;544575;4425640;0604;A07;
11;16;111;14;HUERTA DEL MARQUESADO;30;610271;4445470;0703;N02;
11;16;112;13;HUETE;30;531049;4445650;0603;N05;
11;16;113;2;INIESTA;30;608816;4368420;0704;G01;
11;16;115;14;LAGUNA DEL MARQUESADO;30;613063;4450170;0703;N02;
11;16;116;14;LAGUNASECA;30;585153;4485460;0603;J11;
11;16;117;16;LANDETE;30;640680;4417770;0704;B04;
11;16;118;2;LEDAÑA;30;611096;4358700;0704;H02;
11;16;119;13;LEGANIEL;30;502082;4446090;0603;N03;
11;16;121;14;MAJADAS, LAS;30;583723;4463130;0603;L11;
11;16;122;15;MARIANA;30;574571;4447540;0603;N10;
11;16;123;14;MASEGOSA;30;586175;4488740;0603;J11;
11;16;124;17;MESAS, LAS;30;523190;4358590;0604;G05;
11;16;125;2;MINGLANILLA;30;623113;4374260;0704;F03;
11;16;126;16;MIRA;30;631342;4392570;0704;D04;
11;16;128;17;MONREAL DEL LLANO;30;519641;4379190;0604;E05;
11;16;129;18;MONTALBANEJO;30;542273;4399260;0604;D07;
11;16;130;18;MONTALBO;30;529488;4412970;0604;B05;
11;16;131;15;MONTEAGUDO DE LAS SALINAS;30;592594;4407370;0604;C12;
11;16;132;18;MOTA DE ALTAREJOS;30;559558;4414060;0604;B08;
11;16;133;17;MOTA DEL CUERVO;30;511410;4367820;0604;F04;
11;16;134;2;MOTILLA DEL PALANCAR;30;593797;4380010;0604;F12;
11;16;135;16;MOYA;30;640708;4425610;0704;A04;
11;16;137;16;NARBONETA;30;628976;4402000;0704;C04;
11;16;139;18;OLIVARES DE JÚCAR;30;557479;4400740;0604;C08;
11;16;140;13;OLMEDA DE LA CUESTA;30;545178;4462300;0603;L07;
11;16;141;15;OLMEDA DEL REY;30;580118;4409010;0604;C10;
11;16;142;2;OLMEDILLA DE ALARCÓN;30;576536;4386030;0604;E10;
11;16;143;13;OLMEDILLA DE ELIZ;30;549281;4461210;0603;L07;
11;16;145;17;OSA DE LA VEGA;30;520654;4388340;0604;D05;
11;16;146;16;PAJARÓN;30;603152;4425240;0704;A01;
11;16;147;16;PAJARONCILLO;30;609751;4422660;0704;A01;
11;16;148;18;PALOMARES DEL CAMPO;30;532146;4421260;0604;A06;
11;16;149;15;PALOMERA;30;583401;4436380;0603;O11;
11;16;150;15;PARACUELLOS;30;605814;4397130;0704;D01;
11;16;151;18;PAREDES;30;512524;4436380;0603;O04;
11;16;152;15;PARRA DE LAS VEGAS, LA;30;566921;4413550;0604;B09;
11;16;153;17;PEDERNOSO, EL;30;521436;4370200;0604;F05;
11;16;154;17;PEDROÑERAS, LAS;30;531230;4367920;0604;G05;
11;16;155;2;PERAL, EL;30;596007;4372060;0604;F12;
11;16;156;13;PERALEJA, LA;30;538365;4454780;0603;M06;
11;16;157;15;PESQUERA, LA;30;622930;4382660;0704;E03;
11;16;158;2;PICAZO, EL;30;577246;4366800;0604;G10;
11;16;159;18;PINAREJO;30;550152;4385400;0604;E07;
11;16;160;13;PINEDA DE CIGÜELA;30;539602;4437890;0603;O06;
11;16;161;15;PIQUERAS DEL CASTILLO;30;578510;4397410;0604;D10;
11;16;162;13;PORTALRUBIO DE GUADAMEJUD;30;533382;4459290;0603;M06;
11;16;163;15;PORTILLA;30;578744;4461650;0603;L10;
11;16;165;14;POYATOS;30;580871;4475820;0603;K11;
11;16;166;17;POZOAMARGO;30;569599;4354130;0604;H09;
11;16;167;18;POZORRUBIO;30;505235;4406870;0604;C03;
11;16;169;14;POZUELO, EL;30;562314;4494370;0603;I09;
11;16;170;13;PRIEGO;30;558008;4478900;0603;K08;
11;16;171;17;PROVENCIO, EL;30;537089;4359280;0604;H06;
11;16;172;18;PUEBLA DE ALMENARA;30;516738;4404370;0604;C04;
11;16;173;13;VALLE DE ALTOMIRA, EL;30;519889;4454750;0603;M05;
11;16;174;2;PUEBLA DEL SALVADOR;30;613678;4380710;0704;E02;
11;16;175;2;QUINTANAR DEL REY;30;591393;4355000;0604;H12;
11;16;176;17;RADA DE HARO;30;533550;4380960;0604;E06;
11;16;177;16;REILLO;30;594346;4415880;0604;B12;
11;16;181;18;ROZALÉN DEL MONTE;30;517308;4426630;0604;A04;
11;16;185;13;SACEDA-TRASIERRA;30;512855;4446550;0603;N04;
11;16;186;18;SAELICES;30;516878;4416830;0604;B04;
11;16;187;16;SALINAS DEL MANZANO;30;623337;4438320;0703;O03;
11;16;188;13;SALMERONCILLOS;30;540539;4483630;0603;J07;
11;16;189;16;SALVACAÑETE;30;628904;4443890;0703;N03;
11;16;190;17;SAN CLEMENTE;30;548921;4362410;0604;G07;
11;16;191;18;SAN LORENZO DE LA PARRILLA;30;552688;4411050;0604;B08;
11;16;192;16;SAN MARTÍN DE BONICHES;30;623149;4415050;0704;B03;
11;16;193;13;SAN PEDRO  PALMICHES;30;550584;4475930;0603;K08;
11;16;194;16;SANTA CRUZ DE MOYA;30;651735;4423820;0704;A05;
11;16;195;17;SANTA MARÍA DEL CAMPO RUS;30;549591;4378680;0604;F07;
11;16;196;17;SANTA MARÍA DE LOS LLANOS;30;516438;4370840;0604;F04;
11;16;197;14;SANTA MARÍA DEL VAL;30;580561;4482650;0603;J11;
11;16;198;2;SISANTE;30;571761;4362030;0604;G09;
11;16;199;15;SOLERA DE GABALDÓN;30;588577;4400890;0604;C11;
11;16;202;16;TALAYUELAS;30;647904;4410370;0704;B05;
11;16;203;18;TARANCÓN;30;499595;4427570;0604;A02;
11;16;204;2;TÉBAR;30;572871;4373150;0604;F10;
11;16;205;16;TEJADILLOS;30;618517;4443670;0703;N02;
11;16;206;13;TINAJAS;30;535529;4465090;0603;L06;
11;16;209;13;TORRALBA;30;560636;4461960;0603;L09;
11;16;211;18;TORREJONCILLO DEL REY;30;539294;4429740;0604;A06;
11;16;212;18;TORRUBIA DEL CAMPO;30;504916;4414630;0604;B03;
11;16;213;18;TORRUBIA DEL CASTILLO;30;560380;4390880;0604;D08;
11;16;215;14;TRAGACETE;30;598251;4468870;0603;L12;
11;16;216;17;TRESJUNCOS;30;521940;4395020;0604;D05;
11;16;217;18;TRIBALDOS;30;507242;4425930;0604;A03;
11;16;218;18;UCLÉS;30;511608;4423240;0604;A04;
11;16;219;15;UÑA;30;587203;4452830;0603;M11;
11;16;224;14;VALDEMECA;30;607060;4453750;0703;M01;
11;16;225;15;VALDEMORILLO DE LA SIERRA;30;604862;4432420;0703;O01;
11;16;227;15;VALDEMORO-SIERRA;30;604175;4443020;0703;O01;
11;16;228;13;VALDEOLIVAS;30;546152;4483110;0603;J07;
11;16;231;2;VALHERMOSO DE LA FUENTE;30;585496;4378490;0604;F11;
11;16;234;14;VALSALOBRE;30;574523;4497850;0603;I10;
11;16;236;18;VALVERDE DE JÚCAR;30;566096;4396520;0604;D09;
11;16;237;2;VALVERDEJO;30;583223;4386510;0604;E11;
11;16;238;17;VARA DE REY;30;560457;4364550;0604;G09;
11;16;239;14;VEGA DEL CODORNO;30;588951;4477520;0603;K12;
11;16;240;13;VELLISCA;30;517026;4441550;0603;N04;
11;16;242;13;VILLACONEJOS DE TRABAQUE;30;557955;4472400;0603;K08;
11;16;243;17;VILLAESCUSA DE HARO;30;531781;4385910;0604;E05;
11;16;244;2;VILLAGARCÍA DEL LLANO;30;601898;4355200;0604;H12;
11;16;245;15;VILLALBA DE LA SIERRA;30;578108;4454750;0603;M10;
11;16;246;13;VILLALBA DEL REY;30;528646;4466680;0603;L06;
11;16;247;18;VILLALGORDO DEL MARQUESADO;30;542077;4392710;0604;D07;
11;16;248;2;VILLALPARDO;30;617687;4370230;0704;F02;
11;16;249;17;VILLAMAYOR DE SANTIAGO;30;507176;4397790;0604;D03;
11;16;250;13;VILLANUEVA DE GUADAMEJUD;30;542197;4452410;0603;M07;
11;16;251;2;VILLANUEVA DE LA JARA;30;590964;4364520;0604;G12;
11;16;253;18;VILLAR DE CAÑAS;30;536005;4406110;0604;C06;
11;16;254;13;VILLAR DE DOMINGO GARCÍA;30;561520;4453170;0603;M09;
11;16;255;17;VILLAR DE LA ENCINA;30;540323;4387400;0604;E07;
11;16;258;16;VILLAR DEL HUMO;30;615915;4414640;0704;B02;
11;16;259;13;VILLAR DEL INFANTADO;30;543766;4477360;0603;K07;
11;16;263;15;VILLAR DE OLALLA;30;563021;4427520;0603;O09;
11;16;264;18;VILLAREJO DE FUENTES;30;527506;4401360;0604;C05;
11;16;265;13;VILLAREJO DE LA PEÑUELA;30;551160;4437480;0603;O08;
11;16;266;18;VILLAREJO-PERIESTEBAN;30;547090;4415450;0604;B07;
11;16;269;18;VILLARES DEL SAZ;30;542057;4409550;0604;B07;
11;16;270;18;VILLARRUBIO;30;507983;4422060;0604;A03;
11;16;271;2;VILLARTA;30;616359;4366960;0704;G02;
11;16;272;13;VILLAS DE LA VENTOSA;30;550165;4453730;0603;M07;
11;16;273;18;VILLAVERDE Y PASACONSOL;30;561655;4403170;0604;C09;
11;16;274;16;VILLORA;30;620743;4401310;0704;C03;
11;16;275;13;VINDEL;30;552177;4492860;0603;I08;
11;16;276;16;YÉMEDA;30;608372;4401940;0704;C01;
11;16;277;18;ZAFRA DE ZÁNCARA;30;538935;4416640;0604;B06;
11;16;278;14;ZAFRILLA;30;616537;4454040;0703;M02;
11;16;279;18;ZARZA DE TAJO;30;489258;4431100;0603;O01;
11;16;280;15;ZARZUELA;30;573253;4457950;0603;M10;
11;16;901;18;CAMPOS DEL PARAISO;30;525485;4430830;0603;O05;
11;16;902;15;VALDETÓRTOLA;30;570978;4419880;0604;B09;
11;16;903;15;VALERAS, LAS;30;573147;4405650;0604;C10;
11;16;904;15;FUENTENAVA DE JÁBAGA;30;559142;4442600;0603;O09;
11;16;905;15;ARCAS DEL VILLAR;30;577909;4423380;0604;A10;
11;16;906;13;VALDECOLMENAS, LOS;30;545354;4440130;0603;N07;
11;16;907;13;(ALMODOVAR MONTE REY);0;0;0;0604;D12;
11;16;908;2;POZORRUBIELOS DE LA MANCHA;30;584218;4370600;0604;G11;
11;16;909;15;SOTORRIBAS;30;569235;4459970;0603;M10;
11;16;910;13;VILLAR Y VELASCO;30;550420;4443670;0603;N07;
11;16;999;0;OTRA PROVINCIA;30;0;0;0000;000;
11;19;0;0;INDETERMINADO;;;;0000;000;
11;19;1;21;ABÁNADES;30;544792;4526400;0603;F07;
11;19;2;21;ABLANQUE;30;565747;4528370;0603;F09;
11;19;3;22;ADOBES;30;612206;4503260;0703;H02;
11;19;4;21;ALAMINOS;30;523434;4525050;0603;F05;
11;19;5;21;ALARILLA;30;491108;4521260;0603;F02;
11;19;6;19;ALBALATE DE ZORITA;30;512822;4459780;0603;L04;
11;19;7;19;ALBARES;30;496920;4461970;0603;L02;
11;19;8;20;ALBENDIEGO;30;495359;4563280;0603;B02;
11;19;9;23;ALCOCER;30;535523;4479510;0603;J06;
11;19;10;20;ALCOLEA DE LAS PEÑAS;30;518301;4562750;0603;B04;
11;19;11;21;ALCOLEA DEL PINAR;30;543631;4538800;0603;D07;
11;19;13;22;ALCOROCHES;30;605802;4498200;0703;I01;
11;19;15;19;ALDEANUEVA DE GUADALAJARA;30;495771;4504760;0603;H02;
11;19;16;22;ALGAR DE MESA;30;588215;4554700;0603;C11;
11;19;17;21;ALGORA;30;527865;4533400;0603;E05;
11;19;18;23;ALHÓNDIGA;30;514238;4485500;0603;J04;
11;19;19;23;ALIQUE;30;529632;4493280;0603;I06;
11;19;20;21;ALMADRONES;30;520159;4527350;0603;F04;
11;19;21;19;ALMOGUERA;30;496817;4458220;0603;L03;
11;19;22;19;ALMONACID DE ZORITA;30;513553;4459910;0603;L04;
11;19;23;23;ALOCÉN;30;522077;4490910;0603;I05;
11;19;24;19;ALOVERA;30;479327;4493700;0503;I11;
11;19;27;22;ALUSTANTE;30;615863;4496590;0703;I02;
11;19;31;20;ANGÓN;30;511954;4546430;0603;D04;
11;19;32;21;ANGUITA;30;554544;4539380;0603;D08;
11;19;33;22;ANQUELA DEL DUCADO;30;571310;4535730;0603;E10;
11;19;34;22;ANQUELA DEL PEDREGAL;30;606469;4510210;0703;G01;
11;19;36;19;ARANZUEQUE;30;493533;4482460;0603;J02;
11;19;37;20;ARBANCÓN;30;487387;4537080;0603;E02;
11;19;38;23;ARBETETA;30;550735;4502770;0603;H08;
11;19;39;21;ARGECILLA;30;515564;4526650;0603;F04;
11;19;40;23;ARMALLONES;30;557282;4509910;0603;H08;
11;19;41;19;ARMUÑA DE TAJUÑA;30;496981;4486260;0603;J02;
11;19;42;20;ARROYO DE LAS FRAGUAS;30;488942;4547290;0603;C01;
11;19;43;19;ATANZÓN;30;499285;4501230;0603;H03;
11;19;44;20;ATIENZA;30;510998;4562130;0603;B04;
11;19;45;23;AUÑÓN;30;518827;4485000;0603;J04;
11;19;46;19;AZUQUECA DE HENARES;30;477903;4489830;0503;I11;
11;19;47;20;BAIDES;30;519149;4539090;0603;E04;
11;19;48;22;BAÑOS DE TAJO;30;584347;4508200;0603;H11;
11;19;49;20;BAÑUELOS;30;506944;4572010;0603;A03;
11;19;50;21;BARRIOPEDRO;30;520369;4515080;0603;G05;
11;19;51;22;BERNINCHES;30;515982;4491240;0603;I04;
11;19;52;20;BODERA, LA;30;509533;4552660;0603;C03;
11;19;53;21;BRIHUEGA;30;512418;4510090;0603;G04;
11;19;54;23;BUDIA;30;520181;4502230;0603;I05;
11;19;55;21;BUJALARO;30;510429;4531830;0603;E03;
11;19;57;20;BUSTARES;30;493978;4554020;0603;C02;
11;19;58;19;CABANILLAS DEL CAMPO;30;479577;4498390;0603;I01;
11;19;59;22;CAMPILLO DE DUEÑAS;30;612125;4524750;0703;F02;
11;19;60;20;CAMPILLO DE RANAS;30;472570;4545040;0503;D11;
11;19;61;20;CAMPISÁBALOS;30;488327;4567980;0603;B01;
11;19;64;21;CANREDONDO;30;541534;4516860;0603;G07;
11;19;65;20;CANTALOJAS;30;475548;4564180;0503;B11;
11;19;66;21;CAÑIZAR;30;494247;4513820;0603;G02;
11;19;67;20;CARDOSO DE LA SIERRA, EL;30;464262;4553210;0503;C10;
11;19;70;19;CASA DE UCEDA;30;469212;4522160;0503;F10;
11;19;71;19;CASAR, EL;30;464418;4508880;0503;H10;
11;19;73;21;CASAS DE SAN GALINDO;30;503250;4524750;0603;F03;
11;19;74;19;CASPUEÑAS;30;502191;4505700;0603;H03;
11;19;75;21;CASTEJÓN DE HENARES;30;518081;4531430;0603;E04;
11;19;76;22;CASTELLAR DE LA MUELA;30;605560;4520390;0703;G01;
11;19;78;23;CASTILFORTE;30;548286;4490280;0603;I07;
11;19;79;22;CASTILNUEVO;30;595310;4517510;0603;G12;
11;19;80;20;CENDEJAS DE ENMEDIO;30;510687;4537910;0603;E04;
11;19;81;20;CENDEJAS DE LA TORRE;30;513315;4536530;0603;E04;
11;19;82;19;CENTENERA;30;495271;4500270;0603;H02;
11;19;86;21;CIFUENTES;30;535091;4511320;0603;G06;
11;19;87;20;CINCOVILLAS;30;515387;4561010;0603;B04;
11;19;88;21;CIRUELAS;30;491283;4511370;0603;G02;
11;19;89;22;CIRUELOS DEL PINAR;30;565686;4539600;0603;D09;
11;19;90;22;COBETA;30;572748;4525530;0603;F10;
11;19;91;21;COGOLLOR;30;522257;4521410;0603;F05;
11;19;92;20;COGOLLUDO;30;489465;4532190;0603;E02;
11;19;95;20;CONDEMIOS DE ABAJO;30;491688;4562690;0603;B02;
11;19;96;20;CONDEMIOS DE ARRIBA;30;490856;4560030;0603;B01;
11;19;97;20;CONGOSTRINA;30;502063;4544190;0603;D03;
11;19;98;21;COPERNAL;30;495646;4524460;0603;F02;
11;19;99;22;CORDUENTE;30;582339;4521920;0603;F11;
11;19;102;19;CUBILLO DE UCEDA, EL;30;465539;4518340;0503;G10;
11;19;103;22;CHECA;30;600901;4485280;0703;I01;
11;19;104;22;CHEQUILLA;30;598905;4495580;0603;I12;
11;19;105;19;CHILOECHES;30;483632;4491330;0603;I01;
11;19;106;23;CHILLARÓN DEL REY;30;525583;4493730;0603;I05;
11;19;107;19;DRIEBES;30;496486;4454320;0603;M02;
11;19;108;23;DURÓN;30;524165;4498330;0603;I05;
11;19;109;22;EMBID;30;608382;4536910;0703;E01;
11;19;110;23;ESCAMILLA;30;536859;4489510;0603;J06;
11;19;111;19;ESCARICHE;30;494943;4472460;0603;K02;
11;19;112;19;ESCOPETE;30;499823;4474110;0603;K02;
11;19;113;21;ESPINOSA DE HENARES;30;496207;4527730;0603;F02;
11;19;114;21;ESPLEGARES;30;553195;4523580;0603;F08;
11;19;115;22;ESTABLÉS;30;582015;4540070;0603;D11;
11;19;116;20;ESTRIÉGANA;30;539660;4546090;0603;D07;
11;19;117;19;FONTANAR;30;484208;4508860;0603;H01;
11;19;118;22;FUENBELLIDA;30;582266;4510680;0603;G11;
11;19;119;20;FUENCEMILLÁN;30;492030;4530120;0603;E02;
11;19;120;19;FUENTELAHIGUERA DE ALBATAGES;30;473882;4514650;0503;G11;
11;19;121;19;FUENTELENCINA;30;510915;4484220;0603;J04;
11;19;122;22;FUENTELSAZ;30;599322;4545770;0603;D12;
11;19;123;19;FUENTELVIEJO;30;500925;4485730;0603;J03;
11;19;124;19;FUENTENOVILLA;30;491305;4469490;0603;L02;
11;19;125;21;GAJANEJOS;30;509660;4520250;0603;F03;
11;19;126;19;GALÁPAGOS;30;470518;4506790;0503;H11;
11;19;127;20;GALVE DE SORBE;30;483584;4561850;0603;B01;
11;19;129;20;GASCUEÑA DE BORNOVA;30;499410;4554590;0603;C02;
11;19;130;19;GUADALAJARA;30;484935;4499430;0603;I01;
11;19;132;21;HENCHE;30;524979;4507720;0603;H05;
11;19;133;21;HERAS DE AYUSO;30;490491;4515360;0603;G02;
11;19;134;22;HERRERÍA;30;587976;4527850;0603;F11;
11;19;135;20;HIENDELAENCINA;30;500395;4547810;0603;D02;
11;19;136;20;HIJES;30;498790;4568020;0603;B03;
11;19;138;21;HITA;30;497693;4521470;0603;G02;
11;19;139;22;HOMBRADOS;30;612683;4519710;0703;G02;
11;19;142;19;HONTOBA;30;496744;4477650;0603;K02;
11;19;143;19;HORCHE;30;494523;4490900;0603;I02;
11;19;145;21;HORTEZUELA DE OCÉN;30;549958;4534230;0603;E07;
11;19;146;20;HUERCE, LA;30;485783;4554510;0603;C01;
11;19;147;20;HUÉRMECES DEL CERRO;30;517692;4544840;0603;D04;
11;19;148;21;HUERTAHERNANDO;30;560104;4519590;0603;G09;
11;19;150;19;HUEVA;30;503352;4479340;0603;K03;
11;19;151;19;HUMANES;30;487116;4522230;0603;G01;
11;19;152;19;ILLANA;30;504266;4449760;0603;N03;
11;19;153;21;INIÉSTOLA;30;553046;4538210;0603;E08;
11;19;154;21;INVIERNAS, LAS;30;527939;4524180;0603;F05;
11;19;155;21;IRUESTE;30;509209;4495430;0603;I03;
11;19;156;21;JADRAQUE;30;505446;4531070;0603;E03;
11;19;157;20;JIRUEQUE;30;507942;4535180;0603;E03;
11;19;159;21;LEDANCA;30;512504;4523410;0603;F04;
11;19;160;19;LORANCA DE TAJUÑA;30;490278;4476860;0603;K02;
11;19;161;19;LUPIANA;30;496120;4496210;0603;I02;
11;19;162;21;LUZAGA;30;546630;4535380;0603;E07;
11;19;163;22;LUZÓN;30;560653;4542440;0603;D09;
11;19;165;20;MAJAELRAYO;30;472969;4554500;0503;C11;
11;19;166;19;MÁLAGA DEL FRESNO;30;479282;4515230;0503;G11;
11;19;167;19;MALAGUILLA;30;477780;4520470;0503;G11;
11;19;168;21;MANDAYONA;30;522064;4534690;0603;E05;
11;19;169;23;MANTIEL;30;528118;4497420;0603;I05;
11;19;170;22;MARANCHÓN;30;572707;4545030;0603;D09;
11;19;171;19;MARCHAMALO;30;483036;4501923;0603;I01;
11;19;172;21;MASEGOSO DE TAJUÑA;30;525543;4519590;0603;G05;
11;19;173;20;MATARRUBIA;30;474798;4524940;0503;F11;
11;19;174;21;MATILLAS;30;514105;4532430;0603;E04;
11;19;175;22;MAZARETE;30;568598;4536860;0603;E10;
11;19;176;19;MAZUECOS;30;498323;4457120;0603;M02;
11;19;177;20;MEDRANDA;30;505216;4537330;0603;E03;
11;19;178;22;MEGINA;30;596119;4499060;0603;I12;
11;19;179;20;MEMBRILLERA;30;500591;4532890;0603;E03;
11;19;181;20;MIEDES DE ATIENZA;30;503217;4567130;0603;B03;
11;19;182;20;MIERLA, LA;30;479753;4532260;0603;E01;
11;19;183;22;MILMARCOS;30;594070;4549750;0603;D12;
11;19;184;23;MILLANA;30;536115;4484090;0603;J06;
11;19;185;20;MIÑOSA, LA;30;505473;4559380;0603;C03;
11;19;186;21;MIRABUENO;30;524421;4530760;0603;E05;
11;19;187;21;MIRALRÍO;30;505443;4526680;0603;F03;
11;19;188;22;MOCHALES;30;581554;4550020;0603;C11;
11;19;189;19;MOHERNANDO;30;485436;4516530;0603;G01;
11;19;190;22;MOLINA DE ARAGÓN;30;600520;4525610;0603;F12;
11;19;191;20;MONASTERIO;30;490548;4538700;0603;E02;
11;19;192;19;MONDÉJAR;30;490054;4463370;0603;L02;
11;19;193;20;MONTARRÓN;30;490152;4528340;0603;F02;
11;19;194;19;MORATILLA DE LOS MELEROS;30;505384;4483850;0603;J03;
11;19;195;22;MORENILLA;30;609591;4514460;0703;G01;
11;19;196;21;MUDUEX;30;504680;4518700;0603;F03;
11;19;197;20;NAVAS DE JADRAQUE, LAS;30;492743;4550480;0603;C02;
11;19;198;20;NEGREDO;30;511900;4542190;0603;D04;
11;19;199;21;OCENTEJO;30;551007;4514120;0603;G08;
11;19;200;23;OLIVAR, EL;30;520242;4494620;0603;I05;
11;19;201;21;OLMEDA DE COBETA;30;566908;4521830;0603;F09;
11;19;202;20;OLMEDA DE JADRAQUE, LA;30;521792;4552880;0603;C05;
11;19;203;20;ORDIAL, EL;30;488742;4551490;0603;C02;
11;19;204;22;OREA;30;607581;4487750;0703;I01;
11;19;208;20;PÁLMACES DE JADRAQUE;30;507271;4545510;0603;D03;
11;19;209;22;PARDOS;30;590169;4533320;0603;E12;
11;19;210;20;PAREDES DE SIGÜENZA;30;522426;4566130;0603;B05;
11;19;211;23;PAREJA;30;529682;4490400;0603;J05;
11;19;212;19;PASTRANA;30;507834;4472750;0603;K03;
11;19;213;22;PEDREGAL, EL;30;621331;4516000;0703;G03;
11;19;214;23;PEÑALÉN;30;576769;4503500;0603;H10;
11;19;215;19;PEÑALVER;30;509535;4491680;0603;I03;
11;19;216;22;PERALEJOS DE LAS TRUCHAS;30;593238;4494030;0603;I12;
11;19;217;23;PERALVECHE;30;543780;4495740;0603;I07;
11;19;218;20;PINILLA DE JADRAQUE;30;504941;4541120;0603;D03;
11;19;219;22;PINILLA DE MOLINA;30;595198;4503330;0603;H12;
11;19;220;19;PIOZ;30;485371;4479090;0603;K01;
11;19;221;22;PIQUERAS;30;607248;4502350;0703;H01;
11;19;222;22;POBO DE DUEÑAS, EL;30;616601;4517110;0703;G02;
11;19;223;23;POVEDA DE LA SIERRA;30;583496;4498210;0603;I11;
11;19;224;19;POZO DE ALMOGUERA;30;497573;4466520;0603;L02;
11;19;225;19;POZO DE GUADALAJARA;30;484716;4483050;0603;J01;
11;19;226;20;PRÁDENA DE ATIENZA;30;499302;4559160;0603;C02;
11;19;227;22;PRADOS REDONDOS;30;601110;4515630;0703;G01;
11;19;228;20;PUEBLA DE BELEÑA;30;480515;4527360;0603;F01;
11;19;229;20;PUEBLA DE VALLES;30;474852;4530000;0503;E11;
11;19;230;19;QUER;30;476202;4495910;0503;I11;
11;19;231;20;REBOLLOSA DE JADRAQUE;30;513116;4548900;0603;D04;
11;19;232;23;RECUENCO, EL;30;556556;4497080;0603;I08;
11;19;233;19;RENERA;30;498693;4482250;0603;J02;
11;19;234;20;RETIENDAS;30;476343;4536100;0503;E11;
11;19;235;21;RIBA DE SAELICES;30;560158;4528620;0603;F08;
11;19;237;22;RILLO DE GALLO;30;590543;4526730;0603;F11;
11;19;238;20;RIOFRÍO DEL LLANO;30;515547;4552880;0603;C04;
11;19;239;19;ROBLEDILLO DE MOHERNANDO;30;481718;4521850;0603;F01;
11;19;240;20;ROBLEDO DE CORPES;30;505031;4551390;0603;C03;
11;19;241;20;ROMANILLOS DE ATIENZA;30;509463;4570110;0603;B03;
11;19;242;19;ROMANONES;30;501398;4491520;0603;I03;
11;19;243;22;RUEDA DE LA SIERRA;30;596947;4532230;0603;E12;
11;19;244;21;SACECORBO;30;549452;4519930;0603;F07;
11;19;245;23;SACEDÓN;30;524606;4479730;0603;J05;
11;19;246;21;SAELICES DE LA SAL;30;555856;4528870;0603;F08;
11;19;247;23;SALMERÓN;30;543341;4488320;0603;J07;
11;19;248;20;SAN ANDRÉS DEL CONGOSTO;30;497255;4537550;0603;E02;
11;19;249;21;SAN ANDRÉS DEL REY;30;515955;4497950;0603;I04;
11;19;250;20;SANTIUSTE;30;516108;4548680;0603;D04;
11;19;251;20;SAÚCA;30;537537;4541810;0603;D06;
11;19;252;19;SAYATÓN;30;515052;4475030;0603;L04;
11;19;254;22;SELAS;30;574983;4532870;0603;E10;
11;19;255;22;SETILES;30;618291;4509680;0703;G02;
11;19;256;20;SIENES;30;530585;4561480;0603;B05;
11;19;257;20;SIGÜENZA;30;528973;4550490;0603;D06;
11;19;258;21;SOLANILLOS DEL EXTREMO;30;526096;4512120;0603;G05;
11;19;259;20;SOMOLINOS;30;494605;4567820;0603;B02;
11;19;260;21;SOTILLO, EL;30;531133;4525410;0603;F06;
11;19;261;21;SOTODOSOS;30;551023;4529390;0603;E08;
11;19;262;20;TAMAJÓN;30;480787;4542400;0503;E11;
11;19;263;21;TARAGUDO;30;492791;4519480;0603;G02;
11;19;264;22;TARAVILLA;30;586475;4503320;0603;H11;
11;19;265;22;TARTANEDO;30;589356;4542400;0603;E12;
11;19;266;19;TENDILLA;30;504261;4488580;0603;J03;
11;19;267;22;TERZAGA;30;592477;4506260;0603;H12;
11;19;268;22;TIERZO;30;591137;4511530;0603;G12;
11;19;269;20;TOBA, LA;30;499558;4539880;0603;E03;
11;19;270;20;TORDELRÁBANO;30;520511;4562820;0603;B05;
11;19;271;22;TORDELLEGO;30;611475;4508050;0703;H02;
11;19;272;22;TORDESILOS;30;620086;4502860;0703;H02;
11;19;274;21;TORIJA;30;496819;4510660;0603;G02;
11;19;277;22;TORRECUADRADA DE MOLINA;30;600164;4509870;0703;G01;
11;19;278;21;TORRECUADRADILLA;30;538950;4521660;0603;F06;
11;19;279;21;TORRE DEL BURGO;30;492946;4516900;0603;G02;
11;19;280;19;TORREJÓN DEL REY;30;470718;4501930;0503;I11;
11;19;281;20;TORREMOCHA DE JADRAQUE;30;507953;4540490;0603;D03;
11;19;282;21;TORREMOCHA DEL CAMPO;30;535676;4530490;0603;E06;
11;19;283;22;TORREMOCHA DEL PINAR;30;579638;4526610;0603;F11;
11;19;284;22;TORREMOCHUELA;30;597035;4512430;0603;G12;
11;19;285;22;TORRUBIA;30;594194;4536090;0603;E12;
11;19;286;19;TÓRTOLA DE HENARES;30;489705;4507090;0603;H01;
11;19;287;22;TORTUERA;30;602646;4538930;0703;E01;
11;19;288;20;TORTUERO;30;469301;4534370;0503;E11;
11;19;289;22;TRAID;30;600989;4503210;0703;H01;
11;19;290;21;TRIJUEQUE;30;501461;4514730;0603;G03;
11;19;291;23;TRILLO;30;537635;4502290;0603;H06;
11;19;293;19;UCEDA;30;462038;4520100;0503;F10;
11;19;294;20;UJADOS;30;499119;4564210;0603;B02;
11;19;296;21;UTANDE;30;506627;4522740;0603;F03;
11;19;297;19;VALDARACHAS;30;489469;4484870;0603;J01;
11;19;298;21;VALDEARENAS;30;500665;4519220;0603;G03;
11;19;299;19;VALDEAVELLANO;30;503340;4501550;0603;H03;
11;19;300;19;VALDEAVERUELO;30;474164;4500040;0503;I11;
11;19;301;19;VALDECONCHA;30;510745;4478290;0603;K04;
11;19;302;19;VALDEGRUDAS;30;499526;4507610;0603;H02;
11;19;303;20;VALDELCUBO;30;527271;4564250;0603;B05;
11;19;304;19;VALDENUÑO FERNÁNDEZ;30;468448;4512230;0503;G10;
11;19;305;20;VALDEPEÑAS DE LA SIERRA;30;466468;4528950;0503;F10;
11;19;306;21;VALDERREBOLLO;30;522521;4517600;0603;G05;
11;19;307;20;VALDESOTOS;30;473163;4536390;0503;E11;
11;19;308;19;VALFERMOSO DE TAJUÑA;30;503500;4496060;0603;I03;
11;19;309;22;VALHERMOSO;30;585319;4514850;0603;G11;
11;19;310;23;VALTABLADO DEL RÍO;30;551276;4507840;0603;H08;
11;19;311;20;VALVERDE DE LOS ARROYOS;30;480370;4553970;0603;C01;
11;19;314;20;VIANA DE JADRAQUE;30;518220;4542060;0603;D04;
11;19;317;23;VILLANUEVA DE ALCORÓN;30;564862;4502500;0603;H09;
11;19;318;21;VILLANUEVA DE ARGECILLA;30;507158;4528070;0603;F03;
11;19;319;19;VILLANUEVA DE LA TORRE;30;474346;4493740;0503;I11;
11;19;321;20;VILLARES DE JADRAQUE;30;497792;4550390;0603;C02;
11;19;322;21;VILLASECA DE HENARES;30;516764;4535100;0603;E04;
11;19;323;19;VILLASECA DE UCEDA;30;471329;4520950;0503;G11;
11;19;324;22;VILLEL DE MESA;30;584224;4553770;0603;C11;
11;19;325;19;VIÑUELAS;30;470692;4515760;0503;G11;
11;19;326;19;YEBES;30;491514;4487830;0603;J02;
11;19;327;19;YEBRA;30;503700;4466970;0603;L03;
11;19;329;21;YÉLAMOS DE ABAJO;30;512331;4496640;0603;I04;
11;19;330;21;YÉLAMOS DE ARRIBA;30;513377;4499930;0603;I04;
11;19;331;19;YUNQUERA DE HENARES;30;485243;4512200;0603;G01;
11;19;332;22;YUNTA, LA;30;612769;4531980;0703;E02;
11;19;333;23;ZAOREJAS;30;568680;4512590;0603;G09;
11;19;334;20;ZARZUELA DE JADRAQUE;30;495303;4545830;0603;D02;
11;19;335;19;ZORITA DE LOS CANES;30;509596;4464290;0603;L03;
11;19;901;20;SEMILLAS;30;489588;4543900;0603;D02;
11;19;999;0;OTRA PROVINCIA;0;0;0;0000;000;
11;45;0;0;INDETERMINADO;;;;0000;000;
11;45;1;29;AJOFRíN;30;415304;4398360;0504;D05;
11;45;2;25;ALAMEDA DE LA SAGRA;30;431621;4428870;0504;A07;
11;45;3;26;ALBARREAL DE TAJO;30;395537;4416400;0504;B03;
11;45;4;26;ALCABÓN;30;383254;4428910;0504;A02;
11;45;5;24;ALCAÑIZO;30;319614;4419560;0404;B07;
11;45;6;27;ALCAUDETE DE LA JARA;30;341520;4404410;0404;C09;
11;45;7;24;ALCOLEA DE TAJO;30;318899;4408810;0404;C06;
11;45;8;26;ALDEA EN CABO;30;374806;4450500;0503;N01;
11;45;9;27;ALDEANUEVA DE BARBARROYA;30;327584;4400030;0404;C07;
11;45;10;27;ALDEANUEVA DE SAN BARTOLOMÉ;30;319368;4390290;0404;E06;
11;45;11;24;ALMENDRAL DE LA CAÑADA;30;351354;4450110;0403;N10;
11;45;12;30;ALMONACID DE TOLEDO;30;427773;4406280;0504;C06;
11;45;13;26;ALMOROX;30;382368;4456220;0503;M02;
11;45;14;25;AÑOVER DE TAJO;30;434658;4426350;0504;A07;
11;45;15;26;ARCICÓLLAR;30;406163;4434600;0503;O04;
11;45;16;25;ARGÉS;30;406538;4408410;0504;C04;
11;45;17;24;AZUTÁN;30;317277;4405140;0404;C06;
11;45;18;26;BARCIENCE;30;394687;4426570;0504;A03;
11;45;19;25;BARGAS;30;408422;4422790;0504;A05;
11;45;20;27;BELVÍS DE LA JARA;30;333982;4402150;0404;C08;
11;45;21;25;BOROX;30;438523;4433950;0503;O07;
11;45;22;24;BUENAVENTURA;30;340533;4448520;0403;N09;
11;45;23;25;BURGUILLOS DE TOLEDO;30;415156;4404160;0504;C05;
11;45;24;26;BURUJÓN;30;389859;4416160;0504;B02;
11;45;25;25;CABAÑAS DE LA SAGRA;30;418925;4428680;0504;A05;
11;45;26;30;CABAÑAS DE YEPES;30;454141;4416280;0504;B09;
11;45;27;30;CABEZAMESADA;30;492280;4408620;0604;C02;
11;45;28;24;CALERA Y CHOZAS;30;327567;4416370;0404;B08;
11;45;29;24;CALERUELA;30;307528;4415960;0404;B05;
11;45;30;24;CALZADA DE OROPESA;30;303458;4428330;0404;B05;
11;45;31;26;CAMARENA;30;405043;4440430;0503;O04;
11;45;32;26;CAMARENILLA;30;407547;4429680;0503;O04;
11;45;33;27;CAMPILLO DE LA JARA, EL;30;323941;4382890;0404;E07;
11;45;34;30;CAMUÑAS;30;458889;4361520;0504;G10;
11;45;35;24;CARDIEL DE LOS MONTES;30;360077;4436790;0403;O10;
11;45;36;26;CARMENA;30;380596;4421040;0504;A02;
11;45;37;26;CARPIO DE TAJO, EL;30;372508;4411910;0504;B01;
11;45;38;25;CARRANQUE;30;421398;4448000;0503;N06;
11;45;39;26;CARRICHES;30;375542;4425200;0504;A01;
11;45;40;26;CASAR DE ESCALONA, EL;30;369524;4434830;0503;O01;
11;45;41;25;CASARRUBIOS DEL MONTE;30;410518;4450650;0503;N05;
11;45;42;25;CASASBUENAS;30;405238;4402620;0504;C04;
11;45;43;24;CASTILLO DE BAYUELA;30;356319;4438050;0403;N10;
11;45;45;24;CAZALEGAS;30;354806;4429410;0403;O10;
11;45;46;24;CEBOLLA;30;366459;4422310;0404;A11;
11;45;47;25;CEDILLO DEL CONDADO;30;420948;4438570;0503;N06;
11;45;48;24;CERRALBOS, LOS;30;364998;4431570;0404;A11;
11;45;49;24;CERVERA DE LOS MONTES;30;344007;4435770;0403;O09;
11;45;50;30;CIRUELOS;30;446178;4422060;0504;A08;
11;45;51;25;COBEJA;30;427202;4429160;0503;O06;
11;45;52;25;COBISA;30;412314;4405750;0504;C05;
11;45;53;30;CONSUEGRA;30;440868;4370460;0504;G08;
11;45;54;30;CORRAL DE ALMAGUER;30;483896;4401350;0604;C01;
11;45;55;25;CUERVA;30;395761;4391110;0504;D03;
11;45;56;25;CHOZAS DE CANALES;30;410737;4440950;0503;O05;
11;45;57;29;CHUECA;30;419385;4398110;0504;D05;
11;45;58;26;DOMINGO PÉREZ;30;371389;4426760;0504;A01;
11;45;59;30;DOSBARRIOS;30;457156;4411160;0504;B09;
11;45;60;26;ERUSTES;30;372156;4423950;0504;A01;
11;45;61;26;ESCALONA;30;381671;4445590;0503;N02;
11;45;62;26;ESCALONILLA;30;385061;4419980;0504;A02;
11;45;63;27;ESPINOSO DEL REY;30;346640;4389650;0404;D09;
11;45;64;25;ESQUIVIAS;30;435892;4440120;0503;O07;
11;45;65;27;ESTRELLA, LA;30;320983;4396140;0404;D07;
11;45;66;26;FUENSALIDA;30;399547;4435940;0503;O03;
11;45;67;25;GÁLVEZ;30;389668;4397510;0504;D03;
11;45;68;26;GARCIOTUM;30;360554;4441900;0403;N10;
11;45;69;26;GERINDOTE;30;391884;4422310;0504;A02;
11;45;70;25;GUADAMUR;30;401949;4408990;0504;C04;
11;45;71;30;GUARDIA, LA;30;454653;4405190;0504;C09;
11;45;72;24;HERENCIAS, LAS;30;341907;4415320;0404;B08;
11;45;73;24;HERRERUELA DE OROPESA;30;308486;4418920;0404;B05;
11;45;74;24;HINOJOSA DE SAN VICENTE;30;351903;4441420;0403;N10;
11;45;75;28;HONTANAR;30;368703;4380690;0504;E01;
11;45;76;26;HORMIGOS;30;376003;4439840;0503;O01;
11;45;77;26;HUECAS;30;397912;4429860;0504;A03;
11;45;78;30;HUERTA DE VALDECARÁBANOS;30;447425;4410370;0504;B08;
11;45;79;24;IGLESUELA, LA;30;351789;4456080;0403;M10;
11;45;80;24;ILLÁN DE VACAS;30;367184;4425760;0404;A11;
11;45;81;25;ILLESCAS;30;428211;4443260;0503;N06;
11;45;82;24;LAGARTERA;30;309280;4428410;0404;B06;
11;45;83;25;LAYOS;30;409641;4403040;0504;C04;
11;45;84;30;LILLO;30;471504;4395140;0504;D11;
11;45;85;25;LOMINCHAR;30;416070;4437900;0503;O05;
11;45;86;24;LUCILLOS;30;361309;4429890;0404;A11;
11;45;87;30;MADRIDEJOS;30;453834;4368850;0504;G09;
11;45;88;25;MAGÁN;30;420509;4424700;0504;A06;
11;45;89;24;MALPICA DE TAJO;30;364876;4416360;0404;B11;
11;45;90;30;MANZANEQUE;30;431938;4388380;0504;E07;
11;45;91;26;MAQUEDA;30;383671;4437580;0503;O02;
11;45;92;29;MARJALIZA;30;416970;4378330;0504;F05;
11;45;93;24;MARRUPE;30;346476;4439580;0403;O09;
11;45;94;30;MASCARAQUE;30;431338;4399910;0504;D07;
11;45;95;26;MATA, LA;30;376213;4420940;0504;A01;
11;45;96;29;MAZARAMBROZ;30;407421;4389310;0504;D05;
11;45;97;24;MEJORADA;30;336453;4431540;0403;O08;
11;45;98;28;MENASALBAS;30;383626;4386280;0504;E02;
11;45;99;26;MÉNTRIDA;30;399391;4454530;0503;M03;
11;45;100;26;MESEGAR DE TAJO;30;371844;4420250;0504;A01;
11;45;101;30;MIGUEL ESTEBAN;30;491201;4374150;0604;F02;
11;45;102;25;MOCEJÓN;30;422408;4420130;0504;A06;
11;45;103;27;MOHEDAS DE LA JARA;30;315736;4385400;0404;E06;
11;45;104;24;MONTEARAGÓN;30;360577;4424350;0404;A11;
11;45;105;24;MONTESCLAROS;30;335548;4439950;0403;N08;
11;45;106;30;MORA;30;436944;4393660;0504;D07;
11;45;107;25;NAMBROCA;30;421474;4406000;0504;C05;
11;45;108;27;NAVA DE RICOMALILLO, LA;30;328804;4390610;0404;D07;
11;45;109;28;NAVAHERMOSA;30;373403;4390680;0504;E01;
11;45;110;24;NAVALCÁN;30;320965;4439860;0403;O07;
11;45;111;24;NAVALMORALEJO;30;318172;4401760;0404;C06;
11;45;112;27;NAVALMORALES, LOS;30;361339;4397340;0404;D10;
11;45;113;27;NAVALUCILLOS, LOS;30;356107;4382080;0404;D10;
11;45;114;24;NAVAMORCUENDE;30;344004;4444870;0403;N09;
11;45;115;30;NOBLEJAS;30;463213;4427500;0504;A10;
11;45;116;25;NOEZ;30;400325;4399320;0504;D03;
11;45;117;26;NOMBELA;30;370164;4443690;0503;N01;
11;45;118;26;NOVÉS;30;392157;4432760;0503;O03;
11;45;119;25;NUMANCIA DE LA SAGRA;30;429502;4436950;0503;O06;
11;45;120;26;NUÑO GÓMEZ;30;362536;4443520;0403;N11;
11;45;121;30;OCAÑA;30;456370;4422180;0504;A09;
11;45;122;25;OLÍAS DEL REY;30;415985;4422640;0504;A05;
11;45;123;30;ONTÍGOLA;30;454533;4428830;0504;A09;
11;45;124;29;ORGAZ;30;423189;4388520;0504;E06;
11;45;125;24;OROPESA;30;311025;4428710;0404;A06;
11;45;126;26;OTERO;30;371490;4431170;0504;A01;
11;45;127;25;PALOMEQUE;30;416738;4441390;0503;N05;
11;45;128;25;PANTOJA;30;429979;4433320;0503;O06;
11;45;129;26;PAREDES DE ESCALONA;30;377565;4452490;0503;M01;
11;45;130;24;PARRILLAS;30;325962;4440320;0403;O07;
11;45;131;26;PELAHUSTÁN;30;364774;4448320;0403;N11;
11;45;132;24;PEPINO;30;347652;4431220;0403;O09;
11;45;133;25;POLÁN;30;393499;4406390;0504;C04;
11;45;134;26;PORTILLO DE TOLEDO;30;393860;4437420;0503;O03;
11;45;135;30;PUEBLA DE ALMORADIEL, LA;30;488509;4382720;0604;E02;
11;45;136;26;PUEBLA DE MONTALBÁN, LA;30;382086;4408500;0504;B02;
11;45;137;24;PUEBLANUEVA, LA;30;354378;4419620;0404;B10;
11;45;138;24;PUENTE DEL ARZOBISPO, EL;30;314021;4408280;0404;C06;
11;45;139;27;PUERTO DE SAN VICENTE;30;321447;4376360;0404;F06;
11;45;140;25;PULGAR;30;400889;4392630;0504;D04;
11;45;141;30;QUERO;30;477712;4374060;0504;F11;
11;45;142;30;QUINTANAR DE LA ORDEN;30;498556;4383300;0604;E02;
11;45;143;26;QUISMONDO;30;387610;4440780;0503;N02;
11;45;144;24;REAL DE SAN VICENTE, EL;30;357549;4447620;0403;N10;
11;45;145;25;RECAS;30;413736;4434040;0503;O05;
11;45;146;27;RETAMOSO DE LA JARA;30;348263;4400800;0404;C09;
11;45;147;26;RIELVES;30;398680;4422450;0504;A03;
11;45;148;27;ROBLEDO DEL MAZO;30;342717;4383090;0404;E08;
11;45;149;30;ROMERAL, EL;30;462571;4397290;0504;D10;
11;45;150;24;SAN BARTOLOMÉ DE LAS ABIERTAS;30;351196;4411280;0404;B10;
11;45;151;28;SAN MARTÍN DE MONTALBÁN;30;377736;4398410;0504;D02;
11;45;152;27;SAN MARTÍN DE PUSA;30;358769;4407850;0404;C11;
11;45;153;28;SAN PABLO DE LOS MONTES;30;386425;4375870;0504;F02;
11;45;154;24;SAN ROMÁN DE LOS MONTES;30;351607;4435170;0403;O10;
11;45;155;27;SANTA ANA DE PUSA;30;353528;4402680;0404;C10;
11;45;156;30;SANTA CRUZ DE LA ZARZA;30;483966;4423230;0604;A01;
11;45;157;26;SANTA CRUZ DEL RETAMAR;30;390805;4447990;0503;N03;
11;45;158;26;SANTA OLALLA;30;377649;4430590;0503;O01;
11;45;159;24;SARTAJADA;30;346599;4452890;0403;M09;
11;45;160;24;SEGURILLA;30;340293;4433700;0403;O09;
11;45;161;25;SESEÑA;30;443359;4438390;0503;O08;
11;45;162;27;SEVILLEJA DE LA JARA;30;332032;4377580;0404;E08;
11;45;163;29;SONSECA;30;414763;4388740;0504;D05;
11;45;164;24;SOTILLO DE LAS PALOMAS;30;342545;4439930;0403;N09;
11;45;165;24;TALAVERA DE LA REINA;30;342199;4424490;0404;A09;
11;45;166;30;TEMBLEQUE;30;453785;4390850;0504;D09;
11;45;167;30;TOBOSO, EL;30;501560;4374380;0604;F03;
11;45;168;25;TOLEDO;30;413236;4414020;0504;B05;
11;45;169;24;TORRALBA DE OROPESA;30;318122;4424800;0404;A06;
11;45;170;27;TORRECILLA DE LA JARA;30;345707;4394090;0404;D09;
11;45;171;26;TORRE DE ESTEBAN HAMBRÁN, LA;30;396450;4447480;0503;N03;
11;45;172;24;TORRICO;30;310871;4411840;0404;B05;
11;45;173;26;TORRIJOS;30;390423;4426970;0504;A03;
11;45;174;25;TOTANÉS;30;395593;4396340;0504;D03;
11;45;175;30;TURLEQUE;30;445325;4383220;0504;E08;
11;45;176;25;UGENA;30;425689;4446740;0503;N06;
11;45;177;30;URDA;30;437210;4357670;0504;G07;
11;45;179;24;VALDEVERDEJA;30;305512;4408650;0404;C05;
11;45;180;25;VALMOJADO;30;406147;4452340;0503;M04;
11;45;181;24;VELADA;30;329251;4433030;0404;A08;
11;45;182;28;VENTAS CON PEÑA AGUILERA, LAS;30;394450;4380760;0504;E03;
11;45;183;25;VENTAS DE RETAMOSA, LAS;30;402771;4445660;0503;N04;
11;45;184;24;VENTAS DE SAN JULIÁN, LAS;30;304921;4430030;0403;O05;
11;45;185;30;VILLACAÑAS;30;468805;4381710;0504;E11;
11;45;186;30;VILLA DE DON FADRIQUE, LA;30;482533;4386700;0604;E01;
11;45;187;30;VILLAFRANCA DE LOS CABALLEROS;30;468387;4367600;0504;G10;
11;45;188;25;VILLALUENGA DE LA SAGRA;30;422366;4431030;0503;O06;
11;45;189;26;VILLAMIEL DE TOLEDO;30;403556;4426510;0504;A04;
11;45;190;30;VILLAMINAYA;30;424730;4396590;0504;D06;
11;45;191;30;VILLAMUELAS;30;437352;4406710;0504;C07;
11;45;192;30;VILLANUEVA DE ALCARDETE;30;498008;4392590;0604;D02;
11;45;193;30;VILLANUEVA DE BOGAS;30;444278;4397620;0504;D08;
11;45;194;27;VILLAREJO DE MONTALBÁN;30;367405;4403700;0404;C11;
11;45;195;30;VILLARRUBIA DE SANTIAGO;30;471919;4428220;0504;A10;
11;45;196;25;VILLASECA DE LA SAGRA;30;426267;4424560;0504;A06;
11;45;197;30;VILLASEQUILLA;30;439652;4413020;0504;B07;
11;45;198;30;VILLATOBAS;30;472549;4414220;0504;B11;
11;45;199;25;VISO DE SAN JUAN, EL;30;416060;4445280;0503;N06;
11;45;200;29;YEBENES, LOS;30;420124;4364590;0504;E06;
11;45;201;25;YELES;30;432835;4441620;0503;N07;
11;45;202;30;YEPES;30;441427;4418670;0504;B08;
11;45;203;25;YUNCLER;30;423088;4434220;0503;O06;
11;45;204;25;YUNCLILLOS;30;414884;4430490;0503;O05;
11;45;205;25;YUNCOS;30;424288;4438150;0503;O06;
11;45;901;26;SANTO DOMINGO-CAUDILLA;30;385947;4430450;0503;O02;
11;45;999;0;OTRA PROVINCIA;0;0;0;0000;000;
12;35;0;3500;INDETERMINADO;;;;0000;000;
12;35;1;3503;AGAETE;30;431476;3105090;1105;J04;
12;35;2;3503;AGÜIMES;30;455032;3085670;1105;L06;
12;35;3;3501;ANTIGUA;30;602858;3139490;1205;L07;
12;35;4;3502;ARRECIFE;30;639827;3206460;1205;F12;
12;35;5;3503;ARTENARA;30;431524;3099510;1105;K04;
12;35;6;3503;ARUCAS;30;448685;3110620;1105;I05;
12;35;7;3501;BETANCURIA;30;589419;3145690;1205;L07;
12;35;8;3503;FIRGAS;30;445198;3109290;1105;J05;
12;35;9;3503;GÁLDAR;30;435082;3109570;1105;I04;
12;35;10;3502;HARIA;30;648315;3226900;1205;D12;
12;35;11;3503;INGENIO;30;456442;3089580;1105;L05;
12;35;12;3503;MOGÁN;30;429469;3081670;1105;L03;
12;35;13;3503;MOYA;30;441836;3107090;1105;J05;
12;35;14;3501;OLIVA, LA;30;605096;3169890;1205;J08;
12;35;15;3501;PÁJARA;30;574490;3120220;1205;M06;
12;35;16;3503;PALMAS DE GRAN CANARIA, LAS;30;455255;3107370;1105;J06;
12;35;17;3501;PUERTO DEL ROSARIO;30;602698;3154210;1205;K09;
12;35;18;3502;SAN BARTOLOMÉ;30;634856;3207720;1205;F11;
12;35;19;3503;SAN BARTOLOMÉ DE TIRAJANA;30;442660;3079710;1105;L05;
12;35;20;3503;ALDEA DE SAN NICOLÁS, LA;30;422563;3091900;1105;K03;
12;35;21;3503;SANTA BRÍGIDA;30;451292;3101050;1105;J06;
12;35;22;3503;SANTA LUCÍA DE TIRAJANA;30;451906;3082890;1105;L05;
12;35;23;3503;STA MARÍA GUIA DE GRAN CANARIA;30;439289;3110190;1105;I04;
12;35;24;3502;TEGUISE;30;641370;3219330;1205;E12;
12;35;25;3503;TEJEDA;30;435133;3093900;1105;K04;
12;35;26;3503;TELDE;30;457778;3095410;1105;K06;
12;35;27;3503;TEROR;30;446921;3103930;1105;J05;
12;35;28;3502;TÍAS;30;630360;3203880;1205;F11;
12;35;29;3502;TINAJO;30;625771;3213750;1205;E10;
12;35;30;3501;TUINEJE;30;593739;3127710;1205;M07;
12;35;31;3503;VALSEQUILLO DE GRAN CANARIA;30;449995;3095620;1105;K06;
12;35;32;3503;VALLESECO;30;442703;3102230;1105;J05;
12;35;33;3503;VEGA DE SAN MATEO;30;445004;3097340;1105;K05;
12;35;34;3502;YAIZA;30;618431;3201450;1205;F10;
12;38;0;3800;INDETERMINADO;;;;0000;000;
12;38;1;3807;ADEJE;30;330701;3113950;1005;I08;
12;38;2;3804;AGULO;30;281608;3117910;1005;H03;
12;38;3;3804;ALAJERÓ;30;279251;3105340;1005;J03;
12;38;4;3807;ARAFO;30;359497;3136880;1005;G11;
12;38;5;3807;ARICO;30;352356;3119450;1005;I10;
12;38;6;3807;ARONA;30;335272;3104450;1005;J08;
12;38;7;3806;BARLOVENTO;30;224565;3190150;0905;A09;
12;38;8;3806;BREÑA ALTA;30;226009;3173160;0905;C09;
12;38;9;3806;BREÑA BAJA;30;227172;3170340;0905;C09;
12;38;10;3807;BUENAVISTA DEL NORTE;30;317387;3135750;1005;G06;
12;38;11;3807;CANDELARIA;30;363579;3140180;1005;G11;
12;38;12;3807;FASNIA;30;356082;3125740;1005;H10;
12;38;13;3805;FRONTERA;30;199651;3070100;0905;M07;
12;38;14;3806;FUENCALIENTE DE LA PALMA;30;221392;3156870;0905;E09;
12;38;15;3807;GARACHICO;30;328290;3135290;1005;G07;
12;38;16;3806;GARAFÍA;30;215701;3189530;0905;A08;
12;38;17;3807;GRANADILLA DE ABONA;30;346380;3110620;1005;I09;
12;38;18;3807;GUANCHA, LA;30;338639;3137410;1005;G08;
12;38;19;3807;GUÍA DE ISORA;30;327427;3122870;1005;H07;
12;38;20;3807;GÜÍMAR;30;359537;3130730;1005;G11;
12;38;21;3804;HERMIGUA;30;284193;3115480;1005;I03;
12;38;22;3807;ICOD DE LOS VINOS;30;333981;3135020;1005;G08;
12;38;23;3807;SAN CRISTÓBAL DE LA LAGUNA;30;370200;3154460;1005;E12;
12;38;24;3806;LLANOS DE ARIDANE, LOS;30;216205;3168960;0905;C08;
12;38;25;3807;MATANZA DE ACENTEJO, LA;30;358770;3146890;1005;F10;
12;38;26;3807;OROTAVA, LA;30;345363;3131340;1005;F10;
12;38;27;3806;PASO, EL;30;219737;3174260;0905;C08;
12;38;28;3807;PUERTO DE LA CRUZ;30;348427;3143330;1005;F09;
12;38;29;3806;PUNTAGORDA;30;210440;3185260;0905;B07;
12;38;30;3806;PUNTALLANA;30;229893;3182580;0905;B10;
12;38;31;3807;REALEJOS, LOS;30;344578;3137500;1005;F09;
12;38;32;3807;ROSARIO, EL;30;366912;3145640;1005;F11;
12;38;33;3806;SAN ANDRÉS Y SAUCES;30;226704;3186460;0905;B09;
12;38;34;3807;SAN JUAN DE LA RAMBLA;30;340746;3137610;1005;F08;
12;38;35;3807;SAN MIGUEL DE ABONA;30;340609;3106080;1005;J09;
12;38;36;3804;SAN SEBASTIÁN DE LA GOMERA;30;287174;3109750;1005;J04;
12;38;37;3806;SANTA CRUZ DE LA PALMA;30;226461;3178820;0905;C10;
12;38;38;3807;SANTA CRUZ DE TENERIFE;30;380072;3155190;1005;F12;
12;38;39;3807;SANTA ÚRSULA;30;355298;3143170;1005;F10;
12;38;40;3807;SANTIAGO DEL TEIDE;30;323833;3129370;1005;G07;
12;38;41;3807;SAUZAL, EL;30;360576;3148570;1005;E10;
12;38;42;3807;SILOS, LOS;30;322010;3137550;1005;G07;
12;38;43;3807;TACORONTE;30;362908;3151290;1005;E11;
12;38;44;3807;TANQUE, EL;30;325429;3135250;1005;G07;
12;38;45;3806;TAZACORTE;30;214037;3169920;0905;C08;
12;38;46;3807;TEGUESTE;30;369295;3155550;1005;E11;
12;38;47;3806;TIJARAFE;30;212216;3179550;0905;C08;
12;38;48;3805;VALVERDE;30;209897;3076930;0905;M08;
12;38;49;3804;VALLE GRAN REY;30;272222;3113140;1005;I02;
12;38;50;3804;VALLEHERMOSO;30;275653;3115130;1005;I02;
12;38;51;3807;VICTORIA DE ACENTEJO, LA;30;358192;3144430;1005;F10;
12;38;52;3807;VILAFLOR;30;338247;3115540;1005;I08;
12;38;53;3806;VILLA DE MAZO;30;226412;3164640;0905;D09;
12;38;901;3805;El Pinar de El Hierro;28;205926;3066096;0905;N07;
13;31;0;3100;INDETERMINADO;;;;0000;000;
13;31;1;3104;ABÁIGAR;30;570798;4721800;0601;O10;
13;31;2;3104;ABÁRZUZA;30;578870;4732890;0601;N11;
13;31;3;3102;ABAURREGAINA/ABURREA ALTA;30;646967;4751140;0701;L06;
13;31;4;3102;ABAURREPEA/ABURREA BAJA;30;646425;4752840;0701;L06;
13;31;5;3105;ABERIN;30;583021;4718760;0602;A11;
13;31;6;3105;ABLITAS;30;617295;4646670;0702;H02;
13;31;7;3104;ADIÓS;30;603740;4727920;0701;O02;
13;31;8;3104;AGUILAR DE CODÉS;30;550528;4717890;0602;A08;
13;31;9;3104;OIBAR/AIBAR;30;635065;4717150;0702;A04;
13;31;10;3101;ALTSASU/ALSASUA;30;566794;4751630;0601;M09;
13;31;11;3104;ALLÍN;30;575095;4729520;0601;O10;
13;31;12;3105;ALLO;30;581337;4710510;0602;A11;
13;31;13;3104;AMÉSCOA BAJA;30;570690;4735140;0601;N10;
13;31;14;3104;ANCÍN/ANTZIN;30;566860;4723950;0601;O09;
13;31;15;3105;ANDOSILLA;30;586813;4693120;0602;C11;
13;31;16;3103;ANSOÁIN/ANTSOAIN;30;610938;4743890;0701;M03;
13;31;17;3101;ANUE;30;615129;4758740;0701;L03;
13;31;18;3104;AÑORBE;30;604406;4721490;0701;O02;
13;31;19;3102;AGOITZ/AOIZ;30;634503;4738750;0701;N05;
13;31;20;3101;ARAITZ;30;581458;4765270;0601;K11;
13;31;21;3104;ARANARACHE/ARANARATXE;30;562871;4735130;0601;N09;
13;31;22;3101;ARANTZA;30;602527;4783060;0701;I02;
13;31;23;3103;ARANGUREN;30;617099;4736850;0701;N03;
13;31;24;3101;ARANO;30;589630;4783310;0601;I11;
13;31;25;3101;ARAKIL;30;592519;4751690;0701;L01;
13;31;26;3104;ARAS;30;552716;4712960;0602;A08;
13;31;27;3101;ARBIZU;30;578435;4753920;0601;L10;
13;31;28;3102;ARTZI/ARCE;30;634970;4748470;0701;M05;
13;31;29;3105;ARCOS, LOS;30;566656;4710640;0602;A09;
13;31;30;3105;ARELLANO;30;577152;4714600;0602;A10;
13;31;31;3101;ARESO;30;585127;4770260;0601;J11;
13;31;32;3105;ARGUEDAS;30;617948;4671670;0702;E02;
13;31;33;3102;ARIA;30;640756;4758840;0701;L06;
13;31;34;3102;ARIBE;30;641490;4755960;0701;L06;
13;31;35;3105;ARMAÑANZAS;30;558500;4710700;0602;A08;
13;31;36;3105;ARRÓNIZ;30;573564;4711710;0602;A10;
13;31;37;3101;ARRUAZU;30;581521;4753960;0601;L11;
13;31;38;3105;ARTAJONA;30;601927;4715410;0702;A01;
13;31;39;3104;ARTAZU;30;595031;4726860;0701;O01;
13;31;40;3101;ATEZ;30;605106;4755960;0701;L02;
13;31;41;3104;AYEGUI/AIEGI;30;578258;4722410;0601;O10;
13;31;42;3105;AZAGRA;30;592857;4683890;0602;D12;
13;31;43;3104;AZUELO;30;553442;4717370;0602;A08;
13;31;44;3101;BAKAIKU;30;572902;4750960;0601;M10;
13;31;45;3104;BARÁSOAIN;30;609128;4718800;0702;A02;
13;31;46;3105;BARBARIN;30;571211;4714820;0602;A10;
13;31;47;3105;BARGOTA;30;556940;4709680;0602;A08;
13;31;48;3105;BARILLAS;30;611021;4647690;0702;H02;
13;31;49;3101;BASABURUA;30;597400;4764650;0701;K01;
13;31;50;3101;BAZTAN;30;621531;4779700;0701;J04;
13;31;51;3105;BEIRE;30;615293;4702400;0702;B02;
13;31;52;3104;BELASCOÁIN;30;595848;4733790;0701;N01;
13;31;53;3105;BERBINZANA;30;595377;4708290;0602;B12;
13;31;54;3101;BERTIZARANA;30;612457;4778000;0701;J03;
13;31;55;3101;BETELU;30;583512;4763420;0601;K11;
13;31;56;3103;BIURRUN-OLCOZ;30;608315;4726110;0701;O02;
13;31;57;3105;BUÑUEL;30;628351;4648170;0702;H03;
13;31;58;3102;AURITZ/BURGUETE;30;635553;4761290;0701;K05;
13;31;59;3102;BURGI/BURGUI;30;664222;4733770;0701;N08;
13;31;60;3103;BURLATA/BURLADA;30;613271;4742440;0701;M03;
13;31;61;3105;BUSTO, EL;30;562633;4710050;0602;A09;
13;31;62;3105;CABANILLAS;30;622289;4656510;0702;G03;
13;31;63;3104;CABREDO;30;547292;4720620;0602;A07;
13;31;64;3105;CADREITA;30;608621;4676060;0702;E01;
13;31;65;3105;CAPARROSO;30;610704;4686840;0702;D02;
13;31;66;3105;CÁRCAR;30;583931;4696510;0602;C11;
13;31;67;3105;CARCASTILLO;30;630752;4690360;0702;C03;
13;31;68;3105;CASCANTE;30;606989;4652090;0702;G01;
13;31;69;3104;CÁSEDA;30;634402;4703620;0702;B04;
13;31;70;3105;CASTEJÓN;30;609553;4668740;0702;F01;
13;31;71;3102;CASTILLONUEVO;30;658389;4725780;0701;O08;
13;31;72;3105;CINTRUÉNIGO;30;599852;4658080;0602;G12;
13;31;73;3101;ZIORDIA;30;563080;4748360;0601;M09;
13;31;74;3105;CIRAUQUI/ZIRAUKI;30;590358;4723920;0701;O01;
13;31;75;3103;CIRIZA;30;596146;4738580;0701;N01;
13;31;76;3103;CIZUR;30;603146;4735350;0701;N02;
13;31;77;3105;CORELLA;30;600246;4663330;0702;F01;
13;31;78;3105;CORTES;30;629098;4644340;0702;H04;
13;31;79;3104;DESOJO;30;560227;4715460;0602;A08;
13;31;80;3105;DICASTILLO;30;578870;4712830;0602;A10;
13;31;81;3101;DONAMARIA;30;608900;4771880;0701;J02;
13;31;82;3101;ETXALAR;30;612263;4787880;0701;I03;
13;31;83;3103;ECHARRI;30;596084;4737340;0701;N01;
13;31;84;3101;ETXARRI-ARANATZ;30;575249;4752700;0601;L10;
13;31;85;3103;ETXAURI;30;597712;4739590;0701;N01;
13;31;86;3103;EGÜÉS;30;618658;4742430;0701;M03;
13;31;87;3101;ELGORRIAGA;30;606678;4777240;0701;J02;
13;31;88;3103;NOÁIN (ELORTZIBAR);30;615504;4731710;0701;N03;
13;31;89;3104;ENÉRIZ/ENERITZ;30;602989;4724540;0701;O02;
13;31;90;3101;ERATSUN;30;597368;4773500;0701;J01;
13;31;91;3101;ERGOIENA;30;579827;4750120;0601;M10;
13;31;92;3102;ERRO;30;628277;4759100;0701;L04;
13;31;93;3102;EZKAROZE/EZCÁROZ;30;657916;4751240;0701;L07;
13;31;94;3104;ESLAVA;30;626474;4714170;0702;A03;
13;31;95;3102;ESPARZA DE SALAZAR;30;656127;4747130;0701;M07;
13;31;96;3104;ESPRONCEDA;30;557314;4716490;0602;A08;
13;31;97;3104;LIZARRA/ESTELLA;30;579868;4724490;0601;O10;
13;31;98;3102;ESTERIBAR;30;620294;4755910;0701;L03;
13;31;99;3104;ETAYO;30;567845;4718160;0602;A09;
13;31;100;3104;EULATE;30;564795;4735090;0601;N09;
13;31;101;3103;EZCABARTE;30;611701;4747430;0701;M03;
13;31;102;3101;EZKURRA;30;594660;4772660;0701;J01;
13;31;103;3104;EZPROGUI;30;626811;4718720;0702;A03;
13;31;104;3105;FALCES;30;597980;4697300;0602;C12;
13;31;105;3105;FITERO;30;594085;4655560;0602;G12;
13;31;106;3105;FONTELLAS;30;618675;4651920;0702;G02;
13;31;107;3105;FUNES;30;598517;4682830;0602;D12;
13;31;108;3105;FUSTIÑANA;30;628931;4654990;0702;G03;
13;31;109;3103;GALAR;30;608641;4733630;0701;N03;
13;31;110;3104;GALLIPIENZO/GALIPENTZU;30;630150;4706420;0702;B04;
13;31;111;3102;GALOZE/GALLUÉS;30;655214;4739820;0701;N07;
13;31;112;3102;GARAIOA;30;643175;4753430;0701;L06;
13;31;113;3102;GARDE;30;672130;4738970;0701;N09;
13;31;114;3104;GARÍNOAIN;30;609784;4716850;0702;A02;
13;31;115;3102;GARRALDA;30;638396;4757490;0701;L05;
13;31;116;3104;GENEVILLA;30;549448;4722140;0601;O07;
13;31;117;3101;GOIZUETA;30;595241;4782680;0701;I01;
13;31;118;3104;GOÑI;30;590345;4742780;0701;M01;
13;31;119;3102;GORZA/GÜESA;30;658323;4742770;0701;M07;
13;31;120;3104;GUESÁLAZ/GESALATZ;30;588279;4735320;0601;N11;
13;31;121;3104;GUIRGUILLANO;30;593140;4730670;0701;N01;
13;31;122;3103;UHARTE/HUARTE;30;615071;4743080;0701;M03;
13;31;123;3101;UHARTE-ARAKIL;30;584895;4753470;0601;L11;
13;31;124;3104;IBARGOITI;30;626628;4725970;0701;O04;
13;31;125;3104;IGÚZQUIZA;30;574534;4721420;0601;O10;
13;31;126;3101;IMOTZ;30;598447;4756820;0701;L01;
13;31;127;3101;IRAÑETA;30;586918;4751970;0601;L11;
13;31;128;3102;IZABA/ISABA;30;675173;4752610;0701;M08;
13;31;129;3101;ITUREN;30;604163;4776950;0701;J02;
13;31;130;3101;ITURMENDI;30;571487;4750950;0601;M10;
13;31;131;3103;IZA/ITZA;30;600262;4749060;0701;M02;
13;31;132;3102;IZAGAONDOA;30;629622;4732210;0701;N04;
13;31;133;3102;ITZALTZU/IZALZU;30;660375;4754840;0701;L07;
13;31;134;3102;JAURRIETA;30;651007;4751450;0701;L07;
13;31;135;3104;JAVIER;30;640632;4707380;0702;A05;
13;31;136;3103;JUSLAPEÑA;30;605791;4751000;0701;L02;
13;31;137;3101;BEINTZA-LABAIEN;30;601321;4772690;0701;J02;
13;31;138;3101;LAKUNTZA;30;580271;4754140;0601;L10;
13;31;139;3104;LANA;30;562666;4729480;0601;O09;
13;31;140;3101;LANTZ;30;613413;4762890;0701;K03;
13;31;141;3104;LAPOBLACIÓN;30;544188;4716620;0602;A07;
13;31;142;3105;LARRAGA;30;593315;4711560;0602;A12;
13;31;143;3104;LARRAONA;30;560853;4735900;0601;N09;
13;31;144;3101;LARRAUN;30;589237;4761640;0701;K01;
13;31;145;3105;LAZAGURRÍA;30;563322;4704830;0602;B09;
13;31;146;3104;LEACHE;30;630297;4719470;0702;A04;
13;31;147;3104;LEGARDA;30;600193;4730510;0701;O02;
13;31;148;3104;LEGARIA;30;567324;4721700;0601;O09;
13;31;149;3101;LEITZA;30;590200;4773110;0601;J11;
13;31;150;3104;LEOZ/LEOTZ;30;618258;4717560;0701;O03;
13;31;151;3104;LERGA;30;623310;4713490;0702;A03;
13;31;152;3105;LERÍN;30;585646;4703650;0602;B11;
13;31;153;3101;LESAKA;30;602531;4790500;0701;I02;
13;31;154;3104;LEZÁUN;30;581271;4738510;0601;N11;
13;31;155;3104;LIÉDANA;30;642605;4719690;0701;O06;
13;31;156;3102;LIZOÁIN-ARRIASGOITI;30;625368;4743310;0701;M04;
13;31;157;3105;LODOSA;30;576150;4695240;0602;C10;
13;31;158;3102;LÓNGIDA/LONGUIDA;30;634308;4738090;0701;N05;
13;31;159;3102;LUMBIER;30;640388;4723320;0701;O05;
13;31;160;3105;LUQUIN;30;571303;4714120;0602;A10;
13;31;161;3105;MAÑERU;30;593681;4723350;0701;O01;
13;31;162;3104;MARAÑÓN;30;545682;4718880;0602;A07;
13;31;163;3105;MARCILLA;30;605312;4688760;0702;D01;
13;31;164;3105;MÉLIDA;30;621337;4689460;0702;C02;
13;31;165;3105;MENDAVIA;30;566186;4700550;0602;C09;
13;31;166;3104;MENDAZA;30;561767;4722880;0601;O09;
13;31;167;3105;MENDIGORRÍA;30;595206;4718560;0701;O01;
13;31;168;3104;METAUTEN;30;572125;4726110;0601;O10;
13;31;169;3105;MILAGRO;30;601929;4676930;0702;E01;
13;31;170;3104;MIRAFUENTES;30;558999;4719180;0602;A08;
13;31;171;3105;MIRANDA DE ARGA;30;596212;4704160;0602;B12;
13;31;172;3104;MONREAL;30;620836;4729200;0701;O04;
13;31;173;3105;MONTEAGUDO;30;607434;4647230;0702;H01;
13;31;174;3105;MORENTÍN;30;582471;4716920;0602;A11;
13;31;175;3104;MUES;30;562929;4716800;0602;A09;
13;31;176;3105;MURCHANTE;30;610262;4655650;0702;G02;
13;31;177;3104;MURIETA;30;569745;4723700;0601;O09;
13;31;178;3105;MURILLO EL CUENDE;30;615444;4689140;0702;C02;
13;31;179;3105;MURILLO EL FRUTO;30;625999;4695560;0702;C03;
13;31;180;3104;MURUZÁBAL;30;601451;4727300;0701;O02;
13;31;181;3102;NAVASCUÉS;30;654385;4732690;0701;N07;
13;31;182;3104;NAZAR;30;559271;4721280;0601;O08;
13;31;183;3104;OBANOS;30;599656;4724190;0701;O02;
13;31;184;3104;OCO;30;568733;4721160;0601;O09;
13;31;185;3102;OCHAGAVÍA;30;656447;4758610;0701;L07;
13;31;186;3101;ODIETA;30;610537;4754350;0701;L03;
13;31;187;3101;OITZ;30;606594;4771920;0701;J02;
13;31;188;3101;OLAIBAR;30;614156;4750520;0701;M03;
13;31;189;3101;OLAZTI/OLAZAGUTÍA;30;565352;4748780;0601;M09;
13;31;190;3104;OLEJUA;30;570549;4719660;0602;A10;
13;31;191;3105;OLITE/ERRIBERI;30;609042;4700200;0702;B02;
13;31;192;3104;OLÓRIZ/OLORITZ;30;614938;4722240;0701;O03;
13;31;193;3103;OLZA;30;601018;4741780;0701;M01;
13;31;194;3103;OLLO;30;593930;4746140;0701;M01;
13;31;195;3102;ORBAITZETA;30;645664;4763380;0701;L06;
13;31;196;3102;ORBARA;30;642565;4759610;0701;L06;
13;31;197;3104;ORÍSOAIN;30;615327;4717410;0702;A02;
13;31;198;3102;ORONZ;30;657282;4748990;0701;M07;
13;31;199;3102;OROZ-BETELU/OROTZ-BETELU;30;638474;4752000;0701;L05;
13;31;200;3105;OTEIZA;30;586669;4714850;0602;A11;
13;31;201;3103;IRUÑA/PAMPLONA;30;610261;4741330;0701;M03;
13;31;202;3105;PERALTA/AZKOIEN;30;598715;4690270;0602;D12;
13;31;203;3104;PETILLA DE ARAGÓN;30;655410;4701290;0702;B06;
13;31;204;3104;PIEDRAMILLERA;30;564817;4718720;0601;O09;
13;31;205;3105;PITILLAS;30;616655;4698180;0702;C02;
13;31;206;3104;GARES/PUENTE LA REINA;30;597028;4727770;0701;O01;
13;31;207;3104;PUEYO;30;610247;4713830;0702;A02;
13;31;208;3105;RIBAFORADA;30;622664;4648980;0702;G03;
13;31;209;3102;ROMANZADO;30;647893;4727580;0701;O06;
13;31;210;3102;ERRONKARI/RONCAL;30;667408;4741390;0701;M08;
13;31;211;3102;ORREAGA/RONCESVALLES;30;638001;4764000;0701;K05;
13;31;212;3104;SADA;30;631991;4714740;0702;A04;
13;31;213;3101;SALDÍAS;30;599743;4771360;0701;J01;
13;31;214;3104;SALINAS DE ORO/JAITZ;30;591630;4737040;0701;N01;
13;31;215;3105;SAN ADRIÁN;30;589045;4688900;0602;D11;
13;31;216;3104;ZANGOZA/SANGÜESA;30;641912;4714650;0702;A05;
13;31;217;3104;SAN MARTÍN DE UNX;30;617334;4708470;0702;B02;
13;31;219;3105;SANSOL;30;561451;4710120;0602;A09;
13;31;220;3105;SANTACARA;30;619487;4694210;0702;C02;
13;31;221;3101;DONEZTEBE/SANTESTEBAN;30;608339;4776990;0701;J02;
13;31;222;3102;SARTZE/SARRIÉS;30;654953;4745070;0701;M07;
13;31;223;3105;SARTAGUDA;30;578970;4693250;0602;C10;
13;31;224;3105;SESMA;30;575151;4702660;0602;B10;
13;31;225;3104;SORLADA;30;564491;4718220;0602;A09;
13;31;226;3101;SUNBILLA;30;608036;4780470;0701;I02;
13;31;227;3105;TAFALLA;30;606105;4708070;0702;B01;
13;31;228;3103;TIEBAS-MURUARTE DE RETA;30;611512;4727200;0701;O03;
13;31;229;3104;TIRAPU;30;607247;4722660;0701;O02;
13;31;230;3104;TORRALBA DEL RÍO;30;555806;4719330;0602;A08;
13;31;231;3105;TORRES DEL RÍO;30;559956;4708030;0602;A08;
13;31;232;3105;TUDELA;30;612129;4659850;0702;G02;
13;31;233;3105;TULEBRAS;30;609053;4648930;0702;H01;
13;31;234;3104;UCAR;30;606094;4727020;0701;O02;
13;31;235;3104;UJUÉ;30;624085;4703820;0702;B03;
13;31;236;3101;ULTZAMA;30;607193;4762950;0701;L02;
13;31;237;3104;UNCITI;30;624602;4732030;0701;N04;
13;31;238;3104;UNZUÉ;30;612877;4724560;0701;O03;
13;31;239;3101;URDAZUBI/URDAX;30;620938;4792810;0701;H04;
13;31;240;3101;URDIAIN;30;569912;4750900;0601;M10;
13;31;241;3102;URRAUL ALTO;30;645151;4739430;0701;N06;
13;31;242;3102;URRAUL BAJO;30;637119;4728020;0701;O05;
13;31;243;3102;URROZ-VILLA;30;626582;4737630;0701;N04;
13;31;244;3101;URROTZ;30;605004;4771430;0701;J02;
13;31;245;3102;URZAINQUI;30;669165;4744740;0701;M08;
13;31;246;3104;UTERGA;30;602442;4730140;0701;O02;
13;31;247;3102;UZTARROZE/UZTÁRROZ;30;666713;4753590;0701;L08;
13;31;248;3102;LUZAIDE/VALCARLOS;30;637369;4769620;0701;J05;
13;31;249;3105;VALTIERRA;30;614414;4674940;0702;E02;
13;31;250;3101;BERA;0;0;0;0701;H02;
13;31;251;3105;VIANA;30;552811;4706390;0602;B08;
13;31;252;3102;BIDANKOZE/VIDÁNGOZ;30;663001;4742630;0701;M08;
13;31;253;3103;BIDAURRETA;30;594794;4735930;0701;N01;
13;31;254;3105;VILLAFRANCA;30;605247;4681180;0702;D01;
13;31;255;3104;VILLAMAYOR DE MONJARDÍN;30;571592;4718470;0601;O10;
13;31;256;3102;HIRIBERRI/VILLANUEVA DE AEZKOA;30;646105;4757000;0701;L06;
13;31;257;3105;VILLATUERTA;30;586008;4721450;0601;O11;
13;31;258;3103;ATARRABIA/VILLAVA;30;613521;4743530;0701;M03;
13;31;259;3101;IGANTZI;30;606517;4786180;0701;I02;
13;31;260;3104;YERRI;30;582837;4730450;0601;N11;
13;31;261;3104;YESA;30;648350;4721160;0701;O06;
13;31;262;3103;ZABALZA/ZABALTZA;30;598289;4735770;0701;N01;
13;31;263;3101;ZUBIETA;30;601328;4776170;0701;J02;
13;31;264;3101;ZUGARRAMURDI;30;618371;4791980;0701;H03;
13;31;265;3104;ZÚÑIGA;30;558141;4726760;0601;O08;
13;31;701;3104;SIERRA DE LÓQUIZ;0;568865;4728505;0601;O09;
13;31;702;3102;FACERÍA 2;0;0;0;0701;L06;
13;31;704;3101;SIERRA DE ARALAR;30;581264;4758832;0601;L11;
13;31;706;3101;SIERRA DE ANDÍA;0;584080;4743537;0601;M11;
13;31;707;3101;SIERRA DE URBASA;0;568552;4741687;0601;M10;
13;31;709;3102;FACERÍA 9;0;0;0;0701;L08;
13;31;710;3102;FACERÍA 10;0;0;0;0701;L07;
13;31;711;3102;FACERÍA 11;0;0;0;0701;O06;
13;31;714;3102;FACERÍA 14;0;0;0;0701;O05;
13;31;715;3102;FACERÍA 15;0;0;0;0701;O06;
13;31;716;3102;FACERÍA 16;0;0;0;0701;L06;
13;31;718;3102;FACERÍA DE REMENDIA;0;0;0;0701;M06;
13;31;721;3104;FACERÍA 21;0;0;0;0601;O10;
13;31;722;3104;FACERÍA 22;0;0;0;0601;N10;
13;31;723;3104;MONTE COMÚN DE LAS AMESCOAS;0;0;0;0601;N09;
13;31;724;3104;FACERÍA 24;0;0;0;0601;N10;
13;31;726;3104;FACERÍA 26;0;0;0;0601;N09;
13;31;728;3104;FACERÍA 28;0;0;0;0601;N09;
13;31;729;3105;FACERO ARAMBELZA;0;0;0;0602;A10;
13;31;730;3105;FACERÍA 30;0;0;0;0602;A10;
13;31;731;3105;COMUNIDAD DE BARBARÍN Y OLEJUA;0;0;0;0602;A10;
13;31;732;3105;FACERÍA 32;0;0;0;0602;A10;
13;31;735;3103;FACERÍA 35;0;0;0;0701;M01;
13;31;736;3104;FACERÍA 36;0;0;0;0601;O09;
13;31;737;3104;FACERÍA 37;0;0;0;0601;O08;
13;31;738;3104;FACERÍA 38;0;0;0;0601;O09;
13;31;739;3104;FACERÍA 39;0;0;0;0601;N08;
13;31;740;3104;FACERÍA 40;0;0;0;0601;N08;
13;31;741;3104;FACERÍA 41;0;0;0;0601;N08;
13;31;742;3104;FACERÍA 42;0;0;0;0601;N09;
13;31;743;3104;FACERÍA 43;0;0;0;0601;N11;
13;31;744;3105;FACERÍA 44;0;0;0;0601;O11;
13;31;745;3104;FACERÍA 45;0;0;0;0601;N08;
13;31;746;3101;FACERÍA DE SUARBE Y BEUNTZA;0;0;0;0701;L02;
13;31;749;3103;FACERÍA DE ARISTREGUI Y SARASA;0;0;0;0701;M02;
13;31;750;3103;FACERÍA 50;0;0;0;0701;M02;
13;31;752;3101;FACERÍA 52;0;0;0;0701;L02;
13;31;753;3101;FACERO ALDAPE;0;0;0;0601;L11;
13;31;755;3104;FACERÍA 55;0;0;0;0701;N01;
13;31;756;3104;FACERÍA 56;0;0;0;0701;N01;
13;31;761;3103;FACERÍA DE ANEZCAR Y SARASA;0;0;0;0701;M02;
13;31;762;3103;FACERÍA DE BERRIOSUSO,CI.Y OR.;0;0;0;0701;M02;
13;31;763;3101;FACERÍA 63;0;0;0;0701;L01;
13;31;765;3104;FACERÍA 65;0;0;0;0601;O08;
13;31;767;3105;FACERO MONTEJURRA DE AZ. Y UR.;0;0;0;0602;A10;
13;31;770;3104;FACERÍA 70;0;0;0;0602;A07;
13;31;771;3104;FACERÍA 71;0;0;0;0601;O09;
13;31;774;3104;FACERÍA 74;0;0;0;0601;O09;
13;31;776;3104;FACERÍA 76;0;0;0;0601;O09;
13;31;779;3104;FACERÍA 79;0;0;0;0601;O08;
13;31;781;3104;FACERÍA 81;0;0;0;0601;O08;
13;31;782;3104;FACERÍA 82;0;0;0;0601;O08;
13;31;783;3104;FACERÍA 83;0;0;0;0601;O09;
13;31;785;3104;FACERÍA 85;0;0;0;0601;O08;
13;31;786;3101;FACERÍA 86;0;0;0;0701;J02;
13;31;787;3101;FACERÍA 87;0;0;0;0701;I02;
13;31;791;3101;FACERÍA 91;0;0;0;0701;I02;
13;31;792;3104;FACERÍA DE LERGA Y UJUÉ;0;0;0;0702;A03;
13;31;800;3105;BÁRDENAS REALES;0;0;0;0702;D02;
13;31;803;3104;FACERÍA 103;0;0;0;0601;N08;
13;31;804;3104;FACERÍA 104;0;0;0;0601;N10;
13;31;805;3103;FACERÍA 105;0;0;0;0701;M02;
13;31;806;3104;FACERÍA 106;0;0;0;0701;O03;
13;31;817;3105;BÁRDENAS REALES;30;616506;4679989;0702;D02;
13;31;891;3104;FACERÍA 191;0;0;0;0601;N10;
13;31;901;3103;BARAÑAIN;30;607200;4740060;0701;M02;
13;31;902;3103;BERRIOPLANO;30;606067;4746050;0701;M02;
13;31;903;3103;BERRIOZAR;30;608771;4744530;0701;M02;
13;31;904;3101;IRURTZUN;30;596128;4752950;0701;L01;
13;31;905;3103;BERIÁIN;30;611128;4732180;0701;N03;
13;31;906;3103;ORKOIEN;30;605956;4742520;0701;M02;
13;31;907;3103;ZIZUR NAGUSIA/ZIZUR MAYOR;30;607614;4738350;0701;N02;
13;31;908;3101;LEKUNBERRI;30;589444;4762910;0601;K11;
13;31;998;3100;FRANCIA;0;0;0;0000;000;
13;31;999;3100;OTRA PROVINCIA;0;0;0;0000;000;
14;6;0;0;INDETERMINADO;;;;0000;000;
14;6;1;8;ACEDERA;30;275672;4328110;0404;K02;
14;6;2;11;ACEUCHAL;30;196333;4285470;0304;O10;
14;6;3;10;AHILLONES;30;248313;4237400;0305;E14;
14;6;4;11;ALANGE;30;216212;4291520;0304;N12;
14;6;5;11;ALBUERA, LA;30;169867;4291810;0304;O07;
14;6;6;5;ALBURQUERQUE;30;158971;4348360;0304;I06;
14;6;7;11;ALCONCHEL;30;138655;4271460;0305;B04;
14;6;8;10;ALCONERA;30;196514;4256090;0305;C10;
14;6;9;11;ALJUCÉN;30;211637;4328510;0304;K12;
14;6;10;11;ALMENDRAL;30;165860;4280840;0305;A06;
14;6;11;11;ALMENDRALEJO;30;203628;4290120;0304;O11;
14;6;12;11;ARROYO DE SAN SERVÁN;30;200388;4304790;0304;M11;
14;6;13;10;ATALAYA;30;195288;4249420;0305;D10;
14;6;14;10;AZUAGA;30;265728;4240490;0405;E02;
14;6;15;11;BADAJOZ;30;166156;4309750;0304;M06;
14;6;16;11;BARCARROTA;30;161281;4269520;0305;B06;
14;6;17;9;BATERNO;30;335993;4310230;0404;L08;
14;6;18;8;BENQUERENCIA DE LA SERENA;30;286960;4283560;0404;O03;
14;6;19;10;BERLANGA;30;251465;4241980;0405;D01;
14;6;20;10;BIENVENIDA;30;219372;4245720;0305;D12;
14;6;21;10;BODONAL DE LA SIERRA;30;190334;4230120;0305;F09;
14;6;22;10;BURGUILLOS DEL CERRO;30;186630;4254930;0305;C09;
14;6;23;8;CABEZA DEL BUEY;30;302339;4294150;0404;O05;
14;6;24;10;CABEZA LA VACA;30;202163;4222040;0305;G10;
14;6;25;11;CALAMONTE;30;206631;4308480;0304;M11;
14;6;26;10;CALERA DE LEóN;30;207266;4219320;0305;F11;
14;6;27;10;CALZADILLA DE LOS BARROS;30;210520;4246310;0305;D11;
14;6;28;8;CAMPANARIO;30;274673;4306900;0404;M02;
14;6;29;8;CAMPILLO DE LLERENA;30;255693;4265790;0405;B01;
14;6;30;8;CAPILLA;30;323179;4296300;0404;N06;
14;6;31;11;CARMONITA;30;210711;4338820;0304;J11;
14;6;32;11;CARRASCALEJO, EL;30;211281;4324670;0304;K12;
14;6;33;9;CASAS DE DON PEDRO;30;301020;4339120;0404;J04;
14;6;34;10;CASAS DE REINA;30;244812;4233820;0305;E14;
14;6;35;9;CASTILBLANCO;30;320141;4353660;0404;H06;
14;6;36;8;CASTUERA;30;284308;4296660;0404;O02;
14;6;37;5;CODOSERA, LA;30;138084;4350300;0304;I04;
14;6;38;11;CORDOBILLA DE LÁCARA;30;202921;4338340;0304;J11;
14;6;39;8;CORONADA, LA;30;271015;4314410;0404;L01;
14;6;40;11;CORTE DE PELEAS;30;182462;4293210;0304;O09;
14;6;41;11;CRISTINA;30;230965;4302190;0304;M14;
14;6;42;11;CHELES;30;128439;4274930;0305;B03;
14;6;43;11;DON ÁLVARO;30;215689;4306620;0304;M12;
14;6;44;8;DON BENITO;30;249399;4314640;0304;L16;
14;6;45;11;ENTRÍN BAJO;30;178027;4291620;0304;O08;
14;6;46;11;ESPARRAGALEJO;30;202367;4317090;0304;L11;
14;6;47;8;ESPARRAGOSA DE LA SERENA;30;273819;4281780;0404;O02;
14;6;48;8;ESPARRAGOSA DE LARES;30;294775;4315020;0404;L05;
14;6;49;11;FERIA;30;190668;4267240;0305;B09;
14;6;50;10;FREGENAL DE LA SIERRA;30;186367;4235310;0305;F08;
14;6;51;9;FUENLABRADA DE LOS MONTES;30;335579;4333830;0404;J08;
14;6;52;10;FUENTE DE CANTOS;30;212013;4236820;0305;E11;
14;6;53;10;FUENTE DEL ARCO;30;242166;4221850;0305;F14;
14;6;54;11;FUENTE DEL MAESTRE;30;200333;4272730;0305;B10;
14;6;55;10;FUENTES DE LEÓN;30;190130;4219140;0305;G09;
14;6;56;9;GARBAYUELA;30;326697;4327270;0404;K07;
14;6;57;9;GARLITOS;30;326511;4306560;0404;M07;
14;6;58;11;GARROVILLA, LA;30;197911;4315250;0304;L10;
14;6;59;10;GRANJA DE TORREHERMOSA;30;272822;4246260;0405;D03;
14;6;60;8;GUAREÑA;30;232286;4310500;0304;M14;
14;6;61;8;HABA, LA;30;257224;4306240;0304;L16;
14;6;62;9;HELECHOSA DE LOS MONTES;30;342137;4356780;0404;H08;
14;6;63;9;HERRERA DEL DUQUE;30;326280;4344740;0404;J07;
14;6;64;8;HIGUERA DE LA SERENA;30;258029;4281520;0404;O01;
14;6;65;10;HIGUERA DE LLERENA;30;240349;4247140;0305;C14;
14;6;66;10;HIGUERA DE VARGAS;30;151205;4260180;0305;C05;
14;6;67;10;HIGUERA LA REAL;30;173394;4228180;0305;F08;
14;6;68;10;HINOJOSA DEL VALLE;30;221850;4263270;0305;B12;
14;6;69;10;HORNACHOS;30;233667;4273290;0305;A13;
14;6;70;10;JEREZ DE LOS CABALLEROS;30;167995;4249440;0305;D07;
14;6;71;10;LAPA, LA;30;192771;4262530;0305;C09;
14;6;72;11;LOBÓN;30;186745;4305290;0304;M09;
14;6;73;10;LLERA;30;231323;4261780;0305;C13;
14;6;74;10;LLERENA;30;233371;4236330;0305;E13;
14;6;75;8;MAGACELA;30;263944;4307250;0404;M01;
14;6;76;10;MAGUILLA;30;252030;4251980;0405;C01;
14;6;77;10;MALCOCINADO;30;262538;4222950;0405;F02;
14;6;78;8;MALPARTIDA DE LA SERENA;30;271893;4286240;0404;O02;
14;6;79;8;MANCHITA;30;238521;4297900;0304;M14;
14;6;80;8;MEDELLÍN;30;241114;4317710;0304;L15;
14;6;81;10;MEDINA DE LAS TORRES;30;202318;4248220;0305;D10;
14;6;82;8;MENGABRIL;30;245044;4311630;0304;L15;
14;6;83;11;MÉRIDA;30;204434;4319610;0304;L12;
14;6;84;11;MIRANDILLA;30;216120;4323880;0304;K12;
14;6;85;10;MONESTERIO;30;219121;4215420;0305;G11;
14;6;86;10;MONTEMOLÍN;30;222537;4225110;0305;F12;
14;6;87;8;MONTERRUBIO DE LA SERENA;30;287121;4276420;0405;A04;
14;6;88;11;MONTIJO;30;189982;4317480;0304;M09;
14;6;89;11;MORERA, LA;30;180174;4275500;0305;B08;
14;6;90;11;NAVA DE SANTIAGO, LA;30;196145;4330640;0304;K10;
14;6;91;8;NAVALVILLAR DE PELA;30;285046;4332400;0404;J03;
14;6;92;11;NOGALES;30;174588;4279780;0305;A07;
14;6;93;10;OLIVA DE LA FRONTERA;30;151085;4241690;0305;E06;
14;6;94;11;OLIVA DE MÉRIDA;30;235921;4291490;0304;N13;
14;6;95;11;OLIVENZA;30;141512;4286630;0304;O05;
14;6;96;8;ORELLANA DE LA SIERRA;30;283040;4321990;0404;K03;
14;6;97;8;ORELLANA LA VIEJA;30;279094;4322030;0404;K03;
14;6;98;11;PALOMAS;30;225746;4288920;0304;O13;
14;6;99;11;PARRA, LA;30;185410;4271520;0305;B08;
14;6;100;8;PEÑALSORDO;30;314497;4300590;0404;N06;
14;6;101;8;PERALEDA DEL ZAUCEJO;30;273640;4263190;0405;B03;
14;6;102;9;PUEBLA DE ALCOCER;30;306464;4328120;0404;L05;
14;6;103;11;PUEBLA DE LA CALZADA;30;185375;4309760;0304;M09;
14;6;104;11;PUEBLA DE LA REINA;30;233188;4283720;0304;O14;
14;6;105;10;PUEBLA DEL MAESTRE;30;230869;4219530;0305;G13;
14;6;106;11;PUEBLA DEL PRIOR;30;221007;4276530;0305;A12;
14;6;107;5;PUEBLA DE OBANDO;30;186808;4342980;0304;J09;
14;6;108;10;PUEBLA DE SANCHO PÉREZ;30;206213;4255190;0305;C10;
14;6;109;8;QUINTANA DE LA SERENA;30;263808;4294110;0404;N01;
14;6;110;10;REINA;30;237122;4224640;0305;E14;
14;6;111;8;RENA;30;257783;4326350;0304;K16;
14;6;112;8;RETAMAL DE LLERENA;30;251203;4275370;0405;A01;
14;6;113;11;RIBERA DEL FRESNO;30;217306;4274680;0305;A12;
14;6;114;9;RISCO;30;316787;4307140;0404;M06;
14;6;115;5;ROCA DE LA SIERRA, LA;30;183035;4333780;0304;J09;
14;6;116;11;SALVALEÓN;30;171001;4269710;0305;B07;
14;6;117;11;SALVATIERRA DE LOS BARROS;30;179193;4266820;0305;B08;
14;6;118;9;SANCTI-SPÍRITUS;30;311438;4310430;0404;L06;
14;6;119;11;SAN PEDRO DE MÉRIDA;30;224282;4317360;0304;L13;
14;6;120;8;SANTA AMALIA;30;237347;4324050;0304;K14;
14;6;121;11;SANTA MARTA;30;183132;4284120;0305;A08;
14;6;122;10;SANTOS DE MAIMONA, LOS;30;209170;4263130;0305;C10;
14;6;123;5;SAN VICENTE DE ALCÁNTARA;30;152779;4362240;0304;H05;
14;6;124;10;SEGURA DE LEÓN;30;196866;4226560;0305;F09;
14;6;125;9;SIRUELA;30;320229;4316800;0404;L07;
14;6;126;11;SOLANA DE LOS BARROS;30;190129;4293460;0304;O10;
14;6;127;9;TALARRUBIAS;30;308307;4334700;0404;K05;
14;6;128;11;TALAVERA LA REAL;30;174709;4308330;0304;M08;
14;6;129;11;TÁLIGA;30;151070;4271970;0305;B05;
14;6;130;9;TAMUREJO;30;330892;4317640;0404;L08;
14;6;131;11;TORRE DE MIGUEL SESMERO;30;172313;4284020;0305;A07;
14;6;132;11;TORREMAYOR;30;192253;4312910;0304;M10;
14;6;133;11;TORREMEJÍA;30;206911;4299260;0304;N11;
14;6;134;10;TRASIERRA;30;236500;4231040;0305;E14;
14;6;135;11;TRUJILLANOS;30;218521;4317310;0304;L12;
14;6;136;10;USAGRE;30;221892;4254430;0305;D12;
14;6;137;9;VALDECABALLEROS;30;310781;4349220;0404;I06;
14;6;138;8;VALDETORRES;30;234479;4311560;0304;L14;
14;6;139;10;VALENCIA DE LAS TORRES;30;241790;4259130;0305;C13;
14;6;140;10;VALENCIA DEL MOMBUEY;30;141244;4240660;0305;E04;
14;6;141;10;VALENCIA DEL VENTOSO;30;196360;4241290;0305;E10;
14;6;142;10;VALVERDE DE BURGUILLOS;30;191012;4248570;0305;D09;
14;6;143;11;VALVERDE DE LEGANÉS;30;154093;4287580;0304;O06;
14;6;144;10;VALVERDE DE LLERENA;30;254210;4232670;0405;E01;
14;6;145;11;VALVERDE DE MÉRIDA;30;219983;4311440;0304;L13;
14;6;146;8;VALLE DE LA SERENA;30;253843;4288950;0304;O16;
14;6;147;10;VALLE DE MATAMOROS;30;168403;4255410;0305;C07;
14;6;148;10;VALLE DE SANTA ANA;30;169334;4253340;0305;D07;
14;6;149;11;VILLAFRANCA DE LOS BARROS;30;209260;4276390;0305;A11;
14;6;150;10;VILLAGARCÍA DE LA TORRE;30;231059;4244910;0305;D13;
14;6;151;11;VILLAGONZALO;30;221542;4304870;0304;M13;
14;6;152;11;VILLALBA DE LOS BARROS;30;191162;4280960;0305;A09;
14;6;153;8;VILLANUEVA DE LA SERENA;30;263203;4319960;0304;L16;
14;6;154;10;VILLANUEVA DEL FRESNO;30;137542;4256940;0305;D04;
14;6;155;5;VILLAR DEL REY;30;169260;4336940;0304;J07;
14;6;156;8;VILLAR DE RENA;30;257750;4331460;0304;K16;
14;6;157;9;VILLARTA DE LOS MONTES;30;346900;4343770;0404;I09;
14;6;158;10;ZAFRA;30;198973;4260100;0305;C10;
14;6;159;10;ZAHÍNOS;30;151045;4249480;0305;D05;
14;6;160;8;ZALAMEA DE LA SERENA;30;267820;4278030;0404;O01;
14;6;161;8;ZARZA-CAPILLA;30;313965;4292520;0404;N06;
14;6;162;11;ZARZA, LA;30;216738;4300350;0304;M13;
14;6;901;11;VALDELACALZADA;30;179791;4311020;0304;M08;
14;6;902;11;PUEBLONUEVO DEL GUADIANA;30;174398;4315135;0304;L08;
14;6;903;11;GUADIANA DEL CAUDILLO;0;0;0;;;
14;6;998;0;PORTUGAL;0;0;0;0000;000;
14;6;999;0;OTRA PROVINCIA;0;0;0;0000;000;
14;10;0;0;INDETERMINADO;;;;0000;000;
14;10;1;6;ABADÍA;30;244400;4463600;0303;L11;
14;10;2;7;ABERTURA;30;257943;4349100;0304;I16;
14;10;3;1;ACEBO;30;183562;4458700;0303;M05;
14;10;4;7;ACEHÚCHE;30;188098;4411740;0304;C09;
14;10;5;1;ACEITUNA;30;218234;4448060;0303;N08;
14;10;6;1;AHIGAL;30;227576;4451690;0303;M09;
14;10;7;7;ALBALÁ;30;223054;4351090;0304;I13;
14;10;8;7;ALCÁNTARA;30;166604;4401120;0304;D07;
14;10;9;7;ALCOLLARÍN;30;265431;4344320;0404;I01;
14;10;10;7;ALCUÉSCAR;30;220557;4340210;0304;I12;
14;10;11;7;ALDEACENTENERA;30;273341;4379200;0404;F02;
14;10;12;7;ALDEA DEL CANO;30;214836;4354160;0304;H12;
14;10;13;7;ALDEA DEL OBISPO, LA;30;250026;4383706;0304;E16;
14;10;14;6;ALDEANUEVA DE LA VERA;30;269261;4447150;0403;N01;
14;10;15;6;ALDEANUEVA DEL CAMINO;30;250308;4461230;0303;L11;
14;10;16;6;ALDEHUELA DE JERTE;30;223532;4434650;0303;O09;
14;10;17;3;ALÍA;30;312022;4367900;0404;G05;
14;10;18;7;ALISEDA;30;181700;4368400;0304;G08;
14;10;19;6;ALMARAZ;30;271855;4409230;0404;B02;
14;10;20;7;ALMOHARÍN;30;235743;4337150;0304;I14;
14;10;21;7;ARROYO DE LA LUZ;30;192083;4380720;0304;F09;
14;10;22;6;ARROYOMOLINOS DE LA VERA ;30;255016;4437400;0303;O11;
14;10;23;7;ARROYOMOLINOS;30;228161;4336460;0304;I13;
14;10;24;6;BAÑOS DE MONTEMAYOR;30;255553;4465790;0303;L11;
14;10;25;6;BARRADO;30;253486;4440860;0303;N11;
14;10;26;6;BELVÍS DE MONROY;30;276730;4411050;0404;B02;
14;10;27;7;BENQUERENCIA;30;233818;4355800;0304;H14;
14;10;28;6;BERROCALEJO;30;298797;4410870;0404;B04;
14;10;29;3;BERZOCANA;30;284284;4369890;0404;G03;
14;10;30;3;BOHONAL DE IBOR;30;289830;4407330;0404;C03;
14;10;31;7;BOTIJA;30;234225;4359500;0304;H14;
14;10;32;7;BROZAS;30;176912;4385250;0304;E08;
14;10;33;3;CABAÑAS DEL CASTILLO;30;285282;4380440;0404;E03;
14;10;34;6;CABEZABELLOSA;30;244601;4446150;0303;N10;
14;10;35;6;CABEZUELA DEL VALLE;30;261318;4454280;0403;M01;
14;10;36;6;CABRERO;30;253891;4444900;0303;N11;
14;10;37;7;CÁCERES;30;202945;4363790;0304;F11;
14;10;38;7;CACHORRILLA;30;186111;4423040;0304;A08;
14;10;39;1;CADALSO;30;199884;4461340;0303;M06;
14;10;40;7;CALZADILLA;30;197154;4440520;0303;O07;
14;10;41;2;CAMINOMORISCO;30;228136;4472170;0303;L09;
14;10;42;3;CAMPILLO DE DELEITOSA;30;278805;4399330;0404;D02;
14;10;43;7;CAMPO LUGAR;30;261256;4339450;0404;I01;
14;10;44;3;CAÑAMERO;30;294376;4360800;0404;G04;
14;10;45;7;CAÑAVERAL;30;210383;4411040;0304;C11;
14;10;46;5;CARBAJO;30;141324;4394210;0304;E04;
14;10;47;6;CARCABOSO;30;225543;4438330;0303;O09;
14;10;48;3;CARRASCALEJO;30;309673;4390500;0404;D05;
14;10;49;7;CASAR DE CÁCERES;30;201628;4385440;0304;E11;
14;10;50;2;CASAR DE PALOMERO;30;221818;4464950;0303;L09;
14;10;51;2;CASARES DE LAS HURDES;30;219243;4481780;0303;J09;
14;10;52;7;CASAS DE DON ANTONIO;30;216875;4347890;0304;I12;
14;10;53;7;CASAS DE DON GÓMEZ;30;192431;4435350;0303;O06;
14;10;54;6;CASAS DEL CASTAÑAR;30;249412;4443030;0303;N11;
14;10;55;6;CASAS DEL MONTE;30;248803;4453970;0303;M11;
14;10;56;7;CASAS DE MILLÁN;30;219364;4410010;0304;B11;
14;10;57;4;CASAS DE MIRAVETE;30;263525;4402670;0404;C01;
14;10;58;6;CASATEJADA;30;270797;4422910;0404;B02;
14;10;59;7;CASILLAS DE CORIA;30;187343;4430700;0304;A09;
14;10;60;3;CASTAÑAR DE IBOR;30;291362;4394600;0404;E04;
14;10;61;7;CECLAVÍN;30;179101;4415630;0304;B08;
14;10;62;5;CEDILLO;30;115542;4396250;0304;D01;
14;10;63;2;CEREZO;30;224258;4458360;0303;M09;
14;10;64;1;CILLEROS;30;174821;4441540;0303;N04;
14;10;65;6;COLLADO;30;270768;4434520;0403;O01;
14;10;66;7;CONQUISTA DE LA SIERRA;30;264720;4357980;0404;H01;
14;10;67;7;CORIA;30;200825;4431540;0304;A10;
14;10;68;6;CUACOS DE YUSTE;30;271376;4439610;0403;N01;
14;10;69;7;CUMBRE, LA;30;241939;4370960;0304;G15;
14;10;70;3;DELEITOSA;30;272848;4391810;0404;D02;
14;10;71;1;DESCARGAMARIA;30;201357;4467720;0303;L07;
14;10;72;1;ELJAS;30;174013;4459830;0303;M04;
14;10;73;7;ESCURIAL;30;249032;4341970;0304;J16;
14;10;75;3;FRESNEDOSO DE IBOR;30;283890;4395640;0404;D03;
14;10;76;6;GALISTEO;30;219338;4432560;0304;A12;
14;10;77;7;GARCIAZ;30;274756;4367200;0404;G02;
14;10;78;6;GARGANTA, LA;30;261217;4467500;0403;L01;
14;10;79;6;GARGANTA LA OLLA;30;263071;4444390;0403;N01;
14;10;80;6;GARGANTILLA;30;253188;4458000;0303;M11;
14;10;81;6;GARGÜERA;30;249697;4435440;0303;O11;
14;10;82;7;GARROVILLAS DE ALCONÉTAR;30;198850;4399390;0304;D10;
14;10;83;3;GARVÍN;30;298627;4399050;0404;D04;
14;10;84;1;GATA;30;191227;4456510;0303;M06;
14;10;85;6;GORDO, EL;30;298438;4413830;0404;B04;
14;10;86;6;GRANJA, LA;30;244946;4459210;0303;M11;
14;10;87;3;GUADALUPE;30;300500;4369500;0404;G04;
14;10;88;7;GUIJO DE CORIA;30;204354;4440740;0303;N07;
14;10;89;1;GUIJO DE GALISTEO;30;210605;4438040;0303;N08;
14;10;90;6;GUIJO DE GRANADILLA;30;232734;4454280;0303;M10;
14;10;91;6;GUIJO DE SANTA BÁRBARA;30;274775;4450220;0403;N02;
14;10;92;7;HERGUIJUELA;30;262173;4361470;0404;G01;
14;10;93;1;HERNÁN-PÉREZ;30;203895;4458100;0303;M07;
14;10;94;5;HERRERA DE ALCÁNTARA;30;123219;4392170;0304;E02;
14;10;95;5;HERRERUELA;30;167476;4372240;0304;F07;
14;10;96;6;HERVÁS;30;258827;4461790;0303;L11;
14;10;97;3;HIGUERA;30;272177;4400600;0404;C02;
14;10;98;7;HINOJAL;30;212986;4400630;0304;D11;
14;10;99;7;HOLGUERA;30;213411;4421050;0304;A11;
14;10;100;1;HOYOS;30;183157;4452890;0303;N05;
14;10;101;7;HUÉLAGA;30;192112;4441110;0303;O06;
14;10;102;7;IBAHERNANDO;30;248666;4357780;0304;H15;
14;10;103;4;JARAICEJO;30;257333;4398040;0304;D16;
14;10;104;6;JARAÍZ DE LA VERA;30;265472;4433960;0403;O01;
14;10;105;6;JARANDILLA DE LA VERA;30;275730;4441340;0403;N02;
14;10;106;6;JARILLA;30;244758;4451910;0303;M11;
14;10;107;6;JERTE;30;266642;4456290;0403;M01;
14;10;108;2;LADRILLAR;30;229203;4482510;0303;J09;
14;10;109;3;LOGROSÁN;30;286079;4350230;0404;H03;
14;10;110;6;LOSAR DE LA VERA;30;280399;4447140;0403;N02;
14;10;111;6;MADRIGAL DE LA VERA;30;298274;4451620;0403;N04;
14;10;112;7;MADRIGALEJO;30;271719;4336050;0404;J02;
14;10;113;7;MADROÑERA;30;264819;4370910;0404;G01;
14;10;114;6;MAJADAS;30;263074;4426080;0404;A01;
14;10;115;7;MALPARTIDA DE CÁCERES;30;198940;4371880;0304;G10;
14;10;116;4;MALPARTIDA DE PLASENCIA;30;239298;4425550;0303;O10;
14;10;117;2;MARCHAGAZ;30;221258;4463420;0303;L09;
14;10;118;7;MATA DE ALCÁNTARA;30;175184;4403350;0304;D07;
14;10;119;5;MEMBRÍO;30;149303;4389330;0304;F05;
14;10;120;3;MESAS DE IBOR;30;281582;4404970;0404;C03;
14;10;121;7;MIAJADAS;30;246618;4334810;0304;J15;
14;10;122;6;MILLANES;30;280643;4415010;0404;B02;
14;10;123;6;MIRABEL;30;223756;4417450;0304;B12;
14;10;124;2;MOHEDAS DE GRANADILLA;30;229851;4462830;0303;L09;
14;10;125;7;MONROY;30;229767;4395710;0304;D12;
14;10;126;7;MONTÁNCHEZ;30;224201;4342230;0304;I13;
14;10;127;1;MONTEHERMOSO;30;215599;4439380;0303;N08;
14;10;128;7;MORALEJA;30;184000;4437520;0303;O05;
14;10;129;7;MORCILLO;30;209279;4433620;0303;O08;
14;10;130;6;NAVACONCEJO;30;256685;4451160;0303;M11;
14;10;131;6;NAVALMORAL DE LA MATA;30;281570;4423400;0404;B03;
14;10;132;3;NAVALVILLAR DE IBOR;30;295414;4384840;0404;E04;
14;10;133;7;NAVAS DEL MADROÑO;30;187537;4395040;0304;E09;
14;10;134;3;NAVEZUELAS;30;291342;4375930;0404;F04;
14;10;135;2;NUÑOMORAL;30;223992;4478090;0303;K09;
14;10;136;6;OLIVA DE PLASENCIA;30;235342;4445130;0303;N10;
14;10;137;2;PALOMERO;30;221424;4460340;0303;M09;
14;10;138;6;PASARÓN DE LA VERA;30;259892;4434530;0303;O11;
14;10;139;7;PEDROSO DE ACIM;30;208737;4417160;0304;B11;
14;10;140;6;PERALEDA DE LA MATA;30;289717;4416100;0404;B03;
14;10;141;3;PERALEDA DE SAN ROMÁN;30;295375;4403000;0404;C04;
14;10;142;1;PERALES DEL PUERTO;30;185719;4449530;0303;N05;
14;10;143;7;PESCUEZA;30;190701;4421280;0304;B09;
14;10;144;2;PESGA, LA;30;231771;4467480;0303;L09;
14;10;145;7;PIEDRAS ALBAS;30;162877;4411460;0304;C06;
14;10;146;2;PINOFRANQUEADO;30;212228;4470650;0303;L08;
14;10;147;6;PIORNAL;30;258338;4444780;0303;N11;
14;10;148;6;PLASENCIA;30;232027;4434370;0303;O10;
14;10;149;7;PLASENZUELA;30;237595;4362640;0304;G14;
14;10;150;7;PORTAJE;30;195741;4421090;0304;A09;
14;10;151;7;PORTEZUELO;30;199518;4411030;0304;B10;
14;10;152;1;POZUELO DE ZARZÓN;30;210356;4448860;0303;N08;
14;10;153;7;PUERTO DE SANTA CRUZ;30;252687;4353520;0304;H16;
14;10;154;6;REBOLLAR;30;252218;4449660;0303;N11;
14;10;155;6;RIOLOBOS;30;215276;4424850;0304;A12;
14;10;156;1;ROBLEDILLO DE GATA;30;205175;4471830;0303;L07;
14;10;157;6;ROBLEDILLO DE LA VERA;30;280118;4440810;0403;N02;
14;10;158;7;ROBLEDILLO DE TRUJILLO;30;243402;4350480;0304;H15;
14;10;159;3;ROBLEDOLLANO;30;283170;4388900;0404;E03;
14;10;160;3;ROMANGORDO;30;268210;4404750;0404;C01;
14;10;161;7;RUANES;30;240555;4357700;0304;H14;
14;10;162;5;SALORINO;30;155663;4376860;0304;F06;
14;10;163;7;SALVATIERRA DE SANTIAGO;30;237151;4354260;0304;H14;
14;10;164;1;SAN MARTÍN DE TREVEJO;30;175835;4457760;0303;M04;
14;10;165;7;SANTA ANA;30;244539;4359120;0304;H15;
14;10;166;7;SANTA CRUZ DE LA SIERRA;30;255622;4358560;0304;H16;
14;10;167;1;SANTA CRUZ DE PANIAGUA;30;216678;4456280;0303;M08;
14;10;168;7;SANTA MARTA DE MAGASCA;30;234444;4377510;0304;F13;
14;10;169;5;SANTIAGO DE ALCÁNTARA;30;135580;4394010;0304;E04;
14;10;170;7;SANTIAGO DEL CAMPO;30;209869;4394130;0304;D11;
14;10;171;1;SANTIBÁÑEZ EL ALTO;30;197940;4454820;0303;M06;
14;10;172;1;SANTIBÁÑEZ EL BAJO;30;223830;4450900;0303;M09;
14;10;173;6;SAUCEDILLA;30;270169;4414730;0404;B02;
14;10;174;6;SEGURA DE TORO;30;250333;4456270;0303;M11;
14;10;175;4;SERRADILLA;30;234391;4410050;0304;B13;
14;10;176;4;SERREJÓN;30;259123;4411260;0404;B01;
14;10;177;7;SIERRA DE FUENTES;30;218655;4367540;0304;G12;
14;10;178;7;TALAVÁN;30;218856;4396200;0304;C12;
14;10;179;6;TALAVERUELA DE LA VERA;30;285685;4446400;0403;N03;
14;10;180;6;TALAYUELA;30;289161;4432220;0403;O02;
14;10;181;6;TEJEDA DE TIÉTAR;30;255084;4431130;0303;O11;
14;10;182;4;TORIL;30;255608;4419110;0404;A01;
14;10;183;6;TORNAVACAS;30;271974;4458110;0403;M02;
14;10;184;6;TORNO, EL;30;248783;4446390;0303;N11;
14;10;185;1;TORRECILLA  DE LOS ÁNGELES;30;209610;4461820;0303;M07;
14;10;186;7;TORRECILLAS DE LA TIESA;30;262944;4385190;0404;E01;
14;10;187;1;TORRE DE DON MIGUEL;30;196601;4458500;0303;M06;
14;10;188;7;TORRE DE SANTA MARÍA;30;232896;4349670;0304;I13;
14;10;189;7;TORREJONCILLO;30;203948;4423720;0304;B10;
14;10;190;4;TORREJÓN EL RUBIO;30;245153;4404980;0304;C14;
14;10;191;6;TORREMENGA;30;262981;4435640;0403;O01;
14;10;192;7;TORREMOCHA;30;226356;4357930;0304;H13;
14;10;193;7;TORREORGAZ;30;219209;4361820;0304;G12;
14;10;194;7;TORREQUEMADA;30;221609;4359840;0304;G12;
14;10;195;7;TRUJILLO;30;245746;4380470;0304;F16;
14;10;196;6;VALDASTILLAS;30;252654;4447910;0303;N11;
14;10;197;3;VALDECAÑAS DE TAJO;30;276080;4403850;0404;C02;
14;10;198;7;VALDEFUENTES;30;230205;4354050;0304;H13;
14;10;199;6;VALDEHÚNCAR;30;283732;4411930;0404;B03;
14;10;200;3;VALDELACASA DE TAJO;30;303138;4398880;0404;D05;
14;10;201;7;VALDEMORALES;30;235377;4344060;0304;I14;
14;10;202;1;VALDEOBISPO;30;224135;4442260;0303;N09;
14;10;203;5;VALENCIA DE ALCÁNTARA;30;137310;4374450;0304;G04;
14;10;204;6;VALVERDE DE LA VERA;30;287836;4444900;0403;N03;
14;10;205;1;VALVERDE DEL FRESNO;30;164895;4455640;0303;M04;
14;10;206;6;VIANDAR DE LA VERA;30;283588;4446820;0403;N03;
14;10;207;1;VILLA DEL CAMPO;30;203618;4450110;0303;N07;
14;10;208;7;VILLA DEL REY;30;173245;4396710;0304;D07;
14;10;209;7;VILLAMESÍAS;30;250987;4347450;0304;I16;
14;10;210;1;VILLAMIEL;30;176158;4452400;0303;M04;
14;10;211;1;VILLANUEVA DE LA SIERRA;30;210401;4456250;0303;M08;
14;10;212;6;VILLANUEVA DE LA VERA;30;293329;4448630;0403;N04;
14;10;213;3;VILLAR DEL PEDROSO;30;306469;4391620;0404;D06;
14;10;214;6;VILLAR DE PLASENCIA;30;240929;4448820;0303;N10;
14;10;215;1;VILLASBUENAS DE GATA;30;191269;4452420;0303;M06;
14;10;216;6;ZARZA DE GRANADILLA;30;238841;4462030;0303;M10;
14;10;217;7;ZARZA DE MONTÁNCHEZ;30;238081;4347710;0304;I14;
14;10;218;7;ZARZA LA MAYOR;30;172368;4425040;0304;B07;
14;10;219;7;ZORITA;30;271257;4351100;0404;H01;
14;10;901;6;ROSALEJO;30;289917;4428930;0403;O04;
14;10;902;7;VEGAVIANA;30;182240;4438844;0303;O05;
14;10;903;6;ALAGÓN DEL RÍO;30;216671;4429589;0304;A11;
14;10;904;6;TIETAR;0;0;0;0403;O03;
14;10;905;6;PUEBLONUEVO DE MIRAMONTES;0;0;0;0403;O04;
14;10;998;0;PORTUGAL;0;0;0;0000;000;
14;10;999;0;OTRA PROVINCIA;0;0;0;0000;000;
15;7;0;700;INDETERMINADO;;;;0000;000;
15;7;1;701;ALARÓ;30;997548;4413340;1004;D06;
15;7;2;702;ALAIOR;30;1110200;4443350;1103;H06;
15;7;3;701;ALCÚDIA;30;1023250;4428360;1004;B09;
15;7;4;701;ALGAIDA;30;1007440;4396320;1004;F07;
15;7;5;701;ANDRATX;30;964200;4395490;1004;E03;
15;7;6;701;ARTÀ;30;1042790;4415440;1004;D11;
15;7;7;701;BANYALBUFAR;30;974198;4407190;1004;D03;
15;7;8;701;BINISSALEM;30;1002500;4409370;1004;D06;
15;7;9;701;BÚGER;30;1013060;4418190;1004;C07;
15;7;10;701;BUNYOLA;30;989979;4411120;1004;D05;
15;7;11;701;CALVIÀ;30;973486;4392690;1004;E03;
15;7;12;701;CAMPANET;30;1011200;4422550;1004;C07;
15;7;13;701;CAMPOS;30;1018190;4379450;1004;G08;
15;7;14;701;CAPDEPERA;30;1051320;4414180;1004;D11;
15;7;15;702;CIUTADELLA DE MENORCA;30;1088850;4450250;1103;H04;
15;7;16;701;CONSELL;30;999364;4407000;1004;D06;
15;7;17;701;COSTITX;30;1010730;4406610;1004;E07;
15;7;18;701;DEYÁ;30;984255;4415360;1004;C04;
15;7;19;701;ESCORCA;30;1000750;4425260;1004;C06;
15;7;20;701;ESPORLES;30;979388;4405430;1004;D04;
15;7;21;701;ESTELLENCS;30;970217;4403350;1004;E03;
15;7;22;701;FELANITX;30;1030350;4385250;1004;G09;
15;7;23;702;FERRERIES;30;1098180;4450390;1103;H05;
15;7;24;704;FORMENTERA;30;888036;4292190;0904;G06;
15;7;25;701;FORNALUTX;30;992659;4421150;1004;C05;
15;7;26;703;EIVISSA;30;883271;4316580;0904;E06;
15;7;27;701;INCA;30;1009710;4412870;1004;D07;
15;7;28;701;LLORET DE VISTALEGRE;30;1013360;4402760;1004;E07;
15;7;29;701;LLOSETA;30;1002370;4413310;1004;D06;
15;7;30;701;LLUBÍ;30;1016800;4411980;1004;D08;
15;7;31;701;LLUCMAJOR;30;1003750;4383270;1004;F07;
15;7;32;702;MAHÓN;30;1118470;4443600;1103;I07;
15;7;33;701;MANACOR;30;1036030;4397150;1004;E09;
15;7;34;701;MANCOR DE LA VALL;30;1002620;4417980;1004;C06;
15;7;35;701;MARIA DE LA SALUT;30;1023140;4409620;1004;D08;
15;7;36;701;MARRATXÍ;30;991988;4401950;1004;E05;
15;7;37;702;MERCADAL, ES;30;1107340;4453650;1103;H06;
15;7;38;701;MONTUÏRI;30;1014990;4396860;1004;E07;
15;7;39;701;MURO;30;1021640;4418700;1004;D08;
15;7;40;701;PALMA;30;991265;4394430;1004;E04;
15;7;41;701;PETRA;30;1027550;4404610;1004;E08;
15;7;42;701;POLLENÇA;30;1015820;4432830;1004;B08;
15;7;43;701;PORRERES;30;1018830;4390700;1004;F08;
15;7;44;701;POBLA, SA;30;1016610;4421020;1004;C08;
15;7;45;701;PUIGPUNYENT;30;974753;4401100;1004;E03;
15;7;46;703;SANT ANTONI DE PORTMANY;30;877631;4325640;0904;D05;
15;7;47;701;SENCELLES;30;1006420;4404680;1004;E07;
15;7;48;703;SANT JOSEP DE SA TALAIA;30;873704;4315660;0904;E05;
15;7;49;701;SANT JOAN;30;1019540;4399720;1004;E08;
15;7;50;703;SANT JOAN DE LABRITJA;30;888500;4333490;0904;C07;
15;7;51;701;SANT LLORENÇ DES CARDASSAR;30;1041600;4404440;1004;E10;
15;7;52;702;SANT LLUÍS;30;1121070;4435040;1103;I07;
15;7;53;701;SANTA EUGÈNIA;30;1001100;4401940;1004;E06;
15;7;54;703;SANTA EULALIA DEL RÍO;30;889605;4325820;0904;D07;
15;7;55;701;SANTA MARGALIDA;30;1027920;4415150;1004;D08;
15;7;56;701;SANTA MARÍA DEL CAMÍ;30;995410;4406600;1004;E06;
15;7;57;701;SANTANYÍ;30;1028720;4373750;1004;H09;
15;7;58;701;SELVA;30;1006430;4418940;1004;C07;
15;7;59;701;SALINES, SES;30;1021140;4371130;1004;H08;
15;7;60;701;SINEU;30;1016980;4406060;1004;E08;
15;7;61;701;SÓLLER;30;988930;4418620;1004;C05;
15;7;62;701;SON SERVERA;30;1047090;4407470;1004;E11;
15;7;63;701;VALLDEMOSSA;30;982039;4410240;1004;D04;
15;7;64;702;CASTELL, ES;30;1123570;4438380;1103;I08;
15;7;65;701;VILAFRANCA DE BONANY;30;1026000;4396630;1004;E08;
15;7;901;701;ARIANY;30;1026900;4407820;1004;E08;
15;7;902;702;MIGJORN GRAN, ES;30;1101710;4445550;1103;H06;
16;28;0;2800;INDETERMINADO;;;;0000;000;
16;28;1;2803;ACEBEDA, LA;30;446651;4549510;0503;D08;
16;28;2;2806;AJALVIR;30;459427;4486250;0503;J09;
16;28;3;2801;ALAMEDA DEL VALLE;30;428536;4530520;0503;E06;
16;28;4;2809;ÁLAMO, EL;30;415915;4454260;0503;M05;
16;28;5;2806;ALCALÁ DE HENARES;30;468815;4482900;0503;J10;
16;28;6;2815;ALCOBENDAS;30;446744;4487510;0503;J08;
16;28;7;2806;ALCORCÓN;30;428982;4468130;0503;L07;
16;28;8;2810;ALDEA DEL FRESNO;30;396104;4463010;0503;L03;
16;28;9;2806;ALGETE;30;455304;4495620;0503;I09;
16;28;10;2812;ALPEDRETE;30;413894;4501980;0503;H05;
16;28;11;2807;AMBITE;30;485079;4465810;0603;L01;
16;28;12;2806;ANCHUELO;30;476579;4479790;0503;K11;
16;28;13;2808;ARANJUEZ;30;442082;4427540;0503;O08;
16;28;14;2808;ARGANDA DEL REY;30;462274;4460520;0503;L10;
16;28;15;2809;ARROYOMOLINOS;30;422230;4459480;0503;M06;
16;28;16;2804;ATAZAR, EL;30;460759;4532350;0503;E10;
16;28;17;2809;BATRES;30;421395;4453140;0503;M06;
16;28;18;2813;BECERRIL DE LA SIERRA;30;420948;4507020;0503;H05;
16;28;19;2807;BELMONTE DE TAJO;30;471745;4443280;0503;N11;
16;28;20;2804;BERZOSA DEL LOZOYA;30;455588;4536150;0503;E09;
16;28;21;2805;BERRUECO, EL;30;453156;4525990;0503;F09;
16;28;22;2809;BOADILLA DEL MONTE;30;424390;4475020;0503;K06;
16;28;23;2813;BOALO, EL;30;422246;4507060;0503;H06;
16;28;24;2803;BRAOJOS;30;444620;4545750;0503;D08;
16;28;25;2807;BREA DE TAJO;30;489833;4454730;0603;M02;
16;28;26;2809;BRUNETE;30;415697;4472550;0503;K05;
16;28;27;2803;BUITRAGO DEL LOZOYA;30;447205;4537800;0503;E08;
16;28;28;2805;BUSTARVIEJO;30;438714;4521680;0503;F08;
16;28;29;2805;CABANILLAS DE LA SIERRA;30;446557;4519780;0503;G08;
16;28;30;2805;CABRERA, LA;30;448467;4523950;0503;F08;
16;28;31;2810;CADALSO DE LOS VIDRIOS;30;378303;4462150;0503;L01;
16;28;32;2806;CAMARMA DE ESTERUELAS;30;468285;4490390;0503;J10;
16;28;33;2807;CAMPO REAL;30;468399;4463830;0503;L10;
16;28;34;2802;CANENCIA;30;436128;4527400;0503;F07;
16;28;35;2807;CARABAÑA;30;479150;4456260;0503;M11;
16;28;36;2809;CASARRUBUELOS;30;429121;4447350;0503;N06;
16;28;37;2810;CENICIENTOS;30;371838;4456130;0503;M01;
16;28;38;2813;CERCEDILLA;30;411113;4512510;0503;G05;
16;28;39;2804;CERVERA DE BUITRAGO;30;455931;4529850;0503;E09;
16;28;40;2808;CIEMPOZUELOS;30;448407;4444970;0503;N08;
16;28;41;2806;COBEÑA;30;457168;4491130;0503;I09;
16;28;42;2811;COLMENAR DEL ARROYO;30;398784;4473670;0503;K03;
16;28;43;2807;COLMENAR DE OREJA;30;461580;4437110;0503;O10;
16;28;44;2809;COLMENAREJO;30;413838;4488190;0503;I05;
16;28;45;2815;COLMENAR VIEJO;30;436953;4501970;0503;H07;
16;28;46;2812;COLLADO MEDIANO;30;412899;4505480;0503;H05;
16;28;47;2813;COLLADO VILLALBA;30;416646;4499720;0503;I05;
16;28;48;2807;CORPA;30;479113;4474500;0503;K11;
16;28;49;2808;COSLADA;30;452893;4475560;0503;K09;
16;28;50;2809;CUBAS DE LA SAGRA;30;428962;4449520;0503;N06;
16;28;51;2810;CHAPINERÍA;30;397342;4469910;0503;K03;
16;28;52;2808;CHINCHÓN;30;459353;4446130;0503;N10;
16;28;53;2806;DAGANZO DE ARRIBA;30;462442;4490140;0503;J10;
16;28;54;2812;ESCORIAL, EL;30;407436;4493510;0503;I04;
16;28;55;2807;ESTREMERA;30;490825;4444230;0603;N02;
16;28;56;2811;FRESNEDILLA DE LA OLIVA;30;399771;4481740;0503;J04;
16;28;57;2806;FRESNO DE TOROTE;30;465509;4495670;0503;I10;
16;28;58;2809;FUENLABRADA;30;432278;4459800;0503;M07;
16;28;59;2806;FUENTE EL SAZ DE JARAMA;30;455779;4499370;0503;I09;
16;28;60;2807;FUENTIDUEÑA DE TAJO;30;486493;4440370;0603;N01;
16;28;61;2809;GALAPAGAR;30;416648;4492310;0503;I05;
16;28;62;2802;GARGANTA DE LOS MONTES;30;442403;4531140;0503;E08;
16;28;63;2802;GARGANTILLA DEL LOZOYA;30;440792;4535510;0503;E07;
16;28;64;2803;GASCONES;30;443531;4543090;0503;D08;
16;28;65;2808;GETAFE;30;442897;4461420;0503;L07;
16;28;66;2809;GRIÑÓN;30;428389;4452530;0503;M06;
16;28;67;2805;GUADALIX DE LA SIERRA;30;442375;4513550;0503;G08;
16;28;68;2812;GUADARRAMA;30;406258;4503740;0503;H04;
16;28;69;2804;HIRUELA, LA;30;461900;4546810;0503;D10;
16;28;70;2803;HORCAJO DE LA SIERRA-AOSLOS;30;451131;4547890;0503;D09;
16;28;71;2804;HORCAJUELO DE LA SIERRA;30;454370;4549310;0503;D09;
16;28;72;2815;HOYO DE MANZANARES;30;424549;4496650;0503;I06;
16;28;73;2809;HUMANES DE MADRID;30;429861;4456240;0503;M06;
16;28;74;2806;LEGANÉS;30;434560;4464980;0503;L07;
16;28;75;2807;LOECHES;30;464606;4470460;0503;K10;
16;28;76;2802;LOZOYA;30;434154;4535050;0503;E07;
16;28;78;2803;MADARCOS;30;452089;4543610;0503;D09;
16;28;79;2815;MADRID;30;441083;4479900;0503;K08;
16;28;80;2809;MAJADAHONDA;30;424145;4480380;0503;J06;
16;28;82;2814;MANZANARES EL REAL;30;425980;4511530;0503;H06;
16;28;83;2806;MECO;30;472785;4489780;0503;J11;
16;28;84;2808;MEJORADA DEL CAMPO;30;459786;4472410;0503;K09;
16;28;85;2814;MIRAFLORES DE LA SIERRA;30;434560;4516720;0503;G07;
16;28;86;2806;MOLAR, EL;30;451806;4505870;0503;H09;
16;28;87;2812;MOLINOS, LOS;30;407835;4508530;0503;H04;
16;28;88;2804;MONTEJO DE LA SIERRA;30;457164;4549240;0503;D09;
16;28;89;2809;MORALEJA DE ENMEDIO;30;425320;4456930;0503;M06;
16;28;90;2813;MORALZARZAL;30;420161;4502260;0503;H05;
16;28;91;2808;MORATA DE TAJUÑA;30;462023;4453700;0503;M10;
16;28;92;2809;MÓSTOLES;30;424538;4463690;0503;L06;
16;28;93;2813;NAVACERRADA;30;415244;4511630;0503;H05;
16;28;94;2805;NAVALAFUENTE;30;443010;4518960;0503;G08;
16;28;95;2811;NAVALAGAMELLA;30;404265;4477400;0503;J04;
16;28;96;2809;NAVALCARNERO;30;413863;4460510;0503;L05;
16;28;97;2802;NAVARREDONDA Y SAN MAMÉS;30;438767;4539800;0503;E07;
16;28;99;2810;NAVAS DEL REY;30;392259;4471220;0503;K03;
16;28;100;2807;NUEVO BAZTÁN;30;478578;4469610;0503;L11;
16;28;101;2807;OLMEDA DE LAS FUENTES;30;482552;4468920;0603;L01;
16;28;102;2807;ORUSCO DE TAJUÑA;30;482205;4460100;0603;M01;
16;28;104;2806;PARACUELLOS DE JARAMA;30;455620;4485280;0503;J09;
16;28;106;2809;PARLA;30;434902;4453890;0503;M07;
16;28;107;2805;PATONES;30;459264;4526070;0503;F09;
16;28;108;2805;PEDREZUELA;30;447271;4510520;0503;G08;
16;28;109;2810;PELAYOS DE LA PRESA;30;387352;4468820;0503;L02;
16;28;110;2807;PERALES DE TAJUÑA;30;470075;4453090;0503;M10;
16;28;111;2807;PEZUELA DE LAS TORRES;30;485000;4473190;0603;K01;
16;28;112;2801;PINILLA DEL VALLE;30;430151;4532390;0503;E07;
16;28;113;2808;PINTO;30;441729;4455650;0503;M08;
16;28;114;2803;PIÑUÉCAR-GANDULLAS;30;449710;4542580;0503;D08;
16;28;115;2809;POZUELO DE ALARCÓN;30;431034;4475910;0503;K07;
16;28;116;2807;POZUELO DEL REY;30;473870;4468160;0503;L11;
16;28;117;2804;PRÁDENA DEL RINCON;30;457260;4543600;0503;D09;
16;28;118;2804;PUEBLA DE LA SIERRA;30;462054;4539460;0503;D10;
16;28;119;2811;QUIJORNA;30;410070;4474850;0503;K05;
16;28;120;2801;RASCAFRÍA;30;424661;4524280;0503;F06;
16;28;121;2805;REDUEÑA;30;450001;4518830;0503;G08;
16;28;122;2806;RIBATEJADA;30;465340;4501620;0503;H10;
16;28;123;2808;RIVAS-VACIAMADRID;30;455218;4465790;0503;L09;
16;28;124;2804;ROBLEDILLO DE LA JARA;30;456132;4533350;0503;E09;
16;28;125;2811;ROBLEDO DE CHAVELA;30;394877;4482090;0503;J03;
16;28;126;2803;ROBREGORDO;30;449426;4552670;0503;C09;
16;28;127;2809;ROZAS DE MADRID, LAS;30;424555;4486300;0503;J06;
16;28;128;2810;ROZAS DE PUERTO REAL;30;371313;4462710;0503;L01;
16;28;129;2806;SAN AGUSTIN DEL GUADALIX;30;446726;4504250;0503;H08;
16;28;130;2808;SAN FERNANDO DE HENARES;30;458960;4476440;0503;K09;
16;28;131;2812;SAN LORENZO DE EL ESCORIAL;30;404499;4497170;0503;I04;
16;28;132;2808;SAN MARTÍN DE LA VEGA;30;452328;4455120;0503;M09;
16;28;133;2810;SAN MARTIN DE VALDEIGLESIAS;30;384155;4469100;0503;L02;
16;28;134;2815;SAN SEBASTIÁN DE LOS REYES;30;449330;4492000;0503;J08;
16;28;135;2812;SANTA MARÍA DE LA ALAMEDA;30;394690;4494690;0503;I03;
16;28;136;2806;SANTORCAZ;30;481132;4480340;0603;J01;
16;28;137;2806;SANTOS DE LA HUMOSA, LOS;30;478393;4484930;0503;J11;
16;28;138;2803;SERNA DEL MONTE, LA;30;447858;4543470;0503;D08;
16;28;140;2809;SERRANILLOS DEL VALLE;30;423971;4451300;0503;M06;
16;28;141;2809;SEVILLA LA NUEVA;30;411889;4467790;0503;L05;
16;28;143;2803;SOMOSIERRA;30;452410;4554890;0503;C09;
16;28;144;2814;SOTO DEL REAL;30;433521;4511350;0503;G07;
16;28;145;2806;TALAMANCA DE JARAMA;30;458659;4509860;0503;G09;
16;28;146;2807;TIELMES;30;474418;4453890;0503;M11;
16;28;147;2808;TITULCIA;30;452309;4444340;0503;N09;
16;28;148;2806;TORREJÓN DE ARDOZ;30;461096;4480270;0503;K10;
16;28;149;2809;TORREJÓN DE LA CALZADA;30;432242;4450890;0503;M07;
16;28;150;2809;TORREJÓN DE VELASCO;30;436507;4447600;0503;N07;
16;28;151;2805;TORRELAGUNA;30;454056;4519390;0503;F09;
16;28;152;2813;TORRELODONES;30;421712;4492290;0503;I06;
16;28;153;2805;TORREMOCHA DE JARAMA;30;457971;4520630;0503;F09;
16;28;154;2807;TORRES DE LA ALAMEDA;30;468842;4473540;0503;K10;
16;28;155;2807;VALDARACETE;30;483111;4450050;0603;M01;
16;28;156;2806;VALDEAVERO;30;470588;4497130;0503;I11;
16;28;157;2807;VALDELAGUNA;30;468438;4447620;0503;N10;
16;28;158;2805;VALDEMANCO;30;444086;4523930;0503;F08;
16;28;159;2811;VALDEMAQUEDA;30;389976;4485040;0503;J02;
16;28;160;2809;VALDEMORILLO;30;409591;4484470;0503;J04;
16;28;161;2808;VALDEMORO;30;444152;4448550;0503;N08;
16;28;162;2806;VALDEOLMOS-ALALPARDO;30;461084;4498740;0503;I10;
16;28;163;2806;VALDEPIÉLAGOS;30;460418;4512810;0503;G10;
16;28;164;2806;VALDETORRES DE JARAMA;30;456831;4504730;0503;H09;
16;28;165;2807;VALDILECHA;30;474286;4460810;0503;L11;
16;28;166;2806;VALVERDE DE ALCALÁ;30;474667;4472950;0503;K11;
16;28;167;2808;VELILLA DE SAN ANTONIO;30;459708;4468510;0503;L09;
16;28;168;2805;VELLÓN, EL;30;452731;4513460;0503;G09;
16;28;169;2805;VENTURADA;30;447649;4516670;0503;G08;
16;28;170;2807;VILLACONEJOS;30;457534;4440580;0503;O09;
16;28;171;2810;VILLA DEL PRADO;30;388997;4459400;0503;M02;
16;28;172;2806;VILLALBILLA;30;472498;4477100;0503;K11;
16;28;173;2807;VILLAMANRIQUE DE TAJO;30;478793;4436460;0503;O11;
16;28;174;2810;VILLAMANTA;30;404797;4460960;0503;L04;
16;28;175;2810;VILLAMANTILLA;30;402878;4466600;0503;L04;
16;28;176;2809;VILLANUEVA DE LA CAÑADA;30;416432;4478120;0503;K05;
16;28;177;2809;VILLANUEVA DEL PARDILLO;30;418108;4482910;0503;J05;
16;28;178;2811;VILLANUEVA DE PERALES;30;407459;4469860;0503;L04;
16;28;179;2807;VILLAR DEL OLMO;30;479699;4464830;0503;L11;
16;28;180;2807;VILLAREJO DE SALVANÉS;30;477285;4442410;0503;N11;
16;28;181;2809;VILLAVICIOSA DE ODÓN;30;420567;4468460;0503;L06;
16;28;182;2803;VILLAVIEJA DEL LOZOYA;30;441042;4542270;0503;E08;
16;28;183;2812;ZARZALEJO;30;400235;4488970;0503;J04;
16;28;901;2802;LOZOYUELA-NAVAS-SIETEIGLESIAS;30;447825;4529950;0503;E08;
16;28;902;2804;PUENTES VIEJAS;30;452857;4536740;0503;E09;
16;28;903;2815;TRES CANTOS;30;438722;4496120;0503;I07;
16;28;999;2800;OTRA PROVINCIA;0;0;0;0000;000;
17;5;0;500;INDETERMINADO;;;;0000;000;
17;5;1;502;ADANERO;30;365430;4533900;0403;E11;
17;5;2;510;ADRADA LA;30;359583;4463520;0403;L11;
17;5;5;502;ALBORNOS;30;341157;4522260;0403;F09;
17;5;7;504;ALDEANUEVA DE SANTA CRUZ;30;294014;4472430;0403;K04;
17;5;8;502;ALDEASECA;30;348542;4545240;0403;D09;
17;5;10;504;ALDEHUELA LA;30;296293;4476930;0403;K04;
17;5;12;503;AMAVIDA;30;325489;4494180;0403;I07;
17;5;13;501;ARENAL EL;30;323046;4460740;0403;M07;
17;5;14;501;ARENAS DE SAN PEDRO;30;320332;4449280;0403;M07;
17;5;15;509;AREVALILLO;30;299424;4495730;0403;I04;
17;5;16;502;AREVALO;30;355537;4545370;0403;D10;
17;5;17;502;AVEINTE;30;345418;4516650;0403;G09;
17;5;18;504;AVELLANEDA;30;297553;4473710;0403;K04;
17;5;19;503;AVILA;30;360944;4502820;0403;H10;
17;5;21;504;BARCO DE AVILA EL;30;286118;4470430;0403;K03;
17;5;22;506;BARRACO EL;30;364837;4478350;0403;J11;
17;5;23;502;BARROMAN;30;337919;4547030;0403;D08;
17;5;24;504;BECEDAS;30;276602;4474060;0403;K02;
17;5;25;509;BECEDILLAS;30;303771;4491380;0403;I05;
17;5;26;502;BERCIAL DE ZAPARDIEL;30;334137;4545390;0403;D08;
17;5;27;502;BERLANAS LAS;30;351092;4518410;0403;G10;
17;5;29;502;BERNUY-ZAPARDIEL;30;337138;4537700;0403;E08;
17;5;30;503;BERROCALEJO DE ARAGONA;30;365521;4506550;0403;H11;
17;5;33;509;BLASCOMILLAN;30;321730;4521130;0403;G07;
17;5;34;502;BLASCONUÑO DE MATACABRA;30;333411;4556490;0403;C08;
17;5;35;502;BLASCOSANCHO;30;361496;4526400;0403;F11;
17;5;36;502;BOHODON EL;30;353693;4531070;0403;E10;
17;5;37;504;BOHOYO;30;295286;4462850;0403;L04;
17;5;38;509;BONILLA DE LA SIERRA;30;309608;4491270;0403;J05;
17;5;39;502;BRABOS;30;337378;4513870;0403;G08;
17;5;40;503;BULARROS;30;345066;4510930;0403;H09;
17;5;41;506;BURGOHONDO;30;349240;4472580;0403;K09;
17;5;42;502;CABEZAS DE ALAMBRE;30;345678;4533360;0403;E09;
17;5;43;502;CABEZAS DEL POZO;30;334778;4541030;0403;D08;
17;5;44;509;CABEZAS DEL VILLAR;30;313900;4507330;0403;H06;
17;5;45;502;CABIZUELA;30;347908;4529590;0403;F09;
17;5;46;502;CANALES;30;339736;4540330;0403;D09;
17;5;47;501;CANDELEDA;30;306091;4449990;0403;N05;
17;5;48;502;CANTIVEROS;30;335042;4536000;0403;E08;
17;5;49;503;CARDEÑOSA;30;353923;4511150;0403;G10;
17;5;51;504;CARRERA LA;30;282657;4470400;0403;L03;
17;5;52;509;CASAS DEL PUERTO;30;315434;4488590;0403;J06;
17;5;53;503;CASASOLA;30;346278;4503270;0403;H09;
17;5;54;510;CASAVIEJA;30;349416;4462760;0403;L09;
17;5;55;510;CASILLAS;30;366220;4466050;0403;L11;
17;5;56;502;CASTELLANOS DE ZAPARDIEL;30;339841;4549550;0403;C08;
17;5;57;507;CEBREROS;30;378547;4479230;0503;K01;
17;5;58;508;CEPEDA LA MORA;30;326025;4480640;0403;J07;
17;5;59;503;CILLAN;30;332021;4507520;0403;H08;
17;5;60;502;CISLA;30;330258;4537580;0403;E08;
17;5;61;503;COLILLA LA;30;351486;4500910;0403;H10;
17;5;62;502;COLLADO DE CONTRERAS;30;337579;4527920;0403;F08;
17;5;63;509;COLLADO DEL MIRON;30;300160;4491800;0403;I05;
17;5;64;502;CONSTANZANA;30;341636;4532390;0403;E09;
17;5;65;502;CRESPOS;30;333855;4525200;0403;F08;
17;5;66;505;CUEVAS DEL VALLE;30;327673;4462850;0403;L07;
17;5;67;503;CHAMARTIN;30;335443;4509800;0403;H08;
17;5;69;502;DONJIMENO;30;344059;4536670;0403;E09;
17;5;70;502;DONVIDAS;30;348750;4549950;0403;C09;
17;5;72;502;ESPINOSA DE LOS CABALLEROS;30;359907;4542120;0403;D11;
17;5;73;502;FLORES DE AVILA;30;324757;4534610;0403;E07;
17;5;74;502;FONTIVEROS;30;335125;4532480;0403;E08;
17;5;75;510;FRESNEDILLA;30;359132;4455490;0403;M11;
17;5;76;503;FRESNO EL;30;352026;4498170;0403;I10;
17;5;77;502;FUENTE EL SAUZ;30;340574;4537760;0403;E08;
17;5;78;502;FUENTES DE AÑO;30;339396;4543480;0403;D09;
17;5;79;503;GALLEGOS DE ALTAMIROS;30;338546;4507650;0403;H08;
17;5;80;509;GALLEGOS DE SOBRINOS;30;318983;4508260;0403;H07;
17;5;81;508;GARGANTA DEL VILLAR;30;320569;4480470;0403;J07;
17;5;82;510;GAVILANES;30;341175;4460030;0403;L09;
17;5;83;503;GEMUÑO;30;349707;4494540;0403;I09;
17;5;84;504;GILBUENA;30;279906;4477350;0403;K02;
17;5;85;504;GIL GARCIA;30;279685;4462280;0403;L02;
17;5;86;502;GIMIALCON;30;320875;4526770;0403;F07;
17;5;87;502;GOTARRENDURA;30;354366;4521380;0403;F10;
17;5;88;502;GRANDES Y SAN MARTIN;30;333938;4514380;0403;G08;
17;5;89;501;GUISANDO;30;317728;4454400;0403;M06;
17;5;90;502;GUTIERRE-MUÑOZ;30;361041;4536750;0403;E11;
17;5;92;502;HERNANSANCHO;30;355216;4524310;0403;F10;
17;5;93;507;HERRADON DE PINARES;30;369787;4494240;0403;I11;
17;5;94;502;HERREROS DE SUSO;30;327691;4519170;0403;G07;
17;5;95;510;HIGUERA DE LAS DUEÑAS;30;363350;4454650;0403;M11;
17;5;96;503;HIJA DE DIOS LA;30;333361;4487300;0403;J08;
17;5;97;504;HORCAJADA LA;30;290545;4478960;0403;K04;
17;5;99;502;HORCAJO DE LAS TORRES;30;322818;4548950;0403;D07;
17;5;100;501;HORNILLO EL;30;319079;4459200;0403;M07;
17;5;101;508;HOYOCASERO;30;331525;4474730;0403;K08;
17;5;102;507;HOYO DE PINARES EL;30;381662;4485340;0503;J01;
17;5;103;509;HOYORREDONDO;30;295808;4481780;0403;J04;
17;5;104;508;HOYOS DEL COLLADO;30;313008;4471240;0403;K06;
17;5;105;508;HOYOS DEL ESPINO;30;315288;4466450;0403;L06;
17;5;106;508;HOYOS DE MIGUEL MUÑOZ;30;324793;4473430;0403;K07;
17;5;107;509;HURTUMPASCUAL;30;322217;4505640;0403;H07;
17;5;108;504;JUNCIANA;30;282380;4476870;0403;K03;
17;5;109;502;LANGA;30;344201;4541000;0403;D09;
17;5;110;505;LANZAHITA;30;335106;4451150;0403;M08;
17;5;112;504;LOSAR DEL BARCO EL;30;284944;4475020;0403;K03;
17;5;113;504;LLANOS DE TORMES LOS;30;289916;4468280;0403;L03;
17;5;114;502;MADRIGAL DE LAS ALTAS TORRES;30;329602;4552190;0403;C08;
17;5;115;502;MAELLO;30;368875;4519670;0503;G01;
17;5;116;509;MALPARTIDA DE CORNEJA;30;300841;4488030;0403;J05;
17;5;117;502;MAMBLAS;30;329965;4541910;0403;D08;
17;5;118;509;MANCERA DE ARRIBA;30;318742;4518430;0403;G06;
17;5;119;509;MANJABALAGO;30;324877;4504500;0403;H07;
17;5;120;503;MARLIN;30;345813;4508690;0403;H09;
17;5;121;503;MARTIHERRERO;30;349499;4505150;0403;H09;
17;5;122;509;MARTINEZ;30;300778;4500440;0403;H05;
17;5;123;503;MEDIANA DE VOLTOYA;30;368764;4507570;0403;H11;
17;5;124;504;MEDINILLA;30;279332;4481310;0403;J02;
17;5;125;503;MENGAMUÑOZ;30;329500;4485450;0403;J08;
17;5;126;509;MESEGAR DE CORNEJA;30;304388;4487320;0403;J05;
17;5;127;510;MIJARES;30;344370;4461290;0403;L09;
17;5;128;503;MINGORRIA;30;358391;4514260;0403;G10;
17;5;129;509;MIRON EL;30;296888;4492470;0403;J04;
17;5;130;503;MIRONCILLO;30;345795;4491280;0403;I09;
17;5;131;509;MIRUEÑA DE LOS INFANZONES;30;324074;4511720;0403;G07;
17;5;132;505;MOMBELTRAN;30;329286;4453310;0403;M07;
17;5;133;502;MONSALUPE;30;349109;4514920;0403;G09;
17;5;134;502;MORALEJA DE MATACABRAS;30;336918;4553510;0403;C08;
17;5;135;503;MUÑANA;30;329091;4496190;0403;I07;
17;5;136;503;MUÑICO;30;328252;4508600;0403;H07;
17;5;138;503;MUÑOGALINDO;30;338965;4496050;0403;I08;
17;5;139;502;MUÑOGRANDE;30;336488;4520320;0403;F08;
17;5;140;502;MUÑOMER DEL PECO;30;340846;4525840;0403;F09;
17;5;141;503;MUÑOPEPE;30;346489;4500040;0403;H09;
17;5;142;502;MUÑOSANCHO;30;328938;4532370;0403;E07;
17;5;143;503;MUÑOTELLO;30;328024;4490040;0403;I07;
17;5;144;509;NARRILLOS DEL ALAMO;30;291007;4494590;0403;I04;
17;5;145;503;NARRILLOS DEL REBOLLAR;30;334471;4504680;0403;H08;
17;5;147;502;NARROS DEL CASTILLO;30;326375;4524340;0403;F07;
17;5;148;503;NARROS DEL PUERTO;30;331169;4489440;0403;I08;
17;5;149;502;NARROS DE SALDUEÑA;30;342348;4527520;0403;F09;
17;5;151;509;NAVACEPEDILLA DE CORNEJA;30;316848;4484370;0403;J06;
17;5;152;502;NAVA DE AREVALO;30;351673;4540100;0403;E10;
17;5;153;504;NAVA DEL BARCO;30;282694;4460940;0403;L03;
17;5;154;508;NAVADIJOS;30;322928;4476800;0403;K07;
17;5;155;509;NAVAESCURIAL;30;308466;4481690;0403;J05;
17;5;156;510;NAVAHONDILLA;30;373624;4466680;0503;L01;
17;5;157;508;NAVALACRUZ;30;335085;4480290;0403;K08;
17;5;158;506;NAVALMORAL;30;351992;4480760;0403;J10;
17;5;159;504;NAVALONGUILLA;30;287026;4457920;0403;L03;
17;5;160;508;NAVALOSA;30;336921;4473040;0403;K08;
17;5;161;507;NAVALPERAL DE PINARES;30;377930;4495120;0503;I02;
17;5;162;504;NAVALPERAL DE TORMES;30;306620;4466480;0403;L05;
17;5;163;506;NAVALUENGA;30;356477;4473200;0403;K10;
17;5;164;508;NAVAQUESERA;30;337301;4476730;0403;K08;
17;5;165;508;NAVARREDONDA DE GREDOS;30;320361;4468920;0403;K06;
17;5;166;506;NAVARREDONDILLA;30;344396;4478380;0403;K09;
17;5;167;508;NAVARREVISCA;30;341046;4469370;0403;K08;
17;5;168;507;NAVAS DEL MARQUES LAS;30;385930;4494680;0503;I02;
17;5;169;506;NAVATALGORDO;30;342591;4475120;0403;K09;
17;5;170;504;NAVATEJARES;30;284532;4466720;0403;L03;
17;5;171;504;NEILA DE SAN MIGUEL;30;274999;4478900;0403;K02;
17;5;172;503;NIHARRA;30;344043;4495370;0403;I09;
17;5;173;503;OJOS-ALBOS;30;372438;4509620;0503;H01;
17;5;174;502;ORBITA;30;360592;4539450;0403;D11;
17;5;175;502;OSO EL;30;350785;4523820;0403;F10;
17;5;176;503;PADIERNOS;30;342413;4499690;0403;I09;
17;5;177;502;PAJARES DE ADAJA;30;361459;4531360;0403;E11;
17;5;178;502;PALACIOS DE GODA;30;352052;4552830;0403;C10;
17;5;179;502;PAPATRIGO;30;344964;4526970;0403;F09;
17;5;180;502;PARRAL EL;30;332125;4517920;0403;G08;
17;5;181;509;PASCUALCOBO;30;308404;4501910;0403;H05;
17;5;182;505;PEDRO BERNARDO;30;337755;4456710;0403;M08;
17;5;183;502;PEDRO-RODRIGUEZ;30;349926;4533510;0403;E09;
17;5;184;507;PEGUERINOS;30;396324;4500660;0503;I03;
17;5;185;502;PEÑALBA DE AVILA;30;354865;4517810;0403;G10;
17;5;186;509;PIEDRAHITA;30;301861;4482760;0403;J05;
17;5;187;510;PIEDRALAVES;30;354723;4465030;0403;L10;
17;5;188;509;POVEDA;30;323355;4493780;0403;I07;
17;5;189;501;POYALES DEL HOYO;30;315964;4449160;0403;N06;
17;5;190;502;POZANCO;30;359454;4518460;0403;G10;
17;5;191;509;PRADOSEGAR;30;324216;4490120;0403;I07;
17;5;192;504;PUERTO CASTILLA;30;276283;4461490;0403;L02;
17;5;193;502;RASUEROS;30;326271;4543480;0403;D07;
17;5;194;502;RIOCABADO;30;348240;4522480;0403;F09;
17;5;195;503;RIOFRIO;30;351473;4489300;0403;I09;
17;5;196;502;RIVILLA DE BARAJAS;30;330605;4528080;0403;F08;
17;5;197;503;SALOBRAL;30;347255;4497340;0403;I09;
17;5;198;502;SALVADIOS;30;324809;4528590;0403;F07;
17;5;199;504;S BARTOLOME DE BEJAR;30;273264;4474810;0403;K02;
17;5;200;509;S BARTOLOME DE CORNEJA;30;298705;4484980;0403;J04;
17;5;201;507;S BARTOLOME DE PINARES;30;374437;4488820;0403;J11;
17;5;204;502;SANCHINDRIAN;30;366501;4528410;0403;F11;
17;5;205;503;SANCHORREJA;30;341167;4505080;0403;H08;
17;5;206;503;S ESTEBAN DE LOS PATOS;30;362450;4511470;0403;G11;
17;5;207;505;S ESTEBAN DEL VALLE;30;333343;4461250;0403;L08;
17;5;208;502;S ESTEBAN DE ZAPARDIEL;30;340971;4551620;0403;C09;
17;5;209;509;S GARCIA DE INGELMOS;30;321665;4514920;0403;G07;
17;5;210;502;S JUAN DE LA ENCINILLA;30;345481;4520950;0403;F09;
17;5;211;506;S JUAN DE LA NAVA;30;357997;4481260;0403;J10;
17;5;212;506;S JUAN DEL MOLINILLO;30;343681;4481570;0403;J09;
17;5;213;509;S JUAN DEL OLMO;30;325715;4500900;0403;H07;
17;5;214;504;S LORENZO DE TORMES;30;288176;4472720;0403;K03;
17;5;215;508;S MARTIN DE LA VEGA;30;315477;4477680;0403;K06;
17;5;216;508;S MARTIN DEL PIMPOLLAR;30;326561;4469970;0403;K07;
17;5;217;509;S MIGUEL DE CORNEJA;30;306925;4485060;0403;J05;
17;5;218;509;S MIGUEL DE SERREZUELA;30;308059;4507320;0403;H05;
17;5;219;502;S PASCUAL;30;353257;4528510;0403;F10;
17;5;220;502;S PEDRO DEL ARROYO;30;342389;4517760;0403;G09;
17;5;221;505;STA CRUZ DEL VALLE;30;330075;4453650;0403;M07;
17;5;222;507;STA CRUZ DE PINARES;30;364577;4488110;0403;J11;
17;5;224;503;STA MARIA DEL ARROYO;30;336132;4496420;0403;I08;
17;5;225;509;STA MARIA DEL BERROCAL;30;295451;4487010;0403;J04;
17;5;226;504;STA MARIA DE LOS CABALLEROS;30;291703;4473700;0403;K04;
17;5;227;510;STA MARIA DEL TIETAR;30;368394;4462990;0403;L11;
17;5;228;509;SANTIAGO DEL COLLADO;30;301707;4478010;0403;K05;
17;5;229;502;STO DOMINGO DE LAS POSADAS;30;361727;4517660;0403;G11;
17;5;230;502;STO TOME DE ZABARCOS;30;339709;4517130;0403;G08;
17;5;231;502;S VICENTE DE AREVALO;30;348218;4536620;0403;E09;
17;5;232;503;SERRADA LA;30;349064;4499400;0403;I09;
17;5;233;508;SERRANILLOS;30;337892;4466080;0403;L08;
17;5;234;502;SIGERES;30;336566;4517780;0403;G08;
17;5;235;502;SINLABAJOS;30;345284;4549190;0403;D09;
17;5;236;504;SOLANA DE ÁVILA;30;275288;4468040;0403;L02;
17;5;237;502;SOLANA DE RIOALMAR;30;330499;4512460;0403;G08;
17;5;238;503;SOLOSANCHO;30;337947;4489720;0403;I08;
17;5;239;503;SOTALVO;30;342102;4486510;0403;J09;
17;5;240;510;SOTILLO DE LA ADRADA;30;364494;4461800;0403;L11;
17;5;241;506;TIEMBLO EL;30;373286;4472190;0503;K01;
17;5;242;502;TIÑOSILLOS;30;355941;4534740;0403;E10;
17;5;243;503;TOLBAÑOS;30;366426;4512910;0403;G11;
17;5;244;504;TORMELLAS;30;287163;4465100;0403;L03;
17;5;245;503;TORNADIZOS DE AVILA;30;363914;4496260;0403;I11;
17;5;246;509;TORTOLES;30;307691;4494010;0403;I05;
17;5;247;503;TORRE LA;30;333832;4497280;0403;I08;
17;5;249;504;UMBRIAS;30;281382;4466020;0403;L03;
17;5;251;509;VADILLO DE LA SIERRA;30;319942;4498220;0403;I07;
17;5;252;503;VALDECASA;30;329794;4503970;0403;H08;
17;5;253;502;VEGA DE SANTA MARIA;30;360413;4522320;0403;F11;
17;5;254;502;VELAYOS;30;364893;4523300;0403;F11;
17;5;256;502;VILLAFLOR;30;341338;4513010;0403;G09;
17;5;257;509;VILLAFRANCA DE LA SIERRA;30;316415;4484390;0403;J06;
17;5;258;502;VILLANUEVA DE GOMEZ;30;356909;4527740;0403;F10;
17;5;259;502;VILLANUEVA DEL ACERAL;30;343315;4545380;0403;D09;
17;5;260;509;VILLANUEVA DEL CAMPILLO;30;314558;4495130;0403;I06;
17;5;261;509;VILLAR DE CORNEJA;30;293211;4483800;0403;J04;
17;5;262;505;VILLAREJO DEL VALLE;30;331367;4466190;0403;L08;
17;5;263;509;VILLATORO;30;322366;4488870;0403;I07;
17;5;264;502;VIÑEGRA DE MORAÑA;30;337796;4524310;0403;F08;
17;5;265;502;VITA;30;331197;4520940;0403;G08;
17;5;266;509;ZAPARDIEL DE LA CAÑADA;30;304046;4497610;0403;I05;
17;5;267;504;ZARPADIEL DE LA RIBERA;30;303443;4464790;0403;K05;
17;5;901;508;S JUAN DE GREDOS;30;309752;4469980;0403;K05;
17;5;902;503;STA MARIA DEL CUBILLO;30;376660;4508650;0503;G01;
17;5;903;509;DIEGO DEL CARPIO;30;302768;4504820;0403;H05;
17;5;904;504;SANTIAGO DEL TORMES;30;298485;4469050;0403;K04;
17;5;905;506;VILLANUEVA DE AVILA;30;345342;4470720;0403;K09;
17;5;999;500;OTRA PROVINCIA;0;0;0;0000;000;
17;9;0;900;INDETERMINADO;;;;0000;000;
17;9;1;902;ABAJAS;30;452014;4718900;0502;A08;
17;9;3;901;ADRADA DE HAZA;30;431966;4605740;0502;L06;
17;9;6;910;AGUAS CANDIDAS;30;459395;4731600;0501;O08;
17;9;7;909;AGUILAR DE BUREBA;30;472798;4715690;0502;A10;
17;9;9;902;ALBILLOS;30;435118;4681960;0502;D06;
17;9;10;911;ALCOCERO DE MOLA;30;470834;4702730;0502;B10;
17;9;11;915;ALFOZ DE BRICIA;30;430084;4750050;0501;L06;
17;9;12;915;ALFOZ DE SANTA GADEA;30;422596;4755190;0501;L05;
17;9;13;909;ALTABLE;30;493668;4716670;0602;A02;
17;9;14;914;ALTOS LOS;30;447246;4737300;0501;N07;
17;9;16;909;AMEYUGO;30;495367;4722890;0601;O02;
17;9;17;901;ANGUIX;30;423060;4622730;0502;J05;
17;9;18;901;ARANDA DE DUERO;30;443134;4615780;0502;K07;
17;9;19;901;ARANDILLA;30;464552;4620390;0502;J09;
17;9;20;905;ARAUZO DE MIEL;30;467538;4635800;0502;I09;
17;9;21;905;ARAUZO DE SALCE;30;466140;4630390;0502;I09;
17;9;22;905;ARAUZO DE TORRE;30;464144;4627010;0502;J09;
17;9;23;902;ARCOS;30;437509;4677550;0502;E06;
17;9;24;902;ARENILLAS DE RIOPISUERGA;30;399395;4689560;0502;C02;
17;9;25;915;ARIJA;30;422638;4760090;0501;K05;
17;9;26;906;ARLANZON;30;464265;4687710;0502;D09;
17;9;27;906;ARRAYA DE OCA;30;468077;4694700;0502;C09;
17;9;29;906;ATAPUERCA;30;458387;4692480;0502;C08;
17;9;30;902;AUSINES LOS;30;452066;4672630;0502;E08;
17;9;32;907;AVELLANOSA DE MUÑO;30;429173;4649210;0502;H06;
17;9;33;907;BAHABON DE ESGUEVA;30;440007;4635260;0502;I06;
17;9;34;902;BALBASES LOS;30;411702;4674730;0502;E04;
17;9;35;901;BAÑOS DE VALDEARADOS;30;453809;4624610;0502;J08;
17;9;36;909;BAÑUELOS DE BUREBA;30;477714;4705880;0502;B10;
17;9;37;913;BARBADILLO DE HERREROS;30;487013;4671660;0602;F01;
17;9;38;913;BARBADILLO DEL MERCADO;30;470040;4654540;0502;G10;
17;9;39;913;BARBADILLO DEL PEZ;30;480856;4663450;0602;F01;
17;9;41;902;BARRIO DE MUÑO;30;417624;4670360;0502;F04;
17;9;43;909;BARRIOS DE BUREBA LOS;30;470062;4721370;0501;O09;
17;9;44;906;BARRIOS DE COLINA;30;463461;4693130;0502;C09;
17;9;45;914;BASCONCILLOS DEL TOZO;30;422134;4726000;0501;O04;
17;9;46;911;BASCUÑANA;30;492238;4695510;0602;C02;
17;9;47;902;BELBIMBRE;30;416324;4668090;0502;F04;
17;9;48;911;BELORADO;30;484026;4697020;0602;C01;
17;9;50;908;BERBERANA;30;495687;4751470;0601;L02;
17;9;51;901;BERLANGAS DE ROA;30;428593;4615210;0502;K05;
17;9;52;909;BERZOSA DE BUREBA;30;478062;4719400;0502;A10;
17;9;54;909;BOZOO;30;492142;4732100;0601;N02;
17;9;55;905;BRAZACORTA;30;467382;4616560;0502;K09;
17;9;56;909;BRIVIESCA;30;474325;4710150;0502;A10;
17;9;57;909;BUGEDO;30;498366;4722610;0601;O02;
17;9;58;902;BUNIEL;30;433660;4684800;0502;D06;
17;9;59;902;BURGOS;30;444018;4689290;0502;D07;
17;9;60;909;BUSTO DE BUREBA;30;478778;4723170;0501;O10;
17;9;61;907;CABAÑES DE ESGUEVA;30;434087;4632090;0502;I06;
17;9;62;913;CABEZON DE LA SIERRA;30;480043;4642450;0502;H10;
17;9;63;902;CAVIA;30;430444;4681600;0502;D06;
17;9;64;901;CALERUEGA;30;460625;4630470;0502;I08;
17;9;65;901;CAMPILLO DE ARANDA;30;439077;4606810;0502;L06;
17;9;66;913;CAMPOLARA;30;465327;4663340;0502;F09;
17;9;67;912;CANICOSA DE LA SIERRA;30;497310;4641580;0602;H02;
17;9;68;910;CANTABRANA;30;461896;4731900;0501;N09;
17;9;70;903;CARAZO;30;470835;4645750;0502;H10;
17;9;71;909;CARCEDO DE BUREBA;30;457762;4714680;0502;A08;
17;9;72;902;CARCEDO DE BURGOS;30;448866;4680860;0502;D07;
17;9;73;902;CARDEÑADIJO;30;445100;4683060;0502;D07;
17;9;74;902;CARDEÑAJIMENO;30;449582;4686730;0502;D07;
17;9;75;906;CARDEÑUELA RIOPICO;30;455119;4690690;0502;C08;
17;9;76;911;CARRIAS;30;475977;4703170;0502;B10;
17;9;77;909;CASCAJARES DE BUREBA;30;480881;4725400;0601;O01;
17;9;78;913;CASCAJARES DE LA SIERRA;30;467668;4657330;0502;G09;
17;9;79;902;CASTELLANOS DE CASTRO;30;415409;4687100;0502;D04;
17;9;82;911;CASTILDELGADO;30;492871;4699150;0602;C02;
17;9;83;906;CASTIL DE PEONES;30;468447;4702210;0502;B09;
17;9;84;913;CASTRILLO DE LA REINA;30;480590;4647850;0602;H01;
17;9;85;901;CASTRILLO DE LA VEGA;30;435968;4611310;0502;K06;
17;9;86;902;CASTRILLO DEL VAL;30;452051;4684720;0502;D08;
17;9;88;902;CASTRILLO DE RIOPISUERGA;30;395871;4711440;0502;B02;
17;9;90;902;CASTRILLO MATAJUDIOS;30;401805;4684240;0502;D03;
17;9;91;902;CASTROJERIZ;30;405896;4681230;0502;D03;
17;9;93;902;CAYUELA;30;433896;4679450;0502;D06;
17;9;94;907;CEBRECOS;30;451313;4649360;0502;H08;
17;9;95;902;CELADA DEL CAMINO;30;422595;4680130;0502;E05;
17;9;98;911;CEREZO DE RIO TIRON;30;488836;4705870;0602;B01;
17;9;100;906;CERRATON DE JUARROS;30;470001;4696180;0502;C09;
17;9;101;907;CIADONCHA;30;422755;4668570;0502;F05;
17;9;102;910;CILLAPERLATA;30;469396;4736390;0501;N10;
17;9;103;907;CILLERUELO DE ABAJO;30;433412;4638640;0502;I06;
17;9;104;907;CILLERUELO DE ARRIBA;30;445995;4639930;0502;I07;
17;9;105;903;CIRUELOS DE CERVERA;30;456046;4640600;0502;I08;
17;9;108;907;COGOLLOS;30;442361;4672340;0502;E07;
17;9;109;909;CONDADO DE TREVIÑO;30;525448;4729920;0601;N05;
17;9;110;903;CONTRERAS;30;464845;4652840;0502;G09;
17;9;112;905;CORUÑA DEL CONDE;30;467814;4622940;0502;J09;
17;9;113;903;COVARRUBIAS;30;456142;4656570;0502;G08;
17;9;114;902;CUBILLO DEL CAMPO;30;450644;4667500;0502;F07;
17;9;115;909;CUBO DE BUREBA;30;482966;4720760;0601;O01;
17;9;117;901;CUEVA DE ROA LA;30;421801;4612110;0502;K05;
17;9;119;902;CUEVAS DE SAN CLEMENTE;30;451762;4664310;0502;F08;
17;9;120;909;ENCIO;30;491340;4725910;0601;O02;
17;9;122;903;ESPINOSA DE CERVERA;30;461138;4638160;0502;I09;
17;9;123;911;ESPINOSA DEL CAMINO;30;476933;4695070;0502;C10;
17;9;124;904;ESPINOSA DE LOS MONTEROS;30;451378;4773680;0501;K08;
17;9;125;902;ESTEPAR;30;427518;4679930;0502;D05;
17;9;127;907;FONTIOSO;30;438433;4642180;0502;H06;
17;9;128;902;FRANDOVINEZ;30;430359;4684800;0502;D06;
17;9;129;911;FRESNEDA DE LA SIERRA TIRON;30;489318;4681270;0602;D01;
17;9;130;911;FRESNEÑA;30;489035;4695070;0602;C01;
17;9;131;901;FRESNILLO DE LAS DUEÑAS;30;447367;4610010;0502;K07;
17;9;132;911;FRESNO DE RIO TIRON;30;484841;4701510;0602;B01;
17;9;133;906;FRESNO DE RODILLA;30;460521;4696920;0502;C09;
17;9;134;910;FRIAS;30;475872;4733760;0501;N10;
17;9;135;909;FUENTEBUREBA;30;480663;4720060;0601;O01;
17;9;136;901;FUENTECEN;30;427398;4609680;0502;L05;
17;9;137;901;FUENTELCESPED;30;446800;4605750;0502;L07;
17;9;138;901;FUENTELISENDO;30;424804;4608210;0502;L05;
17;9;139;901;FUENTEMOLINOS;30;428673;4606240;0502;L05;
17;9;140;901;FUENTENEBRO;30;437765;4595720;0502;M06;
17;9;141;901;FUENTESPINA;30;443301;4608870;0502;L07;
17;9;143;909;GALBARROS;30;463063;4707960;0502;B09;
17;9;144;905;GALLEGA LA;30;478518;4638490;0502;I10;
17;9;148;902;GRIJALBA;30;407974;4698060;0502;C03;
17;9;149;909;GRISALEÑA;30;478176;4715860;0502;A10;
17;9;151;901;GUMIEL DE IZAN;30;442631;4624740;0502;J07;
17;9;152;901;GUMIEL DE MERCADO;30;433133;4620770;0502;J06;
17;9;154;913;HACINAS;30;476538;4648040;0502;H10;
17;9;155;901;HAZA;30;429627;4603620;0502;L06;
17;9;159;902;HONTANAS;30;413724;4684760;0502;D04;
17;9;160;901;HONTANGAS;30;434373;4604710;0502;L06;
17;9;162;902;HONTORIA DE LA CANTERA;30;447531;4671770;0502;E07;
17;9;163;905;HONTORIA DEL PINAR;30;486406;4633570;0602;I01;
17;9;164;901;HONTORIA DE VALDEARADOS;30;457700;4622430;0502;J08;
17;9;166;902;HORMAZAS LAS;30;425865;4708570;0502;B05;
17;9;167;902;HORNILLOS DEL CAMINO;30;423622;4688050;0502;D05;
17;9;168;901;HORRA LA;30;427280;4621760;0502;J05;
17;9;169;903;HORTIGUELA;30;462616;4656940;0502;G09;
17;9;170;901;HOYALES DE ROA;30;429012;4612530;0502;K05;
17;9;172;902;HUERMECES;30;435271;4710590;0502;B06;
17;9;173;913;HUERTA DE ARRIBA;30;494298;4660790;0602;F02;
17;9;174;905;HUERTA DE REY;30;472704;4628870;0502;I10;
17;9;175;914;HUMADA;30;411717;4723280;0501;O04;
17;9;176;902;HURONES;30;450078;4695630;0502;C07;
17;9;177;906;IBEAS DE JUARROS;30;459193;4680150;0502;D08;
17;9;178;911;IBRILLOS;30;493945;4701380;0602;B02;
17;9;179;907;IGLESIARRUBIA;30;430030;4646100;0502;H05;
17;9;180;902;IGLESIAS;30;417863;4684420;0502;D04;
17;9;181;902;ISAR;30;424179;4694210;0502;C05;
17;9;182;902;ITERO DEL CASTILLO;30;398607;4682550;0502;D02;
17;9;183;913;JARAMILLO DE LA FUENTE;30;473938;4663360;0502;F10;
17;9;184;913;JARAMILLO QUEMADO;30;470418;4660300;0502;G10;
17;9;189;908;JUNTA DE TRASLALOMA;30;466967;4765390;0501;K09;
17;9;190;908;JUNTA DE VILLALBA DE LOSA;30;494263;4756120;0601;L02;
17;9;191;913;JURISDICCION DE LARA;30;462036;4665540;0502;F09;
17;9;192;908;JURISDICCION DE SAN ZADORNIL;30;486185;4743190;0601;M01;
17;9;194;907;LERMA;30;438155;4650300;0502;G06;
17;9;195;909;LLANO DE BUREBA;30;463613;4719280;0502;A09;
17;9;196;907;MADRIGAL DEL MONTE;30;445893;4665740;0502;F07;
17;9;197;907;MADRIGALEJO DEL MONTE;30;439676;4666360;0502;F07;
17;9;198;907;MAHAMUD;30;424696;4664900;0502;F05;
17;9;199;901;MAMBRILLA DE CASTREJON;30;417662;4613450;0502;K04;
17;9;200;903;MAMBRILLAS DE LARA;30;459529;4662590;0502;F09;
17;9;201;905;MAMOLAR;30;470703;4641060;0502;H10;
17;9;202;902;MANCILES;30;422367;4700910;0502;B05;
17;9;206;907;MAZUELA;30;424549;4673760;0502;E05;
17;9;208;903;MECERREYES;30;453275;4660890;0502;F08;
17;9;209;908;MEDINA DE POMAR;30;467502;4755570;0501;L09;
17;9;211;902;MELGAR DE FERNAMENTAL;30;396829;4698680;0502;C02;
17;9;213;908;MERINDAD DE CUESTA-URRIA;30;467124;4745930;0501;M09;
17;9;214;904;MERINDAD DE MONTIJA;30;460557;4768870;0501;K09;
17;9;215;904;MERINDAD DE SOTOSCUEVA;30;446910;4765800;0501;K07;
17;9;216;915;MERINDAD DE VALDEPORRES;30;438221;4763570;0501;K06;
17;9;217;910;MERINDAD DE VALDIVIELSO;30;455128;4741510;0501;M08;
17;9;218;901;MILAGROS;30;443209;4604000;0502;L07;
17;9;219;909;MIRANDA DE EBRO;30;503040;4724730;0601;O03;
17;9;220;909;MIRAVECHE;30;484529;4725300;0601;O01;
17;9;221;902;MODUBAR DE LA EMPAREDADA;30;445782;4679510;0502;E07;
17;9;223;913;MONASTERIO DE LA SIERRA;30;484663;4655820;0602;G01;
17;9;224;906;MONASTERIO DE RODILLA;30;459680;4701450;0502;B09;
17;9;225;913;MONCALVILLO;30;484038;4644470;0602;H01;
17;9;226;913;MONTERRUBIO DE LA DEMANDA;30;490957;4666440;0602;F02;
17;9;227;902;MONTORIO;30;437200;4715470;0502;A06;
17;9;228;901;MORADILLO DE ROA;30;434506;4600260;0502;L06;
17;9;229;901;NAVA DE ROA;30;419810;4607760;0502;L04;
17;9;230;909;NAVAS DE BUREBA;30;472732;4726250;0501;O10;
17;9;231;907;NEBREDA;30;448631;4645780;0502;H07;
17;9;232;912;NEILA;30;501969;4655860;0602;G03;
17;9;235;901;OLMEDILLO DE ROA;30;422919;4626090;0502;J05;
17;9;236;907;OLMILLOS DE MUÑO;30;422200;4672860;0502;E05;
17;9;238;910;OÑA;30;468613;4729630;0501;N09;
17;9;239;901;OQUILLAS;30;442180;4631310;0502;I07;
17;9;241;902;ORBANEJA RIOPICO;30;452337;4689950;0502;C08;
17;9;242;902;PADILLA DE ABAJO;30;403103;4695350;0502;C03;
17;9;243;902;PADILLA DE ARRIBA;30;402455;4700680;0502;C03;
17;9;244;910;PADRONES DE BUREBA;30;454503;4728160;0501;O08;
17;9;246;912;PALACIOS DE LA SIERRA;30;490099;4645450;0602;H01;
17;9;247;902;PALACIOS DE RIOPISUERGA;30;396605;4688250;0502;D02;
17;9;248;906;PALAZUELOS DE LA SIERRA;30;462525;4673680;0502;E09;
17;9;249;902;PALAZUELOS DE MUÑO;30;419418;4670950;0502;E04;
17;9;250;902;PAMPLIEGA;30;420955;4675160;0502;E04;
17;9;251;909;PANCORBO;30;489730;4722170;0601;O02;
17;9;253;901;PARDILLA;30;440992;4600310;0502;L07;
17;9;255;910;PARTIDO DE LA SIERRA TOBALINA;30;481292;4730520;0501;N10;
17;9;256;901;PEDROSA DE DUERO;30;417282;4621170;0502;K04;
17;9;257;902;PEDROSA DEL PARAMO;30;420225;4699450;0502;C05;
17;9;258;902;PEDROSA DEL PRINCIPE;30;400863;4677100;0502;E03;
17;9;259;902;PEDROSA DE RIO URBEL;30;431015;4696840;0502;C06;
17;9;261;901;PEÑARANDA DE DUERO;30;461317;4615250;0502;K09;
17;9;262;907;PERAL DE ARLANZA;30;411979;4658380;0502;G04;
17;9;265;909;PIERNIGAS;30;466799;4716890;0502;A09;
17;9;266;906;PINEDA DE LA SIERRA;30;476194;4674580;0502;E10;
17;9;267;907;PINEDA TRASMONTE;30;442462;4640300;0502;H07;
17;9;268;905;PINILLA DE LOS BARRUECOS;30;474901;4640760;0502;H10;
17;9;269;913;PINILLA DE LOS MOROS;30;474362;4658650;0502;G10;
17;9;270;907;PINILLA TRASMONTE;30;448277;4636780;0502;I07;
17;9;272;910;POZA DE LA SAL;30;456837;4723190;0501;O08;
17;9;273;909;PRADANOS DE BUREBA;30;471853;4705460;0502;B10;
17;9;274;911;PRADOLUENGO;30;483505;4685060;0602;D01;
17;9;275;907;PRESENCIO;30;428344;4671010;0502;E05;
17;9;276;909;PUEBLA DE ARGANZON LA;30;514871;4735740;0601;N04;
17;9;277;903;PUENTEDURA;30;451684;4655120;0502;G08;
17;9;279;901;QUEMADA;30;451836;4617590;0502;K08;
17;9;280;909;QUINTANABUREBA;30;469500;4715350;0502;A10;
17;9;281;901;QUINTANA DEL PIDIO;30;437905;4623810;0502;J06;
17;9;283;909;QUINTANAELEZ;30;475749;4724940;0501;O10;
17;9;287;902;QUINTANAORTUÑO;30;443175;4700620;0502;B07;
17;9;288;906;QUINTANAPALLA;30;456029;4696190;0502;C08;
17;9;289;912;QUINTANAR DE LA SIERRA;30;498581;4650380;0602;H02;
17;9;292;906;QUINTANAVIDES;30;465527;4703240;0502;B09;
17;9;294;907;QUINTANILLA DE LA MATA;30;434708;4649610;0502;H06;
17;9;295;903;QUINTANILLA DEL COCO;30;456574;4648490;0502;H08;
17;9;297;902;QUINTANILLAS LAS;30;430303;4691690;0502;C06;
17;9;298;909;QUINTANILLA SAN GARCIA;30;484290;4711190;0602;A01;
17;9;301;902;QUINTANILLA VIVAR;30;444158;4696170;0502;C07;
17;9;302;905;RABANERA DEL PINAR;30;483698;4638460;0602;I01;
17;9;303;911;RABANOS;30;476406;4684450;0502;D10;
17;9;304;902;RABE DE LAS CALZADAS;30;429679;4687640;0502;D06;
17;9;306;914;REBOLLEDO DE LA TORRE;30;400706;4727010;0501;O02;
17;9;307;911;REDECILLA DEL CAMINO;30;494816;4696350;0602;C02;
17;9;308;911;REDECILLA DEL CAMPO;30;490461;4700620;0602;B02;
17;9;309;912;REGUMIEL DE LA SIERRA;30;501837;4645660;0602;H03;
17;9;310;909;REINOSO;30;468243;4706560;0502;B09;
17;9;311;903;RETUERTA;30;458771;4653500;0502;G08;
17;9;312;913;REVILLA Y AHEDO LA;30;471304;4650970;0502;G10;
17;9;314;902;REVILLA DEL CAMPO;30;455949;4672350;0502;E08;
17;9;315;902;REVILLARRUZ;30;445315;4675360;0502;E07;
17;9;316;902;REVILLA VALLEJERA;30;406740;4667310;0502;F03;
17;9;317;902;REZMONDO;30;398919;4707760;0502;B02;
17;9;318;913;RIOCAVADO DE LA SIERRA;30;481846;4669890;0602;F01;
17;9;321;901;ROA;30;423505;4616700;0502;K05;
17;9;323;909;ROJAS;30;463341;4715080;0502;A09;
17;9;325;907;ROYUELA DE RIO FRANCO;30;420225;4649940;0502;G05;
17;9;326;906;RUBENA;30;452746;4693540;0502;C08;
17;9;327;909;RUBLACEDO DE ABAJO;30;458665;4709730;0502;A08;
17;9;328;910;RUCANDIO;30;456464;4734100;0501;N08;
17;9;329;910;SALAS DE BUREBA;30;461417;4727250;0501;O09;
17;9;330;913;SALAS DE LOS INFANTES;30;477327;4654990;0502;G10;
17;9;332;902;SALDAÑA DE BURGOS;30;443635;4680080;0502;E07;
17;9;334;909;SALINILLAS DE BUREBA;30;468793;4711860;0502;A09;
17;9;335;906;S ADRIAN DE JUARROS;30;461694;4680810;0502;D09;
17;9;337;901;S JUAN DEL MONTE;30;457074;4615040;0502;K08;
17;9;338;902;S MAMES DE BURGOS;30;434396;4687150;0502;D06;
17;9;339;901;S MARTIN DE RUBIALES;30;416826;4610120;0502;K04;
17;9;340;913;S MILLAN DE LARA;30;473227;4666970;0502;F10;
17;9;343;907;STA CECILIA;30;433771;4656870;0502;G06;
17;9;345;901;STA CRUZ DE LA SALCEDA;30;451366;4604810;0502;L08;
17;9;346;911;STA CRUZ DEL VALLE URBION;30;482874;4680300;0602;D01;
17;9;347;909;STA GADEA DEL CID;30;493789;4728630;0601;O02;
17;9;348;907;STA INES;30;442695;4656230;0502;G07;
17;9;350;907;STA MARIA DEL CAMPO;30;418339;4663100;0502;F04;
17;9;351;906;STA MARIA DEL INVIERNO;30;464339;4698580;0502;C09;
17;9;352;901;STA MARIA DEL MERCADILLO;30;453706;4635160;0502;I08;
17;9;353;909;STA MARIA RIVARREDONDA;30;485335;4719580;0601;O01;
17;9;354;906;STA OLALLA DE BUREBA;30;463212;4703640;0502;B09;
17;9;355;907;SANTIBAÑEZ DE ESGUEVA;30;437711;4630900;0502;I06;
17;9;356;903;SANTIBAÑEZ DEL VALLE;30;460001;4647290;0502;H09;
17;9;358;903;STO DOMINGO DE SILOS;30;464498;4644980;0502;H09;
17;9;360;911;S VICENTE DEL VALLE;30;486371;4689570;0602;D01;
17;9;361;914;SARGENTES DE LA LORA;30;426909;4732640;0501;N05;
17;9;362;902;SARRACIN;30;442087;4677390;0502;E07;
17;9;363;902;SASAMON;30;415178;4694070;0502;C04;
17;9;365;901;SEQUERA DE HAZA LA;30;432116;4602190;0502;L06;
17;9;366;907;SOLARANA;30;445633;4646020;0502;H07;
17;9;368;902;SORDILLOS;30;410143;4701600;0502;B03;
17;9;369;901;SOTILLO DE LA RIBERA;30;431407;4628640;0502;J06;
17;9;372;902;SOTRAGERO;30;440923;4696170;0502;C07;
17;9;373;914;SOTRESGUDO;30;401599;4716640;0502;A03;
17;9;374;902;SUSINOS DEL PARAMO;30;425216;4703200;0502;B05;
17;9;375;902;TAMARON;30;418066;4680780;0502;D04;
17;9;377;902;TARDAJOS;30;433003;4689590;0502;D06;
17;9;378;903;TEJADA;30;454578;4644960;0502;H08;
17;9;380;901;TERRADILLOS DE ESGUEVA;30;429355;4628490;0502;I06;
17;9;381;906;TINIEBLAS DE LA SIERRA;30;470038;4670030;0502;F10;
17;9;382;902;TOBAR;30;423037;4704590;0502;B05;
17;9;384;907;TORDOMAR;30;428971;4655850;0502;G05;
17;9;386;907;TORRECILLA DEL MONTE;30;443590;4661510;0502;F07;
17;9;387;901;TORREGALINDO;30;437525;4603110;0502;L06;
17;9;388;913;TORRELARA;30;458183;4668980;0502;F08;
17;9;389;907;TORREPADRE;30;419240;4655950;0502;G05;
17;9;390;901;TORRESANDINO;30;422680;4634500;0502;I05;
17;9;391;901;TORTOLES DE ESGUEVA;30;415330;4631370;0502;I04;
17;9;392;911;TOSANTOS;30;480294;4695660;0602;C01;
17;9;394;910;TRESPADERNE;30;469050;4740460;0501;N09;
17;9;395;914;TUBILLA DEL AGUA;30;432977;4729770;0501;O06;
17;9;396;901;TUBILLA DEL LAGO;30;451150;4627560;0502;J08;
17;9;398;914;URBEL DEL CASTILLO;30;431591;4717920;0502;A06;
17;9;400;901;VADOCONDES;30;452479;4608870;0502;K08;
17;9;403;901;VALDEANDE;30;456219;4631820;0502;I08;
17;9;405;901;VALDEZATE;30;422413;4605130;0502;L05;
17;9;406;907;VALDORROS;30;441493;4669360;0502;F07;
17;9;407;911;VALMALA;30;479200;4682480;0502;D10;
17;9;408;909;VALLARTA DE BUREBA;30;482991;4714660;0602;A01;
17;9;409;915;VALLE DE MANZANEDO;30;443341;4750110;0501;L07;
17;9;410;904;VALLE DE MENA;30;478022;4773680;0501;J10;
17;9;411;911;VALLE DE OCA;30;473445;4699200;0502;C10;
17;9;412;910;VALLE DE TOBALINA;30;479825;4739140;0501;N10;
17;9;413;915;VALLE DE VALDEBEZANA;30;432988;4757980;0501;L06;
17;9;414;913;VALLE DE VALDELAGUNA;30;489207;4660710;0602;F01;
17;9;415;914;VALLE DE VALDELUCIO;30;411605;4730890;0501;N03;
17;9;416;915;VALLE DE ZAMANZAS;30;438851;4745510;0501;M06;
17;9;417;902;VALLEJERA;30;404694;4671220;0502;E03;
17;9;418;902;VALLES DE PALENZUELA;30;411390;4663910;0502;F04;
17;9;419;909;VALLUERCANES;30;490066;4714160;0602;A02;
17;9;421;901;VID Y BARRIOS LA;30;459488;4608020;0502;L08;
17;9;422;909;VID DE BUREBA LA;30;475334;4720190;0501;O10;
17;9;423;909;VILEÑA;30;473598;4718450;0502;A10;
17;9;424;911;VILORIA DE RIOJA;30;491455;4697700;0602;C02;
17;9;425;912;VILVIESTRE DEL PINAR;30;493827;4642870;0602;H02;
17;9;427;914;VILLADIEGO;30;416690;4712160;0502;B04;
17;9;428;901;VILLAESCUSA DE ROA;30;414250;4620070;0502;J04;
17;9;429;906;VILLAESCUSA LA SOMBRIA;30;466345;4695480;0502;C09;
17;9;430;913;VILLAESPASA;30;467740;4662880;0502;F09;
17;9;431;911;VILLAFRANCA MONTES DE OCA;30;474322;4691440;0502;C10;
17;9;432;907;VILLAFRUELA;30;423221;4641630;0502;H05;
17;9;433;911;VILLAGALIJO;30;483976;4688810;0602;D01;
17;9;434;902;VILLAGONZALO PEDERNALES;30;439706;4683440;0502;D06;
17;9;437;907;VILLAHOZ;30;424727;4658560;0502;G05;
17;9;438;901;VILLALBA DE DUERO;30;437083;4615120;0502;K06;
17;9;439;902;VILLALBILLA DE BURGOS;30;436832;4686820;0502;D06;
17;9;440;901;VILLALBILLA DE GUMIEL;30;448114;4629370;0502;J07;
17;9;441;902;VILLALDEMIRO;30;418845;4677930;0502;E04;
17;9;442;907;VILLALMANZO;30;439506;4657510;0502;G06;
17;9;443;907;VILLAMAYOR DE LOS MONTES;30;437003;4662320;0502;F06;
17;9;444;902;VILLAMAYOR DE TREVIÑO;30;406042;4702550;0502;B03;
17;9;445;911;VILLAMBISTIA;30;478516;4695650;0502;C10;
17;9;446;902;VILLAMEDIANILLA;30;405164;4668850;0502;F03;
17;9;447;906;VILLAMIEL DE LA SIERRA;30;466321;4671980;0502;E09;
17;9;448;907;VILLANGOMEZ;30;435709;4670490;0502;E06;
17;9;449;902;VILLANUEVA DE ARGAÑO;30;422705;4693030;0502;C05;
17;9;450;913;VILLANUEVA DE CARAZO;30;473211;4648260;0502;H10;
17;9;451;901;VILLANUEVA DE GUMIEL;30;447705;4621580;0502;J07;
17;9;454;909;VILLANUEVA DE TEBA;30;486829;4721950;0601;O01;
17;9;455;902;VILLAQUIRAN DE LA PUEBLA;30;410605;4681690;0502;D03;
17;9;456;902;VILLAQUIRAN DE LOS INFANTES;30;416309;4676380;0502;E04;
17;9;458;902;VILLARIEZO;30;440690;4680010;0502;D06;
17;9;460;902;VILLASANDINO;30;408228;4692850;0502;C03;
17;9;463;906;VILLASUR DE HERREROS;30;470645;4681430;0502;D09;
17;9;464;901;VILLATUELDA;30;426888;4629090;0502;J05;
17;9;466;907;VILLAVERDE DEL MONTE;30;430683;4665920;0502;F06;
17;9;467;902;VILLAVERDE-MOGINA;30;413462;4667290;0502;F04;
17;9;471;902;VILLAYERNO MORQUILLAS;30;447433;4694410;0502;C07;
17;9;472;902;VILLAZOPEQUE;30;415706;4671960;0502;E04;
17;9;473;902;VILLEGAS;30;415979;4702280;0502;B04;
17;9;476;913;VILLORUEBO;30;463167;4669230;0502;F09;
17;9;478;913;VIZCAINOS;30;477413;4661830;0502;F10;
17;9;480;907;ZAEL;30;431159;4661590;0502;F06;
17;9;482;902;ZARZOSA DE RIO PISUERGA;30;396860;4711040;0502;A02;
17;9;483;901;ZAZUAR;30;454255;4614750;0502;K08;
17;9;485;909;ZUÑEDA;30;481761;4716960;0602;A01;
17;9;701;901;Monte de la Mata Com. Aldehorno y Moradillo de Roa;;;;;;
17;9;702;905;Comunidad de Arauzo de Miel y Huerta de Rey;;;;;;
17;9;703;902;Comunidad de Los Ausines y Revilla del Campo;;;;;;
17;9;704;907;Com Bah. Esgueva Cilleruelo Abajo Santibez Esgueva;;;;;;
17;9;705;913;Com de Barbadillo de Herreros Villajimeno (E.L.M.);;;;;;
17;9;706;913;Com Barbadillo Merc. Cascajares Sierra La Revilla;;;;;;
17;9;707;913;Com Barb  Mercado Hacinas La Revilla Villan Carazo;;;;;;
17;9;708;913;Com Barbadillo Mercado La Revilla Pinilla Moros;;;;;;
17;9;709;913;Com Barbadillo Merc. La Revilla Villanueva Carazo;;;;;;
17;9;710;913;Cabeza Alta Com Barbadillo del Mercado La Revilla;;;;;;
17;9;711;913;Com Barbadillo del Pez y Jaramillo de la Fuente;;;;;;
17;9;713;912;Com. de Canicosa de la Sierra y Casarejos (Soria);;;;;;
17;9;714;912;Revenga Com Canicosa Quintanar Sierra Regumiel;;;;;;
17;9;715;912;Com Canicosa de la Sierra y Vilviestre del Pinar;;;;;;
17;9;716;913;Comunidad de Carazo y Villanueva de Carazo;;;;;;
17;9;717;913;Dehesa San Felices Com Castrillo Reina Hacinas;;;;;;
17;9;718;913;Com Castrillo Reina Hacinas Monasterio Sierra ;;;;;;
17;9;719;913;Com Castrillo Reina Hacinas Salas de los Infantes;;;;;;
17;9;721;907;Com de Cilleruelo de Arriba y Pineda-Trasmonte;;;;;;
17;9;722;903;Com Covarrubias Retuerta Quintanilla del Coco;;;;;;
17;9;723;902;Com Cubillo del Campo y Hontoria de la Cantera;;;;;;
17;9;725;913;Com Riocavado de la Sierra y Barbadillo del Pez;;;;;;
17;9;726;913;Comunidad de Hacinas y Gete;;;;;;
17;9;727;913;Comunidad de Hacinas y Salas de los Infantes;;;;;;
17;9;728;912;Valle Venadas Com Hontoria Pinar Palacios Sierra;;;;;;
17;9;729;903;Com Hortig. Jurisdicción Lara Mambrillas de Lara;;;;;;
17;9;730;913;Comunidad de Jaramillo de la Fuente y VizcaYnos;;;;;;
17;9;731;912;Com Palacios Sierra San Leonardo Yage Vilv. Pinar;;;;;;
17;9;732;912;Com Palacios de la Sierra y Vilviestre del Pinar;;;;;;
17;9;733;902;Com Quintanalara (Revilla del Campo) Torrelara;;;;;;
17;9;734;902;Com Quintanaort y Merindad de RYo Ubierna;;;;;;
17;9;737;907;Com Quintanilla Agua (Tordueles) y Puentedura;;;;;;
17;9;738;912;Com Quintanar de la Sierra y Vilviestre del Pinar;;;;;;
17;9;739;902;Com Quint.Vivar Soto. Sotragero Vill RYo-Ubierna;;;;;;
17;9;740;902;Comunidad de RabÚ de las Calzadas y Tardajos;;;;;;
17;9;741;913;Soncarazo Com La Revilla Villanueva de Carazo;;;;;;
17;9;742;906;Comunidad de San Millßn de Lara y Tinieblas;;;;;;
17;9;743;911;Com de San Vicente del Valle y Villagalijo;;;;;;
17;9;744;913;Comunidad de Torrelara y Villoruebo;;;;;;
17;9;745;911;Jurisd. Mancomunada Bascuana Villoria de Rioja;;;;;;
17;9;748;913;LedanYa Barbadillo Mercado La Revilla;;;;;;
17;9;749;913;LedanYa Hacinas Salas Infantes y Vill. Carazo;;;;;;
17;9;751;902;Mancomunidad de Las Quintanillas y Tardajos;;;;;;
17;9;808;905;COM.DE ARAUZO MIEL-HUERTA REY;30;472860;4634584;0502;I10;
17;9;901;907;QUINTANILLA DEL AGUA TORDUELES;30;447071;4654920;0502;G07;
17;9;902;902;VALLE DE SANTIBAÑEZ;30;432887;4703610;0502;B06;
17;9;903;915;VILLARCAYO DE MERINDAD;30;453228;4754360;0501;L08;
17;9;904;902;VALLE DE LAS NAVAS;30;452173;4702600;0502;B07;
17;9;905;914;VALLE DE SEDANO;30;439167;4731450;0501;O06;
17;9;906;902;MERINDAD DE RIO UBIERNA;30;444961;4711960;0502;C07;
17;9;907;902;ALFOZ DE QUINTANADUEÑAS;30;438113;4694990;0502;C06;
17;9;908;908;VALLE DE LOSA;30;482136;4759680;0501;L10;
17;9;999;900;OTRA PROVINCIA;0;0;0;0000;000;
17;24;0;2400;INDETERMINADO;;;;0000;000;
17;24;1;2412;ACEBEDO;30;327269;4766930;0401;K06;
17;24;2;2415;ALGADEFE;30;287305;4676700;0402;F02;
17;24;3;2408;ALIJA DEL INFANTADO;30;264949;4670890;0302;G12;
17;24;4;2407;ALMANZA;30;335387;4726480;0402;A07;
17;24;5;2415;ANTIGUA LA;30;278179;4672940;0402;F01;
17;24;6;2415;ARDON;30;287189;4700890;0402;C02;
17;24;7;2411;ARGANZA;30;198229;4729000;0302;A04;
17;24;8;2401;ASTORGA;30;244114;4706000;0302;C10;
17;24;9;2418;BALBOA;30;179186;4736860;0301;N03;
17;24;10;2408;BAÑEZA LA;30;260524;4686610;0302;E12;
17;24;11;2418;BARJAS;30;173113;4725720;0302;B02;
17;24;12;2405;BARRIOS DE LUNA LOS;30;266711;4748160;0301;M10;
17;24;14;2402;BEMBIBRE;30;218318;4727670;0302;A07;
17;24;15;2403;BENAVIDES;30;258496;4713550;0302;C12;
17;24;16;2414;BENUZA;30;197761;4698820;0302;D04;
17;24;17;2415;BERCIANOS DEL PARAMO;30;278700;4692460;0402;D01;
17;24;18;2413;BERCIANOS DEL REAL CAMINO;30;323164;4695410;0402;D06;
17;24;19;2416;BERLANGA DEL BIERZO;30;207152;4738070;0301;N05;
17;24;20;2412;BOCA DE HUERGANO;30;348481;4762200;0401;L08;
17;24;21;2404;BOÑAR;30;313482;4752800;0401;M05;
17;24;22;2411;BORRENES;30;193288;4710340;0302;C04;
17;24;23;2401;BRAZUELO;30;239024;4711620;0302;C09;
17;24;24;2413;BURGO RANERO EL;30;318470;4700870;0402;D05;
17;24;25;2412;BURON;30;334558;4770020;0401;K07;
17;24;26;2403;BUSTILLO DEL PARAMO;30;269796;4702450;0402;C01;
17;24;27;2411;CABAÑAS RARAS;30;202704;4725130;0302;A05;
17;24;28;2415;CABREROS DEL RIO;30;292271;4697910;0402;D03;
17;24;29;2417;CABRILLANES;30;241834;4762650;0301;L09;
17;24;30;2411;CACABELOS;30;194121;4726240;0302;B04;
17;24;31;2413;CALZADA DEL COTO;30;328345;4695430;0402;D06;
17;24;32;2415;CAMPAZAS;30;293566;4669330;0402;G03;
17;24;33;2415;CAMPO DE VILLAVIDEL;30;292453;4701780;0402;C03;
17;24;34;2411;CAMPONARAYA;30;198350;4721020;0302;B05;
17;24;36;2416;CANDIN;30;193306;4750110;0301;M04;
17;24;37;2409;CARMENES;30;292168;4760770;0401;L03;
17;24;38;2411;CARRACEDELO;30;193611;4717850;0302;B04;
17;24;39;2403;CARRIZO;30;266530;4719140;0302;B12;
17;24;40;2410;CARROCERA;30;274921;4742530;0401;M01;
17;24;41;2411;CARUCEDO;30;188671;4710830;0302;C04;
17;24;42;2415;CASTILFALE;30;300957;4675890;0402;F04;
17;24;43;2414;CASTRILLO DE CABRERA;30;208051;4694760;0302;D06;
17;24;44;2408;CASTRILLO DE LA VALDUERNA;30;240804;4690750;0302;E09;
17;24;46;2408;CASTROCALBON;30;252527;4675990;0302;F11;
17;24;47;2408;CASTROCONTRIGO;30;236785;4678210;0302;F09;
17;24;49;2402;CASTROPODAME;30;217525;4719980;0302;B06;
17;24;50;2415;CASTROTIERRA DE VALMADRIGAL;30;315980;4690120;0402;D05;
17;24;51;2413;CEA;30;338023;4710230;0402;C07;
17;24;52;2407;CEBANICO;30;331044;4732080;0401;N07;
17;24;53;2408;CEBRONES DEL RIO;30;265812;4682460;0302;E12;
17;24;54;2415;CIMANES DE LA VEGA;30;284668;4665280;0402;G02;
17;24;55;2403;CIMANES DEL TEJAR;30;271577;4720840;0402;A01;
17;24;56;2406;CISTIERNA;30;326902;4740600;0401;M06;
17;24;57;2402;CONGOSTO;30;212033;4723560;0302;A06;
17;24;58;2415;CORBILLOS DE LOS OTEROS;30;298212;4698560;0402;D03;
17;24;59;2418;CORULLON;30;183668;4720970;0302;B03;
17;24;60;2406;CREMENES;30;326043;4754660;0401;L06;
17;24;61;2410;CUADROS;30;281814;4733690;0401;N02;
17;24;62;2415;CUBILLAS DE LOS OTEROS;30;293384;4695090;0402;D03;
17;24;63;2407;CUBILLAS DE RUEDA;30;323740;4726130;0402;A06;
17;24;64;2411;CUBILLOS DEL SIL;30;207158;4728410;0302;A05;
17;24;65;2410;CHOZAS DE ABAJO;30;280305;4707580;0402;C01;
17;24;66;2408;DESTRIANA;30;245063;4691100;0302;D09;
17;24;67;2414;ENCINEDO;30;199738;4685620;0302;E05;
17;24;68;2406;ERCINA LA;30;317643;4739830;0401;M05;
17;24;69;2413;ESCOBAR DE CAMPOS;30;338196;4687330;0402;E07;
17;24;70;2416;FABERO;30;204134;4742900;0301;N05;
17;24;71;2402;FOLGOSO DE LA RIBERA;30;227323;4727960;0302;A07;
17;24;73;2415;FRESNO DE LA VEGA;30;291216;4691650;0402;D03;
17;24;74;2415;FUENTES DE CARBAJAL;30;297012;4672490;0402;F03;
17;24;76;2410;GARRAFE DE TORIO;30;292734;4735150;0401;N03;
17;24;77;2413;GORDALIZA DEL PINO;30;323135;4689950;0402;D06;
17;24;78;2415;GORDONCILLO;30;301545;4667420;0402;G04;
17;24;79;2407;GRADEFES;30;313468;4724740;0402;A05;
17;24;80;2413;GRAJAL DE CAMPOS;30;334033;4687080;0402;E07;
17;24;81;2415;GUSENDOS DE LOS OTEROS;30;300679;4695290;0402;D04;
17;24;82;2403;HOSPITAL DE ORBIGO;30;263188;4705470;0302;C12;
17;24;83;2402;IGUEÑA;30;232710;4736900;0301;N08;
17;24;84;2415;IZAGRE;30;311658;4679140;0402;F05;
17;24;86;2413;JOARILLA DE LAS MATAS;30;319734;4684980;0402;E06;
17;24;87;2415;LAGUNA DALGA;30;272675;4688810;0402;D01;
17;24;88;2415;LAGUNA DE NEGRILLOS;30;281054;4679390;0402;F02;
17;24;89;2410;LEON;30;288682;4718530;0402;B02;
17;24;90;2401;LUCILLO;30;222432;4698590;0302;D08;
17;24;91;2408;LUYEGO;30;233467;4692230;0302;D08;
17;24;92;2403;LLAMAS DE LA RIBERA;30;264763;4724960;0302;A12;
17;24;93;2401;MAGAZ DE CEPEDA;30;244930;4717760;0302;B10;
17;24;94;2415;MANSILLA DE LAS MULAS;30;304997;4708160;0402;C04;
17;24;95;2410;MANSILLA MAYOR;30;299133;4709730;0402;C03;
17;24;96;2412;MARAÑA;30;321226;4769590;0401;K06;
17;24;97;2415;MATADEON DE LOS OTEROS;30;304585;4689930;0402;D04;
17;24;98;2409;MATALLANA DE TORIO;30;294819;4747210;0401;M03;
17;24;99;2415;MATANZA;30;304956;4682210;0402;F04;
17;24;100;2411;MOLINASECA;30;216072;4714160;0302;B06;
17;24;101;2405;MURIAS DE PAREDES;30;239167;4747660;0301;M08;
17;24;102;2402;NOCEDA DEL BIERZO;30;221647;4734610;0301;N07;
17;24;103;2418;OENCIA;30;172204;4718140;0302;B02;
17;24;104;2403;OMAÑAS LAS;30;265065;4730490;0302;A12;
17;24;105;2410;ONZONILLA;30;287912;4710720;0402;B02;
17;24;106;2412;OSEJA DE SAJAMBRE;30;334076;4778290;0401;J07;
17;24;107;2415;PAJARES DE LOS OTEROS;30;297860;4690100;0402;E03;
17;24;108;2408;PALACIOS DE LA VALDUERNA;30;257177;4689180;0302;D11;
17;24;109;2417;PALACIOS DEL SIL;30;221890;4752790;0301;L06;
17;24;110;2416;PARAMO DEL SIL;30;214644;4747270;0301;M06;
17;24;112;2416;PERANZANES;30;202080;4753990;0301;L05;
17;24;113;2415;POBLADURA DE PELAYO GARCIA;30;280348;4687160;0402;E01;
17;24;114;2409;POLA DE GORDON LA;30;280291;4750560;0401;M02;
17;24;115;2411;PONFERRADA;30;207227;4711340;0302;B05;
17;24;116;2412;POSADA DE VALDEON;30;344332;4780520;0401;J08;
17;24;117;2415;POZUELO DEL PARAMO;30;271502;4671880;0402;F01;
17;24;118;2406;PRADO DE LA GUZPEÑA;30;333879;4739560;0401;N07;
17;24;119;2411;PRIARANZA DEL BIERZO;30;198264;4710140;0302;C05;
17;24;120;2406;PRIORO;30;338673;4751550;0401;L07;
17;24;121;2404;PUEBLA DE LILLO;30;313540;4766700;0401;K05;
17;24;122;2411;PUENTE DE DOMINGO FLOREZ;30;189191;4703430;0302;D03;
17;24;123;2403;QUINTANA DEL CASTILLO;30;253886;4727480;0302;A10;
17;24;124;2408;QUINTANA DEL MARCO;30;263832;4676260;0302;F12;
17;24;125;2408;QUINTANA Y CONGOSTO;30;246190;4683190;0302;E10;
17;24;127;2408;REGUERAS DE ARRIBA;30;264760;4686450;0302;E12;
17;24;129;2404;REYERO;30;320809;4757850;0401;L06;
17;24;130;2412;RIAÑO;30;335786;4759980;0401;K07;
17;24;131;2408;RIEGO DE LA VEGA;30;254932;4694900;0302;D11;
17;24;132;2405;RIELLO;30;253115;4743960;0301;M10;
17;24;133;2410;RIOSECO DE TAPIA;30;273530;4731770;0401;N01;
17;24;134;2409;ROBLA LA;30;285956;4742380;0401;M02;
17;24;136;2415;ROPERUELOS DEL PARAMO;30;270170;4678850;0402;E01;
17;24;137;2406;SABERO;30;322993;4745310;0401;M06;
17;24;139;2413;SAHAGUN;30;334882;4692880;0402;D07;
17;24;141;2415;S ADRIAN DEL VALLE;30;275232;4667870;0402;G01;
17;24;142;2410;S ANDRES DEL RABANEDO;30;280705;4722950;0402;A02;
17;24;143;2411;SANCEDO;30;202251;4731030;0302;A05;
17;24;144;2403;S CRISTOBAL DE LA POLANTERA;30;260261;4697730;0302;D12;
17;24;145;2417;S EMILIANO;30;253947;4763820;0301;K10;
17;24;146;2408;S ESTEBAN DE NOGALES;30;257299;4671770;0302;F11;
17;24;148;2401;S JUSTO DE LA VEGA;30;252935;4705800;0302;C10;
17;24;149;2415;S MILLAN DE LOS CABALLEROS;30;287312;4685450;0402;E02;
17;24;150;2415;S PEDRO BERCIANOS;30;276250;4699400;0402;D01;
17;24;151;2410;STA COLOMBA DE CURUEÑO;30;302596;4736340;0401;N04;
17;24;152;2401;STA COLOMBA DE SOMOZA;30;229646;4707330;0302;C08;
17;24;153;2415;STA CRISTINA DE VALMADRIGAL;30;309840;4692700;0402;D04;
17;24;154;2408;STA ELENA DE JAMUZ;30;259947;4681090;0302;E12;
17;24;155;2408;STA MARIA DE LA ISLA;30;258742;4694480;0302;D11;
17;24;156;2413;STA MARIA DEL MONTE DE CEA;30;324604;4707290;0402;C06;
17;24;157;2415;STA MARIA DEL PARAMO;30;273729;4693260;0402;D01;
17;24;158;2405;STA MARIA DE ORDAS;30;267927;4735890;0301;N10;
17;24;159;2403;STA MARINA DEL REY;30;266542;4708550;0302;B12;
17;24;160;2415;SANTAS MARTAS;30;307302;4702990;0402;C04;
17;24;161;2401;SANTIAGO MILLAS;30;244107;4699290;0302;D09;
17;24;162;2410;SANTOVENIA DE LA VALDONCINA;30;285136;4713300;0402;B02;
17;24;163;2410;SARIEGOS;30;284585;4726450;0402;A02;
17;24;164;2417;SENA DE LUNA;30;261530;4756070;0301;L10;
17;24;165;2418;SOBRADO;30;182017;4715050;0302;C03;
17;24;166;2408;SOTO DE LA VEGA;30;261698;4691340;0302;D12;
17;24;167;2405;SOTO Y AMIO;30;264871;4740500;0301;M10;
17;24;168;2415;TORAL DE LOS GUZMANES;30;288083;4680000;0402;E02;
17;24;169;2416;TORENO;30;213128;4735430;0301;N06;
17;24;170;2402;TORRE DEL BIERZO;30;227386;4719330;0302;B07;
17;24;171;2418;TRABADELO;30;182594;4729190;0302;A03;
17;24;172;2414;TRUCHAS;30;218366;4685290;0302;E07;
17;24;173;2403;TURCIA;30;263220;4715210;0302;B12;
17;24;174;2415;URDIALES DEL PARAMO;30;271343;4695700;0402;D01;
17;24;175;2410;VALDEFRESNO;30;297094;4720740;0402;B03;
17;24;176;2408;VALDEFUENTES DEL PARAMO;30;267349;4688420;0302;E12;
17;24;177;2409;VALDELUGUEROS;30;302638;4761820;0401;K04;
17;24;178;2415;VALDEMORA;30;299999;4673850;0402;F03;
17;24;179;2409;VALDEPIELAGO;30;302342;4750830;0401;M04;
17;24;180;2407;VALDEPOLO;30;317424;4713920;0402;B05;
17;24;181;2415;VALDERAS;30;297906;4662420;0402;G03;
17;24;182;2401;VALDERREY;30;250730;4697920;0302;D10;
17;24;183;2406;VALDERRUEDA;30;338755;4743560;0401;M08;
17;24;184;2403;VALDESAMARIO;30;252564;4735260;0301;N10;
17;24;185;2401;VAL DE SAN LORENZO;30;240688;4699960;0302;C09;
17;24;187;2415;VALDEVIMBRE;30;282138;4699090;0402;C02;
17;24;188;2415;VALENCIA DE DON JUAN;30;293897;4684470;0402;E03;
17;24;189;2410;VALVERDE DE LA VIRGEN;30;279074;4717030;0402;B01;
17;24;190;2415;VALVERDE-ENRIQUE;30;311602;4686610;0402;E05;
17;24;191;2413;VALLECILLO;30;318239;4691040;0402;D05;
17;24;193;2409;VECILLA LA;30;303307;4744260;0401;M04;
17;24;194;2409;VEGACERVERA;30;290507;4752680;0401;L03;
17;24;196;2416;VEGA DE ESPINAREDA;30;194680;4740510;0301;N05;
17;24;197;2410;VEGA DE INFANZONES;30;290898;4707350;0402;C03;
17;24;198;2418;VEGA DE VALCARCE;30;174282;4733000;0302;A02;
17;24;199;2404;VEGAQUEMADA;30;309651;4741270;0401;M04;
17;24;201;2410;VEGAS DEL CONDADO;30;304638;4727570;0402;A04;
17;24;202;2417;VILLABLINO;30;228574;4762350;0301;L07;
17;24;203;2415;VILLABRAZ;30;298424;4681200;0402;E03;
17;24;205;2403;VILLADANGOS DEL PARAMO;30;272322;4711460;0402;B01;
17;24;206;2411;TORAL DE LOS VADOS;30;190138;4718370;0302;B04;
17;24;207;2415;VILLADEMOR DE LA VEGA;30;287085;4682980;0402;E02;
17;24;209;2418;VILLAFRANCA DEL BIERZO;30;188146;4734740;0302;B03;
17;24;210;2401;VILLAGATON;30;239560;4725400;0302;A08;
17;24;211;2415;VILLAMANDOS;30;286099;4673570;0402;F02;
17;24;212;2415;VILLAMAÑAN;30;285870;4690970;0402;E02;
17;24;213;2407;VILLAMARTIN DE DON SANCHO;30;328535;4716880;0402;B07;
17;24;214;2403;VILLAMEJIL;30;252297;4718610;0302;B10;
17;24;215;2413;VILLAMOL;30;331292;4702000;0402;D07;
17;24;216;2408;VILLAMONTAN DE LA VALDUERNA;30;251289;4688280;0302;E11;
17;24;217;2415;VILLAMORATIEL DE LAS MATAS;30;310188;4697510;0402;D05;
17;24;218;2415;VILLANUEVA DE LAS MANZANAS;30;296919;4704310;0402;C03;
17;24;219;2401;VILLAOBISPO DE OTERO;30;249083;4710350;0302;C10;
17;24;221;2415;VILLAQUEJIDA;30;286942;4666700;0402;G02;
17;24;222;2410;VILLAQUILAMBRE;30;291356;4725330;0402;A03;
17;24;223;2403;VILLAREJO DE ORBIGO;30;260014;4702200;0302;C12;
17;24;224;2403;VILLARES DE ORBIGO;30;259331;4706580;0302;C12;
17;24;225;2410;VILLASABARIEGO;30;303819;4713450;0402;B04;
17;24;226;2413;VILLASELAN;30;333325;4714920;0402;B07;
17;24;227;2410;VILLATURIEL;30;294405;4711080;0402;B03;
17;24;228;2408;VILLAZALA;30;265410;4695510;0302;D12;
17;24;229;2413;VILLAZANZO DE VALDERADUEY;30;340384;4714450;0402;B07;
17;24;230;2415;ZOTES DEL PARAMO;30;274843;4682950;0402;E01;
17;24;701;2408;Comunidad Riego Vega y Villam. de la Valduerna;;;;;;
17;24;702;2408;Comunidad de Soto de la Vega y Villazala;;;;;;
17;24;703;2403;Mancomunidad de Quintana del Castillo Y Villagat;;;;;;
17;24;704;2413;Mancom Santa MarYa Monte de Cea, Villamol Villase;;;;;;
17;24;901;2409;VILLAMANÍN;30;279450;4761420;0401;L02;
17;24;902;2415;VILLAORNATE Y CASTRO;30;291133;4673980;0402;F02;
17;24;999;2400;OTRA PROVINCIA;0;0;0;0000;000;
17;34;0;3400;INDETERMINADO;;;;0000;000;
17;34;1;3407;ABARCA DE CAMPOS;30;347380;4658210;0402;H08;
17;34;3;3403;ABIA DE LAS TORRES;30;383372;4699280;0502;C01;
17;34;4;3404;AGUILAR DE CAMPOO;30;395310;4738760;0501;N02;
17;34;5;3403;ALAR DEL REY;30;393269;4725540;0501;O02;
17;34;6;3406;ALBA DE CERRATO;30;386410;4628800;0502;I01;
17;34;9;3405;AMAYUELAS DE ARRIBA;30;377446;4675710;0402;F11;
17;34;10;3407;AMPUDIA;30;353489;4640070;0402;I09;
17;34;11;3406;AMUSCO;30;380871;4667490;0402;F11;
17;34;12;3406;ANTIGUEDAD;30;409865;4642810;0502;H03;
17;34;15;3405;ARCONADA;30;377590;4688750;0402;E11;
17;34;17;3406;ASTUDILLO;30;391151;4668840;0502;E02;
17;34;18;3407;AUTILLA DEL PINO;30;364878;4649620;0402;H10;
17;34;19;3407;AUTILLO DE CAMPOS;30;347084;4661400;0402;G08;
17;34;20;3408;AYUELA;30;360271;4722890;0402;A10;
17;34;22;3406;BALTANAS;30;400286;4644050;0502;H02;
17;34;23;3407;VENTA DE BAÑOS;30;377892;4642800;0402;I11;
17;34;24;3407;BAQUERIN DE CAMPOS;30;353981;4653610;0402;H09;
17;34;25;3403;BARCENA DE CAMPOS;30;376909;4705160;0402;C11;
17;34;27;3404;BARRUELO DE SANTULLAN;30;393364;4748890;0501;L02;
17;34;28;3403;BASCONES DE OJEDA;30;374173;4726560;0402;A11;
17;34;29;3407;BECERRIL DE CAMPOS;30;364984;4663800;0402;G10;
17;34;31;3407;BELMONTE DE CAMPOS;30;336029;4645380;0402;I07;
17;34;32;3404;BERZOSILLA;30;416835;4738270;0501;N04;
17;34;33;3407;BOADA DE CAMPOS;30;344473;4650060;0402;H08;
17;34;34;3406;BOADILLA DEL CAMINO;30;389877;4680460;0502;E01;
17;34;35;3405;BOADILLA DE RIOSECO;30;337606;4671510;0402;F07;
17;34;36;3404;BRAÑOSERA;30;394394;4755100;0501;L02;
17;34;37;3408;BUENAVISTA DE VALDAVIA;30;368585;4721420;0402;A10;
17;34;38;3405;BUSTILLO DE LA VEGA;30;356594;4700770;0402;C09;
17;34;39;3405;BUSTILLO DEL PARAMO DE CARRION;30;357529;4690150;0402;D09;
17;34;41;3403;CALAHORRA DE BOEDO;30;386801;4713800;0502;A01;
17;34;42;3405;CALZADA DE LOS MOLINOS;30;363135;4686410;0402;E10;
17;34;45;3407;CAPILLAS;30;342987;4652820;0402;H08;
17;34;46;3405;CARDEÑOSA DE VOLPEJERA;30;359807;4676740;0402;F09;
17;34;47;3405;CARRION DE LOS CONDES;30;366939;4687580;0402;E10;
17;34;48;3407;CASTIL DE VELA;30;338447;4649950;0402;H07;
17;34;49;3402;CASTREJON DE LA PEÑA;30;369236;4739690;0401;M10;
17;34;50;3406;CASTRILLO DE DON JUAN;30;409626;4631200;0502;J04;
17;34;51;3406;CASTRILLO DE ONIELO;30;393091;4635510;0502;I02;
17;34;52;3403;CASTRILLO DE VILLAVEGA;30;378595;4701510;0402;C11;
17;34;53;3407;CASTROMOCHO;30;349038;4653630;0402;H08;
17;34;55;3405;CERVATOS DE LA CUEZA;30;353400;4686110;0402;E09;
17;34;56;3402;CERVERA DE PISUERGA;30;375288;4751490;0401;M11;
17;34;57;3406;CEVICO DE LA TORRE;30;381926;4634480;0502;I01;
17;34;58;3406;CEVICO NAVERO;30;404569;4635000;0502;I03;
17;34;59;3405;CISNEROS;30;345765;4675000;0402;F08;
17;34;60;3406;COBOS DE CERRATO;30;414849;4651990;0502;G04;
17;34;61;3403;COLLAZOS DE BOEDO;30;377670;4721640;0402;B11;
17;34;62;3408;CONGOSTO DE VALDAVIA;30;363620;4729750;0401;N10;
17;34;63;3406;CORDOVILLA LA REAL;30;397602;4661590;0502;G02;
17;34;66;3406;CUBILLAS DE CERRATO;30;378001;4627650;0402;J11;
17;34;67;3402;DEHESA DE MONTEJO;30;376257;4742130;0401;M11;
17;34;68;3403;DEHESA DE ROMANOS;30;381857;4721840;0501;O01;
17;34;69;3407;DUEÑAS;30;370482;4637370;0402;J11;
17;34;70;3406;ESPINOSA DE CERRATO;30;420723;4645610;0502;H05;
17;34;71;3403;ESPINOSA DE VILLAGONZALO;30;387057;4703350;0502;B01;
17;34;72;3407;FRECHILLA;30;348123;4666530;0402;G08;
17;34;73;3408;FRESNO DEL RIO;30;349542;4727510;0402;A09;
17;34;74;3405;FROMISTA;30;384206;4680540;0502;D01;
17;34;76;3407;FUENTES DE NAVA;30;353941;4661490;0402;G09;
17;34;77;3406;FUENTES DE VALDEPERO;30;377222;4658020;0402;H11;
17;34;79;3407;GRIJOTA;30;368700;4656830;0402;H10;
17;34;80;3401;GUARDO;30;349171;4738550;0401;N08;
17;34;81;3407;GUAZA DE CAMPOS;30;342717;4665940;0402;G08;
17;34;82;3406;HERMEDES DE CERRATO;30;402711;4630420;0502;I03;
17;34;83;3403;HERRERA DE PISUERGA;30;392468;4711820;0502;A02;
17;34;84;3406;HERRERA DE VALDECAÑAS;30;400404;4655430;0502;G03;
17;34;86;3407;HONTORIA DE CERRATO;30;382607;4641240;0502;H01;
17;34;87;3406;HORNILLOS DE CERRATO;30;395932;4650140;0502;H02;
17;34;88;3407;HUSILLOS;30;372900;4661410;0402;G11;
17;34;89;3406;ITERO DE LA VEGA;30;394670;4683020;0502;D02;
17;34;91;3405;LAGARTOS;30;344868;4696820;0402;D08;
17;34;92;3406;LANTADILLA;30;392854;4687650;0502;D02;
17;34;93;3403;VID DE OJEDA LA;30;385829;4723780;0501;O01;
17;34;94;3405;LEDIGOS;30;348236;4692530;0402;D08;
17;34;96;3405;LOMAS;30;371940;4681390;0402;E11;
17;34;98;3407;MAGAZ DE PISUERGA;30;380123;4649700;0502;H01;
17;34;99;3407;MANQUILLOS;30;370935;4674860;0402;F11;
17;34;100;3401;MANTINOS;30;348156;4735620;0401;N08;
17;34;101;3405;MARCILLA DE CAMPOS;30;384832;4686840;0502;D01;
17;34;102;3407;MAZARIEROS;30;358608;4656010;0402;H09;
17;34;103;3405;MAZUECOS DE VALDEGINATE;30;348107;4670320;0402;F08;
17;34;104;3406;MELGAR DE YUSO;30;395622;4678380;0502;E02;
17;34;106;3407;MENESES DE CAMPOS;30;341297;4646180;0402;I08;
17;34;107;3403;MICIECES DE OJEDA;30;379771;4727100;0501;O01;
17;34;108;3406;MONZON DE CAMPOS;30;378695;4662620;0402;G11;
17;34;109;3405;MORATINOS;30;340652;4691140;0402;D08;
17;34;110;3404;MUDA;30;385807;4748420;0501;M01;
17;34;112;3405;NOGAL DE LAS HUERTAS;30;365622;4694500;0402;D10;
17;34;113;3403;OLEA DE BOEDO;30;380059;4718560;0502;A01;
17;34;114;3403;OLMOS DE OJEDA;30;380086;4732450;0501;N01;
17;34;116;3403;OSORNILLO;30;392433;4691610;0502;C02;
17;34;120;3407;PALENCIA;30;370458;4649330;0402;H11;
17;34;121;3406;PALENZUELA;30;410040;4653470;0502;F03;
17;34;122;3403;PARAMO DE BOEDO;30;385989;4716440;0502;A01;
17;34;123;3407;PAREDES DE NAVA;30;360400;4670020;0402;G10;
17;34;124;3403;PAYO DE OJEDA;30;377569;4731980;0401;N11;
17;34;125;3407;PEDRAZA DE CAMPOS;30;357907;4648230;0402;I09;
17;34;126;3408;PEDROSA DE LA VEGA;30;356405;4704610;0402;C09;
17;34;127;3407;PERALES;30;368726;4671030;0402;F10;
17;34;129;3408;PINO DEL RIO;30;352336;4722790;0402;A09;
17;34;130;3405;PIÑA DE CAMPOS;30;381322;4674940;0502;E01;
17;34;131;3405;POBLACION DE ARROYO;30;345417;4687930;0402;E08;
17;34;132;3405;POBLACION DE CAMPOS;30;379952;4680460;0502;D01;
17;34;133;3406;POBLACION DE CERRATO;30;381188;4627870;0502;J01;
17;34;134;3402;POLENTINOS;30;373812;4755760;0401;L11;
17;34;135;3404;POMAR DE VALDIVIA;30;404569;4736950;0501;N03;
17;34;136;3408;POZA DE LA VEGA;30;350704;4715910;0402;B09;
17;34;137;3405;POZO DE URAMA;30;343392;4680350;0402;F08;
17;34;139;3403;PRADANOS DE OJEDA;30;389338;4725580;0501;O01;
17;34;140;3408;PUEBLA DE VALDAVIA LA;30;369563;4727660;0402;A10;
17;34;141;3406;QUINTANA DEL PUENTE;30;400636;4660920;0502;G03;
17;34;143;3408;QUINTANILLA DE ONSOÑA;30;363355;4704020;0402;C10;
17;34;146;3406;REINOSO DE CERRATO;30;385198;4646470;0502;H01;
17;34;147;3405;RENEDO DE LA VEGA;30;359726;4699890;0402;C09;
17;34;149;3406;REQUENA DE CAMPOS;30;389624;4684910;0502;D01;
17;34;151;3401;RESPENDA DE LA PEÑA;30;360724;4733670;0401;N10;
17;34;152;3405;REVENGA DE CAMPOS;30;376091;4680300;0402;E11;
17;34;154;3403;REVILLA DE COLLAZOS;30;375322;4721700;0402;A11;
17;34;155;3407;RIBAS DE CAMPOS;30;374481;4667760;0402;G11;
17;34;156;3405;RIBEROS DE LA CUEZA;30;358840;4682810;0402;E09;
17;34;157;3408;SALDAÑA;30;360294;4713480;0402;C09;
17;34;158;3404;SALINAS DE PISUERGA;30;388253;4745440;0501;M01;
17;34;159;3407;S CEBRIAN DE CAMPOS;30;374093;4673250;0402;F11;
17;34;160;3404;S CEBRIAN DE MUDA;30;386659;4751630;0501;L01;
17;34;161;3403;S CRISTOBAL DE BOEDO;30;389149;4710890;0502;A01;
17;34;163;3405;S MAMES DE CAMPOS;30;372836;4690830;0402;D11;
17;34;165;3405;S ROMAN DE LA CUBA;30;347125;4680990;0402;E08;
17;34;167;3407;STA CECILIA DEL ALCOR;30;362217;4642820;0402;I10;
17;34;168;3403;STA CRUZ DE BOEDO;30;389336;4708060;0502;B01;
17;34;169;3408;SANTERVAS DE LA VEGA;30;349252;4706840;0402;C09;
17;34;170;3403;SANTIBAÑEZ DE ECLA;30;388198;4730700;0501;O01;
17;34;171;3401;SANTIBAÑEZ DE LA PEÑA;30;359481;4741310;0401;M09;
17;34;174;3406;SANTOYO;30;388935;4675360;0502;E01;
17;34;175;3405;SERNA LA;30;363679;4697650;0402;D10;
17;34;176;3403;SOTOBAÑADO Y PRIORATO;30;381482;4717090;0502;A01;
17;34;177;3406;SOTO DE CERRATO;30;381605;4645040;0502;H01;
17;34;178;3406;TABANERA DE CERRATO;30;408512;4652320;0502;G03;
17;34;179;3408;TABANERA DE VALDAVIA;30;360139;4724000;0402;A10;
17;34;180;3406;TAMARA DE CAMPOS;30;384183;4673000;0502;E01;
17;34;181;3407;TARIEGO DE CERRATO;30;377830;4638600;0402;I11;
17;34;182;3406;TORQUEMADA;30;392494;4655190;0502;G02;
17;34;184;3407;TORREMORMOJON;30;351944;4647620;0402;I09;
17;34;185;3401;TRIOLLO;30;363116;4754750;0401;L10;
17;34;186;3406;VALBUENA DE PISUERGA;30;399110;4667660;0502;F02;
17;34;189;3406;VALDEOLMILLOS;30;382920;4656190;0502;G01;
17;34;190;3408;VALDERRABANO;30;364583;4718020;0402;B10;
17;34;192;3405;VALDE-UCIEZA;30;370499;4695460;0402;D11;
17;34;196;3406;VALLE DE CERRATO;30;387852;4639040;0502;I01;
17;34;199;3401;VELILLA DEL RIO CARRION;30;354562;4751440;0401;M08;
17;34;201;3406;VERTAVILLO;30;391652;4630560;0502;I02;
17;34;202;3403;VILLABASTA DE VALDAVIA;30;367605;4712910;0402;B10;
17;34;204;3405;VILLACIDALER;30;336811;4675970;0402;F07;
17;34;205;3406;VILLACONANCIO;30;399398;4636160;0502;I02;
17;34;206;3405;VILLADA;30;338745;4681700;0402;F07;
17;34;208;3403;VILLAELES DE VALDAVIA;30;372200;4715030;0402;B10;
17;34;210;3406;VILLAHAN;30;404998;4656790;0502;G03;
17;34;211;3405;VILLAHERREROS;30;379287;4694120;0402;D11;
17;34;213;3406;VILLALACO;30;395151;4666590;0502;F02;
17;34;214;3401;VILLALBA DE GUARDO;30;349423;4731890;0401;N09;
17;34;215;3405;VILLALCAZAR DE SIRGA;30;373116;4686330;0402;E11;
17;34;216;3405;VILLALCON;30;346767;4684430;0402;E08;
17;34;217;3407;VILLALOBON;30;377431;4653910;0402;H11;
17;34;218;3408;VILLALUENGA DE LA VEGA;30;354211;4709950;0402;C09;
17;34;220;3407;VILLAMARTIN DE CAMPOS;30;361030;4652440;0402;H10;
17;34;221;3406;VILLAMEDIANA;30;386164;4655370;0502;G01;
17;34;222;3403;VILLAMERIEL;30;379847;4710490;0402;C11;
17;34;223;3405;VILLAMORONTA;30;359790;4695690;0402;D10;
17;34;224;3405;VILLAMUERA DE LA CUEZA;30;362316;4679380;0402;E10;
17;34;225;3407;VILLAMURIEL DE CERRATO;30;375096;4645780;0402;I11;
17;34;227;3405;VILLANUEVA DEL REBOLLAR;30;356906;4678140;0402;F09;
17;34;228;3403;VILLANUÑO DE VALDAVIA;30;374886;4708230;0402;C11;
17;34;229;3403;VILLAPROVEDO;30;384454;4708290;0502;B01;
17;34;230;3405;VILLARMENTERO DE CAMPOS;30;375191;4683470;0402;E11;
17;34;231;3405;VILLARRABE;30;351818;4697790;0402;D09;
17;34;232;3407;VILLARRAMIEL;30;341887;4657090;0402;H08;
17;34;233;3405;VILLASARRACINO;30;375854;4696270;0402;D11;
17;34;234;3403;VILLASILA DE VALDAVIA;30;372804;4711640;0402;C11;
17;34;236;3405;VILLATURDE;30;361222;4692600;0402;D10;
17;34;237;3407;VILLAUMBRALES;30;366559;4659530;0402;G10;
17;34;238;3406;VILLAVIUDAS;30;389974;4645970;0502;H02;
17;34;240;3407;VILLERIAS DE CAMPOS;30;346139;4645900;0402;I08;
17;34;241;3406;VILLODRE;30;396977;4674510;0502;E02;
17;34;242;3406;VILLODRIGO;30;410410;4667140;0502;F03;
17;34;243;3405;VILLOLDO;30;368330;4679600;0402;F10;
17;34;245;3408;VILLOTA DEL PARAMO;30;347258;4716750;0402;B08;
17;34;246;3405;VILLOVIECO;30;379420;4685470;0402;E11;
17;34;901;3403;OSORNO LA MAYOR;30;386822;4694090;0502;C01;
17;34;902;3405;VALLE DEL RETORTILLO;30;352890;4675640;0402;F09;
17;34;903;3405;LOMA DE UCIEZA;30;370153;4702740;0402;C11;
17;34;904;3402;PERNIA LA;30;378251;4762240;0401;L11;
17;34;999;3400;OTRA PROVINCIA;0;0;0;0000;000;
17;37;0;3700;INDETERMINADO;;;;0000;000;
17;37;1;3703;ABUSEJO;30;235233;4510940;0303;G10;
17;37;2;3706;AGALLAS;30;209828;4480650;0303;J07;
17;37;3;3708;AHIGAL DE LOS ACEITEROS;30;183239;4531360;0303;F04;
17;37;4;3708;AHIGAL DE VILLARINO;30;216678;4562410;0303;B07;
17;37;5;3703;ALAMEDA DE GARDON LA;30;181244;4505460;0303;H04;
17;37;6;3703;ALAMEDILLA LA;30;176447;4485870;0303;J04;
17;37;7;3705;ALARAZ;30;304638;4511340;0403;G05;
17;37;8;3705;ALBA DE TORMES;30;288488;4522860;0403;F03;
17;37;9;3703;ALBA DE YELTES;30;218727;4507780;0303;H08;
17;37;10;3701;ALBERCA LA;30;234680;4485790;0303;J10;
17;37;11;3703;ALBERGUERIA DE ARGAÑAN LA;30;177166;4481280;0303;K04;
17;37;12;3705;ALCONADA;30;300204;4531830;0403;E05;
17;37;13;3702;ALDEACIPRESTE;30;254469;4474280;0303;K11;
17;37;14;3708;ALDEADAVILA DE LA RIBERA;30;195244;4569260;0303;B05;
17;37;15;3703;ALDEA DEL OBISPO;30;179833;4513890;0303;H04;
17;37;16;3707;ALDEALENGUA;30;285703;4540780;0403;D03;
17;37;17;3707;ALDEANUEVA DE FIGUEROA;30;287448;4560810;0403;C03;
17;37;18;3701;ALDEANUEVA DE LA SIERRA;30;238093;4500530;0303;H10;
17;37;19;3707;ALDEARRODRIGO;30;264545;4555500;0403;C01;
17;37;20;3707;ALDEARRUBIA;30;290471;4542370;0403;D03;
17;37;21;3705;ALDEASECA DE ALBA;30;293243;4521600;0403;F04;
17;37;22;3705;ALDEASECA DE LA FRONTERA;30;313302;4534690;0403;E06;
17;37;23;3707;ALDEATEJADA;30;271080;4532130;0403;E02;
17;37;24;3704;ALDEAVIEJA DE TORMES;30;277611;4495240;0403;I02;
17;37;25;3703;ALDEHUELA DE LA BOVEDA;30;241554;4526010;0303;F10;
17;37;26;3703;ALDEHUELA DE YELTES;30;225642;4506270;0303;H09;
17;37;27;3707;ALMENARA DE TORMES;30;263440;4550750;0403;D01;
17;37;28;3708;ALMENDRA;30;220992;4570390;0303;B08;
17;37;29;3705;ANAYA DE ALBA;30;289674;4511510;0403;G03;
17;37;30;3707;AÑOVER DE TORMES;30;255176;4557980;0303;C11;
17;37;31;3705;ARABAYONA DE MOGICA;30;299000;4546950;0403;D04;
17;37;32;3707;ARAPILES;30;277079;4530700;0403;E02;
17;37;33;3707;ARCEDIANO;30;285438;4553880;0403;C03;
17;37;34;3707;ARCO EL;30;262755;4554900;0403;C01;
17;37;35;3704;ARMENTEROS;30;290823;4498540;0403;I04;
17;37;36;3701;S MIGUEL DEL ROBLEDO;30;242196;4492740;0303;I10;
17;37;37;3706;ATALAYA LA;30;211499;4489610;0303;J07;
17;37;38;3705;BABILAFUENTE;30;295488;4540290;0403;E04;
17;37;39;3708;BAÑOBAREZ;30;194652;4525270;0303;F06;
17;37;40;3707;BARBADILLO;30;261490;4532030;0303;E11;
17;37;41;3704;BARBALOS;30;251511;4505250;0303;H11;
17;37;42;3708;BARCEO;30;209825;4552070;0303;D07;
17;37;44;3708;BARRUECOPARDO;30;192325;4552980;0303;D05;
17;37;45;3701;BASTIDA LA;30;242447;4497300;0303;I10;
17;37;46;3702;BEJAR;30;264970;4474970;0403;K01;
17;37;47;3704;BELEÑA;30;276715;4513650;0403;G02;
17;37;49;3708;BERMELLAR;30;191824;4545070;0303;D05;
17;37;50;3704;BERROCAL DE HUEBRA;30;246214;4510910;0303;G10;
17;37;51;3704;BERROCAL DE SALVATIERRA;30;271640;4502300;0403;H02;
17;37;52;3703;BOADA;30;219129;4524920;0303;F08;
17;37;54;3703;BODON EL;30;196170;4489380;0303;J06;
17;37;55;3708;BOGAJO;30;202783;4534070;0303;E06;
17;37;56;3703;BOUZA LA;30;179161;4526130;0303;F04;
17;37;57;3705;BOVEDA DEL RIO ALMAR;30;313013;4526230;0403;F06;
17;37;58;3708;BRINCONES;30;219000;4556800;0303;C08;
17;37;59;3703;BUENAMADRE;30;228194;4528280;0303;F09;
17;37;60;3704;BUENAVISTA;30;277895;4518640;0403;G02;
17;37;61;3701;CABACO EL;30;233975;4496050;0303;I10;
17;37;62;3707;CABEZABELLOSA DE LA CALZADA;30;291412;4546420;0403;D04;
17;37;63;3704;CABEZA DE BEJAR LA;30;274932;4486700;0403;J02;
17;37;65;3708;CABEZA DEL CABALLO;30;201314;4560140;0303;C06;
17;37;67;3707;CABRERIZOS;30;281179;4539990;0403;E03;
17;37;68;3703;CABRILLAS;30;231519;4515180;0303;G09;
17;37;69;3707;CALVARRASA DE ABAJO;30;286767;4536780;0403;E03;
17;37;70;3707;CALVARRASA DE ARRIBA;30;283541;4530900;0403;E03;
17;37;71;3702;CALZADA DE BEJAR LA;30;260785;4477990;0403;K01;
17;37;72;3707;CALZADA DE DON DIEGO;30;256339;4530300;0303;E11;
17;37;73;3707;CALZADA DE VALDUNCIEL;30;272659;4552270;0403;C02;
17;37;74;3703;CAMPILLO DE AZABA;30;189470;4492790;0303;J05;
17;37;77;3705;CAMPO DE PEÑARANDA EL;30;309257;4540830;0403;E06;
17;37;78;3702;CANDELARIO;30;266648;4468410;0403;K01;
17;37;79;3707;CANILLAS DE ABAJO;30;251420;4533730;0303;E11;
17;37;80;3702;CANTAGALLO;30;261078;4472820;0403;K01;
17;37;81;3705;CANTALAPIEDRA;30;316094;4555480;0403;C06;
17;37;82;3705;CANTALPINO;30;304501;4550650;0403;D05;
17;37;83;3705;CANTARACILLO;30;318784;4531340;0403;E06;
17;37;85;3707;CARBAJOSA DE LA SAGRADA;30;278341;4533940;0403;E02;
17;37;86;3703;CARPIO DE AZABA;30;192528;4498550;0303;I05;
17;37;87;3707;CARRASCAL DE BARREGAS;30;264056;4536410;0403;D01;
17;37;88;3704;CARRASCAL DEL OBISPO;30;247309;4517470;0303;G11;
17;37;89;3704;CASAFRANCA;30;265984;4499440;0403;I01;
17;37;90;3701;CASAS DEL CONDE LAS;30;242571;4488580;0303;J10;
17;37;91;3706;CASILLAS DE FLORES;30;180872;4475740;0303;K05;
17;37;92;3707;CASTELLANOS DE MORISCOS;30;282486;4545270;0403;D03;
17;37;96;3703;CASTILLEJO DE MARTIN VIEJO;30;198334;4515380;0303;H05;
17;37;97;3703;CASTRAZ;30;219555;4512530;0303;H08;
17;37;98;3701;CEPEDA;30;243021;4483900;0303;J10;
17;37;99;3701;CERECEDA DE LA SIERRA;30;238400;4495520;0303;I10;
17;37;100;3708;CEREZAL DE PEÑAHORCADA;30;193480;4559460;0303;C05;
17;37;101;3708;CERRALBO;30;198703;4540020;0303;E06;
17;37;102;3702;CERRO EL;30;251732;4466380;0303;L11;
17;37;103;3704;CESPEDOSA DE TORMES;30;282406;4491210;0403;I03;
17;37;104;3701;CILLEROS DE LA BASTIDA;30;243154;4494310;0303;I10;
17;37;106;3708;CIPEREZ;30;227231;4540180;0303;E09;
17;37;107;3703;CIUDAD RODRIGO;30;204723;4502470;0303;I06;
17;37;108;3705;COCA DE ALBA;30;301442;4528150;0403;F05;
17;37;109;3702;COLMENAR DE MONTEMAYOR;30;249167;4477470;0303;K11;
17;37;110;3705;CORDOVILLA;30;297202;4535000;0403;E04;
17;37;112;3702;CRISTOBAL;30;255002;4484150;0303;J11;
17;37;113;3703;CUBO DE DON SANCHO EL;30;221515;4531770;0303;E08;
17;37;114;3704;CHAGARCIA MEDIANERO;30;298297;4505130;0403;H04;
17;37;115;3703;DIOS LE GUARDE;30;219685;4504310;0303;H08;
17;37;116;3707;DOÑINOS DE LEDESMA;30;245005;4546590;0303;D10;
17;37;117;3707;DOÑINOS DE SALAMANCA;30;269034;4538630;0403;E01;
17;37;118;3705;EJEME;30;286968;4516320;0403;G03;
17;37;119;3703;ENCINA LA;30;200414;4491340;0303;J06;
17;37;120;3708;ENCINA DE SAN SILVESTRE;30;239122;4544940;0303;D10;
17;37;121;3705;ENCINAS DE ABAJO;30;293125;4532670;0403;E04;
17;37;122;3705;ENCINAS DE ARRIBA;30;283595;4516440;0403;G03;
17;37;123;3708;ENCINASOLA DE LOS COMENDADORES;30;202194;4547880;0303;D06;
17;37;124;3704;ENDRINAL;30;262057;4497940;0403;I01;
17;37;125;3701;ESCURIAL DE LA SIERRA;30;249911;4500140;0303;H11;
17;37;126;3708;ESPADAÑA;30;225036;4549840;0303;D08;
17;37;127;3703;ESPEJA;30;182779;4492260;0303;I05;
17;37;128;3707;ESPINO DE LA ORBADA;30;297391;4555050;0403;C04;
17;37;129;3707;FLORIDA DE LIEBANA;30;267783;4544640;0403;D01;
17;37;130;3707;FORFOLEDA;30;269281;4555170;0403;C01;
17;37;131;3704;FRADES DE LA SIERRA;30;265546;4504780;0403;H01;
17;37;132;3708;FREGENEDA LA;30;173877;4546120;0303;E03;
17;37;133;3702;FRESNEDOSO;30;269862;4480060;0403;J02;
17;37;134;3705;FRESNO ALHANDIGA;30;278132;4510260;0403;G02;
17;37;135;3703;FUENTE DE SAN ESTEBAN LA;30;229341;4521370;0303;F09;
17;37;136;3706;FUENTEGUINALDO;30;188519;4481350;0303;K05;
17;37;137;3708;FUENTELIANTE;30;199076;4527450;0303;F06;
17;37;138;3704;FUENTERROBLE DE SALVATIERRA;30;268076;4492600;0403;I01;
17;37;139;3704;FUENTES DE BEJAR;30;271468;4488030;0403;J02;
17;37;140;3703;FUENTES DE OÑORO;30;179311;4498770;0303;I04;
17;37;141;3705;GAJATES;30;300673;4518640;0403;G05;
17;37;142;3707;GALINDO Y PERAHUY;30;261577;4536610;0303;E11;
17;37;143;3705;GALINDUSTE;30;286466;4504540;0403;H03;
17;37;144;3705;GALISANCHO;30;285142;4511150;0403;G03;
17;37;145;3703;GALLEGOS DE ARGAÑAN;30;187364;4503780;0303;H05;
17;37;146;3704;GALLEGOS DE SOLMIRON;30;291529;4490100;0403;I04;
17;37;147;3701;GARCIBUEY;30;248310;4488230;0303;J11;
17;37;148;3705;GARCIHERNANDEZ;30;294541;4527310;0403;F04;
17;37;149;3703;GARCIRREY;30;235577;4531520;0303;E10;
17;37;150;3708;GEJUELO DEL BARRO;30;238803;4550830;0303;C10;
17;37;151;3707;GOLPEJAS;30;255238;4543080;0303;D11;
17;37;152;3707;GOMECELLO;30;287253;4545780;0403;D03;
17;37;154;3708;GUADRAMIRO;30;206251;4546480;0303;D07;
17;37;155;3704;GUIJO DE AVILA;30;276956;4489100;0403;I02;
17;37;156;3704;GUIJUELO;30;272475;4495060;0403;I02;
17;37;157;3706;HERGUIJUELA DE CIUDAD RODRIGO;30;201885;4482490;0303;J07;
17;37;158;3701;HERGUIJUELA DE LA SIERRA;30;238678;4480430;0303;J10;
17;37;159;3704;HERGUIJUELA DEL CAMPO;30;256296;4500200;0303;H11;
17;37;160;3708;HINOJOSA DE DUERO;30;182262;4544980;0303;E04;
17;37;161;3702;HORCAJO DE MONTEMAYOR;30;254863;4479780;0303;K11;
17;37;162;3704;HORCAJO MEDIANERO;30;293509;4502930;0403;H04;
17;37;163;3702;HOYA LA;30;271557;4475120;0403;K02;
17;37;164;3707;HUERTA;30;292903;4537930;0403;E04;
17;37;165;3708;IRUELOS;30;220469;4560510;0303;C08;
17;37;166;3703;ITUERO DE AZABA;30;188616;4488780;0303;J05;
17;37;167;3707;JUZBADO;30;257129;4552540;0303;C11;
17;37;168;3702;LAGUNILLA;30;247549;4468820;0303;L11;
17;37;169;3705;LARRODRIGO;30;295052;4509690;0403;G04;
17;37;170;3707;LEDESMA;30;246688;4558260;0303;C10;
17;37;171;3704;LEDRADA;30;269198;4484460;0403;J01;
17;37;172;3701;LINARES DE RIOFRIO;30;253039;4496480;0303;I11;
17;37;173;3708;LUMBRALES;30;189104;4539320;0303;E05;
17;37;174;3705;MACOTERA;30;306495;4523480;0403;F05;
17;37;175;3707;MACHACON;30;288687;4533310;0403;E03;
17;37;176;3701;MADROÑAL;30;240382;4483940;0303;J10;
17;37;177;3701;MAILLO EL;30;228445;4494780;0303;I09;
17;37;178;3705;MALPARTIDA;30;311162;4514790;0403;G06;
17;37;179;3705;MANCERA DE ABAJO;30;315526;4523090;0403;F06;
17;37;180;3708;MANZANO EL;30;222857;4563780;0303;B08;
17;37;181;3706;MARTIAGO;30;205012;4482520;0303;J07;
17;37;182;3704;MARTINAMOR;30;281529;4519910;0403;F03;
17;37;183;3703;MARTIN DE YELTES;30;222338;4516560;0303;G08;
17;37;184;3708;MASUECO;30;199201;4567130;0303;B06;
17;37;185;3707;CASTELLANOS DE VILLIQUERA;30;275640;4548410;0403;D02;
17;37;186;3707;MATA DE LEDESMA LA;30;249339;4541490;0303;D11;
17;37;187;3704;MATILLA DE LOS CAÑOS DEL RIO;30;253427;4523940;0303;F11;
17;37;188;3705;MAYA LA;30;278944;4507870;0403;H02;
17;37;189;3704;MEMBRIBE DE LA SIERRA;30;263715;4509740;0403;H01;
17;37;190;3708;MIEZA;30;190039;4563080;0303;C05;
17;37;191;3708;MILANO EL;30;197364;4556110;0303;C06;
17;37;192;3707;MIRANDA DE AZAN;30;273122;4528850;0403;F02;
17;37;193;3701;MIRANDA DEL CASTAÑAR;30;246398;4484350;0303;J11;
17;37;194;3701;MOGARRAZ;30;240827;4488160;0303;J10;
17;37;195;3702;MOLINILLO;30;250234;4484700;0303;J11;
17;37;196;3701;MONFORTE DE LA SIERRA;30;240587;4485750;0303;J10;
17;37;197;3704;MONLEON;30;258973;4496410;0303;I11;
17;37;198;3708;MONLERAS;30;229580;4565080;0303;B09;
17;37;199;3701;MONSAGRO;30;225338;4488820;0303;J09;
17;37;200;3704;MONTEJO;30;278349;4502980;0403;H02;
17;37;201;3702;MONTEMAYOR DEL RIO;30;254449;4471010;0303;K11;
17;37;202;3707;MONTERRUBIO DE ARMUÑA;30;277271;4546570;0403;D02;
17;37;203;3704;MONTERRUBIO DE LA SIERRA;30;272534;4515460;0403;G02;
17;37;204;3703;MORASVERDES;30;222178;4499260;0303;I09;
17;37;205;3704;MORILLE;30;272304;4520950;0403;F02;
17;37;206;3705;MORIÑIGO;30;298507;4537750;0403;E04;
17;37;207;3707;MORISCOS;30;283622;4542540;0403;D03;
17;37;208;3708;MORONTA;30;212058;4540200;0303;E07;
17;37;209;3707;MOZARBEZ;30;273575;4525250;0403;F02;
17;37;211;3704;NARROS DE MATALAYEGUA;30;254921;4509970;0303;H11;
17;37;212;3702;NAVACARROS;30;270459;4474060;0403;K01;
17;37;213;3704;NAVA DE BEJAR;30;272902;4484320;0403;J02;
17;37;214;3701;NAVA DE FRANCIA;30;235627;4491490;0303;I10;
17;37;215;3705;NAVA DE SOTROBAL;30;307571;4529590;0403;F05;
17;37;216;3705;NAVALES;30;291085;4517440;0403;G04;
17;37;217;3702;NAVALMORAL DE BEJAR;30;263411;4479590;0403;K01;
17;37;218;3704;NAVAMORALES;30;289428;4484280;0403;J03;
17;37;219;3701;NAVARREDONDA DE LA RINCONADA;30;245810;4498880;0303;I10;
17;37;221;3706;NAVASFRIAS;30;175952;4466820;0303;L04;
17;37;222;3707;NEGRILLA DE PALENCIA;30;281386;4554920;0403;C03;
17;37;223;3708;OLMEDO DE CAMACES;30;198615;4530820;0303;F06;
17;37;224;3707;ORBADA LA;30;292889;4553750;0403;C04;
17;37;225;3707;PAJARES DE LA LAGUNA;30;289245;4552910;0403;C03;
17;37;226;3707;PALACIOS DEL ARZOBISPO;30;258218;4561910;0303;B11;
17;37;228;3705;PALACIOSRUBIOS;30;316116;4547430;0403;D06;
17;37;229;3707;PALENCIA DE NEGRILLA;30;279948;4554410;0403;C03;
17;37;230;3707;PARADA DE ARRIBA;30;263687;4540300;0403;D01;
17;37;231;3707;PARADA DE RUBIALES;30;295593;4559620;0403;C04;
17;37;232;3705;PARADINAS DE SAN JUAN;30;317834;4538000;0403;E06;
17;37;233;3703;PASTORES;30;203752;4491540;0303;J07;
17;37;234;3706;PAYO EL;30;182617;4467350;0303;L05;
17;37;235;3705;PEDRAZA DE ALBA;30;300524;4512860;0403;G04;
17;37;236;3705;PEDROSILLO DE ALBA;30;297390;4521050;0403;F04;
17;37;237;3704;PEDROSILLO DE LOS AIRES;30;271930;4508330;0403;G02;
17;37;238;3707;PEDROSILLO EL RALO;30;285433;4548750;0403;D03;
17;37;239;3705;PEDROSO DE LA ARMUÑA EL;30;298657;4551170;0403;C04;
17;37;240;3707;PELABRAVO;30;282432;4536300;0403;E03;
17;37;241;3703;PELARRODRIGUEZ;30;229279;4529310;0303;E09;
17;37;242;3705;PELAYOS;30;282837;4504740;0403;H03;
17;37;243;3708;PEÑA LA;30;204654;4564340;0303;B06;
17;37;244;3702;PEÑACABALLERA;30;256829;4469910;0303;K11;
17;37;245;3706;PEÑAPARDA;30;188677;4468060;0303;L05;
17;37;246;3705;PEÑARANDA DE BRACAMONTE;30;313732;4530440;0403;E06;
17;37;247;3705;PEÑARANDILLA;30;298411;4528410;0403;F04;
17;37;248;3708;PERALEJOS DE ABAJO;30;217079;4545350;0303;D08;
17;37;249;3708;PERALEJOS DE ARRIBA;30;221529;4545170;0303;D08;
17;37;250;3708;PEREÑA DE LA RIBERA;30;204675;4570540;0303;B06;
17;37;251;3702;PEROMINGO;30;265186;4483180;0403;J01;
17;37;252;3702;PINEDAS;30;248009;4481450;0303;J11;
17;37;253;3707;PINO DE TORMES EL;30;263884;4545740;0403;D01;
17;37;254;3707;PITIEGUA;30;294056;4548010;0403;D04;
17;37;255;3704;PIZARRAL;30;276241;4499510;0403;I02;
17;37;256;3705;POVEDA DE LAS CINTAS;30;309782;4546030;0403;D06;
17;37;257;3708;POZOS DE HINOJO;30;215763;4537200;0303;E07;
17;37;258;3703;PUEBLA DE AZABA;30;182973;4483880;0303;J05;
17;37;259;3704;PUEBLA DE SAN MEDEL;30;267528;4487250;0403;J01;
17;37;260;3703;PUEBLA DE YELTES;30;229841;4501530;0303;H09;
17;37;261;3704;PUENTE DEL CONGOSTO;30;286371;4486840;0403;J03;
17;37;262;3708;PUERTAS;30;225775;4556000;0303;C08;
17;37;263;3702;PUERTO DE BEJAR;30;259434;4470960;0303;K11;
17;37;264;3703;PUERTO SEGURO;30;182576;4525090;0303;F04;
17;37;265;3705;RAGAMA;30;321525;4541100;0403;D07;
17;37;266;3708;REDONDA LA;30;184962;4535530;0303;E04;
17;37;267;3703;RETORTILLO;30;213105;4522210;0303;F08;
17;37;268;3701;RINCONADA DE LA SIERRA LA;30;242947;4500750;0303;I10;
17;37;269;3706;ROBLEDA;30;194270;4475520;0303;K06;
17;37;270;3704;ROBLIZA DE COJOS;30;249371;4527490;0303;F11;
17;37;271;3707;ROLLAN;30;254249;4538710;0303;E11;
17;37;272;3703;SAELICES EL CHICO;30;194039;4506930;0303;H06;
17;37;273;3703;SAGRADA LA;30;240835;4514400;0303;G10;
17;37;274;3707;SALAMANCA;30;274540;4538150;0403;E02;
17;37;275;3708;SALDEANA;30;194928;4547500;0303;D05;
17;37;276;3705;SALMORAL;30;313372;4519640;0403;G06;
17;37;277;3704;SALVATIERRA DE TORMES;30;281796;4496720;0403;I03;
17;37;278;3707;S CRISTOBAL DE LA CUESTA;30;280071;4545800;0403;D02;
17;37;279;3703;SANCTI-SPIRITUS;30;210735;4514790;0303;H07;
17;37;280;3708;SANCHON DE LA RIBERA;30;214908;4555610;0303;C07;
17;37;281;3704;SANCHON DE LA SAGRADA;30;244674;4516320;0303;G10;
17;37;282;3702;SANCHOTELLO;30;266815;4480830;0403;J01;
17;37;283;3708;SANDO;30;239042;4538230;0303;E10;
17;37;284;3702;S ESTEBAN DE LA SIERRA;30;256399;4488910;0303;J11;
17;37;285;3708;S FELICES DE LOS GALLEGOS;30;188573;4527200;0303;F05;
17;37;286;3701;S MARTIN DEL CASTAÑAR;30;239464;4490710;0303;I10;
17;37;287;3701;S MIGUEL DE VALERO;30;250793;4493510;0303;I11;
17;37;288;3707;S MORALES;30;289396;4540430;0403;D03;
17;37;289;3703;S MUÑOZ;30;236153;4517790;0303;G10;
17;37;290;3707;S PEDRO DEL VALLE;30;259501;4548220;0303;D11;
17;37;291;3707;S PEDRO DE ROZADOS;30;265413;4521690;0403;G01;
17;37;292;3707;S PELAYO DE GUAREÑA;30;258980;4555940;0303;C11;
17;37;293;3708;STA MARIA DE SANDO;30;236475;4541660;0303;D10;
17;37;294;3707;STA MARTA DE TORMES;30;279393;4536510;0403;E02;
17;37;296;3705;SANTIAGO DE LA PUEBLA;30;307202;4518320;0403;G05;
17;37;297;3704;SANTIBAÑEZ DE BEJAR;30;280100;4485730;0403;J02;
17;37;298;3702;SANTIBAÑEZ DE LA SIERRA;30;252864;4486510;0303;J11;
17;37;299;3707;SANTIZ;30;258117;4566480;0303;B11;
17;37;300;3704;SANTOS LOS;30;262254;4491250;0403;I01;
17;37;301;3708;SARDON DE LOS FRAILES;30;225996;4568600;0303;B08;
17;37;302;3708;SAUCELLE;30;185502;4551100;0303;D04;
17;37;303;3706;SAHUGO EL;30;199941;4478440;0303;K06;
17;37;304;3703;SEPULCRO-HILARIO;30;230482;4509910;0303;H09;
17;37;305;3701;SEQUEROS;30;243625;4489030;0303;J10;
17;37;306;3706;SERRADILLA DEL ARROYO;30;217495;4493830;0303;J08;
17;37;307;3706;SERRADILLA DEL LLANO;30;216569;4486060;0303;J08;
17;37;309;3704;SIERPE LA;30;258885;4503700;0303;H11;
17;37;310;3705;SIETEIGLESIAS DE TORMES;30;281584;4513250;0403;G03;
17;37;311;3708;SOBRADILLO;30;179353;4536810;0303;E04;
17;37;312;3702;SORIHUELA;30;273844;4481470;0403;J02;
17;37;313;3701;SOTOSERRANO;30;241964;4475590;0303;J10;
17;37;314;3707;TABERA DE ABAJO;30;245747;4535170;0303;E10;
17;37;315;3704;TALA LA;30;286324;4496980;0403;I03;
17;37;316;3701;TAMAMES;30;237885;4505940;0303;H10;
17;37;317;3705;TARAZONA DE GUAREÑA;30;310587;4560550;0403;B06;
17;37;318;3707;TARDAGUILA;30;283659;4557670;0403;C03;
17;37;319;3704;TEJADO EL;30;284901;4480730;0403;J03;
17;37;320;3704;TEJEDA Y SEGOYUELA;30;244941;4504040;0303;H10;
17;37;321;3703;TENEBRON;30;215952;4500680;0303;H08;
17;37;322;3707;TERRADILLOS;30;282741;4526250;0403;F03;
17;37;323;3707;TOPAS;30;276916;4562710;0403;C02;
17;37;324;3705;TORDILLOS;30;301843;4525180;0403;F05;
17;37;325;3701;TORNADIZO EL;30;256282;4492330;0303;I11;
17;37;327;3707;TORRESMENUDAS;30;266086;4554500;0403;C01;
17;37;328;3708;TRABANCA;30;217170;4571170;0303;B07;
17;37;329;3708;TREMEDAL DE TORMES;30;233082;4554230;0303;C09;
17;37;330;3705;VALDECARROS;30;295671;4516090;0403;G04;
17;37;331;3702;VALDEFUENTES DE SANGUSIN;30;260605;4483930;0403;J01;
17;37;332;3702;VALDEHIJADEROS;30;258460;4478420;0303;K11;
17;37;333;3704;VALDELACASA;30;265980;4488400;0403;J01;
17;37;334;3702;VALDELAGEVE;30;245930;4474110;0303;K11;
17;37;335;3707;VALDELOSA;30;267400;4563500;0403;B01;
17;37;336;3707;VALDEMIERQUE;30;281728;4523410;0403;F03;
17;37;337;3708;VALDERRODRIGO;30;204548;4552870;0303;D06;
17;37;338;3707;VALDUNCIEL;30;275137;4554760;0403;C02;
17;37;339;3701;VALERO;30;249386;4491710;0303;I11;
17;37;340;3708;VALSALABROSO;30;206841;4556430;0303;C06;
17;37;341;3704;VALVERDE DE VALDELACASA;30;264223;4485690;0403;J01;
17;37;342;3707;VALVERDON;30;268732;4548500;0403;D01;
17;37;343;3702;VALLEJERA DE RIOFRIO;30;269055;4477540;0403;K01;
17;37;344;3704;VECINOS;30;257093;4518240;0303;G11;
17;37;345;3707;VEGA DE TIRADOS;30;256423;4547260;0303;D11;
17;37;346;3704;VEGUILLAS LAS;30;260931;4513800;0403;G01;
17;37;347;3707;VELLES LA;30;284341;4550890;0403;C03;
17;37;348;3705;VENTOSA DEL RIO ALMAR;30;302650;4534370;0403;E05;
17;37;349;3708;VIDOLA LA;30;208002;4561690;0303;C07;
17;37;350;3708;VILVESTRE;30;187367;4557330;0303;C05;
17;37;351;3705;VILLAFLORES;30;311571;4552120;0403;C06;
17;37;352;3707;VILLAGONZALO DE TORMES;30;288615;4530320;0403;E03;
17;37;353;3704;VILLALBA DE LOS LLANOS;30;248152;4520580;0303;F11;
17;37;354;3707;VILLAMAYOR;30;272498;4542380;0403;D02;
17;37;355;3701;VILLANUEVA DEL CONDE;30;244560;4487930;0303;J10;
17;37;356;3703;VILLAR DE ARGAÑAN;30;187001;4509170;0303;H05;
17;37;357;3703;VILLAR DE CIERVO;30;182596;4519310;0303;G05;
17;37;358;3705;VILLAR DE GALLIMAZO;30;306746;4536690;0403;E05;
17;37;359;3703;VILLAR DE LA YEGUA;30;187229;4514880;0303;G05;
17;37;360;3708;VILLAR DE PERALONSO;30;230156;4547830;0303;D09;
17;37;361;3708;VILLAR DE SAMANIEGO;30;211933;4558340;0303;C07;
17;37;362;3707;VILLARES DE LA REINA;30;276843;4543140;0403;D02;
17;37;363;3708;VILLARES DE YELTES;30;212445;4530660;0303;F07;
17;37;364;3708;VILLARINO DE LOS AIRES;30;211860;4569540;0303;A07;
17;37;365;3707;VILLARMAYOR;30;251720;4547610;0303;D11;
17;37;366;3708;VILLARMUERTO;30;218570;4551570;0303;D08;
17;37;367;3708;VILLASBUENAS;30;198114;4550320;0303;D06;
17;37;368;3708;VILLASDARDO;30;233667;4544630;0303;D09;
17;37;369;3708;VILLASECO DE LOS GAMITOS;30;239071;4547880;0303;D10;
17;37;370;3708;VILLASECO DE LOS REYES;30;236181;4559590;0303;B09;
17;37;371;3706;VILLASRUBIAS;30;193402;4469390;0303;L06;
17;37;372;3707;VILLAVERDE DE GUAREÑA;30;289648;4549790;0403;D03;
17;37;373;3708;VILLAVIEJA DE YELTES;30;208150;4529330;0303;F07;
17;37;374;3705;VILLORIA;30;301706;4540630;0403;D05;
17;37;375;3705;VILLORUELA;30;298314;4542860;0403;D04;
17;37;376;3708;VITIGUDINO;30;212114;4546750;0303;D07;
17;37;377;3708;YECLA DE YELTES;30;205958;4539480;0303;E07;
17;37;378;3706;ZAMARRA;30;208434;4489100;0303;J07;
17;37;379;3707;ZAMAYON;30;262937;4560620;0403;C01;
17;37;380;3707;ZARAPICOS;30;261477;4546850;0403;D01;
17;37;381;3708;ZARZA DE PUMAREDA LA;30;196434;4562210;0303;C05;
17;37;382;3705;ZORITA DE LA FRONTERA;30;314881;4542850;0403;D06;
17;37;701;3707;Coto Mancom Pedrosillo Ralo Villaverde Guare.;;;;;;
17;37;998;3700;PORTUGAL;0;0;0;0000;000;
17;37;999;3700;OTRA PROVINCIA;0;0;0;0000;000;
17;40;0;4000;INDETERMINADO;;;;0000;000;
17;40;1;4009;ABADES;30;392537;4530240;0503;E03;
17;40;2;4007;ADRADA DE PIRON;30;411640;4546120;0503;D05;
17;40;3;4002;ADRADOS;30;406911;4580600;0502;N03;
17;40;4;4007;AGUILAFUENTE;30;407887;4565700;0503;B04;
17;40;5;4001;ALCONADA DE MADERUELO;30;458705;4589360;0502;N08;
17;40;6;4001;ALDEALCORVO;30;433462;4567010;0503;B07;
17;40;7;4006;ALDEALENGUA DE PEDRAZA;30;432732;4543520;0503;D07;
17;40;8;4001;ALDEALENGUA DE SANTA MARIA;30;461643;4591130;0502;M09;
17;40;9;4001;ALDEANUEVA DE LA SERREZUELA;30;434615;4590610;0502;M06;
17;40;10;4009;ALDEANUEVA DEL CODONAL;30;371044;4549460;0503;D01;
17;40;12;4007;ALDEA REAL;30;402192;4560340;0503;B04;
17;40;13;4002;ALDEASOÑA;30;411525;4592180;0502;M04;
17;40;14;4001;ALDEHORNO;30;434675;4595850;0502;M06;
17;40;15;4009;ALDEHUELA DEL CODONAL;30;370623;4545820;0503;D01;
17;40;16;4001;ALDEONTE;30;441784;4576080;0503;A08;
17;40;17;4009;ANAYA;30;389915;4538980;0503;E03;
17;40;18;4009;AÑE;30;391718;4543910;0503;D03;
17;40;19;4006;ARAHUETES;30;427892;4555780;0503;C06;
17;40;20;4006;ARCONES;30;439464;4551930;0503;C07;
17;40;21;4006;AREVALILLO DE CEGA;30;425803;4558160;0503;C06;
17;40;22;4009;ARMUÑA;30;392648;4546300;0503;D02;
17;40;24;4008;AYLLON;30;471544;4580090;0502;N09;
17;40;25;4001;BARBOLLA;30;444627;4574110;0503;A08;
17;40;26;4006;BASARDILLA;30;417271;4539910;0503;D05;
17;40;28;4009;BERCIAL;30;379398;4528350;0503;F01;
17;40;29;4001;BERCIMUEL;30;452831;4583360;0502;N08;
17;40;30;4007;BERNARDOS;30;387652;4555480;0503;C02;
17;40;31;4009;BERNUY DE PORREROS;30;406327;4539410;0503;E04;
17;40;32;4001;BOCEGUILLAS;30;449343;4575520;0503;A08;
17;40;33;4006;BRIEVA;30;411914;4543560;0503;D05;
17;40;34;4007;CABALLAR;30;419127;4553060;0503;C05;
17;40;35;4007;CABAÑAS DE POLENDOS;30;407168;4545180;0503;D04;
17;40;36;4002;CABEZUELA;30;419933;4564710;0503;B06;
17;40;37;4002;CALABAZAS DE FUENTIDUEÑA;30;415552;4589560;0502;N04;
17;40;39;4001;CAMPO DE SAN PEDRO;30;453691;4589920;0502;N08;
17;40;40;4002;CANTALEJO;30;421855;4568330;0503;B06;
17;40;41;4007;CANTIMPALOS;30;401823;4547150;0503;D04;
17;40;43;4007;CARBONERO EL MAYOR;30;392822;4555740;0503;C03;
17;40;44;4002;CARRASCAL DEL RIO;30;425820;4578550;0502;N05;
17;40;45;4006;CASLA;30;445344;4557110;0503;C08;
17;40;46;4008;CASTILLEJO DE MESLEON;30;450330;4570090;0503;A08;
17;40;47;4002;CASTRO DE FUENTIDUEÑA;30;427428;4586360;0502;N05;
17;40;48;4001;CASTROJIMENO;30;429494;4583720;0502;N05;
17;40;49;4006;CASTROSERNA DE ABAJO;30;438475;4562120;0503;B07;
17;40;51;4001;CASTROSERRACIN;30;433527;4583950;0502;N06;
17;40;52;4001;CEDILLO DE LA TORRE;30;448124;4586630;0502;N07;
17;40;53;4008;CEREZO DE ABAJO;30;451037;4563510;0503;B09;
17;40;54;4008;CEREZO DE ARRIBA;30;456048;4563300;0503;B09;
17;40;55;4001;CILLERUELO DE SAN MAMES;30;451627;4587680;0502;N08;
17;40;56;4002;COBOS DE FUENTIDUEÑA;30;423056;4581970;0502;N05;
17;40;57;4003;COCA;30;371880;4564870;0503;B01;
17;40;58;4003;CODORNIZ;30;365470;4546080;0403;D11;
17;40;59;4006;COLLADO HERMOSO;30;424164;4541850;0503;D06;
17;40;60;4001;CONDADO DE CASTILNOVO;30;437343;4566480;0503;B07;
17;40;61;4008;CORRAL DE AYLLON;30;462043;4582790;0502;N09;
17;40;62;4006;CUBILLO;30;423154;4551700;0503;C06;
17;40;63;4004;CUELLAR;30;392413;4579920;0502;N02;
17;40;65;4004;CHAÑE;30;380285;4578200;0503;A02;
17;40;68;4007;DOMINGO GARCIA;30;382681;4553320;0503;C02;
17;40;69;4003;DONHIERRO;30;357730;4552910;0403;C10;
17;40;70;4008;DURUELO;30;446112;4564180;0503;B08;
17;40;71;4001;ENCINAS;30;443314;4583400;0502;N07;
17;40;72;4009;ENCINILLAS;30;403226;4542430;0503;D04;
17;40;73;4007;ESCALONA DEL PRADO;30;406527;4557620;0503;C04;
17;40;74;4007;ESCARABAJOSA DE CABEZAS;30;400779;4551420;0503;C03;
17;40;75;4007;ESCOBAR DE POLENDOS;30;406797;4551030;0503;D04;
17;40;76;4005;ESPINAR EL;30;396910;4509850;0503;H03;
17;40;77;4009;ESPIRDO;30;409711;4539690;0503;E04;
17;40;78;4003;FRESNEDA DE CUELLAR;30;378197;4574030;0503;A01;
17;40;79;4001;FRESNO DE CANTESPINO;30;458525;4579690;0502;N08;
17;40;80;4001;FRESNO DE LA FUENTE;30;446093;4583430;0502;N07;
17;40;81;4004;FRUMALES;30;400205;4580970;0502;N03;
17;40;82;4003;FUENTE DE SANTA CRUZ;30;364007;4563900;0403;B11;
17;40;83;4002;FUENTE EL OLMO DE FUENTIDUEÑA;30;417059;4583170;0502;N04;
17;40;84;4003;FUENTE EL OLMO DE ISCAR;30;375178;4571780;0503;A01;
17;40;86;4007;FUENTEPELAYO;30;400869;4565070;0503;B04;
17;40;87;4002;FUENTEPIÑEL;30;413365;4584140;0502;N04;
17;40;88;4002;FUENTERREBOLLO;30;420837;4573710;0503;A06;
17;40;89;4002;FUENTESAUCO DE FUENTIDUEÑA;30;411483;4587300;0502;N04;
17;40;91;4002;FUENTESOTO;30;424275;4588610;0502;M05;
17;40;92;4002;FUENTIDUEÑA;30;416444;4581050;0502;N04;
17;40;93;4006;GALLEGOS;30;435271;4546100;0503;D07;
17;40;94;4009;GARCILLAN;30;393468;4538760;0503;E03;
17;40;95;4004;GOMEZSERRACIN;30;391326;4571710;0503;A02;
17;40;97;4001;GRAJERA;30;448831;4580470;0502;N07;
17;40;99;4001;HONRUBIA DE LA CUESTA;30;441381;4594850;0502;M07;
17;40;100;4002;HONTALBILLA;30;406684;4577110;0503;A04;
17;40;101;4009;HONTANARES DE ERESMA;30;399151;4537900;0503;E03;
17;40;103;4009;HUERTOS LOS;30;397364;4540520;0503;D03;
17;40;104;4005;ITUERO Y LAMA;30;383997;4517780;0503;G02;
17;40;105;4009;JUARROS DE RIOMOROS;30;389216;4532370;0503;E02;
17;40;106;4009;JUARROS DE VOLTOYA;30;372735;4543940;0503;D01;
17;40;107;4009;LABAJOS;30;372021;4523750;0503;F01;
17;40;108;4002;LAGUNA DE CONTRERAS;30;414525;4594190;0502;M04;
17;40;109;4008;LANGUILLA;30;465603;4589080;0502;N09;
17;40;110;4002;LASTRAS DE CUELLAR;30;408872;4571440;0503;A04;
17;40;111;4009;LASTRAS DEL POZO;30;388492;4526170;0503;F02;
17;40;112;4009;LASTRILLA LA;30;408335;4536080;0503;E04;
17;40;113;4005;LOSA LA;30;403803;4521260;0503;F04;
17;40;115;4001;MADERUELO;30;456833;4595960;0502;M08;
17;40;118;4009;MARAZUELA;30;385771;4537440;0503;E02;
17;40;119;4009;MARTIN MIGUEL;30;392837;4534560;0503;E03;
17;40;120;4003;MARTIN MUÑOZ DE LA DEHESA;30;358532;4547660;0403;D10;
17;40;121;4009;MARTIN MUÑOZ DE LAS POSADAS;30;368763;4538860;0403;E11;
17;40;122;4009;MARUGAN;30;383211;4528400;0503;F02;
17;40;123;4006;MATABUENA;30;437095;4548900;0503;D07;
17;40;124;4004;MATA DE CUELLAR;30;376239;4583600;0402;O11;
17;40;125;4006;MATILLA LA;30;432655;4560110;0503;B07;
17;40;126;4009;MELQUE DE CERCOS;30;376122;4545150;0503;D01;
17;40;127;4002;MEMBRIBE DE LA HOZ;30;408131;4590380;0502;N03;
17;40;128;4007;MIGUELAÑEZ;30;384304;4555330;0503;C02;
17;40;129;4003;MONTEJO DE AREVALO;30;359615;4557430;0403;C11;
17;40;130;4001;MONTEJO DE LA VEGA SERREZUELA;30;448205;4600680;0502;L07;
17;40;131;4005;MONTERRUBIO;30;384597;4522440;0503;F02;
17;40;132;4001;MORAL DE HORNUEZ;30;448154;4591520;0502;M07;
17;40;134;4007;MOZONCILLO;30;400377;4555720;0503;C04;
17;40;135;4009;MUÑOPEDRO;30;374264;4526890;0503;F01;
17;40;136;4007;MUÑOVEROS;30;420322;4558520;0503;C06;
17;40;138;4003;NAVA DE LA ASUNCION;30;375360;4555640;0503;C01;
17;40;139;4006;NAVAFRIA;30;430029;4543130;0503;D07;
17;40;140;4002;NAVALILLA;30;420247;4576950;0503;A06;
17;40;141;4007;NAVALMANZANO;30;394859;4563580;0503;B03;
17;40;142;4001;NAVARES DE AYUSO;30;441590;4580530;0502;N07;
17;40;143;4001;NAVARES DE ENMEDIO;30;438993;4584490;0502;N06;
17;40;144;4001;NAVARES DE LAS CUEVAS;30;437015;4585900;0502;N06;
17;40;145;4007;NAVAS DE ORO;30;380904;4562670;0503;B01;
17;40;146;4005;NAVAS DE SAN ANTONIO;30;386062;4509070;0503;G02;
17;40;148;4007;NIEVA;30;378490;4550030;0503;D02;
17;40;149;4004;OLOMBRADA;30;403108;4588180;0502;N03;
17;40;150;4006;OREJANA;30;435494;4556810;0503;C07;
17;40;151;4007;ORTIGOSA DE PESTAÑO;30;383146;4549850;0503;D02;
17;40;152;4005;OTERO DE HERREROS;30;398289;4519440;0503;G03;
17;40;154;4001;PAJAREJOS;30;450271;4582670;0502;N08;
17;40;155;4006;PALAZUELOS DE ERESMA;30;414003;4531490;0503;E05;
17;40;156;4006;PEDRAZA;30;432674;4553430;0503;C07;
17;40;157;4006;PELAYOS DEL ARROYO;30;419761;4545830;0503;D06;
17;40;158;4004;PEROSILLO;30;404641;4582970;0502;N03;
17;40;159;4007;PINAREJOS;30;392032;4567880;0503;B03;
17;40;160;4007;PINARNEGRILLO;30;394498;4560620;0503;B03;
17;40;161;4001;PRADALES;30;442092;4589390;0502;N07;
17;40;162;4006;PRADENA;30;442322;4555280;0503;C08;
17;40;163;4006;PUEBLA DE PEDRAZA;30;423764;4561800;0503;B06;
17;40;164;4003;RAPARIEGOS;30;362342;4550470;0403;C11;
17;40;165;4006;REBOLLO;30;428087;4560610;0503;B06;
17;40;166;4004;REMONDO;30;375801;4578190;0503;A01;
17;40;168;4001;RIAGUAS DE SAN BARTOLOME;30;459805;4586220;0502;N08;
17;40;170;4008;RIAZA;30;466876;4572190;0503;B09;
17;40;171;4008;RIBOTA;30;465013;4578050;0503;A10;
17;40;172;4008;RIOFRIO DE RIAZA;30;463973;4565620;0503;B10;
17;40;173;4009;RODA DE ERESMA;30;400909;4543340;0503;D04;
17;40;174;4002;SACRAMENIA;30;420757;4595520;0502;M04;
17;40;176;4003;SAMBOAL;30;381000;4570500;0503;B02;
17;40;177;4004;S CRISTOBAL DE CUELLAR;30;383625;4586980;0502;N01;
17;40;178;4003;S CRISTOBAL DE LA VEGA;30;363621;4553230;0403;C11;
17;40;179;4004;SANCHONUÑO;30;391809;4575650;0503;A03;
17;40;180;4009;SANGARCIA;30;379556;4533440;0503;E02;
17;40;181;4006;REAL SITIO DE SAN ILDEFONSO;30;413799;4522990;0503;F05;
17;40;182;4003;S MARTIN Y MUDRIAN;30;387498;4564530;0503;B02;
17;40;183;4002;S MIGUEL DE BERNUY;30;420710;4583180;0502;N05;
17;40;184;4002;S PEDRO DE GAILLOS;30;431502;4564280;0503;B07;
17;40;185;4009;STA MARIA LA REAL DE NIEVA;30;380843;4541490;0503;D02;
17;40;186;4008;STA MARTA DEL CERRO;30;442678;4562910;0503;B08;
17;40;188;4006;SANTIUSTE DE PEDRAZA;30;426712;4549980;0503;D06;
17;40;189;4003;SANTIUSTE DE SAN JUAN BAUTISTA;30;367893;4557880;0403;C11;
17;40;190;4006;STO DOMINGO DE PIRON;30;419596;4540540;0503;D05;
17;40;191;4008;STO TOME DEL PUERTO;30;450679;4559370;0503;B09;
17;40;192;4007;SAUQUILLO DE CABEZAS;30;410915;4560930;0503;B05;
17;40;193;4002;SEBULCOR;30;426920;4570830;0503;B06;
17;40;194;4009;SEGOVIA;30;401612;4528770;0503;E04;
17;40;195;4001;SEPULVEDA;30;435586;4571940;0503;A07;
17;40;196;4001;SEQUERA DE FRESNO;30;453906;4579320;0503;A09;
17;40;198;4008;SOTILLO;30;446009;4568110;0503;B08;
17;40;199;4006;SOTOSALBOS;30;421829;4541330;0503;D06;
17;40;200;4009;TABANERA LA LUENGA;30;395801;4550610;0503;C03;
17;40;201;4003;TOLOCIRIO;30;363474;4555360;0403;C11;
17;40;202;4002;TORREADRADA;30;430290;4590350;0502;N05;
17;40;203;4006;TORRECABALLEROS;30;417094;4537160;0503;E05;
17;40;204;4002;TORRECILLA DEL PINAR;30;412400;4580150;0502;N04;
17;40;205;4007;TORREIGLESIAS;30;412544;4551540;0503;C05;
17;40;206;4006;TORRE DE VAL SAN PEDRO;30;427125;4544020;0503;D06;
17;40;207;4006;TRESCASAS;30;416054;4533930;0503;E05;
17;40;208;4007;TUREGANO;30;416478;4554120;0503;C05;
17;40;210;4001;URUEÑAS;30;436733;4578980;0503;A07;
17;40;211;4005;VALDEPRADOS;30;392854;4520140;0503;G03;
17;40;212;4001;VALDEVACAS DE MONTEJO;30;448082;4597270;0502;M07;
17;40;213;4006;VALDEVACAS Y GUIJAR;30;422757;4556000;0503;C06;
17;40;214;4009;VALSECA;30;402309;4539420;0503;E04;
17;40;215;4002;VALTIENDAS;30;424842;4593810;0502;M05;
17;40;216;4009;VALVERDE DEL MAJANO;30;397605;4534180;0503;E03;
17;40;218;4001;VALLE DE TABLADILLO;30;430402;4579880;0503;A06;
17;40;219;4004;VALLELADO;30;381163;4583430;0502;N01;
17;40;220;4006;VALLERUELA DE PEDRAZA;30;431371;4558740;0503;C07;
17;40;221;4006;VALLERUELA DE SEPULVEDA;30;435733;4560660;0503;B07;
17;40;222;4007;VEGANZONES;30;416405;4561760;0503;B05;
17;40;223;4005;VEGAS DE MATUTE;30;392851;4516350;0503;G03;
17;40;224;4006;VENTOSILLA Y TEJADILLA;30;442271;4559550;0503;C08;
17;40;225;4005;VILLACASTIN;30;380343;4513010;0503;G02;
17;40;228;4003;VILLAVERDE DE ISCAR;30;370332;4573020;0503;A01;
17;40;229;4001;VILLAVERDE DE MONTEJO;30;444583;4595750;0502;M07;
17;40;230;4003;VILLEGUILLO;30;367809;4568100;0403;B11;
17;40;231;4009;YANGUAS DE ERESMA;30;396057;4547330;0503;D03;
17;40;233;4005;ZARZUELA DEL MONTE;30;387572;4518010;0503;G02;
17;40;234;4007;ZARZUELA DEL PINAR;30;400771;4568880;0503;B04;
17;40;701;4008;Comun de Riaza y Sepulveda;;;;;;
17;40;901;4005;ORTIGOSA DEL MONTE;30;402093;4519780;0503;F04;
17;40;902;4002;COZUELOS DE FUENTIDUEÑA;30;409133;4583190;0502;N03;
17;40;903;4009;MARAZOLEJA;30;386425;4533260;0503;E02;
17;40;904;4005;NAVAS DE RIOFRIO;30;405821;4522680;0503;F04;
17;40;905;4002;CUEVAS DE PROVANCO;30;420851;4600370;0502;M05;
17;40;906;4006;S CRISTOBAL DE SEGOVIA;30;409188;4533932;0503;E04;
17;40;999;4000;OTRA PROVINCIA;0;0;0;0000;000;
17;42;0;4200;INDETERMINADO;;;;0000;000;
17;42;1;4208;ABEJAR;30;517878;4627840;0602;J04;
17;42;3;4203;ADRADAS;30;542496;4577500;0603;A07;
17;42;4;4201;AGREDA;30;591288;4634370;0602;I11;
17;42;6;4207;ALCONABA;30;551575;4620380;0602;K08;
17;42;7;4209;ALCUBILLA DE AVELLANEDA;30;475464;4618430;0502;K10;
17;42;8;4203;ALCUBILLA DE LAS PEÑAS;30;541529;4569400;0603;B06;
17;42;9;4207;ALDEALAFUENTE;30;555629;4611760;0602;K08;
17;42;10;4202;ALDEALICES;30;558168;4640000;0602;I08;
17;42;11;4207;ALDEALPOZO;30;566823;4626470;0602;J09;
17;42;12;4207;ALDEALSEÑOR;30;557177;4637330;0602;I08;
17;42;13;4207;ALDEHUELA DE PERIAÑEZ;30;556712;4629100;0602;J08;
17;42;14;4210;ALDEHUELAS LAS;30;552154;4650350;0602;H08;
17;42;15;4203;ALENTISQUE;30;555732;4584180;0602;N08;
17;42;16;4207;ALIUD;30;562535;4611830;0602;K09;
17;42;17;4207;ALMAJANO;30;555130;4632920;0602;I08;
17;42;18;4203;ALMALUEZ;30;558105;4574440;0603;A09;
17;42;19;4202;ALMARZA;30;544735;4643090;0602;H07;
17;42;20;4203;ALMAZAN;30;537181;4592720;0602;M06;
17;42;21;4207;ALMAZUL;30;571698;4601000;0602;L10;
17;42;22;4207;ALMENAR DE SORIA;30;569500;4616440;0602;K09;
17;42;23;4203;ALPANSEQUE;30;525400;4569820;0603;B05;
17;42;24;4207;ARANCON;30;562041;4626410;0602;J08;
17;42;25;4203;ARCOS DE JALON;30;562788;4558620;0603;B09;
17;42;26;4204;ARENILLAS;30;512921;4576930;0603;A04;
17;42;27;4202;AREVALO DE LA SIERRA;30;550854;4644940;0602;H07;
17;42;28;4202;AUSEJO DE LA SIERRA;30;552922;4639880;0602;I08;
17;42;29;4203;BARAONA;30;531953;4572100;0603;A05;
17;42;30;4203;BARCA;30;530111;4587770;0602;N06;
17;42;31;4204;BARCONES;30;515942;4571140;0603;A04;
17;42;32;4204;BAYUBAS DE ABAJO;30;507716;4595630;0602;M03;
17;42;33;4204;BAYUBAS DE ARRIBA;30;509463;4601450;0602;L03;
17;42;34;4201;BERATON;30;597603;4619900;0602;K12;
17;42;35;4204;BERLANGA DE DUERO;30;510673;4587330;0602;M04;
17;42;36;4205;BLACOS;30;510264;4615720;0602;K04;
17;42;37;4207;BLIECOS;30;560921;4597920;0602;M09;
17;42;38;4203;BORJABAD;30;550056;4601360;0602;L08;
17;42;39;4207;BOROBIA;30;593166;4614540;0602;K12;
17;42;41;4207;BUBEROS;30;568737;4611450;0602;K09;
17;42;42;4202;BUITRAGO;30;549509;4632890;0602;I07;
17;42;43;4205;BURGO DE OSMA-CIUDAD DE OSMA;30;495739;4605410;0602;L02;
17;42;44;4207;CABREJAS DEL CAMPO;30;560593;4616240;0602;K09;
17;42;45;4208;CABREJAS DEL PINAR;30;511085;4625770;0602;J04;
17;42;46;4211;CALATAÑAZOR;30;516503;4618880;0602;K04;
17;42;48;4204;CALTOJAR;30;520767;4583630;0602;N04;
17;42;49;4207;CANDILICHERA;30;558208;4619290;0602;K08;
17;42;50;4203;CAÑAMAQUE;30;564621;4589170;0602;N09;
17;42;51;4207;CARABANTES;30;583971;4600610;0602;L11;
17;42;52;4205;CARACENA;30;492182;4582020;0602;N02;
17;42;53;4205;CARRASCOSA DE ABAJO;30;493493;4585840;0602;N02;
17;42;54;4202;CARRASCOSA DE LA SIERRA;30;560709;4639550;0602;I08;
17;42;55;4209;CASAREJOS;30;496218;4628520;0602;J02;
17;42;56;4202;CASTILFRIO DE LA SIERRA;30;558282;4642240;0602;H08;
17;42;57;4201;CASTILRUIZ;30;581123;4637420;0602;I10;
17;42;58;4205;CASTILLEJO DE ROBLEDO;30;458716;4601890;0502;L08;
17;42;59;4203;CENTENERA DE ANDALUZ;30;523278;4595640;0602;M05;
17;42;60;4210;CERBON;30;569978;4643080;0602;H09;
17;42;61;4211;CIDONES;30;527239;4630460;0602;J06;
17;42;62;4201;CIGUDOSA;30;577518;4642230;0602;H10;
17;42;63;4207;CIHUELA;30;583782;4585370;0602;N11;
17;42;64;4207;CIRIA;30;586478;4609880;0602;L11;
17;42;65;4207;CIRUJALES DEL RIO;30;556154;4635510;0602;I08;
17;42;68;4203;COSCURITA;30;544269;4588220;0602;N07;
17;42;69;4206;COVALEDA;30;511290;4643720;0602;H03;
17;42;70;4208;CUBILLA;30;505030;4620720;0602;J03;
17;42;71;4203;CUBO DE LA SOLANA;30;545329;4607280;0602;L07;
17;42;73;4201;CUEVA DE AGREDA;30;593280;4623620;0602;J12;
17;42;75;4201;DEVANOS;30;587029;4640210;0602;I11;
17;42;76;4207;DEZA;30;580685;4592790;0602;M11;
17;42;78;4206;DURUELO DE LA SIERRA;30;505822;4646920;0602;H03;
17;42;79;4203;ESCOBOSA DE ALMAZAN;30;552925;4593670;0602;M08;
17;42;80;4209;ESPEJA DE SAN MARCELINO;30;480766;4626240;0602;J01;
17;42;81;4209;ESPEJON;30;478136;4632780;0502;I10;
17;42;82;4202;ESTEPA DE SAN JUAN;30;555996;4643360;0602;H08;
17;42;83;4203;FRECHILLA DE ALMANZAN;30;540163;4584910;0602;N07;
17;42;84;4205;FRESNO DE CARACENA;30;491394;4590260;0602;N02;
17;42;85;4209;FUENTEARMEGIL;30;483896;4618580;0602;K01;
17;42;86;4205;FUENTECAMBRON;30;471823;4593630;0502;M10;
17;42;87;4202;FUENTECANTOS;30;547092;4632740;0602;I07;
17;42;88;4203;FUENTELMONGE;30;568981;4584980;0602;N09;
17;42;89;4202;FUENTELSAZ DE SORIA;30;548214;4635590;0602;I07;
17;42;90;4204;FUENTEPINILLA;30;521458;4600750;0602;L04;
17;42;92;4210;FUENTES DE MAGAÑA;30;567060;4642880;0602;H09;
17;42;93;4201;FUENTESTRUN;30;575731;4635880;0602;I10;
17;42;94;4202;GARRAY;30;541160;4633270;0602;J07;
17;42;95;4211;GOLMAYO;30;528727;4618720;0602;J06;
17;42;96;4207;GOMARA;30;564405;4606110;0602;L09;
17;42;97;4204;GORMAZ;30;499474;4595530;0602;M02;
17;42;98;4209;HERRERA DE SORIA;30;497800;4623630;0602;J02;
17;42;100;4201;HINOJOSA DEL CAMPO;30;576514;4621900;0602;J10;
17;42;103;4205;LANGA DE DUERO;30;468764;4606900;0502;L09;
17;42;105;4205;LICERAS;30;480276;4582430;0502;N10;
17;42;106;4207;LOSILLA LA;30;560658;4636070;0602;I08;
17;42;107;4201;MAGAÑA;30;568269;4638570;0602;I09;
17;42;108;4203;MAJAN;30;558779;4590970;0602;M08;
17;42;110;4201;MATALEBRERAS;30;578085;4631800;0602;I10;
17;42;111;4203;MATAMALA DE ALMAZAN;30;530081;4595550;0602;M06;
17;42;113;4203;MEDINACELI;30;547940;4556880;0603;C07;
17;42;115;4203;MIÑO DE MEDINACELI;30;538487;4558670;0603;B07;
17;42;116;4205;MIÑO DE SAN ESTEBAN;30;470787;4600000;0502;M10;
17;42;117;4206;MOLINOS DE DUERO;30;514533;4636810;0602;I04;
17;42;118;4203;MOMBLONA;30;555353;4588590;0602;N08;
17;42;119;4203;MONTEAGUDO DE LAS VICARIAS;30;566594;4580090;0603;A09;
17;42;120;4205;MONTEJO DE TIERMES;30;482946;4580050;0603;A01;
17;42;121;4212;MONTENEGRO DE CAMEROS;30;520192;4659210;0602;G05;
17;42;123;4203;MORON DE ALMAZAN;30;549795;4583500;0602;N07;
17;42;124;4208;MURIEL DE LA FUENTE;30;510986;4619350;0602;K04;
17;42;125;4208;MURIEL VIEJO;30;507282;4625450;0602;J03;
17;42;127;4209;NAFRIA DE UCERO;30;491268;4618520;0602;K02;
17;42;128;4207;NARROS;30;559429;4633580;0602;I08;
17;42;129;4208;NAVALENO;30;499446;4633600;0602;I02;
17;42;130;4203;NEPAS;30;549846;4596930;0602;M08;
17;42;131;4203;NOLAY;30;555214;4597220;0602;M08;
17;42;132;4207;NOVIERCAS;30;582849;4617740;0602;K11;
17;42;134;4201;OLVEGA;30;584939;4626270;0602;J11;
17;42;135;4210;ONCALA;30;559305;4647100;0602;H08;
17;42;139;4207;PINILLA DEL CAMPO;30;575405;4618080;0602;K10;
17;42;140;4207;PORTILLO DE SORIA;30;573847;4609200;0602;L10;
17;42;141;4202;POVEDA DE SORIA LA;30;539630;4651750;0602;G07;
17;42;142;4201;POZALMURO;30;574567;4625340;0602;J10;
17;42;144;4204;QUINTANA REDONDA;30;528383;4609550;0602;L06;
17;42;145;4204;QUINTANAS DE GORMAZ;30;503135;4595970;0602;M03;
17;42;148;4207;QUIÑONERIA;30;578988;4600570;0602;L11;
17;42;149;4204;RABANOS LOS;30;544810;4614730;0602;K07;
17;42;151;4202;REBOLLAR;30;540418;4639510;0602;H07;
17;42;152;4204;RECUERDA;30;499966;4587430;0602;M03;
17;42;153;4204;RELLO;30;521359;4576650;0603;A05;
17;42;154;4207;RENIEBLAS;30;553039;4627860;0602;I08;
17;42;155;4204;RETORTILLO DE SORIA;30;497682;4575680;0603;A03;
17;42;156;4207;REZNOS;30;581960;4605530;0602;L11;
17;42;157;4204;RIBA DE ESCALOTE LA;30;516974;4578250;0603;A04;
17;42;158;4205;RIOSECO DE SORIA;30;512490;4609660;0602;K04;
17;42;159;4202;ROLLAMIENTA;30;538967;4643280;0602;H06;
17;42;160;4202;ROYO EL;30;527589;4641690;0602;I05;
17;42;161;4206;SALDUERO;30;516002;4638970;0602;I04;
17;42;162;4205;S ESTEBAN DE GORMAZ;30;481765;4598440;0602;L01;
17;42;163;4201;S FELICES;30;581965;4641350;0602;H11;
17;42;164;4209;S LEONARDO DE YAGUE;30;493349;4631720;0602;I02;
17;42;165;4210;S PEDRO MANRIQUE;30;565682;4654330;0602;G09;
17;42;166;4210;STA CRUZ DE YANGUAS;30;543722;4657300;0602;G07;
17;42;167;4203;STA MARIA DE HUERTA;30;570313;4564380;0603;B09;
17;42;168;4209;STA MARIA DE LAS HOYAS;30;488448;4624460;0602;J01;
17;42;171;4207;SERON DE NAGIMA;30;567296;4595130;0602;M09;
17;42;172;4203;SOLIEDRA;30;550986;4590050;0602;M08;
17;42;173;4211;SORIA;30;526605;4630350;0602;J07;
17;42;174;4202;SOTILLO DEL RINCON;30;531450;4646030;0602;H06;
17;42;175;4201;SUELLACABRAS;30;566079;4633620;0602;I09;
17;42;176;4201;TAJAHUERCE;30;569593;4622470;0602;J10;
17;42;177;4204;TAJUECO;30;512945;4598650;0602;M04;
17;42;178;4209;TALVEILA;30;502645;4621280;0602;J03;
17;42;181;4204;TARDELCUENDE;30;529765;4603770;0602;L05;
17;42;182;4203;TARODA;30;548694;4576150;0603;A07;
17;42;183;4207;TEJADO;30;558318;4603510;0602;L09;
17;42;184;4207;TORLENGUA;30;571630;4590340;0602;N10;
17;42;185;4205;TORREBLACOS;30;508510;4614250;0602;K04;
17;42;187;4207;TORRUBIA DE SORIA;30;578049;4608630;0602;L10;
17;42;188;4201;TREVAGO;30;573350;4634760;0602;I10;
17;42;189;4209;UCERO;30;495278;4619100;0602;K02;
17;42;190;4209;VADILLO;30;500185;4628530;0602;J02;
17;42;191;4202;VALDEAVELLANO DE TERA;30;535954;4644600;0602;H06;
17;42;192;4201;VALDEGEÑA;30;569479;4630640;0602;J09;
17;42;193;4201;VALDELAGUA DEL CERRO;30;573683;4638040;0602;I10;
17;42;194;4209;VALDEMALUQUE;30;497400;4615100;0602;K02;
17;42;195;4204;VALDENEBRO;30;506175;4603910;0602;L03;
17;42;196;4210;VALDEPRADO;30;571857;4645610;0602;H10;
17;42;197;4204;VALDERRODILLA;30;515186;4602810;0602;L04;
17;42;198;4210;VALTAJEROS;30;563477;4643510;0602;H09;
17;42;200;4204;VELAMAZAN;30;522962;4590180;0602;N05;
17;42;201;4207;VELILLA DE LA SIERRA;30;549140;4627590;0602;J07;
17;42;202;4203;VELILLA DE LOS AJOS;30;560696;4594280;0602;M09;
17;42;204;4203;VIANA DE DUERO;30;545176;4596950;0602;M07;
17;42;205;4211;VILLACIERVOS;30;527742;4624480;0602;J06;
17;42;206;4205;VILLANUEVA DE GORMAZ;30;495481;4590640;0602;M02;
17;42;207;4202;VILLAR DEL ALA;30;536021;4639970;0602;H06;
17;42;208;4201;VILLAR DEL CAMPO;30;571761;4628640;0602;J10;
17;42;209;4210;VILLAR DEL RIO;30;551130;4658110;0602;G08;
17;42;211;4202;VILLARES DE SORIA LOS;30;552701;4636270;0602;I08;
17;42;212;4203;VILLASAYAS;30;531017;4579030;0603;A06;
17;42;213;4207;VILLASECA DE ARCIEL;30;570870;4607980;0602;L10;
17;42;215;4212;VINUESA;30;518864;4644780;0602;H04;
17;42;216;4210;VIZMANOS;30;547869;4652830;0602;G07;
17;42;217;4201;VOZMEDIANO;30;596209;4632870;0602;I12;
17;42;218;4210;YANGUAS;30;554922;4663040;0602;F08;
17;42;219;4203;YELO;30;538611;4563360;0603;B06;
17;42;701;4209;Comunindad Herrera Soria NavafrYa Ucero ;;;;;;
17;42;999;4200;OTRA PROVINCIA;0;0;0;0000;000;
17;47;0;4700;INDETERMINADO;;;;0000;000;
17;47;1;4706;ADALIA;30;323092;4612810;0402;L06;
17;47;2;4704;AGUASAL;30;363008;4572970;0403;A11;
17;47;3;4701;AGUILAR DE CAMPOS;30;318583;4650110;0402;H05;
17;47;4;4706;ALAEJOS;30;313512;4574500;0403;A06;
17;47;5;4708;ALCAZAREN;30;360386;4582650;0402;O10;
17;47;6;4703;ALDEA DE SAN MIGUEL;30;364797;4589710;0402;N10;
17;47;7;4703;ALDEAMAYOR DE SAN MARTIN;30;363555;4598810;0402;N10;
17;47;8;4704;ALMENARA DE ADAJA;30;359321;4563300;0403;B10;
17;47;9;4705;AMUSQUILLO;30;392353;4623210;0502;J02;
17;47;10;4707;ARROYO DE LA ENCOMIENDA;30;350360;4609650;0402;M09;
17;47;11;4704;ATAQUINES;30;351398;4561170;0403;B09;
17;47;12;4703;BAHABON;30;393956;4593010;0502;M02;
17;47;13;4701;BARCIAL DE LA LOMA;30;310954;4646900;0402;I05;
17;47;14;4706;BARRUELO DEL VALLE;30;326526;4616060;0402;L06;
17;47;15;4701;BECILLA DE VALDERADUEY;30;317245;4662740;0402;G05;
17;47;16;4706;BENAFARCES;30;309279;4610460;0402;L04;
17;47;17;4706;BERCERO;30;326814;4602750;0402;M06;
17;47;18;4706;BERCERUELO;30;332127;4606440;0402;M07;
17;47;19;4701;BERRUECES;30;326357;4646230;0402;I06;
17;47;20;4702;BOBADILLA DEL CAMPO;30;329871;4561240;0403;B08;
17;47;21;4704;BOCIGAS;30;358870;4567200;0403;B10;
17;47;22;4705;BOCOS DE DUERO;30;411971;4608280;0502;L04;
17;47;23;4708;BOECILLO;30;356555;4600240;0402;M09;
17;47;24;4701;BOLAÑOS DE CAMPOS;30;311492;4653500;0402;H05;
17;47;25;4702;BRAHOJOS DE MEDINA;30;328474;4565690;0403;B07;
17;47;26;4701;BUSTILLO DE CHAVES;30;325347;4665830;0402;G06;
17;47;27;4707;CABEZON DE PISUERGA;30;365312;4620950;0402;K10;
17;47;28;4701;CABEZON DE VALDERADUEY;30;321390;4671070;0402;F06;
17;47;29;4701;CABREROS DEL MONTE;30;310678;4635740;0402;J05;
17;47;30;4703;CAMPASPERO;30;398240;4594940;0502;M03;
17;47;31;4702;CAMPILLO EL;30;333806;4569910;0403;B08;
17;47;32;4703;CAMPORREDONDO;30;374199;4592990;0402;N11;
17;47;33;4705;CANALEJAS DE PEÑAFIEL;30;407004;4595940;0502;M03;
17;47;34;4705;CANILLAS DE ESGUEVA;30;405658;4624060;0502;J03;
17;47;35;4702;CARPIO;30;323762;4563650;0403;B07;
17;47;36;4706;CASASOLA DE ARION;30;312444;4605590;0402;M05;
17;47;37;4702;CASTREJON DE TRABANCOS;30;317566;4569160;0403;B06;
17;47;38;4705;CASTRILLO DE DUERO;30;416038;4604410;0502;L04;
17;47;39;4705;CASTRILLO-TEJERIEGO;30;385954;4616640;0502;K01;
17;47;40;4701;CASTROBOL;30;308815;4667710;0402;G04;
17;47;41;4706;CASTRODEZA;30;337428;4611930;0402;L07;
17;47;42;4706;CASTROMEMBIBRE;30;307579;4617000;0402;L04;
17;47;43;4701;CASTROMONTE;30;329329;4624980;0402;K07;
17;47;44;4707;CASTRONUEVO DE ESGUEVA;30;367809;4615520;0402;L10;
17;47;45;4706;CASTRONUÑO;30;311043;4585850;0402;O05;
17;47;46;4701;CASTROPONCE;30;320386;4665400;0402;G05;
17;47;47;4705;CASTROVERDE DE CERRATO;30;397111;4622800;0502;J02;
17;47;48;4701;CEINOS DE CAMPOS;30;322798;4655580;0402;H06;
17;47;49;4702;CERVILLEGO DE LA CRUZ;30;334541;4561080;0403;B08;
17;47;50;4707;CIGALES;30;357627;4626320;0402;K09;
17;47;51;4707;CIGUÑUELA;30;345064;4612200;0402;L08;
17;47;52;4707;CISTERNIGA;30;362364;4606300;0402;M09;
17;47;53;4704;COGECES DE ISCAR;30;371507;4585720;0402;O11;
17;47;54;4705;COGECES DEL MONTE;30;389128;4599520;0502;M02;
17;47;55;4707;CORCOS;30;360444;4629480;0402;J09;
17;47;56;4705;CORRALES DE DUERO;30;412171;4614350;0502;K04;
17;47;57;4707;CUBILLAS DE SANTA MARTA;30;366859;4630910;0402;J10;
17;47;58;4701;CUENCA DE CAMPOS;30;329616;4657260;0402;H07;
17;47;59;4705;CURIEL DE DUERO;30;408031;4610740;0502;K03;
17;47;60;4705;ENCINAS DE ESGUEVA;30;409433;4623340;0502;J03;
17;47;61;4705;ESGUEVILLAS DE ESGUEVA;30;385190;4623480;0502;J01;
17;47;62;4705;FOMBELLIDA;30;401662;4623250;0502;J03;
17;47;63;4705;FOMPEDRAZA;30;403840;4597170;0502;M03;
17;47;64;4701;FONTIHOYUELO;30;330256;4670140;0402;F07;
17;47;65;4702;FRESNO EL VIEJO;30;318857;4561560;0403;B07;
17;47;66;4707;FUENSALDAÑA;30;353938;4619200;0402;L09;
17;47;67;4702;FUENTE EL SOL;30;337731;4559450;0403;B08;
17;47;68;4704;FUENTE-OLMEDO;30;362589;4567730;0403;B11;
17;47;69;4706;GALLEGOS DE HORNIJA;30;325860;4608540;0402;M06;
17;47;70;4701;GATON DE CAMPOS;30;336872;4656490;0402;H07;
17;47;71;4706;GERIA;30;343018;4604730;0402;M08;
17;47;73;4701;HERRIN DE CAMPOS;30;338771;4665160;0402;G07;
17;47;74;4704;HORNILLOS DE ERESMA;30;355551;4580110;0402;O09;
17;47;75;4704;ISCAR;30;372286;4578390;0402;O11;
17;47;76;4707;LAGUNA DE DUERO;30;356948;4604080;0402;M09;
17;47;77;4705;LANGAYO;30;397295;4601550;0502;L03;
17;47;78;4702;LOMOVIEJO;30;340923;4558150;0403;C08;
17;47;79;4704;LLANO DE OLMEDO;30;365630;4570540;0403;B11;
17;47;80;4705;MANZANILLO;30;399791;4604720;0502;L03;
17;47;81;4706;MARZALES;30;321428;4605680;0402;M06;
17;47;82;4708;MATAPOZUELOS;30;351893;4586130;0402;O09;
17;47;83;4706;MATILLA DE LOS CAÑOS;30;337085;4601180;0402;M07;
17;47;84;4701;MAYORGA;30;310098;4671720;0402;F05;
17;47;85;4702;MEDINA DEL CAMPO;30;340744;4576240;0403;A08;
17;47;86;4701;MEDINA DE RIOSECO;30;332984;4637620;0402;J07;
17;47;87;4704;MEGECES;30;367692;4585110;0402;O10;
17;47;88;4701;MELGAR DE ABAJO;30;322993;4679770;0402;F06;
17;47;89;4701;MELGAR DE ARRIBA;30;326839;4682530;0402;E06;
17;47;90;4708;MOJADOS;30;359711;4587970;0402;O10;
17;47;91;4701;MONASTERIO DE VEGA;30;318292;4679530;0402;F06;
17;47;92;4701;MONTEALEGRE DE CAMPOS;30;341917;4639810;0402;I08;
17;47;93;4703;MONTEMAYOR DE PILILLA;30;379282;4596890;0402;N11;
17;47;94;4701;MORAL DE LA REINA;30;327665;4650300;0402;H06;
17;47;95;4702;MORALEJA DE LAS PANADERAS;30;347624;4571420;0403;A09;
17;47;96;4701;MORALES DE CAMPOS;30;319311;4636310;0402;J05;
17;47;97;4706;MOTA DEL MARQUES;30;318519;4611220;0402;L05;
17;47;98;4707;MUCIENTES;30;352254;4624980;0402;K09;
17;47;99;4701;MUDARRA LA;30;338454;4627820;0402;K07;
17;47;100;4702;MURIEL;30;345130;4554520;0403;C09;
17;47;101;4706;NAVA DEL REY;30;325036;4581760;0403;A07;
17;47;102;4702;NUEVA VILLA DE LAS TORRES;30;325551;4570640;0403;A07;
17;47;103;4705;OLIVARES DE DUERO;30;386609;4611750;0502;K01;
17;47;104;4704;OLMEDO;30;356303;4572860;0403;A10;
17;47;105;4707;OLMOS DE ESGUEVA;30;373915;4616130;0402;L11;
17;47;106;4705;OLMOS DE PEÑAFIEL;30;413671;4602200;0502;L04;
17;47;109;4701;PALAZUELO DE VEDIJA;30;322764;4644180;0402;I06;
17;47;110;4703;PARRILLA LA;30;372441;4600000;0402;N11;
17;47;111;4708;PEDRAJA DE PORTILLO LA;30;358562;4593660;0402;N10;
17;47;112;4704;PEDRAJAS DE SAN ESTEBAN;30;366988;4579610;0403;A11;
17;47;113;4706;PEDROSA DEL REY;30;315839;4600160;0402;M05;
17;47;114;4705;PEÑAFIEL;30;406557;4605760;0502;L03;
17;47;115;4701;PEÑAFLOR DE HORNIJA;30;335739;4621340;0402;L07;
17;47;116;4705;PESQUERA DE DUERO;30;399538;4613110;0502;K03;
17;47;117;4705;PIÑA DE ESGUEVA;30;380513;4620480;0502;J01;
17;47;118;4705;PIÑEL DE ABAJO;30;402969;4616000;0502;K03;
17;47;119;4705;PIÑEL DE ARRIBA;30;404913;4618490;0502;K03;
17;47;121;4706;POLLOS;30;322232;4589860;0402;N06;
17;47;122;4703;PORTILLO;30;369129;4593290;0402;N10;
17;47;123;4702;POZAL DE GALLINAS;30;346911;4576540;0403;A09;
17;47;124;4702;POZALDEZ;30;346954;4581990;0402;O08;
17;47;125;4701;POZUELO DE LA ORDEN;30;312350;4631440;0402;J05;
17;47;126;4704;PURAS;30;361212;4560700;0403;B11;
17;47;127;4705;QUINTANILLA DE ARRIBA;30;395302;4607160;0502;L02;
17;47;128;4701;QUINTANILLA DEL MOLAR;30;296619;4651940;0402;H03;
17;47;129;4705;QUINTANILLA DE ONESIMO;30;387594;4606680;0502;L01;
17;47;130;4707;QUINTANILLA DE TRIGUEROS;30;361866;4636830;0402;J10;
17;47;131;4705;RABANO;30;412977;4598640;0502;M04;
17;47;132;4702;RAMIRO;30;350136;4566230;0403;B10;
17;47;133;4707;RENEDO DE ESGUEVA;30;364534;4612540;0402;L10;
17;47;134;4701;ROALES DE CAMPOS;30;295311;4657490;0402;H03;
17;47;135;4706;ROBLADILLO;30;341139;4608530;0402;M08;
17;47;137;4705;ROTURAS;30;407441;4613880;0502;K03;
17;47;138;4702;RUBI DE BRACAMONTE;30;338936;4564630;0403;B08;
17;47;139;4706;RUEDA;30;333359;4586200;0402;O07;
17;47;140;4701;SAELICES DE MAYORGA;30;318037;4675970;0402;F05;
17;47;141;4702;SALVADOR DE ZAPARDIEL;30;343722;4556480;0403;C09;
17;47;142;4706;S CEBRIAN DE MAZOTE;30;321179;4616740;0402;L06;
17;47;143;4705;S LLORENTE;30;410686;4617210;0502;K04;
17;47;144;4707;S MARTIN DE VALVENI;30;372485;4623570;0402;K10;
17;47;145;4703;S MIGUEL DEL ARROYO;30;376893;4589180;0402;O11;
17;47;146;4706;S MIGUEL DEL PINO;30;340737;4597930;0402;N08;
17;47;147;4704;S PABLO DE LA MORALEJA;30;350761;4557850;0403;C10;
17;47;148;4701;S PEDRO DE LATARCE;30;305316;4623930;0402;K04;
17;47;149;4706;S PELAYO;30;331399;4617390;0402;L07;
17;47;150;4706;S ROMAN DE HORNIJA;30;309247;4594020;0402;N04;
17;47;151;4706;S SALVADOR;30;326964;4609890;0402;M06;
17;47;152;4701;STA EUFEMIA DEL ARROYO;30;311168;4640840;0402;I05;
17;47;153;4701;SANTERVAS DE CAMPOS;30;330047;4678420;0402;F06;
17;47;154;4707;SANTIBAÑEZ DE VALCORBA;30;381713;4602510;0402;M11;
17;47;155;4707;SANTOVENIA DE PISUERGA;30;361289;4617900;0402;L09;
17;47;156;4702;S VICENTE DEL PALACIO;30;343328;4565080;0403;B09;
17;47;157;4707;SARDON DE DUERO;30;381791;4607500;0502;L01;
17;47;158;4702;SECA LA;30;340173;4589330;0402;O08;
17;47;159;4708;SERRADA;30;345715;4591900;0402;N08;
17;47;160;4706;SIETE IGLESIAS DE TRABANCOS;30;317552;4582360;0402;O05;
17;47;161;4707;SIMANCAS;30;347368;4606320;0402;M08;
17;47;162;4701;TAMARIZ DE CAMPOS;30;332815;4649700;0402;I07;
17;47;163;4706;TIEDRA;30;312558;4614070;0402;L05;
17;47;164;4701;TORDEHUMOS;30;320568;4630650;0402;J06;
17;47;165;4706;TORDESILLAS;30;332732;4597060;0402;N07;
17;47;166;4706;TORRECILLA DE LA ABADESA;30;321891;4594330;0402;N06;
17;47;167;4702;TORRECILLA DE LA ORDEN;30;310102;4565810;0403;B06;
17;47;168;4706;TORRECILLA DE LA TORRE;30;328944;4616190;0402;L06;
17;47;169;4705;TORRE DE ESGUEVA;30;398330;4626590;0502;J03;
17;47;170;4705;TORRE DE PEÑAFIEL;30;405222;4599320;0502;M03;
17;47;171;4706;TORRELOBATON;30;332555;4613880;0402;L07;
17;47;172;4703;TORRESCARCELA;30;387089;4593160;0502;M02;
17;47;173;4707;TRASPINEDO;30;376799;4604970;0402;M11;
17;47;174;4707;TRIGUEROS DEL VALLE;30;361872;4631710;0402;J10;
17;47;175;4707;TUDELA DE DUERO;30;367832;4605520;0402;M10;
17;47;176;4701;UNION DE CAMPOS LA;30;306411;4662150;0402;G04;
17;47;177;4701;URONES DE CASTROPONCE;30;311224;4664330;0402;G05;
17;47;178;4701;URUEÑA;30;318277;4622240;0402;K05;
17;47;179;4705;VALBUENA DE DUERO;30;393252;4613340;0502;K02;
17;47;180;4705;VALDEARCOS DE LA VEGA;30;412195;4610420;0502;K04;
17;47;181;4701;VALDENEBRO DE LOS VALLES;30;336757;4634800;0402;J07;
17;47;182;4708;VALDESTILLAS;30;350744;4593760;0402;N09;
17;47;183;4701;VALDUNQUILLO;30;307610;4657350;0402;H04;
17;47;184;4707;VALORIA LA BUENA;30;373091;4629180;0402;K11;
17;47;185;4701;VALVERDE DE CAMPOS;30;331132;4632500;0402;J07;
17;47;186;4707;VALLADOLID;30;352110;4613920;0402;L09;
17;47;187;4701;VEGA DE RUIPONCE;30;324582;4673340;0402;F06;
17;47;188;4706;VEGA DE VALDETRONCO;30;324070;4607110;0402;M06;
17;47;189;4702;VELASCALVARO;30;335282;4566400;0403;B08;
17;47;190;4706;VELILLA;30;333721;4603760;0402;M07;
17;47;191;4706;VELLIZA;30;337699;4605470;0402;M07;
17;47;192;4708;VENTOSA DE LA CUESTA;30;347208;4586820;0402;O08;
17;47;193;4708;VIANA DE CEGA;30;353005;4597850;0402;N09;
17;47;194;4703;VILORIA;30;384374;4590300;0502;N01;
17;47;195;4707;VILLABAÑEZ;30;373728;4609720;0402;L11;
17;47;196;4701;VILLABARUZ DE CAMPOS;30;335055;4653500;0402;H07;
17;47;197;4701;VILLABRAGIMA;30;325245;4633580;0402;J06;
17;47;198;4701;VILLACARRALON;30;331518;4673710;0402;F07;
17;47;199;4701;VILLACID DE CAMPOS;30;324511;4661100;0402;G06;
17;47;200;4705;VILLACO;30;394661;4621350;0502;J02;
17;47;203;4701;VILLAFRADES DE CAMPOS;30;338284;4660370;0402;G07;
17;47;204;4706;VILLAFRANCA DE DUERO;30;306688;4589810;0402;O04;
17;47;205;4701;VILLAFRECHOS;30;316551;4640860;0402;I05;
17;47;206;4705;VILLAFUERTE;30;390383;4620350;0502;J02;
17;47;207;4701;VILLAGARCIA DE CAMPOS;30;318095;4627530;0402;K05;
17;47;208;4701;VILLAGOMEZ LA NUEVA;30;322526;4668910;0402;G06;
17;47;209;4701;VILLALAN DE CAMPOS;30;317041;4654200;0402;H05;
17;47;210;4706;VILLALAR DE LOS COMUNEROS;30;320659;4600220;0402;M06;
17;47;211;4701;VILLALBA DE LA LOMA;30;318877;4671910;0402;F05;
17;47;212;4701;VILLALBA DE LOS ALCORES;30;345319;4634030;0402;J08;
17;47;213;4706;VILLALBARBA;30;316112;4608530;0402;M05;
17;47;214;4701;VILLALON DE CAMPOS;30;332245;4664090;0402;G07;
17;47;215;4701;VILLAMURIEL DE CAMPOS;30;317555;4646070;0402;I05;
17;47;216;4706;VILLAN DE TORDESILLAS;30;339580;4607060;0402;M07;
17;47;217;4707;VILLANUBLA;30;346755;4618530;0402;L08;
17;47;218;4708;VILLANUEVA DE DUERO;30;345385;4597030;0402;N08;
17;47;219;4701;VILLANUEVA DE  LA CONDESA;30;326803;4668780;0402;G06;
17;47;220;4701;VILLANUEVA DE LOS CABALLEROS;30;310389;4627430;0402;K05;
17;47;221;4707;VILLANUEVA DE LOS INFANTES;30;376824;4618340;0402;L11;
17;47;222;4701;VILLANUEVA DE SAN MANCIO;30;333142;4643720;0402;I07;
17;47;223;4701;VILLARDEFRADES;30;312827;4621780;0402;K05;
17;47;224;4707;VILLARMENTERO DE ESGUEVA;30;370984;4616620;0402;L11;
17;47;225;4706;VILLASEXMIR;30;328166;4611340;0402;L06;
17;47;226;4707;VILLAVAQUERIN;30;379912;4613230;0402;L11;
17;47;227;4706;VILLAVELLID;30;310599;4618940;0402;L05;
17;47;228;4702;VILLAVERDE DE MEDINA;30;330809;4576220;0403;A08;
17;47;229;4701;VILLAVICENCIO LOS CABALLEROS;30;315708;4658240;0402;H05;
17;47;230;4707;WAMBA;30;340859;4616210;0402;L08;
17;47;231;4707;ZARATAN;30;350384;4613210;0402;L09;
17;47;232;4702;ZARZA LA;30;351873;4570220;0403;B10;
17;47;999;4700;OTRA PROVINCIA;0;0;0;0000;000;
17;49;0;4900;INDETERMINADO;;;;0000;000;
17;49;2;4909;ABEZAMES;30;298002;4612360;0402;L03;
17;49;3;4901;ALCAÑICES;30;219976;4621860;0302;K08;
17;49;4;4902;ALCUBILLA DE NOGALES;30;258864;4668860;0302;G11;
17;49;5;4903;ALFARAZ DE SAYAGO;30;251546;4568110;0303;B11;
17;49;6;4909;ALGODRE;30;283417;4606000;0402;M02;
17;49;7;4909;ALMARAZ DE DUERO;30;257169;4596750;0302;N11;
17;49;8;4903;ALMEIDA DE SAYAGO;30;243918;4572260;0303;A10;
17;49;9;4909;ANDAVIAS;30;262887;4609780;0302;M12;
17;49;10;4909;ARCENILLAS;30;275220;4593800;0402;N01;
17;49;11;4902;ARCOS DE LA POLVOROSA;30;275355;4647370;0402;I01;
17;49;12;4903;ARGAÑIN;30;231661;4592910;0302;N09;
17;49;13;4909;ARGUJILLO;30;283934;4575750;0403;A03;
17;49;14;4909;ARQUILLINOS;30;281036;4621320;0402;K01;
17;49;15;4902;ARRABALDE;30;261037;4666630;0302;G12;
17;49;16;4909;ASPARIEGOS;30;284321;4616620;0402;L02;
17;49;17;4906;ASTURIANOS;30;212798;4661860;0302;H06;
17;49;18;4902;AYOO DE VIDRIALES;30;245530;4668970;0302;G10;
17;49;19;4902;BARCIAL DEL BARCO;30;280875;4646150;0402;I01;
17;49;20;4909;BELVER DE LOS MONTES;30;297503;4621630;0402;K03;
17;49;21;4902;BENAVENTE;30;278136;4653960;0402;H01;
17;49;22;4909;BENEGILES;30;281605;4611930;0402;L02;
17;49;23;4903;BERMILLO DE SAYAGO;30;242781;4583920;0302;O10;
17;49;24;4909;BOVEDA DE TORO LA;30;299941;4578810;0402;O03;
17;49;25;4902;BRETO;30;272112;4638430;0402;I01;
17;49;26;4902;BRETOCINO;30;269649;4640600;0402;I01;
17;49;27;4902;BRIME DE SOG;30;247968;4660890;0302;G10;
17;49;28;4902;BRIME DE URZ;30;262246;4658580;0302;H12;
17;49;29;4902;BURGANES DE VALVERDE;30;268355;4643360;0302;I12;
17;49;30;4909;BUSTILLO DEL ORO;30;295834;4616780;0402;L03;
17;49;31;4903;CABAÑAS DE SAYAGO;30;264636;4577740;0403;A01;
17;49;32;4902;CALZADILLA DE TERA;30;243024;4651170;0302;H10;
17;49;33;4902;CAMARZANA DE TERA;30;250404;4655490;0302;H10;
17;49;34;4909;CAÑIZAL;30;301327;4560770;0403;B05;
17;49;35;4909;CAÑIZO;30;291454;4626970;0402;K03;
17;49;36;4907;CARBAJALES DE ALBA;30;251021;4615490;0302;L11;
17;49;37;4903;CARBELLINO;30;236981;4569030;0303;B09;
17;49;38;4909;CASASECA DE CAMPEAN;30;269846;4584300;0402;O01;
17;49;39;4909;CASASECA DE LAS CHANAS;30;276820;4590150;0402;N01;
17;49;40;4909;CASTRILLO DE LA GUAREÑA;30;305260;4567400;0403;B05;
17;49;41;4902;CASTROGONZALO;30;285016;4651000;0402;H02;
17;49;42;4909;CASTRONUEVO;30;287479;4623290;0402;K02;
17;49;43;4909;CASTROVERDE DE CAMPOS;30;305637;4651060;0402;I04;
17;49;44;4909;CAZURRA;30;274286;4587980;0402;O01;
17;49;46;4909;CERECINOS DE CAMPOS;30;293622;4641720;0402;I03;
17;49;47;4909;CERECINOS DEL CARRIZAL;30;279117;4617980;0402;L01;
17;49;48;4905;CERNADILLA;30;217850;4657710;0302;H07;
17;49;50;4904;COBREROS;30;192381;4664820;0302;G05;
17;49;52;4902;COOMONTE;30;267015;4665990;0302;G12;
17;49;53;4909;CORESES;30;281800;4601630;0402;M02;
17;49;54;4909;CORRALES DEL VINO;30;272020;4578060;0402;O01;
17;49;55;4909;COTANES DEL MONTE;30;308105;4631650;0402;J05;
17;49;56;4909;CUBILLOS;30;270221;4607890;0402;M01;
17;49;57;4902;CUBO DE BENAVENTE;30;237898;4669580;0302;G09;
17;49;58;4909;CUBO DE TIERRA DEL VINO EL;30;272889;4570510;0403;A02;
17;49;59;4909;CUELGAMURES;30;277148;4575750;0403;A02;
17;49;61;4909;ENTRALA;30;269198;4591340;0302;N12;
17;49;62;4905;ESPADAÑEDO;30;218281;4671370;0302;G07;
17;49;63;4907;FARAMONTANOS DE TABARA;30;261933;4637540;0302;J12;
17;49;64;4903;FARIZA;30;227336;4590350;0302;O08;
17;49;65;4903;FERMOSELLE;30;216590;4578960;0303;A07;
17;49;66;4907;FERRERAS DE ABAJO;30;245947;4643190;0302;I10;
17;49;67;4908;FERRERAS DE ARRIBA;30;234373;4644980;0302;I09;
17;49;68;4907;FERRERUELA;30;246675;4630880;0302;K10;
17;49;69;4901;FIGUERUELA DE ARRIBA;30;212473;4641090;0302;J07;
17;49;71;4901;FONFRIA;30;234266;4614970;0302;L09;
17;49;75;4902;FRESNO DE LA POLVOROSA;30;270771;4663180;0402;G01;
17;49;76;4909;FRESNO DE LA RIBERA;30;286050;4602200;0402;M02;
17;49;77;4903;FRESNO DE SAYAGO;30;251636;4579050;0303;A11;
17;49;78;4902;FRIERA DE VALVERDE;30;263314;4643130;0302;I12;
17;49;79;4902;FUENTE ENCALADA;30;252033;4668130;0302;G11;
17;49;80;4909;FUENTELAPEÑA;30;299829;4568870;0403;B05;
17;49;81;4909;FUENTESAUCO;30;290795;4568890;0403;B04;
17;49;82;4902;FUENTES DE ROPEL;30;287814;4654520;0402;H02;
17;49;83;4909;FUENTESECAS;30;293364;4611340;0402;L03;
17;49;84;4909;FUENTESPREADAS;30;280103;4578850;0403;A03;
17;49;85;4904;GALENDE;30;191770;4672040;0302;G05;
17;49;86;4909;GALLEGOS DEL PAN;30;284560;4608710;0402;M02;
17;49;87;4901;GALLEGOS DEL RIO;30;237015;4626050;0302;K09;
17;49;88;4903;GAMONES;30;234938;4595420;0302;N09;
17;49;90;4909;GEMA;30;280426;4587300;0402;O01;
17;49;91;4909;GRANJA DE MORERUELA;30;271500;4632750;0402;J01;
17;49;92;4902;GRANUCILLO;30;258649;4659090;0302;H11;
17;49;93;4909;GUARRATE;30;293084;4575310;0403;A04;
17;49;94;4906;HERMISENDE;30;177760;4655400;0302;I03;
17;49;95;4909;HINIESTA LA;30;265027;4606260;0302;M12;
17;49;96;4909;JAMBRINA;30;278667;4584570;0402;O01;
17;49;97;4905;JUSTEL;30;229983;4671530;0302;F08;
17;49;98;4907;LOSACINO;30;244729;4618350;0302;L10;
17;49;99;4907;LOSACIO;30;247128;4623030;0302;K10;
17;49;100;4906;LUBIAN;30;177988;4662870;0302;H03;
17;49;101;4903;LUELMO;30;237923;4591880;0302;N09;
17;49;102;4909;MADERAL EL;30;279587;4572100;0403;A03;
17;49;103;4909;MADRIDANOS;30;283171;4593620;0402;N02;
17;49;104;4901;MAHIDE;30;222670;4641710;0302;J07;
17;49;105;4902;MAIRE DE CASTROPONCE;30;270657;4666630;0402;G01;
17;49;107;4909;MALVA;30;291960;4614900;0402;L03;
17;49;108;4909;MANGANESES DE LA LAMPREANA;30;273809;4627130;0402;K01;
17;49;109;4902;MANGANESES DE LA POLVOROSA;30;271938;4657400;0402;H01;
17;49;110;4908;MANZANAL DE ARRIBA;30;213276;4651870;0302;H07;
17;49;111;4907;MANZANAL DEL BARCO;30;255325;4613300;0302;L11;
17;49;112;4905;MANZANAL DE LOS INFANTES;30;222736;4662650;0302;H07;
17;49;113;4902;MATILLA DE ARZON;30;283851;4664420;0402;G02;
17;49;114;4909;MATILLA LA SECA;30;291661;4606740;0402;M03;
17;49;115;4909;MAYALDE;30;265662;4569980;0403;A01;
17;49;116;4902;MELGAR DE TERA;30;248138;4649240;0302;H10;
17;49;117;4902;MICERECES DE TERA;30;262226;4651810;0302;H12;
17;49;118;4902;MILLES DE LA POLVOROSA;30;273018;4645050;0402;I01;
17;49;119;4909;MOLACILLOS;30;278084;4607530;0402;M01;
17;49;120;4902;MOLEZUELAS DE LA CARBALLEDA;30;235494;4663380;0302;G09;
17;49;121;4905;MOMBUEY;30;224613;4656040;0302;H08;
17;49;122;4909;MONFARRACINOS;30;274804;4604680;0402;M01;
17;49;123;4909;MONTAMARTA;30;265689;4615060;0302;L12;
17;49;124;4903;MORAL DE SAYAGO;30;245007;4594320;0302;N10;
17;49;125;4909;MORALEJA DEL VINO;30;279486;4592390;0402;N01;
17;49;126;4903;MORALEJA DE SAYAGO;30;250010;4562830;0303;B10;
17;49;127;4909;MORALES DEL VINO;30;272445;4591640;0402;N01;
17;49;128;4902;MORALES DE REY;30;269592;4660320;0302;G12;
17;49;129;4909;MORALES DE TORO;30;308816;4600600;0402;M04;
17;49;130;4902;MORALES DE VALVERDE;30;260757;4647830;0302;I12;
17;49;131;4903;MORALINA;30;237962;4598710;0302;N09;
17;49;132;4909;MORERUELA DE LOS INFANZONES;30;272678;4612220;0402;L01;
17;49;133;4907;MORERUELA DE TABARA;30;264207;4632050;0302;J12;
17;49;134;4905;MUELAS DE LOS CABALLEROS;30;225103;4671550;0302;G08;
17;49;135;4901;MUELAS DEL PAN;30;250288;4604090;0302;M11;
17;49;136;4903;MUGA DE SAYAGO;30;231192;4584690;0302;O09;
17;49;137;4902;NAVIANOS DE VALVERDE;30;266771;4648480;0302;I12;
17;49;138;4907;OLMILLOS DE CASTRO;30;253079;4625030;0302;K11;
17;49;139;4908;OTERO DE BODAS;30;237276;4649100;0302;I09;
17;49;141;4909;PAJARES DE LA LAMPREANA;30;275959;4621220;0402;K01;
17;49;142;4909;PALACIOS DEL PAN;30;259355;4610990;0302;M12;
17;49;143;4906;PALACIOS DE SANABRIA;30;206705;4661150;0302;H06;
17;49;145;4906;PEDRALBA DE LA PRADERIA;30;194579;4654520;0302;H05;
17;49;146;4909;PEGO EL;30;293145;4580000;0403;A04;
17;49;147;4909;PELEAGONZALO;30;293960;4596190;0402;N03;
17;49;148;4909;PELEAS DE ABAJO;30;275250;4585600;0402;O01;
17;49;149;4903;PEÑAUSENDE;30;257932;4574860;0303;A11;
17;49;150;4905;PEQUE;30;229867;4663720;0302;G08;
17;49;151;4909;PERDIGON EL;30;267171;4588830;0402;O01;
17;49;152;4903;PERERUELA;30;258565;4588410;0302;O11;
17;49;153;4907;PERILLA DE CASTRO;30;262862;4623810;0302;K12;
17;49;154;4904;PÍAS;30;171602;4668280;0302;G02;
17;49;155;4909;PIEDRAHITA DE CASTRO;30;272488;4617340;0402;L01;
17;49;156;4909;PINILLA DE TORO;30;303521;4610790;0402;L04;
17;49;157;4901;PINO DEL ORO;30;240040;4608610;0302;M10;
17;49;158;4909;PIÑERO EL;30;283170;4582920;0402;O02;
17;49;159;4902;POBLADURA DEL VALLE;30;274861;4665310;0402;G01;
17;49;160;4909;POBLADURA DE VALDERADUEY;30;289693;4618820;0402;L02;
17;49;162;4904;PORTO;30;182354;4674680;0302;F03;
17;49;163;4909;POZOANTIGUO;30;296380;4607250;0402;M03;
17;49;164;4907;POZUELO DE TABARA;30;258500;4629630;0302;J11;
17;49;165;4909;PRADO;30;298971;4644940;0402;I03;
17;49;166;4906;PUEBLA DE SANABRIA;30;202105;4657230;0302;H05;
17;49;167;4902;PUEBLICA DE VALVERDE;30;257708;4644440;0302;I11;
17;49;168;4909;QUINTANILLA DEL MONTE;30;306219;4637130;0402;J04;
17;49;169;4909;QUINTANILLA DEL OLMO;30;299981;4642460;0402;I04;
17;49;170;4902;QUINTANILLA DE URZ;30;264579;4658150;0302;H12;
17;49;171;4902;QUIRUELAS DE VIDRIALES;30;266473;4655390;0302;H12;
17;49;172;4901;RABANALES;30;227813;4626050;0302;K08;
17;49;173;4901;RÁBANO DE ALISTE;30;214392;4625360;0302;K07;
17;49;174;4906;REQUEJO;30;187648;4659840;0302;H04;
17;49;175;4909;REVELLINOS;30;288184;4639510;0402;I02;
17;49;176;4907;RIOFRIO DE ALISTE;30;235808;4636760;0302;J09;
17;49;177;4905;RIONEGRO DEL PUENTE;30;232346;4656490;0302;H08;
17;49;178;4909;ROALES;30;268169;4603510;0302;M12;
17;49;179;4906;ROBLEDA-CERVANTES;30;202464;4665470;0302;G05;
17;49;180;4903;ROELOS DE SAYAGO;30;234177;4573860;0303;A09;
17;49;181;4906;ROSINOS DE LA REQUEJADA;30;209308;4671280;0302;G06;
17;49;183;4903;SALCE;30;229699;4574510;0303;A09;
17;49;184;4901;SAMIR DE LOS CAÑOS;30;237025;4618820;0302;L09;
17;49;185;4909;S AGUSTIN DEL POZO;30;283648;4641860;0402;I02;
17;49;186;4909;S CEBRIAN DE CASTRO;30;268251;4622620;0402;K01;
17;49;187;4902;S CRISTOBAL DE ENTREVIÑAS;30;282033;4659170;0402;H02;
17;49;188;4909;S ESTEBAN DEL MOLAR;30;288078;4646370;0402;I02;
17;49;189;4904;S JUSTO;30;199194;4675590;0302;G05;
17;49;190;4909;S MARTIN DE VALDERADUEY;30;292881;4630750;0402;J03;
17;49;191;4909;S MIGUEL DE LA RIBERA;30;286238;4579070;0403;A03;
17;49;192;4902;S MIGUEL DEL VALLE;30;293081;4656880;0402;H03;
17;49;193;4902;S PEDRO DE CEQUE;30;242284;4659750;0302;H10;
17;49;194;4909;S PEDRO DE LA NAVE-ALMENDRA;30;255405;4608180;0302;M11;
17;49;197;4909;STA CLARA DE AVEDILLO;30;276710;4580610;0402;O01;
17;49;199;4902;STA COLOMBA DE LAS MONJAS;30;277623;4648760;0402;I01;
17;49;200;4902;STA CRISTINA DE LA POLVOROSA;30;273015;4652530;0402;H01;
17;49;201;4902;STA CROYA DE TERA;30;254175;4650870;0302;H11;
17;49;202;4907;STA EUFEMIA DEL BARCO;30;258398;4619480;0302;L11;
17;49;203;4902;STA MARIA DE LA VEGA;30;267107;4662530;0302;G12;
17;49;204;4902;STA MARIA DE VALVERDE;30;257088;4647040;0302;I11;
17;49;205;4902;SANTIBAÑEZ DE TERA;30;258438;4653550;0302;H11;
17;49;206;4902;SANTIBAÑEZ DE VIDRIALES;30;253183;4662210;0302;G10;
17;49;207;4902;SANTOVENIA;30;276230;4638200;0402;I01;
17;49;208;4901;S VICENTE DE LA CABEZA;30;230219;4633280;0302;J08;
17;49;209;4901;S VITERO;30;220992;4631280;0302;K08;
17;49;210;4909;SANZOLES;30;285130;4589460;0402;N02;
17;49;214;4907;TABARA;30;251559;4637170;0302;J11;
17;49;216;4909;TAPIOLES;30;292386;4636870;0402;J03;
17;49;219;4909;TORO;30;296704;4594460;0402;N03;
17;49;220;4902;TORRE DEL VALLE LA;30;276144;4663840;0402;G01;
17;49;221;4903;TORREGAMONES;30;231758;4598380;0302;N09;
17;49;222;4909;TORRES DEL CARRIZAL;30;276791;4612750;0402;L01;
17;49;223;4901;TRABAZOS;30;207879;4626500;0302;K06;
17;49;224;4904;TREFACIO;30;196430;4673200;0302;G05;
17;49;225;4902;UÑA DE QUINTANA;30;240573;4664540;0302;G09;
17;49;226;4909;VADILLO DE LA GUAREÑA;30;304277;4573850;0403;A05;
17;49;227;4909;VALCABADO;30;270887;4603100;0402;M01;
17;49;228;4909;VALDEFINJAS;30;294510;4589800;0402;N03;
17;49;229;4902;VALDESCORRIEL;30;290997;4656860;0402;H03;
17;49;230;4909;VALLESA DE LA GUAREÑA;30;305528;4558280;0403;C05;
17;49;231;4902;VEGA DE TERA;30;240268;4655340;0302;H09;
17;49;232;4909;VEGA DE VILLALOBOS;30;295234;4650050;0402;I03;
17;49;233;4907;VEGALATRAVE;30;241933;4622460;0302;K10;
17;49;234;4909;VENIALBO;30;288026;4584290;0402;O02;
17;49;235;4909;VEZDEMARBAN;30;302846;4616400;0402;L04;
17;49;236;4909;VIDAYANES;30;285709;4644130;0402;I02;
17;49;237;4901;VIDEMALA;30;248029;4611210;0302;L10;
17;49;238;4902;VILLABRAZARO;30;275981;4660500;0402;H01;
17;49;239;4909;VILLABUENA DEL PUENTE;30;300140;4583820;0402;O03;
17;49;240;4903;VILLADEPERA;30;237876;4604360;0302;M09;
17;49;241;4909;VILLAESCUSA;30;294315;4564180;0403;B04;
17;49;242;4909;VILLAFAFILA;30;284224;4635180;0402;J02;
17;49;243;4902;VILLAFERRUEÑA;30;262557;4664010;0302;G12;
17;49;244;4902;VILLAGERIZ;30;255905;4666990;0302;G11;
17;49;245;4909;VILLALAZAN;30;284821;4597550;0402;N02;
17;49;246;4909;VILLALBA DE LA LAMPREANA;30;282935;4626330;0402;K02;
17;49;247;4901;VILLALCAMPO;30;245160;4601920;0302;M10;
17;49;248;4909;VILLALOBOS;30;293602;4646960;0402;I03;
17;49;249;4909;VILLALONSO;30;308468;4607530;0402;M04;
17;49;250;4909;VILLALPANDO;30;300259;4633320;0402;J03;
17;49;251;4909;VILLALUBE;30;288214;4610680;0402;M02;
17;49;252;4909;VILLAMAYOR DE CAMPOS;30;304575;4641900;0402;I04;
17;49;255;4909;VILLAMOR DE LOS ESCUDEROS;30;284678;4570160;0403;A03;
17;49;256;4902;VILLANAZAR;30;269285;4650440;0302;H12;
17;49;257;4902;VILLANUEVA DE AZOAGUE;30;281486;4649460;0402;H01;
17;49;258;4909;VILLANUEVA DE CAMPEAN;30;267721;4581610;0302;O12;
17;49;259;4902;VILLANUEVA DE LAS PERAS;30;252943;4645890;0302;I11;
17;49;260;4909;VILLANUEVA DEL CAMPO;30;300662;4651190;0402;H04;
17;49;261;4909;VILLARALBO;30;277255;4597590;0402;N01;
17;49;262;4908;VILLARDECIERVOS;30;227212;4648990;0302;I08;
17;49;263;4909;VILLAR DE FALLAVES;30;306009;4644300;0402;I04;
17;49;264;4903;VILLAR DEL BUEY;30;225973;4580510;0303;A09;
17;49;265;4903;VILLARDIEGUA DE LA RIBERA;30;233495;4603400;0302;M09;
17;49;266;4909;VILLARDIGA;30;293891;4633210;0402;J03;
17;49;267;4909;VILLARDONDIEGO;30;300538;4605870;0402;M04;
17;49;268;4909;VILLARRIN DE CAMPOS;30;279353;4631130;0402;J02;
17;49;269;4909;VILLASECO DEL PAN;30;250328;4595990;0302;N11;
17;49;270;4909;VILLAVENDIMIO;30;305178;4605890;0402;M04;
17;49;271;4902;VILLAVEZA DEL AGUA;30;278243;4643020;0402;I01;
17;49;272;4902;VILLAVEZA DE VALVERDE;30;263792;4647190;0302;I12;
17;49;273;4901;VIÑAS;30;212910;4632010;0302;K07;
17;49;275;4909;ZAMORA;30;265885;4600090;0402;N01;
17;49;998;4900;PORTUGAL;0;0;0;0000;000;
17;49;999;4900;OTRA PROVINCIA;0;0;0;0000;000;
18;51;0;5101;INDETERMINADO;0;0;0;0000;000;
18;51;1;5101;CEUTA;30;288396;3974880;0406;Q04;
18;51;998;5101;MARRUECOS;0;0;0;0406;Q04;
19;52;0;5201;INDETERMINADO;0;0;0;0000;000;
19;52;1;5201;MELILLA;30;505117;3906180;0000;000;
19;52;998;5201;MARRUECOS;0;0;0;0000;000;
99;92;998;9900;ISRAEL;0;0;0;0000;000;
99;93;998;9900;BULGARIA;30;111111;1111111;0000;000;
99;94;998;9900;ITALIA;0;0;0;0000;000;
99;95;998;9900;GRECIA;30;111111;1111111;0000;000;
99;96;998;9900;ARGELIA;0;0;0;0000;000;
99;97;998;9900;MARRUECOS;30;248091;3954104;0000;000;
99;98;998;9900;PORTUGAL;30;73068;4500457;0000;000;
99;99;998;9900;FRANCIA;0;0;0;0000;000;
