IdComunidad;IdProvincia;IdMunicipio;Municipio;INE;Nombre;Para mapa;Región Geográfica
1;1;0;INDETERMINADO;10000;Álava;ALAVA;Comunidades interiores
1;1;1;ALEGRÍA-DULANTZI;10001;Álava;ALAVA;Comunidades interiores
1;1;2;AMURRIO;10002;Álava;ALAVA;Comunidades interiores
1;1;3;ARAMAIO;10003;Álava;ALAVA;Comunidades interiores
1;1;4;ARTZINIEGA;10004;Álava;ALAVA;Comunidades interiores
1;1;6;ARMIÑÓN;10006;Álava;ALAVA;Comunidades interiores
1;1;8;ARRAZUA-UBARRUNDIA;10008;Álava;ALAVA;Comunidades interiores
1;1;9;ASPARRENA;10009;Álava;ALAVA;Comunidades interiores
1;1;10;AIARA/AYALA;10010;Álava;ALAVA;Comunidades interiores
1;1;11;MAÑUETA/BAÑOS DE EBRO;10011;Álava;ALAVA;Comunidades interiores
1;1;13;BARRUNDIA;10013;Álava;ALAVA;Comunidades interiores
1;1;14;BERANTEVILLA;10014;Álava;ALAVA;Comunidades interiores
1;1;16;BERNEDO;10016;Álava;ALAVA;Comunidades interiores
1;1;17;KANPEZU/CAMPEZO;10017;Álava;ALAVA;Comunidades interiores
1;1;18;ZIGOITIA;10018;Álava;ALAVA;Comunidades interiores
1;1;19;KRIPAN;10019;Álava;ALAVA;Comunidades interiores
1;1;20;KUARTANGO;10020;Álava;ALAVA;Comunidades interiores
1;1;21;BURGELU/ELBURGO;10021;Álava;ALAVA;Comunidades interiores
1;1;22;ELCIEGO;10022;Álava;ALAVA;Comunidades interiores
1;1;23;BILAR/ELVILLAR;10023;Álava;ALAVA;Comunidades interiores
1;1;27;IRURAIZ-GAUNA;10027;Álava;ALAVA;Comunidades interiores
1;1;28;LABASTIDA;10028;Álava;ALAVA;Comunidades interiores
1;1;30;LAGRÁN;10030;Álava;ALAVA;Comunidades interiores
1;1;31;LAGUARDIA;10031;Álava;ALAVA;Comunidades interiores
1;1;32;LANTZIEGO/LANCIEGO;10032;Álava;ALAVA;Comunidades interiores
1;1;33;LAPUEBLA DE LABARCA;10033;Álava;ALAVA;Comunidades interiores
1;1;34;LEZA;10034;Álava;ALAVA;Comunidades interiores
1;1;36;LLODIO/LAUDIO;10036;Álava;ALAVA;Comunidades interiores
1;1;37;ARRAIA-MAEZTU;10037;Álava;ALAVA;Comunidades interiores
1;1;39;MOREDA DE ALAVA;10039;Álava;ALAVA;Comunidades interiores
1;1;41;NAVARIDAS;10041;Álava;ALAVA;Comunidades interiores
1;1;42;OKONDO;10042;Álava;ALAVA;Comunidades interiores
1;1;43;OION-OYÓN;10043;Álava;ALAVA;Comunidades interiores
1;1;44;URIZAHARRA-PEÑACERRADA;10044;Álava;ALAVA;Comunidades interiores
1;1;46;ERRIBERAGOITIA/RIBERA ALTA;10046;Álava;ALAVA;Comunidades interiores
1;1;47;ERRIBERA BEITIA/RIBERA BAJA;10047;Álava;ALAVA;Comunidades interiores
1;1;49;AÑANA;10049;Álava;ALAVA;Comunidades interiores
1;1;51;AGURAIN/SALVATIERRA;10051;Álava;ALAVA;Comunidades interiores
1;1;52;SAMANIEGO;10052;Álava;ALAVA;Comunidades interiores
1;1;53;DONEMILIAGA/SAN MILLÁN;10053;Álava;ALAVA;Comunidades interiores
1;1;54;URKABUSTAIZ;10054;Álava;ALAVA;Comunidades interiores
1;1;55;VALDEGOVIA;10055;Álava;ALAVA;Comunidades interiores
1;1;56;HARANA/VALLE DE ARANA;10056;Álava;ALAVA;Comunidades interiores
1;1;57;ESKUERNAGA/VILLABUENA DE ÁLAVA;10057;Álava;ALAVA;Comunidades interiores
1;1;58;LEGUTIO;10058;Álava;ALAVA;Comunidades interiores
1;1;59;VITORIA-GASTEIZ;10059;Álava;ALAVA;Comunidades interiores
1;1;60;IECORA/YÉCORA;10060;Álava;ALAVA;Comunidades interiores
1;1;61;ZALDUONDO;10061;Álava;ALAVA;Comunidades interiores
1;1;62;ZAMBRANA;10062;Álava;ALAVA;Comunidades interiores
1;1;63;ZUIA;10063;Álava;ALAVA;Comunidades interiores
1;1;803;PARZONERIA DE ENTZIA;10803;Álava;ALAVA;Comunidades interiores
1;1;804;COMUNIDAD BITIGARRA;10804;Álava;ALAVA;Comunidades interiores
1;1;805;COMUNIDAD MARQUILLANO;10805;Álava;ALAVA;Comunidades interiores
1;1;806;PARZONERIA ENTZIA-ARRIBA;10806;Álava;ALAVA;Comunidades interiores
1;1;807;J.ADVA. OSMA Y FRESNEDA;10807;Álava;ALAVA;Comunidades interiores
1;1;808;SIERRA BRAVA DE BADAYA;10808;Álava;ALAVA;Comunidades interiores
1;1;809;COMUNIDAD GUIBIJO;10809;Álava;ALAVA;Comunidades interiores
1;1;810;J.ADVA. CARCAMO Y GUINEA;10810;Álava;ALAVA;Comunidades interiores
1;1;812;J.ADVA. VALDEREJO;10812;Álava;ALAVA;Comunidades interiores
1;1;813;J.ADVA. VILLAMAD-BELLOJIN;10813;Álava;ALAVA;Comunidades interiores
1;1;814;COM. CONSIERRA DE ARCENA;10814;Álava;ALAVA;Comunidades interiores
1;1;815;J.ADVA. GOMETZA-ESQUIVEL;10815;Álava;ALAVA;Comunidades interiores
1;1;816;ANT.HERM. SIERRA SALVADA;10816;Álava;ALAVA;Comunidades interiores
1;1;901;IRUÑA OKA/IRUÑA DE OCA;10901;Álava;ALAVA;Comunidades interiores
1;1;902;LANTARÓN;10902;Álava;ALAVA;Comunidades interiores
1;1;999;OTRA PROVINCIA;10999;Álava;ALAVA;Comunidades interiores
1;20;0;INDETERMINADO;200000;GUIPúZCOA;GUIPUZCOA;Comunidades interiores
1;20;1;ABALTZISKETA;200001;GUIPúZCOA;GUIPUZCOA;Comunidades interiores
1;20;2;ADUNA;200002;GUIPúZCOA;GUIPUZCOA;Comunidades interiores
1;20;3;AIZARNAZABAL;200003;GUIPúZCOA;GUIPUZCOA;Comunidades interiores
1;20;4;ALBIZTUR;200004;GUIPúZCOA;GUIPUZCOA;Comunidades interiores
1;20;5;ALEGIA;200005;GUIPúZCOA;GUIPUZCOA;Comunidades interiores
1;20;6;ALKIZA;200006;GUIPúZCOA;GUIPUZCOA;Comunidades interiores
1;20;7;ALTZO;200007;GUIPúZCOA;GUIPUZCOA;Comunidades interiores
1;20;8;AMEZKETA;200008;GUIPúZCOA;GUIPUZCOA;Comunidades interiores
1;20;9;ANDOAIN;200009;GUIPúZCOA;GUIPUZCOA;Comunidades interiores
1;20;10;ANOETA;200010;GUIPúZCOA;GUIPUZCOA;Comunidades interiores
1;20;11;ANTZUOLA;200011;GUIPúZCOA;GUIPUZCOA;Comunidades interiores
1;20;12;ARAMA;200012;GUIPúZCOA;GUIPUZCOA;Comunidades interiores
1;20;13;ARETXABALETA;200013;GUIPúZCOA;GUIPUZCOA;Comunidades interiores
1;20;14;ASTEASU;200014;GUIPúZCOA;GUIPUZCOA;Comunidades interiores
1;20;15;ATAUN;200015;GUIPúZCOA;GUIPUZCOA;Comunidades interiores
1;20;16;AIA;200016;GUIPúZCOA;GUIPUZCOA;Comunidades interiores
1;20;17;AZKOITIA;200017;GUIPúZCOA;GUIPUZCOA;Comunidades interiores
1;20;18;AZPEITIA;200018;GUIPúZCOA;GUIPUZCOA;Comunidades interiores
1;20;19;BEASAIN;200019;GUIPúZCOA;GUIPUZCOA;Comunidades interiores
1;20;20;BEIZAMA;200020;GUIPúZCOA;GUIPUZCOA;Comunidades interiores
1;20;21;BELAUNTZA;200021;GUIPúZCOA;GUIPUZCOA;Comunidades interiores
1;20;22;BERASTEGI;200022;GUIPúZCOA;GUIPUZCOA;Comunidades interiores
1;20;23;BERROBI;200023;GUIPúZCOA;GUIPUZCOA;Comunidades interiores
1;20;24;BIDEGOIAN;200024;GUIPúZCOA;GUIPUZCOA;Comunidades interiores
1;20;25;ZEGAMA;200025;GUIPúZCOA;GUIPUZCOA;Comunidades interiores
1;20;26;ZERAIN;200026;GUIPúZCOA;GUIPUZCOA;Comunidades interiores
1;20;27;ZESTOA;200027;GUIPúZCOA;GUIPUZCOA;Comunidades interiores
1;20;28;ZIZURKIL;200028;GUIPúZCOA;GUIPUZCOA;Comunidades interiores
1;20;29;DEBA;200029;GUIPúZCOA;GUIPUZCOA;Comunidades interiores
1;20;30;EIBAR;200030;GUIPúZCOA;GUIPUZCOA;Comunidades interiores
1;20;31;ELDUAIN;200031;GUIPúZCOA;GUIPUZCOA;Comunidades interiores
1;20;32;ELGOIBAR;200032;GUIPúZCOA;GUIPUZCOA;Comunidades interiores
1;20;33;ELGETA;200033;GUIPúZCOA;GUIPUZCOA;Comunidades interiores
1;20;34;ESKORIATZA;200034;GUIPúZCOA;GUIPUZCOA;Comunidades interiores
1;20;35;EZKIO-ITSASO;200035;GUIPúZCOA;GUIPUZCOA;Comunidades interiores
1;20;36;HONDARRIBIA;200036;GUIPúZCOA;GUIPUZCOA;Comunidades interiores
1;20;37;GAINTZA;200037;GUIPúZCOA;GUIPUZCOA;Comunidades interiores
1;20;38;GABIRIA;200038;GUIPúZCOA;GUIPUZCOA;Comunidades interiores
1;20;39;GETARIA;200039;GUIPúZCOA;GUIPUZCOA;Comunidades interiores
1;20;40;HERNANI;200040;GUIPúZCOA;GUIPUZCOA;Comunidades interiores
1;20;41;HERNIALDE;200041;GUIPúZCOA;GUIPUZCOA;Comunidades interiores
1;20;42;IBARRA;200042;GUIPúZCOA;GUIPUZCOA;Comunidades interiores
1;20;43;IDIAZABAL;200043;GUIPúZCOA;GUIPUZCOA;Comunidades interiores
1;20;44;IKAZTEGIETA;200044;GUIPúZCOA;GUIPUZCOA;Comunidades interiores
1;20;45;IRUN;200045;GUIPúZCOA;GUIPUZCOA;Comunidades interiores
1;20;46;IRURA;200046;GUIPúZCOA;GUIPUZCOA;Comunidades interiores
1;20;47;ITSASONDO;200047;GUIPúZCOA;GUIPUZCOA;Comunidades interiores
1;20;48;LARRAUL;200048;GUIPúZCOA;GUIPUZCOA;Comunidades interiores
1;20;49;LAZKAO;200049;GUIPúZCOA;GUIPUZCOA;Comunidades interiores
1;20;50;LEABURU;200050;GUIPúZCOA;GUIPUZCOA;Comunidades interiores
1;20;51;LEGAZPI;200051;GUIPúZCOA;GUIPUZCOA;Comunidades interiores
1;20;52;LEGORRETA;200052;GUIPúZCOA;GUIPUZCOA;Comunidades interiores
1;20;53;LEZO;200053;GUIPúZCOA;GUIPUZCOA;Comunidades interiores
1;20;54;LIZARTZA;200054;GUIPúZCOA;GUIPUZCOA;Comunidades interiores
1;20;55;ARRASATE/MONDRAGÓN;200055;GUIPúZCOA;GUIPUZCOA;Comunidades interiores
1;20;56;MUTRIKU;200056;GUIPúZCOA;GUIPUZCOA;Comunidades interiores
1;20;57;MUTILOA;200057;GUIPúZCOA;GUIPUZCOA;Comunidades interiores
1;20;58;OLABERRIA;200058;GUIPúZCOA;GUIPUZCOA;Comunidades interiores
1;20;59;OÑATI;200059;GUIPúZCOA;GUIPUZCOA;Comunidades interiores
1;20;60;OREXA;200060;GUIPúZCOA;GUIPUZCOA;Comunidades interiores
1;20;61;ORIO;200061;GUIPúZCOA;GUIPUZCOA;Comunidades interiores
1;20;62;ORMAIZTEGI;200062;GUIPúZCOA;GUIPUZCOA;Comunidades interiores
1;20;63;OIARTZUN;200063;GUIPúZCOA;GUIPUZCOA;Comunidades interiores
1;20;64;PASAIA;200064;GUIPúZCOA;GUIPUZCOA;Comunidades interiores
1;20;65;SORALUZE/PLASENCIA DE ARMAS;200065;GUIPúZCOA;GUIPUZCOA;Comunidades interiores
1;20;66;ERREZIL;200066;GUIPúZCOA;GUIPUZCOA;Comunidades interiores
1;20;67;ERRENTERIA;200067;GUIPúZCOA;GUIPUZCOA;Comunidades interiores
1;20;68;LEINTZ-GATZAGA;200068;GUIPúZCOA;GUIPUZCOA;Comunidades interiores
1;20;69;DONOSTIA-SAN SEBASTIÁN;200069;GUIPúZCOA;GUIPUZCOA;Comunidades interiores
1;20;70;SEGURA;200070;GUIPúZCOA;GUIPUZCOA;Comunidades interiores
1;20;71;TOLOSA;200071;GUIPúZCOA;GUIPUZCOA;Comunidades interiores
1;20;72;URNIETA;200072;GUIPúZCOA;GUIPUZCOA;Comunidades interiores
1;20;73;USURBIL;200073;GUIPúZCOA;GUIPUZCOA;Comunidades interiores
1;20;74;BERGARA;200074;GUIPúZCOA;GUIPUZCOA;Comunidades interiores
1;20;75;VILLABONA;200075;GUIPúZCOA;GUIPUZCOA;Comunidades interiores
1;20;76;ORDIZIA;200076;GUIPúZCOA;GUIPUZCOA;Comunidades interiores
1;20;77;URRETXU;200077;GUIPúZCOA;GUIPUZCOA;Comunidades interiores
1;20;78;ZALDIBIA;200078;GUIPúZCOA;GUIPUZCOA;Comunidades interiores
1;20;79;ZARAUTZ;200079;GUIPúZCOA;GUIPUZCOA;Comunidades interiores
1;20;80;ZUMARRAGA;200080;GUIPúZCOA;GUIPUZCOA;Comunidades interiores
1;20;81;ZUMAIA;200081;GUIPúZCOA;GUIPUZCOA;Comunidades interiores
1;20;701;ARALAR (Comunidad Municipios);200701;GUIPúZCOA;GUIPUZCOA;Comunidades interiores
1;20;802;PARZONERÍA DE GUIPÚZCOA;200802;GUIPúZCOA;GUIPUZCOA;Comunidades interiores
1;20;901;MENDARO;200901;GUIPúZCOA;GUIPUZCOA;Comunidades interiores
1;20;902;LASARTE-ORIA;200902;GUIPúZCOA;GUIPUZCOA;Comunidades interiores
1;20;903;ASTIGARRAGA;200903;GUIPúZCOA;GUIPUZCOA;Comunidades interiores
1;20;904;BALIARRAIN;200904;GUIPúZCOA;GUIPUZCOA;Comunidades interiores
1;20;905;ORENDAIN;200905;GUIPúZCOA;GUIPUZCOA;Comunidades interiores
1;20;906;ALTZAGA;200906;GUIPúZCOA;GUIPUZCOA;Comunidades interiores
1;20;907;GAZTELU;200907;GUIPúZCOA;GUIPUZCOA;Comunidades interiores
1;20;998;FRANCIA;200998;GUIPúZCOA;GUIPUZCOA;Comunidades interiores
1;20;999;OTRA PROVINCIA;200999;GUIPúZCOA;GUIPUZCOA;Comunidades interiores
1;48;0;INDETERMINADO;480000;VIZCAYA;VIZCAYA;Comunidades interiores
1;48;1;ABADIÑO;480001;VIZCAYA;VIZCAYA;Comunidades interiores
1;48;2;ABANTO ZIERBENA;480002;VIZCAYA;VIZCAYA;Comunidades interiores
1;48;3;AMOREBIETA-ETXANO;480003;VIZCAYA;VIZCAYA;Comunidades interiores
1;48;4;AMOROTO;480004;VIZCAYA;VIZCAYA;Comunidades interiores
1;48;5;ARAKALDO;480005;VIZCAYA;VIZCAYA;Comunidades interiores
1;48;6;ARANTZAZU;480006;VIZCAYA;VIZCAYA;Comunidades interiores
1;48;7;ARBATZEGI GERRIKAITZ/MUNITIBAR;480007;VIZCAYA;VIZCAYA;Comunidades interiores
1;48;8;ARTZENTALES;480008;VIZCAYA;VIZCAYA;Comunidades interiores
1;48;9;ARRANKUDIAGA;480009;VIZCAYA;VIZCAYA;Comunidades interiores
1;48;10;ARRIETA;480010;VIZCAYA;VIZCAYA;Comunidades interiores
1;48;11;ARRIGORRIAGA;480011;VIZCAYA;VIZCAYA;Comunidades interiores
1;48;12;BAKIO;480012;VIZCAYA;VIZCAYA;Comunidades interiores
1;48;13;BARAKALDO;480013;VIZCAYA;VIZCAYA;Comunidades interiores
1;48;14;BARRIKA;480014;VIZCAYA;VIZCAYA;Comunidades interiores
1;48;15;BASAURI;480015;VIZCAYA;VIZCAYA;Comunidades interiores
1;48;16;BERANGO;480016;VIZCAYA;VIZCAYA;Comunidades interiores
1;48;17;BERMEO;480017;VIZCAYA;VIZCAYA;Comunidades interiores
1;48;18;BERRIATUA;480018;VIZCAYA;VIZCAYA;Comunidades interiores
1;48;19;BERRIZ;480019;VIZCAYA;VIZCAYA;Comunidades interiores
1;48;20;BILBAO;480020;VIZCAYA;VIZCAYA;Comunidades interiores
1;48;21;BUSTURIA;480021;VIZCAYA;VIZCAYA;Comunidades interiores
1;48;22;KARRANTZA HARANA;480022;VIZCAYA;VIZCAYA;Comunidades interiores
1;48;23;ARTEA;480023;VIZCAYA;VIZCAYA;Comunidades interiores
1;48;24;ZEANURI;480024;VIZCAYA;VIZCAYA;Comunidades interiores
1;48;25;ZEBERIO;480025;VIZCAYA;VIZCAYA;Comunidades interiores
1;48;26;DIMA;480026;VIZCAYA;VIZCAYA;Comunidades interiores
1;48;27;DURANGO;480027;VIZCAYA;VIZCAYA;Comunidades interiores
1;48;28;EA;480028;VIZCAYA;VIZCAYA;Comunidades interiores
1;48;29;ETXEBARRI ;480029;VIZCAYA;VIZCAYA;Comunidades interiores
1;48;30;ETXEBARRIA;480030;VIZCAYA;VIZCAYA;Comunidades interiores
1;48;31;ELANTXOBE;480031;VIZCAYA;VIZCAYA;Comunidades interiores
1;48;32;ELORRIO;480032;VIZCAYA;VIZCAYA;Comunidades interiores
1;48;33;EREÑO;480033;VIZCAYA;VIZCAYA;Comunidades interiores
1;48;34;ERMUA;480034;VIZCAYA;VIZCAYA;Comunidades interiores
1;48;35;FRUIZ;480035;VIZCAYA;VIZCAYA;Comunidades interiores
1;48;36;GALDAKAO;480036;VIZCAYA;VIZCAYA;Comunidades interiores
1;48;37;GALDAMES;480037;VIZCAYA;VIZCAYA;Comunidades interiores
1;48;38;GAMIZ-FIKA;480038;VIZCAYA;VIZCAYA;Comunidades interiores
1;48;39;GARAI;480039;VIZCAYA;VIZCAYA;Comunidades interiores
1;48;40;GATIKA;480040;VIZCAYA;VIZCAYA;Comunidades interiores
1;48;41;GAUTEGIZ ARTEAGA;480041;VIZCAYA;VIZCAYA;Comunidades interiores
1;48;42;GORDEXOLA;480042;VIZCAYA;VIZCAYA;Comunidades interiores
1;48;43;GORLIZ;480043;VIZCAYA;VIZCAYA;Comunidades interiores
1;48;44;GETXO;480044;VIZCAYA;VIZCAYA;Comunidades interiores
1;48;45;GÜEÑES;480045;VIZCAYA;VIZCAYA;Comunidades interiores
1;48;46;GUERNIKA-LUMO;480046;VIZCAYA;VIZCAYA;Comunidades interiores
1;48;47;GIZABURUAGA;480047;VIZCAYA;VIZCAYA;Comunidades interiores
1;48;48;IBARRANGELU;480048;VIZCAYA;VIZCAYA;Comunidades interiores
1;48;49;ISPASTER;480049;VIZCAYA;VIZCAYA;Comunidades interiores
1;48;50;IZURTZA;480050;VIZCAYA;VIZCAYA;Comunidades interiores
1;48;51;LANESTOSA;480051;VIZCAYA;VIZCAYA;Comunidades interiores
1;48;52;LARRABETZU;480052;VIZCAYA;VIZCAYA;Comunidades interiores
1;48;53;LAUKIZ;480053;VIZCAYA;VIZCAYA;Comunidades interiores
1;48;54;LEIOA;480054;VIZCAYA;VIZCAYA;Comunidades interiores
1;48;55;LEMOA;480055;VIZCAYA;VIZCAYA;Comunidades interiores
1;48;56;LEMOIZ;480056;VIZCAYA;VIZCAYA;Comunidades interiores
1;48;57;LEKEITIO;480057;VIZCAYA;VIZCAYA;Comunidades interiores
1;48;58;MALLABIA;480058;VIZCAYA;VIZCAYA;Comunidades interiores
1;48;59;MAÑARIA;480059;VIZCAYA;VIZCAYA;Comunidades interiores
1;48;60;MARKINA-XEMEIN;480060;VIZCAYA;VIZCAYA;Comunidades interiores
1;48;61;MARURI-JATABE;480061;VIZCAYA;VIZCAYA;Comunidades interiores
1;48;62;MENDATA;480062;VIZCAYA;VIZCAYA;Comunidades interiores
1;48;63;MENDEXA;480063;VIZCAYA;VIZCAYA;Comunidades interiores
1;48;64;MEÑAKA;480064;VIZCAYA;VIZCAYA;Comunidades interiores
1;48;65;UGAO-MIRABALLES;480065;VIZCAYA;VIZCAYA;Comunidades interiores
1;48;66;MORGA;480066;VIZCAYA;VIZCAYA;Comunidades interiores
1;48;67;MUXIKA;480067;VIZCAYA;VIZCAYA;Comunidades interiores
1;48;68;MUNDAKA;480068;VIZCAYA;VIZCAYA;Comunidades interiores
1;48;69;MUNGIA;480069;VIZCAYA;VIZCAYA;Comunidades interiores
1;48;70;AULESTI;480070;VIZCAYA;VIZCAYA;Comunidades interiores
1;48;71;MUSKIZ;480071;VIZCAYA;VIZCAYA;Comunidades interiores
1;48;72;OTXANDIO;480072;VIZCAYA;VIZCAYA;Comunidades interiores
1;48;73;ONDARROA;480073;VIZCAYA;VIZCAYA;Comunidades interiores
1;48;74;URDUÑA/ORDUÑA;480074;VIZCAYA;VIZCAYA;Comunidades interiores
1;48;75;OROZKO;480075;VIZCAYA;VIZCAYA;Comunidades interiores
1;48;76;SUKARRIETA;480076;VIZCAYA;VIZCAYA;Comunidades interiores
1;48;77;PLENTZIA;480077;VIZCAYA;VIZCAYA;Comunidades interiores
1;48;78;PORTUGALETE;480078;VIZCAYA;VIZCAYA;Comunidades interiores
1;48;79;ERRIGOITI;480079;VIZCAYA;VIZCAYA;Comunidades interiores
1;48;80;TRAPAGARAN-VALLE DE TRÁPAGA;480080;VIZCAYA;VIZCAYA;Comunidades interiores
1;48;81;LEZAMA;480081;VIZCAYA;VIZCAYA;Comunidades interiores
1;48;82;SANTURTZI;480082;VIZCAYA;VIZCAYA;Comunidades interiores
1;48;83;ORTUELLA;480083;VIZCAYA;VIZCAYA;Comunidades interiores
1;48;84;SESTAO;480084;VIZCAYA;VIZCAYA;Comunidades interiores
1;48;85;SOPELANA;480085;VIZCAYA;VIZCAYA;Comunidades interiores
1;48;86;SOPUERTA;480086;VIZCAYA;VIZCAYA;Comunidades interiores
1;48;87;TURTZIOZ-TRUCIOS;480087;VIZCAYA;VIZCAYA;Comunidades interiores
1;48;88;UBIDE;480088;VIZCAYA;VIZCAYA;Comunidades interiores
1;48;89;URDULIZ;480089;VIZCAYA;VIZCAYA;Comunidades interiores
1;48;90;BALMASEDA;480090;VIZCAYA;VIZCAYA;Comunidades interiores
1;48;91;ATXONDO;480091;VIZCAYA;VIZCAYA;Comunidades interiores
1;48;92;BEDIA;480092;VIZCAYA;VIZCAYA;Comunidades interiores
1;48;93;AREATZA;480093;VIZCAYA;VIZCAYA;Comunidades interiores
1;48;94;IGORRE;480094;VIZCAYA;VIZCAYA;Comunidades interiores
1;48;95;ZALDIBAR;480095;VIZCAYA;VIZCAYA;Comunidades interiores
1;48;96;ZALLA;480096;VIZCAYA;VIZCAYA;Comunidades interiores
1;48;97;ZARATAMO;480097;VIZCAYA;VIZCAYA;Comunidades interiores
1;48;901;DERIO;480901;VIZCAYA;VIZCAYA;Comunidades interiores
1;48;902;ERANDIO;480902;VIZCAYA;VIZCAYA;Comunidades interiores
1;48;903;LOIU;480903;VIZCAYA;VIZCAYA;Comunidades interiores
1;48;904;SONDIKA;480904;VIZCAYA;VIZCAYA;Comunidades interiores
1;48;905;ZAMUDIO;480905;VIZCAYA;VIZCAYA;Comunidades interiores
1;48;906;FORUA;480906;VIZCAYA;VIZCAYA;Comunidades interiores
1;48;907;KORTEZUBI;480907;VIZCAYA;VIZCAYA;Comunidades interiores
1;48;908;MURUETA;480908;VIZCAYA;VIZCAYA;Comunidades interiores
1;48;909;NABARNIZ;480909;VIZCAYA;VIZCAYA;Comunidades interiores
1;48;910;IURRETA;480910;VIZCAYA;VIZCAYA;Comunidades interiores
1;48;911;AJANGIZ;480911;VIZCAYA;VIZCAYA;Comunidades interiores
1;48;912;ALONSOTEGI;480912;VIZCAYA;VIZCAYA;Comunidades interiores
1;48;913;ZIERBENA;480913;VIZCAYA;VIZCAYA;Comunidades interiores
1;48;914;ARRATZU;480914;VIZCAYA;VIZCAYA;Comunidades interiores
1;48;999;OTRA PROVINCIA;480999;VIZCAYA;VIZCAYA;Comunidades interiores
2;8;0;INDETERMINADO;80000;BARCELONA;BARCELONA;Mediterráneo
2;8;1;ABRERA;80001;BARCELONA;BARCELONA;Mediterráneo
2;8;2;AGUILAR DE SEGARRA;80002;BARCELONA;BARCELONA;Mediterráneo
2;8;3;ALELLA;80003;BARCELONA;BARCELONA;Mediterráneo
2;8;4;ALPENS;80004;BARCELONA;BARCELONA;Mediterráneo
2;8;5;AMETLLA DEL VALLÈS, L';80005;BARCELONA;BARCELONA;Mediterráneo
2;8;6;ARENYS DE MAR;80006;BARCELONA;BARCELONA;Mediterráneo
2;8;7;ARENYS DE MUNT;80007;BARCELONA;BARCELONA;Mediterráneo
2;8;8;ARGENÇOLA;80008;BARCELONA;BARCELONA;Mediterráneo
2;8;9;ARGENTONA;80009;BARCELONA;BARCELONA;Mediterráneo
2;8;10;ARTÉS;80010;BARCELONA;BARCELONA;Mediterráneo
2;8;11;AVIÀ;80011;BARCELONA;BARCELONA;Mediterráneo
2;8;12;AVINYÓ;80012;BARCELONA;BARCELONA;Mediterráneo
2;8;13;AVINYONET DEL PENEDÈS;80013;BARCELONA;BARCELONA;Mediterráneo
2;8;14;AIGUAFREDA;80014;BARCELONA;BARCELONA;Mediterráneo
2;8;15;BADALONA;80015;BARCELONA;BARCELONA;Mediterráneo
2;8;16;BAGÀ;80016;BARCELONA;BARCELONA;Mediterráneo
2;8;17;BALENYÀ;80017;BARCELONA;BARCELONA;Mediterráneo
2;8;18;BALSARENY;80018;BARCELONA;BARCELONA;Mediterráneo
2;8;19;BARCELONA;80019;BARCELONA;BARCELONA;Mediterráneo
2;8;20;BEGUES;80020;BARCELONA;BARCELONA;Mediterráneo
2;8;21;BELLPRAT;80021;BARCELONA;BARCELONA;Mediterráneo
2;8;22;BERGA;80022;BARCELONA;BARCELONA;Mediterráneo
2;8;23;BIGUES I RIELLS;80023;BARCELONA;BARCELONA;Mediterráneo
2;8;24;BORREDÀ;80024;BARCELONA;BARCELONA;Mediterráneo
2;8;25;BRUC, EL;80025;BARCELONA;BARCELONA;Mediterráneo
2;8;26;BRULL, EL;80026;BARCELONA;BARCELONA;Mediterráneo
2;8;27;CABANYES, LES;80027;BARCELONA;BARCELONA;Mediterráneo
2;8;28;CABRERA D' IGUALADA;80028;BARCELONA;BARCELONA;Mediterráneo
2;8;29;CABRERA DE MAR;80029;BARCELONA;BARCELONA;Mediterráneo
2;8;30;CABRILS;80030;BARCELONA;BARCELONA;Mediterráneo
2;8;31;CALAF;80031;BARCELONA;BARCELONA;Mediterráneo
2;8;32;CALDES D' ESTRAC;80032;BARCELONA;BARCELONA;Mediterráneo
2;8;33;CALDES DE MONTBUI;80033;BARCELONA;BARCELONA;Mediterráneo
2;8;34;CALDERS;80034;BARCELONA;BARCELONA;Mediterráneo
2;8;35;CALELLA;80035;BARCELONA;BARCELONA;Mediterráneo
2;8;36;CALONGE DE SEGARRA;80036;BARCELONA;BARCELONA;Mediterráneo
2;8;37;CALLDETENES;80037;BARCELONA;BARCELONA;Mediterráneo
2;8;38;CALLÚS;80038;BARCELONA;BARCELONA;Mediterráneo
2;8;39;CAMPINS;80039;BARCELONA;BARCELONA;Mediterráneo
2;8;40;CANET DE MAR;80040;BARCELONA;BARCELONA;Mediterráneo
2;8;41;CANOVELLES;80041;BARCELONA;BARCELONA;Mediterráneo
2;8;42;CÀNOVES I SAMALÚS;80042;BARCELONA;BARCELONA;Mediterráneo
2;8;43;CANYELLES;80043;BARCELONA;BARCELONA;Mediterráneo
2;8;44;CAPELLADES;80044;BARCELONA;BARCELONA;Mediterráneo
2;8;45;CAPOLAT;80045;BARCELONA;BARCELONA;Mediterráneo
2;8;46;CARDEDEU;80046;BARCELONA;BARCELONA;Mediterráneo
2;8;47;CARDONA;80047;BARCELONA;BARCELONA;Mediterráneo
2;8;48;CARME;80048;BARCELONA;BARCELONA;Mediterráneo
2;8;49;CASSERRES;80049;BARCELONA;BARCELONA;Mediterráneo
2;8;50;CASTELLAR DEL RIU;80050;BARCELONA;BARCELONA;Mediterráneo
2;8;51;CASTELLAR DEL VALLÈS;80051;BARCELONA;BARCELONA;Mediterráneo
2;8;52;CASTELLAR DE N' HUG;80052;BARCELONA;BARCELONA;Mediterráneo
2;8;53;CASTELLBELL I EL VILAR;80053;BARCELONA;BARCELONA;Mediterráneo
2;8;54;CASTELLBISBAL;80054;BARCELONA;BARCELONA;Mediterráneo
2;8;55;CASTELLCIR;80055;BARCELONA;BARCELONA;Mediterráneo
2;8;56;CASTELLDEFELS;80056;BARCELONA;BARCELONA;Mediterráneo
2;8;57;CASTELL DE L' ARENY;80057;BARCELONA;BARCELONA;Mediterráneo
2;8;58;CASTELLET I LA GORNAL;80058;BARCELONA;BARCELONA;Mediterráneo
2;8;59;CASTELLFOLLIT DEL BOIX;80059;BARCELONA;BARCELONA;Mediterráneo
2;8;60;CASTELLFOLLIT DE RUIBREGÓS;80060;BARCELONA;BARCELONA;Mediterráneo
2;8;61;CASTELLGALÍ;80061;BARCELONA;BARCELONA;Mediterráneo
2;8;62;CASTELLNOU DE BAGES;80062;BARCELONA;BARCELONA;Mediterráneo
2;8;63;CASTELLOLÍ;80063;BARCELONA;BARCELONA;Mediterráneo
2;8;64;CASTELLTERÇOL;80064;BARCELONA;BARCELONA;Mediterráneo
2;8;65;CASTELLVÍ DE LA MARCA;80065;BARCELONA;BARCELONA;Mediterráneo
2;8;66;CASTELLVÍ DE ROSANES;80066;BARCELONA;BARCELONA;Mediterráneo
2;8;67;CENTELLES;80067;BARCELONA;BARCELONA;Mediterráneo
2;8;68;CERVELLÓ;80068;BARCELONA;BARCELONA;Mediterráneo
2;8;69;COLLBATÓ;80069;BARCELONA;BARCELONA;Mediterráneo
2;8;70;COLLSUSPINA;80070;BARCELONA;BARCELONA;Mediterráneo
2;8;71;COPONS;80071;BARCELONA;BARCELONA;Mediterráneo
2;8;72;CORBERA DE LLOBREGAT;80072;BARCELONA;BARCELONA;Mediterráneo
2;8;73;CORNELLÁ DE LLOBREGAT;80073;BARCELONA;BARCELONA;Mediterráneo
2;8;74;CUBELLES;80074;BARCELONA;BARCELONA;Mediterráneo
2;8;75;DOSRIUS;80075;BARCELONA;BARCELONA;Mediterráneo
2;8;76;ESPARREGUERA;80076;BARCELONA;BARCELONA;Mediterráneo
2;8;77;ESPLUGUES DE LLOBREGAT;80077;BARCELONA;BARCELONA;Mediterráneo
2;8;78;ESPUNYOLA, L';80078;BARCELONA;BARCELONA;Mediterráneo
2;8;79;ESTANY, L';80079;BARCELONA;BARCELONA;Mediterráneo
2;8;80;FIGOLS;80080;BARCELONA;BARCELONA;Mediterráneo
2;8;81;FOGARS DE MONTCLÚS;80081;BARCELONA;BARCELONA;Mediterráneo
2;8;82;FOGARS DE LA SELVA;80082;BARCELONA;BARCELONA;Mediterráneo
2;8;83;FOLGUEROLES;80083;BARCELONA;BARCELONA;Mediterráneo
2;8;84;FONOLLOSA;80084;BARCELONA;BARCELONA;Mediterráneo
2;8;85;FONT-RUBÍ;80085;BARCELONA;BARCELONA;Mediterráneo
2;8;86;FRANQUESES DEL VALLÉS, LES;80086;BARCELONA;BARCELONA;Mediterráneo
2;8;87;GALLIFA;80087;BARCELONA;BARCELONA;Mediterráneo
2;8;88;GARRIGA, LA;80088;BARCELONA;BARCELONA;Mediterráneo
2;8;89;GAVÀ;80089;BARCELONA;BARCELONA;Mediterráneo
2;8;90;GAIÀ;80090;BARCELONA;BARCELONA;Mediterráneo
2;8;91;GELIDA;80091;BARCELONA;BARCELONA;Mediterráneo
2;8;92;GIRONELLA;80092;BARCELONA;BARCELONA;Mediterráneo
2;8;93;GISCLARENY;80093;BARCELONA;BARCELONA;Mediterráneo
2;8;94;GRANADA, LA;80094;BARCELONA;BARCELONA;Mediterráneo
2;8;95;GRANERA;80095;BARCELONA;BARCELONA;Mediterráneo
2;8;96;GRANOLLERS;80096;BARCELONA;BARCELONA;Mediterráneo
2;8;97;GUALBA;80097;BARCELONA;BARCELONA;Mediterráneo
2;8;98;SANT SALVADOR DE GUARDIOLA;80098;BARCELONA;BARCELONA;Mediterráneo
2;8;99;GUARDIOLA DE BERGUEDÀ;80099;BARCELONA;BARCELONA;Mediterráneo
2;8;100;GURB;80100;BARCELONA;BARCELONA;Mediterráneo
2;8;101;HOSPITALET DE LLOBREGAT, L';80101;BARCELONA;BARCELONA;Mediterráneo
2;8;102;IGUALADA;80102;BARCELONA;BARCELONA;Mediterráneo
2;8;103;JORBA;80103;BARCELONA;BARCELONA;Mediterráneo
2;8;104;LLACUNA, LA;80104;BARCELONA;BARCELONA;Mediterráneo
2;8;105;LLAGOSTA, LA;80105;BARCELONA;BARCELONA;Mediterráneo
2;8;106;LLINARS DEL VALÈS;80106;BARCELONA;BARCELONA;Mediterráneo
2;8;107;LLIÇÀ D' AMUNT;80107;BARCELONA;BARCELONA;Mediterráneo
2;8;108;LLIÇÀ DE VALL;80108;BARCELONA;BARCELONA;Mediterráneo
2;8;109;LLUÇÀ;80109;BARCELONA;BARCELONA;Mediterráneo
2;8;110;MALGRAT DE MAR;80110;BARCELONA;BARCELONA;Mediterráneo
2;8;111;MALLA;80111;BARCELONA;BARCELONA;Mediterráneo
2;8;112;MANLLEU;80112;BARCELONA;BARCELONA;Mediterráneo
2;8;113;MANRESA;80113;BARCELONA;BARCELONA;Mediterráneo
2;8;114;MARTORELL;80114;BARCELONA;BARCELONA;Mediterráneo
2;8;115;MARTORELLES;80115;BARCELONA;BARCELONA;Mediterráneo
2;8;116;MASIES DE RODA, LES;80116;BARCELONA;BARCELONA;Mediterráneo
2;8;117;MASIES DE VOLTREGÀ, LES;80117;BARCELONA;BARCELONA;Mediterráneo
2;8;118;MASNOU, EL;80118;BARCELONA;BARCELONA;Mediterráneo
2;8;119;MASQUEFA;80119;BARCELONA;BARCELONA;Mediterráneo
2;8;120;MATADEPERA;80120;BARCELONA;BARCELONA;Mediterráneo
2;8;121;MATARÓ;80121;BARCELONA;BARCELONA;Mediterráneo
2;8;122;MEDIONA;80122;BARCELONA;BARCELONA;Mediterráneo
2;8;123;MOLINS DE REI;80123;BARCELONA;BARCELONA;Mediterráneo
2;8;124;MOLLET DEL VALLÈS;80124;BARCELONA;BARCELONA;Mediterráneo
2;8;125;MONTCADA I REIXAC;80125;BARCELONA;BARCELONA;Mediterráneo
2;8;126;MONTGAT;80126;BARCELONA;BARCELONA;Mediterráneo
2;8;127;MONISTROL DE MONTSERRAT;80127;BARCELONA;BARCELONA;Mediterráneo
2;8;128;MONISTROL DE CALDERS;80128;BARCELONA;BARCELONA;Mediterráneo
2;8;129;MUNTANYOLA;80129;BARCELONA;BARCELONA;Mediterráneo
2;8;130;MONTCLAR;80130;BARCELONA;BARCELONA;Mediterráneo
2;8;131;MONTESQUIU;80131;BARCELONA;BARCELONA;Mediterráneo
2;8;132;MONTMAJOR;80132;BARCELONA;BARCELONA;Mediterráneo
2;8;133;MONTMANEU;80133;BARCELONA;BARCELONA;Mediterráneo
2;8;134;FIGARÓ-MONTMANY;80134;BARCELONA;BARCELONA;Mediterráneo
2;8;135;MONTMELÓ;80135;BARCELONA;BARCELONA;Mediterráneo
2;8;136;MONTORNÈS DEL VALLÈS;80136;BARCELONA;BARCELONA;Mediterráneo
2;8;137;MONTSENY;80137;BARCELONA;BARCELONA;Mediterráneo
2;8;138;MOIÀ;80138;BARCELONA;BARCELONA;Mediterráneo
2;8;139;MURA;80139;BARCELONA;BARCELONA;Mediterráneo
2;8;140;NAVARCLES;80140;BARCELONA;BARCELONA;Mediterráneo
2;8;141;NAVÀS;80141;BARCELONA;BARCELONA;Mediterráneo
2;8;142;NOU DE BERGUEDÀ, LA;80142;BARCELONA;BARCELONA;Mediterráneo
2;8;143;ÒDENA;80143;BARCELONA;BARCELONA;Mediterráneo
2;8;144;OLVAN;80144;BARCELONA;BARCELONA;Mediterráneo
2;8;145;OLÈRDOLA;80145;BARCELONA;BARCELONA;Mediterráneo
2;8;146;OLESA DE BONESVALLS;80146;BARCELONA;BARCELONA;Mediterráneo
2;8;147;OLESA DE MONTSERRAT;80147;BARCELONA;BARCELONA;Mediterráneo
2;8;148;OLIVELLA;80148;BARCELONA;BARCELONA;Mediterráneo
2;8;149;OLOST;80149;BARCELONA;BARCELONA;Mediterráneo
2;8;150;ORÍS;80150;BARCELONA;BARCELONA;Mediterráneo
2;8;151;ORISTÀ;80151;BARCELONA;BARCELONA;Mediterráneo
2;8;152;ORPÍ;80152;BARCELONA;BARCELONA;Mediterráneo
2;8;153;ÒRRIUS;80153;BARCELONA;BARCELONA;Mediterráneo
2;8;154;PACS DEL PENEDÈS;80154;BARCELONA;BARCELONA;Mediterráneo
2;8;155;PALAFOLLS;80155;BARCELONA;BARCELONA;Mediterráneo
2;8;156;PALAU-SOLITÀ I PLEGAMANS;80156;BARCELONA;BARCELONA;Mediterráneo
2;8;157;PALLEJÀ;80157;BARCELONA;BARCELONA;Mediterráneo
2;8;158;PAPIOL, EL;80158;BARCELONA;BARCELONA;Mediterráneo
2;8;159;PARETS DEL VALÈS;80159;BARCELONA;BARCELONA;Mediterráneo
2;8;160;PERAFITA;80160;BARCELONA;BARCELONA;Mediterráneo
2;8;161;PIERA;80161;BARCELONA;BARCELONA;Mediterráneo
2;8;162;HOSTALETS DE PIEROLA, ELS;80162;BARCELONA;BARCELONA;Mediterráneo
2;8;163;PINEDA DE MAR;80163;BARCELONA;BARCELONA;Mediterráneo
2;8;164;PLA DEL PENEDÈS, EL;80164;BARCELONA;BARCELONA;Mediterráneo
2;8;165;POBLA DE CLARAMUNT, LA;80165;BARCELONA;BARCELONA;Mediterráneo
2;8;166;POBLA DE LILLET, LA;80166;BARCELONA;BARCELONA;Mediterráneo
2;8;167;POLINYÀ;80167;BARCELONA;BARCELONA;Mediterráneo
2;8;168;PONTONS;80168;BARCELONA;BARCELONA;Mediterráneo
2;8;169;PRAT DE LLOBREGAT, EL;80169;BARCELONA;BARCELONA;Mediterráneo
2;8;170;PRATS DE REI, ELS;80170;BARCELONA;BARCELONA;Mediterráneo
2;8;171;PRATS DE LLUSÇANÈS;80171;BARCELONA;BARCELONA;Mediterráneo
2;8;172;PREMIÀ DE MAR;80172;BARCELONA;BARCELONA;Mediterráneo
2;8;174;PUIGDÀLBER;80174;BARCELONA;BARCELONA;Mediterráneo
2;8;175;PUIG-REIG;80175;BARCELONA;BARCELONA;Mediterráneo
2;8;176;PUJALT;80176;BARCELONA;BARCELONA;Mediterráneo
2;8;177;QUAR, LA;80177;BARCELONA;BARCELONA;Mediterráneo
2;8;178;RAJADELL;80178;BARCELONA;BARCELONA;Mediterráneo
2;8;179;RELLINARS;80179;BARCELONA;BARCELONA;Mediterráneo
2;8;180;RIPOLLET;80180;BARCELONA;BARCELONA;Mediterráneo
2;8;181;ROCA DEL VALLEÈS, LA;80181;BARCELONA;BARCELONA;Mediterráneo
2;8;182;PONT DE VILOMARA I ROCAFORT EL;80182;BARCELONA;BARCELONA;Mediterráneo
2;8;183;RODA DE TER;80183;BARCELONA;BARCELONA;Mediterráneo
2;8;184;RUBÍ;80184;BARCELONA;BARCELONA;Mediterráneo
2;8;185;RUBIÓ;80185;BARCELONA;BARCELONA;Mediterráneo
2;8;187;SABADELL;80187;BARCELONA;BARCELONA;Mediterráneo
2;8;188;SAGÀS;80188;BARCELONA;BARCELONA;Mediterráneo
2;8;189;SANT PERE SALLAVINERA;80189;BARCELONA;BARCELONA;Mediterráneo
2;8;190;SALDES;80190;BARCELONA;BARCELONA;Mediterráneo
2;8;191;SALLENT;80191;BARCELONA;BARCELONA;Mediterráneo
2;8;192;SANTPEDOR;80192;BARCELONA;BARCELONA;Mediterráneo
2;8;193;SANT ISCLE DE VALLALTA;80193;BARCELONA;BARCELONA;Mediterráneo
2;8;194;SANT ADRIÀ DE BESÒS;80194;BARCELONA;BARCELONA;Mediterráneo
2;8;195;SANT AGUSTÍ LLUÇANÈS;80195;BARCELONA;BARCELONA;Mediterráneo
2;8;196;SANT ANDREU DE LA BARCA;80196;BARCELONA;BARCELONA;Mediterráneo
2;8;197;SANT ANDREU DE LLAVANERES;80197;BARCELONA;BARCELONA;Mediterráneo
2;8;198;SANT ANTONI DE VILAMAJOR;80198;BARCELONA;BARCELONA;Mediterráneo
2;8;199;SANT BARTOLOME DEL GRAU;80199;BARCELONA;BARCELONA;Mediterráneo
2;8;200;SANT BOI DE LLOBREGAT;80200;BARCELONA;BARCELONA;Mediterráneo
2;8;201;SANT BOI DE LLUÇANÈS;80201;BARCELONA;BARCELONA;Mediterráneo
2;8;202;SANT CELONI;80202;BARCELONA;BARCELONA;Mediterráneo
2;8;203;SANT CEBRIÀ DE VALLALTA;80203;BARCELONA;BARCELONA;Mediterráneo
2;8;204;SANT CLIMENT DE LLOBREGAT;80204;BARCELONA;BARCELONA;Mediterráneo
2;8;205;SANT CUGAT DEL VALLÈS;80205;BARCELONA;BARCELONA;Mediterráneo
2;8;206;SANT CUGAT SESGARRIGUES;80206;BARCELONA;BARCELONA;Mediterráneo
2;8;207;SANT ESTEVE DE PALAUTORDERA;80207;BARCELONA;BARCELONA;Mediterráneo
2;8;208;SANT ESTEVE SESROVIRES;80208;BARCELONA;BARCELONA;Mediterráneo
2;8;209;SANT FOST DE CAMPSENTELLES;80209;BARCELONA;BARCELONA;Mediterráneo
2;8;210;SANT FELIU DE CODINES;80210;BARCELONA;BARCELONA;Mediterráneo
2;8;211;SANT FELIU DE LLOBREGAT;80211;BARCELONA;BARCELONA;Mediterráneo
2;8;212;SANT FELIU SASSERRA;80212;BARCELONA;BARCELONA;Mediterráneo
2;8;213;SANT FRUITÓS DE BAGES;80213;BARCELONA;BARCELONA;Mediterráneo
2;8;214;VILASSAR DE DALT;80214;BARCELONA;BARCELONA;Mediterráneo
2;8;215;SANT HIPÒLIT DE VOLTREGÀ;80215;BARCELONA;BARCELONA;Mediterráneo
2;8;216;SANT JAUME DE FRONTANYÀ;80216;BARCELONA;BARCELONA;Mediterráneo
2;8;217;SANT JOAN DESPÍ;80217;BARCELONA;BARCELONA;Mediterráneo
2;8;218;SANT JOAN DE VILATORRADA;80218;BARCELONA;BARCELONA;Mediterráneo
2;8;219;VILASSAR DE MAR;80219;BARCELONA;BARCELONA;Mediterráneo
2;8;220;SANT JULIÀ DE VILATORTA;80220;BARCELONA;BARCELONA;Mediterráneo
2;8;221;SANT JUST DESVERN;80221;BARCELONA;BARCELONA;Mediterráneo
2;8;222;SANT LLORENÇ D' HORTONS;80222;BARCELONA;BARCELONA;Mediterráneo
2;8;223;SANT LLORENÇ SAVALL;80223;BARCELONA;BARCELONA;Mediterráneo
2;8;224;SANT MARTÍ DE CENTELLES;80224;BARCELONA;BARCELONA;Mediterráneo
2;8;225;SANT MARTÍ D' ALBARS;80225;BARCELONA;BARCELONA;Mediterráneo
2;8;226;SANT MARTÍ DE TOUS;80226;BARCELONA;BARCELONA;Mediterráneo
2;8;227;SANT MARTÍ SARROCA;80227;BARCELONA;BARCELONA;Mediterráneo
2;8;228;SANT MARTÍ SESGUEIOLES;80228;BARCELONA;BARCELONA;Mediterráneo
2;8;229;SANT MATEU DE BAGES;80229;BARCELONA;BARCELONA;Mediterráneo
2;8;230;PREMÀ DE DALT;80230;BARCELONA;BARCELONA;Mediterráneo
2;8;231;SANT PERE DE RIBES;80231;BARCELONA;BARCELONA;Mediterráneo
2;8;232;SANT PERE DE RIUDEBITLLES;80232;BARCELONA;BARCELONA;Mediterráneo
2;8;233;SANT PERE DE TORELLÓ;80233;BARCELONA;BARCELONA;Mediterráneo
2;8;234;SANT PERE DE VILAMAJOR;80234;BARCELONA;BARCELONA;Mediterráneo
2;8;235;SANT POL DE MAR;80235;BARCELONA;BARCELONA;Mediterráneo
2;8;236;SANT QUINTÍ DE MEDIONA;80236;BARCELONA;BARCELONA;Mediterráneo
2;8;237;SANT QUIRZE DE BESORA;80237;BARCELONA;BARCELONA;Mediterráneo
2;8;238;SANT QUIRZE DEL VALLÈS;80238;BARCELONA;BARCELONA;Mediterráneo
2;8;239;SANT QUIRZE SAFAJA;80239;BARCELONA;BARCELONA;Mediterráneo
2;8;240;SANT SADURNÍ D' ANOIA;80240;BARCELONA;BARCELONA;Mediterráneo
2;8;241;SANT SADURNÍ D' OSORMORT;80241;BARCELONA;BARCELONA;Mediterráneo
2;8;242;MARGANELL;80242;BARCELONA;BARCELONA;Mediterráneo
2;8;243;SANTA CECILIA DE VOLTREGÀ;80243;BARCELONA;BARCELONA;Mediterráneo
2;8;244;SANTA COLOMA DE CERVELLÒ;80244;BARCELONA;BARCELONA;Mediterráneo
2;8;245;SANTA COLOMA DE GRAMANET;80245;BARCELONA;BARCELONA;Mediterráneo
2;8;246;SANTA EUGÈNIA DE BERGA;80246;BARCELONA;BARCELONA;Mediterráneo
2;8;247;SANTA EUÀLIA DE RIUPRIMER;80247;BARCELONA;BARCELONA;Mediterráneo
2;8;248;SANTA EULÀLIA DE RONÇANA;80248;BARCELONA;BARCELONA;Mediterráneo
2;8;249;SANTA FE DEL PENEDÈS;80249;BARCELONA;BARCELONA;Mediterráneo
2;8;250;SANTA MARGARIDA DE MONTBUI;80250;BARCELONA;BARCELONA;Mediterráneo
2;8;251;SANTA MARGARIDA I ELS MONJOS;80251;BARCELONA;BARCELONA;Mediterráneo
2;8;252;BARBERÀ DEL VALLES;80252;BARCELONA;BARCELONA;Mediterráneo
2;8;253;SANTA MARIA DE BESORA;80253;BARCELONA;BARCELONA;Mediterráneo
2;8;254;SANTA MARIA DE CORCÓ;80254;BARCELONA;BARCELONA;Mediterráneo
2;8;255;SANTA MARIA DE MERLÈS;80255;BARCELONA;BARCELONA;Mediterráneo
2;8;256;SANTA MARIA DE MARTORELLES;80256;BARCELONA;BARCELONA;Mediterráneo
2;8;257;SANTA MARIA DE MIRALLES;80257;BARCELONA;BARCELONA;Mediterráneo
2;8;258;SANTA MARIA D' OLÓ;80258;BARCELONA;BARCELONA;Mediterráneo
2;8;259;SANTA MARIA DE PALAUTORDERA;80259;BARCELONA;BARCELONA;Mediterráneo
2;8;260;SANTA PERPÈTUA DE MOGODA;80260;BARCELONA;BARCELONA;Mediterráneo
2;8;261;SANTA SUSANNA;80261;BARCELONA;BARCELONA;Mediterráneo
2;8;262;SANT VINCENÇ DE CASTELLET;80262;BARCELONA;BARCELONA;Mediterráneo
2;8;263;SANT VINCENÇ DELS HORTS;80263;BARCELONA;BARCELONA;Mediterráneo
2;8;264;SANT VINCENÇ DE MONTALT;80264;BARCELONA;BARCELONA;Mediterráneo
2;8;265;SANT VINCENÇ DE TORELLÓ;80265;BARCELONA;BARCELONA;Mediterráneo
2;8;266;CERDANYOLA DEL VALLÈS;80266;BARCELONA;BARCELONA;Mediterráneo
2;8;267;SENTMENAT;80267;BARCELONA;BARCELONA;Mediterráneo
2;8;268;CERCS;80268;BARCELONA;BARCELONA;Mediterráneo
2;8;269;SEVA;80269;BARCELONA;BARCELONA;Mediterráneo
2;8;270;SITGES;80270;BARCELONA;BARCELONA;Mediterráneo
2;8;271;SOBREMUNT;80271;BARCELONA;BARCELONA;Mediterráneo
2;8;272;SORA;80272;BARCELONA;BARCELONA;Mediterráneo
2;8;273;SUBIRATS;80273;BARCELONA;BARCELONA;Mediterráneo
2;8;274;SÚRIA;80274;BARCELONA;BARCELONA;Mediterráneo
2;8;275;TAVÈRNOLES;80275;BARCELONA;BARCELONA;Mediterráneo
2;8;276;TAGAMANENT;80276;BARCELONA;BARCELONA;Mediterráneo
2;8;277;TALAMANCA;80277;BARCELONA;BARCELONA;Mediterráneo
2;8;278;TARADELL;80278;BARCELONA;BARCELONA;Mediterráneo
2;8;279;TERRASSA;80279;BARCELONA;BARCELONA;Mediterráneo
2;8;280;TAVERTET;80280;BARCELONA;BARCELONA;Mediterráneo
2;8;281;TEIÀ;80281;BARCELONA;BARCELONA;Mediterráneo
2;8;282;TIANA;80282;BARCELONA;BARCELONA;Mediterráneo
2;8;283;TONA;80283;BARCELONA;BARCELONA;Mediterráneo
2;8;284;TORDERA;80284;BARCELONA;BARCELONA;Mediterráneo
2;8;285;TORELLÓ;80285;BARCELONA;BARCELONA;Mediterráneo
2;8;286;TORRE DE CLARAMUNT, LA;80286;BARCELONA;BARCELONA;Mediterráneo
2;8;287;TORRELAVIT;80287;BARCELONA;BARCELONA;Mediterráneo
2;8;288;TORRELLES DE FOIX;80288;BARCELONA;BARCELONA;Mediterráneo
2;8;289;TORRELLES DE LLOBREGAT;80289;BARCELONA;BARCELONA;Mediterráneo
2;8;290;ULLASTRELL;80290;BARCELONA;BARCELONA;Mediterráneo
2;8;291;VACARISSES;80291;BARCELONA;BARCELONA;Mediterráneo
2;8;292;VALLBONA D' ANOIA;80292;BARCELONA;BARCELONA;Mediterráneo
2;8;293;VALLCEBRE;80293;BARCELONA;BARCELONA;Mediterráneo
2;8;294;VALLGORGUINA;80294;BARCELONA;BARCELONA;Mediterráneo
2;8;295;VALLIRANA;80295;BARCELONA;BARCELONA;Mediterráneo
2;8;296;VALLROMANES;80296;BARCELONA;BARCELONA;Mediterráneo
2;8;297;VECIANA;80297;BARCELONA;BARCELONA;Mediterráneo
2;8;298;VIC;80298;BARCELONA;BARCELONA;Mediterráneo
2;8;299;VILADA;80299;BARCELONA;BARCELONA;Mediterráneo
2;8;300;VILADECAVALLS;80300;BARCELONA;BARCELONA;Mediterráneo
2;8;301;VILADECANS;80301;BARCELONA;BARCELONA;Mediterráneo
2;8;302;VILANOVA DEL CAMÍ;80302;BARCELONA;BARCELONA;Mediterráneo
2;8;303;VILANOVA DE SAU;80303;BARCELONA;BARCELONA;Mediterráneo
2;8;304;VILOBÍ DEL PENEDÈS;80304;BARCELONA;BARCELONA;Mediterráneo
2;8;305;VILAFRANCA DEL PENEDÈS;80305;BARCELONA;BARCELONA;Mediterráneo
2;8;306;VILALBA SASSERRA;80306;BARCELONA;BARCELONA;Mediterráneo
2;8;307;VILANOVA I LA GELTRÚ;80307;BARCELONA;BARCELONA;Mediterráneo
2;8;308;VIVER I SERRATEIX;80308;BARCELONA;BARCELONA;Mediterráneo
2;8;901;RUPIT I PRUIT;80901;BARCELONA;BARCELONA;Mediterráneo
2;8;902;VILANOVA DEL VALLÈS;80902;BARCELONA;BARCELONA;Mediterráneo
2;8;903;SANT JULIÀ DE CERDANYOLA;80903;BARCELONA;BARCELONA;Mediterráneo
2;8;904;BADIA DEL VALLÈS;80904;BARCELONA;BARCELONA;Mediterráneo
2;8;905;PALMA DE CERVELLÓ, LA;80905;BARCELONA;BARCELONA;Mediterráneo
2;8;999;OTRA PROVINCIA;80999;BARCELONA;BARCELONA;Mediterráneo
2;17;0;INDETERMINADO;170000;GIRONA;GIRONA;Mediterráneo
2;17;1;AGULLANA;170001;GIRONA;GIRONA;Mediterráneo
2;17;2;AIGUAVIVÀ;170002;GIRONA;GIRONA;Mediterráneo
2;17;3;ALBANYÀ;170003;GIRONA;GIRONA;Mediterráneo
2;17;4;ALBONS;170004;GIRONA;GIRONA;Mediterráneo
2;17;5;FAR D' EMPORDÀ, EL;170005;GIRONA;GIRONA;Mediterráneo
2;17;6;ALP;170006;GIRONA;GIRONA;Mediterráneo
2;17;7;AMER;170007;GIRONA;GIRONA;Mediterráneo
2;17;8;ANGLÈS;170008;GIRONA;GIRONA;Mediterráneo
2;17;9;ARBÚCIES;170009;GIRONA;GIRONA;Mediterráneo
2;17;10;ARGELAGUER;170010;GIRONA;GIRONA;Mediterráneo
2;17;11;ARMENTERA, L';170011;GIRONA;GIRONA;Mediterráneo
2;17;12;AVINYONET DE PUIGVENTÓS;170012;GIRONA;GIRONA;Mediterráneo
2;17;13;BEGUR;170013;GIRONA;GIRONA;Mediterráneo
2;17;14;VAJOL, LA;170014;GIRONA;GIRONA;Mediterráneo
2;17;15;BANYOLES;170015;GIRONA;GIRONA;Mediterráneo
2;17;16;BÀSCARA;170016;GIRONA;GIRONA;Mediterráneo
2;17;18;BELLCAIRE D' EMPORDÀ;170018;GIRONA;GIRONA;Mediterráneo
2;17;19;BESALÚ;170019;GIRONA;GIRONA;Mediterráneo
2;17;20;BESCANÓ;170020;GIRONA;GIRONA;Mediterráneo
2;17;21;BEUDA;170021;GIRONA;GIRONA;Mediterráneo
2;17;22;BISBAL D' EMPORDÀ, LA;170022;GIRONA;GIRONA;Mediterráneo
2;17;23;BLANES;170023;GIRONA;GIRONA;Mediterráneo
2;17;24;BOLVIR;170024;GIRONA;GIRONA;Mediterráneo
2;17;25;BORDILS;170025;GIRONA;GIRONA;Mediterráneo
2;17;26;BORRASSÀ;170026;GIRONA;GIRONA;Mediterráneo
2;17;27;BREDA;170027;GIRONA;GIRONA;Mediterráneo
2;17;28;BRUNYOLA;170028;GIRONA;GIRONA;Mediterráneo
2;17;29;BOADELLA I LES ESCAULES;170029;GIRONA;GIRONA;Mediterráneo
2;17;30;CABANES;170030;GIRONA;GIRONA;Mediterráneo
2;17;31;CABANELLES;170031;GIRONA;GIRONA;Mediterráneo
2;17;32;CADAQUÉS;170032;GIRONA;GIRONA;Mediterráneo
2;17;33;CALDES DE MALAVELLA;170033;GIRONA;GIRONA;Mediterráneo
2;17;34;CALONGE;170034;GIRONA;GIRONA;Mediterráneo
2;17;35;CAMÓS;170035;GIRONA;GIRONA;Mediterráneo
2;17;36;CAMPDEVÀNOL;170036;GIRONA;GIRONA;Mediterráneo
2;17;37;CAMPELLES;170037;GIRONA;GIRONA;Mediterráneo
2;17;38;CAMPLLONG;170038;GIRONA;GIRONA;Mediterráneo
2;17;39;CAMPRODON;170039;GIRONA;GIRONA;Mediterráneo
2;17;40;CANET D' ADRI;170040;GIRONA;GIRONA;Mediterráneo
2;17;41;CANTALLOPS;170041;GIRONA;GIRONA;Mediterráneo
2;17;42;CAPMANY;170042;GIRONA;GIRONA;Mediterráneo
2;17;43;QUERALBS;170043;GIRONA;GIRONA;Mediterráneo
2;17;44;CASSÀ DE LA SELVA;170044;GIRONA;GIRONA;Mediterráneo
2;17;46;CASTELLFOLLIT DE LA ROCA;170046;GIRONA;GIRONA;Mediterráneo
2;17;47;CASTELLÓ D' EMPÚRIES;170047;GIRONA;GIRONA;Mediterráneo
2;17;48;CASTELL-PLATJA D' ARO;170048;GIRONA;GIRONA;Mediterráneo
2;17;49;CELRÀ;170049;GIRONA;GIRONA;Mediterráneo
2;17;50;CERVIÀ DE TER;170050;GIRONA;GIRONA;Mediterráneo
2;17;51;CISTELLA;170051;GIRONA;GIRONA;Mediterráneo
2;17;52;SIURANA;170052;GIRONA;GIRONA;Mediterráneo
2;17;54;COLERA;170054;GIRONA;GIRONA;Mediterráneo
2;17;55;COLOMERS;170055;GIRONA;GIRONA;Mediterráneo
2;17;56;CORNELLÀ DEL TERRI;170056;GIRONA;GIRONA;Mediterráneo
2;17;57;CORÇÀ;170057;GIRONA;GIRONA;Mediterráneo
2;17;58;CRESPIÀ;170058;GIRONA;GIRONA;Mediterráneo
2;17;60;DARNIUS;170060;GIRONA;GIRONA;Mediterráneo
2;17;61;DAS;170061;GIRONA;GIRONA;Mediterráneo
2;17;62;ESCALA, L';170062;GIRONA;GIRONA;Mediterráneo
2;17;63;ESPINELVES;170063;GIRONA;GIRONA;Mediterráneo
2;17;64;ESPOLLA;170064;GIRONA;GIRONA;Mediterráneo
2;17;65;ESPONELLÀ;170065;GIRONA;GIRONA;Mediterráneo
2;17;66;FIGUERES;170066;GIRONA;GIRONA;Mediterráneo
2;17;67;FLAÇÀ;170067;GIRONA;GIRONA;Mediterráneo
2;17;68;FOIXÀ;170068;GIRONA;GIRONA;Mediterráneo
2;17;69;FONTANALS DE CERDANYA;170069;GIRONA;GIRONA;Mediterráneo
2;17;70;FONTANILLES;170070;GIRONA;GIRONA;Mediterráneo
2;17;71;FONTCOBERTA;170071;GIRONA;GIRONA;Mediterráneo
2;17;73;FORNELLS DE LA SELVA;170073;GIRONA;GIRONA;Mediterráneo
2;17;74;FORTIÀ;170074;GIRONA;GIRONA;Mediterráneo
2;17;75;GARRIGÀS;170075;GIRONA;GIRONA;Mediterráneo
2;17;76;GARRIGOLES;170076;GIRONA;GIRONA;Mediterráneo
2;17;77;GARRIGUELLA;170077;GIRONA;GIRONA;Mediterráneo
2;17;78;GER;170078;GIRONA;GIRONA;Mediterráneo
2;17;79;GIRONA;170079;GIRONA;GIRONA;Mediterráneo
2;17;80;GOMBRÈN;170080;GIRONA;GIRONA;Mediterráneo
2;17;81;GUALTA;170081;GIRONA;GIRONA;Mediterráneo
2;17;82;GUILS DE CERDANYA;170082;GIRONA;GIRONA;Mediterráneo
2;17;83;HOSTALRIC;170083;GIRONA;GIRONA;Mediterráneo
2;17;84;ISÒVOL;170084;GIRONA;GIRONA;Mediterráneo
2;17;85;JAFRE;170085;GIRONA;GIRONA;Mediterráneo
2;17;86;JONQUERA, LA;170086;GIRONA;GIRONA;Mediterráneo
2;17;87;JUIÀ;170087;GIRONA;GIRONA;Mediterráneo
2;17;88;LLADÓ;170088;GIRONA;GIRONA;Mediterráneo
2;17;89;LLAGOSTERA;170089;GIRONA;GIRONA;Mediterráneo
2;17;90;LLAMBILLES;170090;GIRONA;GIRONA;Mediterráneo
2;17;91;LLANARS;170091;GIRONA;GIRONA;Mediterráneo
2;17;92;LLANÇÀ;170092;GIRONA;GIRONA;Mediterráneo
2;17;93;LLERS;170093;GIRONA;GIRONA;Mediterráneo
2;17;94;LLÍVIA;170094;GIRONA;GIRONA;Mediterráneo
2;17;95;LLORET DE MAR;170095;GIRONA;GIRONA;Mediterráneo
2;17;96;LLOSSES, LES;170096;GIRONA;GIRONA;Mediterráneo
2;17;97;MADREMANYA;170097;GIRONA;GIRONA;Mediterráneo
2;17;98;MAIÀ DE MONTCAL;170098;GIRONA;GIRONA;Mediterráneo
2;17;99;MERANGES;170099;GIRONA;GIRONA;Mediterráneo
2;17;100;MASARAC;170100;GIRONA;GIRONA;Mediterráneo
2;17;101;MASSANES;170101;GIRONA;GIRONA;Mediterráneo
2;17;102;MAÇANET DE CABRENYS;170102;GIRONA;GIRONA;Mediterráneo
2;17;103;MAÇANET DE LA SELVA;170103;GIRONA;GIRONA;Mediterráneo
2;17;105;MIERES;170105;GIRONA;GIRONA;Mediterráneo
2;17;106;MOLLET DE PERALADA;170106;GIRONA;GIRONA;Mediterráneo
2;17;107;MOLLÓ;170107;GIRONA;GIRONA;Mediterráneo
2;17;109;MONTAGUT I OIX;170109;GIRONA;GIRONA;Mediterráneo
2;17;110;MONT-RAS;170110;GIRONA;GIRONA;Mediterráneo
2;17;111;NAVATA;170111;GIRONA;GIRONA;Mediterráneo
2;17;112;OGASSA;170112;GIRONA;GIRONA;Mediterráneo
2;17;114;OLOT;170114;GIRONA;GIRONA;Mediterráneo
2;17;115;ORDIS;170115;GIRONA;GIRONA;Mediterráneo
2;17;116;OSOR;170116;GIRONA;GIRONA;Mediterráneo
2;17;117;PALAFRUGELL;170117;GIRONA;GIRONA;Mediterráneo
2;17;118;PALAMÓS;170118;GIRONA;GIRONA;Mediterráneo
2;17;119;PALAU DE SANTA EULÀLIA;170119;GIRONA;GIRONA;Mediterráneo
2;17;120;PALAU-SAVERDERA;170120;GIRONA;GIRONA;Mediterráneo
2;17;121;PALAU-SATOR;170121;GIRONA;GIRONA;Mediterráneo
2;17;123;PALOL DE REVARDIT;170123;GIRONA;GIRONA;Mediterráneo
2;17;124;PALS;170124;GIRONA;GIRONA;Mediterráneo
2;17;125;PARDINES;170125;GIRONA;GIRONA;Mediterráneo
2;17;126;PARLAVÀ;170126;GIRONA;GIRONA;Mediterráneo
2;17;128;PAU;170128;GIRONA;GIRONA;Mediterráneo
2;17;129;PEDRET I MARZÀ;170129;GIRONA;GIRONA;Mediterráneo
2;17;130;PERA, LA;170130;GIRONA;GIRONA;Mediterráneo
2;17;132;PERALADA;170132;GIRONA;GIRONA;Mediterráneo
2;17;133;PLANES D' HOSTOLES, LES;170133;GIRONA;GIRONA;Mediterráneo
2;17;134;PLANOLES;170134;GIRONA;GIRONA;Mediterráneo
2;17;135;PONT DE MOLINS;170135;GIRONA;GIRONA;Mediterráneo
2;17;136;PONTÓS;170136;GIRONA;GIRONA;Mediterráneo
2;17;137;PORQUERES;170137;GIRONA;GIRONA;Mediterráneo
2;17;138;PORTBOU;170138;GIRONA;GIRONA;Mediterráneo
2;17;139;PRESES, LES;170139;GIRONA;GIRONA;Mediterráneo
2;17;140;PORT DE LA SELVA, EL;170140;GIRONA;GIRONA;Mediterráneo
2;17;141;PUIGCERDÀ;170141;GIRONA;GIRONA;Mediterráneo
2;17;142;QUART;170142;GIRONA;GIRONA;Mediterráneo
2;17;143;RABÓS;170143;GIRONA;GIRONA;Mediterráneo
2;17;144;REGENCÓS;170144;GIRONA;GIRONA;Mediterráneo
2;17;145;RIBES DE FRESER;170145;GIRONA;GIRONA;Mediterráneo
2;17;146;RIELLS I VIABREA;170146;GIRONA;GIRONA;Mediterráneo
2;17;147;RIPOLL;170147;GIRONA;GIRONA;Mediterráneo
2;17;148;RIUDARENES;170148;GIRONA;GIRONA;Mediterráneo
2;17;149;RIUDAURA;170149;GIRONA;GIRONA;Mediterráneo
2;17;150;RIUDELLOTS DE LA SELVA;170150;GIRONA;GIRONA;Mediterráneo
2;17;151;RIUMORS;170151;GIRONA;GIRONA;Mediterráneo
2;17;152;ROSES;170152;GIRONA;GIRONA;Mediterráneo
2;17;153;RUPIÀ;170153;GIRONA;GIRONA;Mediterráneo
2;17;154;SALES DE LLIERCA;170154;GIRONA;GIRONA;Mediterráneo
2;17;155;SALT;170155;GIRONA;GIRONA;Mediterráneo
2;17;157;SANT ANDREU SALOU;170157;GIRONA;GIRONA;Mediterráneo
2;17;158;SANT CLIMENT SESCEBES;170158;GIRONA;GIRONA;Mediterráneo
2;17;159;SANT FELIU DE BUIXALLEU;170159;GIRONA;GIRONA;Mediterráneo
2;17;160;SANT FELIU DE GUÍXOLS;170160;GIRONA;GIRONA;Mediterráneo
2;17;161;SANT FELIU DE PALLEROLS;170161;GIRONA;GIRONA;Mediterráneo
2;17;162;SANT FERRIOL;170162;GIRONA;GIRONA;Mediterráneo
2;17;163;SANT GREGORI;170163;GIRONA;GIRONA;Mediterráneo
2;17;164;SANT HILARI SACALM;170164;GIRONA;GIRONA;Mediterráneo
2;17;165;SANT JAUME DE LLIERCA;170165;GIRONA;GIRONA;Mediterráneo
2;17;166;SANT JORDI DESVALLS;170166;GIRONA;GIRONA;Mediterráneo
2;17;167;SANT JOAN DE LES ABADESSES;170167;GIRONA;GIRONA;Mediterráneo
2;17;168;SANT JOAN DE MOLLET;170168;GIRONA;GIRONA;Mediterráneo
2;17;169;SANT JULIÀ DE RAMIS;170169;GIRONA;GIRONA;Mediterráneo
2;17;170;VALLFOGONA DE RIPOLLÈS;170170;GIRONA;GIRONA;Mediterráneo
2;17;171;SANT LLORENÇ DE LA MUGA;170171;GIRONA;GIRONA;Mediterráneo
2;17;172;SANT MARTÍ DE LLÈMENA;170172;GIRONA;GIRONA;Mediterráneo
2;17;173;SANT MARTÍ VELL;170173;GIRONA;GIRONA;Mediterráneo
2;17;174;SANT MIQUEL DE CAMPMAJOR;170174;GIRONA;GIRONA;Mediterráneo
2;17;175;SANT MIQUEL DE FLUVIÀ;170175;GIRONA;GIRONA;Mediterráneo
2;17;176;SANT MORI;170176;GIRONA;GIRONA;Mediterráneo
2;17;177;SANT PAU DE SEGÚRIES;170177;GIRONA;GIRONA;Mediterráneo
2;17;178;SANT PERE PESCADOR;170178;GIRONA;GIRONA;Mediterráneo
2;17;180;SANTA COLOMA DE FARNERS;170180;GIRONA;GIRONA;Mediterráneo
2;17;181;SANTA CRISTINA D' ARO;170181;GIRONA;GIRONA;Mediterráneo
2;17;182;SANTA LLOGAIA D' ÀLGUEMA;170182;GIRONA;GIRONA;Mediterráneo
2;17;183;SANT ANIOL DE FINESTRES;170183;GIRONA;GIRONA;Mediterráneo
2;17;184;SANTA PAU;170184;GIRONA;GIRONA;Mediterráneo
2;17;185;SANT JOAN LES FONTS;170185;GIRONA;GIRONA;Mediterráneo
2;17;186;SARRIÀ DE TER;170186;GIRONA;GIRONA;Mediterráneo
2;17;187;SAUS;170187;GIRONA;GIRONA;Mediterráneo
2;17;188;SELVA DE MAR, LA;170188;GIRONA;GIRONA;Mediterráneo
2;17;189;CELLERA DE TER, LA;170189;GIRONA;GIRONA;Mediterráneo
2;17;190;SERINYÀ;170190;GIRONA;GIRONA;Mediterráneo
2;17;191;SERRA DE DARÓ;170191;GIRONA;GIRONA;Mediterráneo
2;17;192;SETCASES;170192;GIRONA;GIRONA;Mediterráneo
2;17;193;SILS;170193;GIRONA;GIRONA;Mediterráneo
2;17;194;SUSQUEDA;170194;GIRONA;GIRONA;Mediterráneo
2;17;195;TALLADA D' EMPORDÀ, LA;170195;GIRONA;GIRONA;Mediterráneo
2;17;196;TERRADES;170196;GIRONA;GIRONA;Mediterráneo
2;17;197;TORRENT;170197;GIRONA;GIRONA;Mediterráneo
2;17;198;TORROELLA DE FLUVIÀ;170198;GIRONA;GIRONA;Mediterráneo
2;17;199;TORROELLA DE MONTGRÍ;170199;GIRONA;GIRONA;Mediterráneo
2;17;200;TORTELLÀ;170200;GIRONA;GIRONA;Mediterráneo
2;17;201;TOSES;170201;GIRONA;GIRONA;Mediterráneo
2;17;202;TOSSA DE MAR;170202;GIRONA;GIRONA;Mediterráneo
2;17;203;ULTRAMORT;170203;GIRONA;GIRONA;Mediterráneo
2;17;204;ULLÀ;170204;GIRONA;GIRONA;Mediterráneo
2;17;205;ULLASTRET;170205;GIRONA;GIRONA;Mediterráneo
2;17;206;URÚS;170206;GIRONA;GIRONA;Mediterráneo
2;17;207;VALL D' EN BAS, LA;170207;GIRONA;GIRONA;Mediterráneo
2;17;208;VALL DE BIANYA, LA;170208;GIRONA;GIRONA;Mediterráneo
2;17;209;VALL-LLOBREGA;170209;GIRONA;GIRONA;Mediterráneo
2;17;210;VENTALLÓ;170210;GIRONA;GIRONA;Mediterráneo
2;17;211;VERGES;170211;GIRONA;GIRONA;Mediterráneo
2;17;212;VIDRÀ;170212;GIRONA;GIRONA;Mediterráneo
2;17;213;VIDRERES;170213;GIRONA;GIRONA;Mediterráneo
2;17;214;VILABERTRAN;170214;GIRONA;GIRONA;Mediterráneo
2;17;215;VILABLAREIX;170215;GIRONA;GIRONA;Mediterráneo
2;17;216;VILADASENS;170216;GIRONA;GIRONA;Mediterráneo
2;17;217;VILADAMAT;170217;GIRONA;GIRONA;Mediterráneo
2;17;218;VILADEMULS;170218;GIRONA;GIRONA;Mediterráneo
2;17;220;VILADRAU;170220;GIRONA;GIRONA;Mediterráneo
2;17;221;VILAFANT;170221;GIRONA;GIRONA;Mediterráneo
2;17;222;VILAÜR;170222;GIRONA;GIRONA;Mediterráneo
2;17;223;VILAJUÏGA;170223;GIRONA;GIRONA;Mediterráneo
2;17;224;VILALLONGA DE TER;170224;GIRONA;GIRONA;Mediterráneo
2;17;225;VILAMACOLUM;170225;GIRONA;GIRONA;Mediterráneo
2;17;226;VILAMALLA;170226;GIRONA;GIRONA;Mediterráneo
2;17;227;VILAMANISCLE;170227;GIRONA;GIRONA;Mediterráneo
2;17;228;VILANANT;170228;GIRONA;GIRONA;Mediterráneo
2;17;230;VILA-SACRA;170230;GIRONA;GIRONA;Mediterráneo
2;17;232;VILOPRIU;170232;GIRONA;GIRONA;Mediterráneo
2;17;233;VILOBÍ D' ONYAR;170233;GIRONA;GIRONA;Mediterráneo
2;17;234;BIURE;170234;GIRONA;GIRONA;Mediterráneo
2;17;901;CRUÏLLES, MONELLS I S SADURNI;170901;GIRONA;GIRONA;Mediterráneo
2;17;902;FORALLAC;170902;GIRONA;GIRONA;Mediterráneo
2;17;903;SANT JULIÀ DEL LLOR I BONMATÍ;170903;GIRONA;GIRONA;Mediterráneo
2;17;998;FRANCIA;170998;GIRONA;GIRONA;Mediterráneo
2;17;999;OTRA PROVINCIA;170999;GIRONA;GIRONA;Mediterráneo
2;25;0;INDETERMINADO;250000;LLEIDA;LLEIDA;Mediterráneo
2;25;1;ABELLA DE LA CONCA;250001;LLEIDA;LLEIDA;Mediterráneo
2;25;2;ÀGER;250002;LLEIDA;LLEIDA;Mediterráneo
2;25;3;AGRAMUNT;250003;LLEIDA;LLEIDA;Mediterráneo
2;25;4;ALAMÚS, ELS;250004;LLEIDA;LLEIDA;Mediterráneo
2;25;5;ALÀS I CERC;250005;LLEIDA;LLEIDA;Mediterráneo
2;25;6;ALBAGÉS, L';250006;LLEIDA;LLEIDA;Mediterráneo
2;25;7;ALBATÀRREC;250007;LLEIDA;LLEIDA;Mediterráneo
2;25;8;ALBESA;250008;LLEIDA;LLEIDA;Mediterráneo
2;25;9;ALBI, L';250009;LLEIDA;LLEIDA;Mediterráneo
2;25;10;ALCANÓ;250010;LLEIDA;LLEIDA;Mediterráneo
2;25;11;ALCARRÀS;250011;LLEIDA;LLEIDA;Mediterráneo
2;25;12;ALCOLETGE;250012;LLEIDA;LLEIDA;Mediterráneo
2;25;13;ALFARRÀS;250013;LLEIDA;LLEIDA;Mediterráneo
2;25;14;ALFÈS;250014;LLEIDA;LLEIDA;Mediterráneo
2;25;15;ALGERRI;250015;LLEIDA;LLEIDA;Mediterráneo
2;25;16;ALGUAIRE;250016;LLEIDA;LLEIDA;Mediterráneo
2;25;17;ALINS;250017;LLEIDA;LLEIDA;Mediterráneo
2;25;19;ALMACELLES;250019;LLEIDA;LLEIDA;Mediterráneo
2;25;20;ALMATRET;250020;LLEIDA;LLEIDA;Mediterráneo
2;25;21;ALMENAR;250021;LLEIDA;LLEIDA;Mediterráneo
2;25;22;ALÒS DE BALAGUER;250022;LLEIDA;LLEIDA;Mediterráneo
2;25;23;ALPICAT;250023;LLEIDA;LLEIDA;Mediterráneo
2;25;24;ALT ÀNEU;250024;LLEIDA;LLEIDA;Mediterráneo
2;25;25;NAUT ARAN;250025;LLEIDA;LLEIDA;Mediterráneo
2;25;27;ANGLESOLA;250027;LLEIDA;LLEIDA;Mediterráneo
2;25;29;ARBECA;250029;LLEIDA;LLEIDA;Mediterráneo
2;25;30;PONT DE BAR, EL;250030;LLEIDA;LLEIDA;Mediterráneo
2;25;31;ARRES;250031;LLEIDA;LLEIDA;Mediterráneo
2;25;32;ARSÈGUEL;250032;LLEIDA;LLEIDA;Mediterráneo
2;25;33;ARTESA DE LLEIDA;250033;LLEIDA;LLEIDA;Mediterráneo
2;25;34;ARTESA DE SEGRE;250034;LLEIDA;LLEIDA;Mediterráneo
2;25;35;SENTIU DE SIÓ, LA;250035;LLEIDA;LLEIDA;Mediterráneo
2;25;36;ASPA;250036;LLEIDA;LLEIDA;Mediterráneo
2;25;37;AVELLANES I SANTA LINYA, LES;250037;LLEIDA;LLEIDA;Mediterráneo
2;25;38;AITONA;250038;LLEIDA;LLEIDA;Mediterráneo
2;25;39;BAIX PALLARS;250039;LLEIDA;LLEIDA;Mediterráneo
2;25;40;BALAGUER;250040;LLEIDA;LLEIDA;Mediterráneo
2;25;41;BARBENS;250041;LLEIDA;LLEIDA;Mediterráneo
2;25;42;BARONIA DE RIALB, LA;250042;LLEIDA;LLEIDA;Mediterráneo
2;25;43;VALL DE BOI, LA;250043;LLEIDA;LLEIDA;Mediterráneo
2;25;44;BASSELLA;250044;LLEIDA;LLEIDA;Mediterráneo
2;25;45;BAUSEN;250045;LLEIDA;LLEIDA;Mediterráneo
2;25;46;BELIANES;250046;LLEIDA;LLEIDA;Mediterráneo
2;25;47;BELLCAIRE D' URGELL;250047;LLEIDA;LLEIDA;Mediterráneo
2;25;48;BELL-LLOC D' URGELL;250048;LLEIDA;LLEIDA;Mediterráneo
2;25;49;BELLMUNT D' URGELL;250049;LLEIDA;LLEIDA;Mediterráneo
2;25;50;BELLPUIG;250050;LLEIDA;LLEIDA;Mediterráneo
2;25;51;BELLVER DE CERDANYA;250051;LLEIDA;LLEIDA;Mediterráneo
2;25;52;BELLVIS;250052;LLEIDA;LLEIDA;Mediterráneo
2;25;53;BENAVENT DE SEGRIÀ;250053;LLEIDA;LLEIDA;Mediterráneo
2;25;55;BIOSCA;250055;LLEIDA;LLEIDA;Mediterráneo
2;25;56;BOVERA;250056;LLEIDA;LLEIDA;Mediterráneo
2;25;57;BÒRDES, ES;250057;LLEIDA;LLEIDA;Mediterráneo
2;25;58;BORGES BLANQUES, LES;250058;LLEIDA;LLEIDA;Mediterráneo
2;25;59;BOSSÒST;250059;LLEIDA;LLEIDA;Mediterráneo
2;25;60;CABANABONA;250060;LLEIDA;LLEIDA;Mediterráneo
2;25;61;CABÓ;250061;LLEIDA;LLEIDA;Mediterráneo
2;25;62;CAMARASA;250062;LLEIDA;LLEIDA;Mediterráneo
2;25;63;CANEJAN;250063;LLEIDA;LLEIDA;Mediterráneo
2;25;64;CASTELLAR DE LA RIBERA;250064;LLEIDA;LLEIDA;Mediterráneo
2;25;67;CASTELLDANS;250067;LLEIDA;LLEIDA;Mediterráneo
2;25;68;CASTELLNOU DE SEANA;250068;LLEIDA;LLEIDA;Mediterráneo
2;25;69;CASTELLÓ DE FARFANYA;250069;LLEIDA;LLEIDA;Mediterráneo
2;25;70;CASTELLSERÀ;250070;LLEIDA;LLEIDA;Mediterráneo
2;25;71;CAVA;250071;LLEIDA;LLEIDA;Mediterráneo
2;25;72;CERVERA;250072;LLEIDA;LLEIDA;Mediterráneo
2;25;73;CERVIÀ DE LES GARRIGES;250073;LLEIDA;LLEIDA;Mediterráneo
2;25;74;CIUTADILLA;250074;LLEIDA;LLEIDA;Mediterráneo
2;25;75;CLARIANA DE CARDENER;250075;LLEIDA;LLEIDA;Mediterráneo
2;25;76;COGUL, EL;250076;LLEIDA;LLEIDA;Mediterráneo
2;25;77;COLL DE NARGÓ;250077;LLEIDA;LLEIDA;Mediterráneo
2;25;78;CORBINS;250078;LLEIDA;LLEIDA;Mediterráneo
2;25;79;CUBELLS;250079;LLEIDA;LLEIDA;Mediterráneo
2;25;81;ESPLUGA CALBA, L';250081;LLEIDA;LLEIDA;Mediterráneo
2;25;82;ESPOT;250082;LLEIDA;LLEIDA;Mediterráneo
2;25;85;ESTARÀS;250085;LLEIDA;LLEIDA;Mediterráneo
2;25;86;ESTERRI D' ÀNEU;250086;LLEIDA;LLEIDA;Mediterráneo
2;25;87;ESTERRI DE CARDÓS;250087;LLEIDA;LLEIDA;Mediterráneo
2;25;88;ESTAMARIU;250088;LLEIDA;LLEIDA;Mediterráneo
2;25;89;FARRERA;250089;LLEIDA;LLEIDA;Mediterráneo
2;25;92;FLORESTA, LA;250092;LLEIDA;LLEIDA;Mediterráneo
2;25;93;FONDARELLA;250093;LLEIDA;LLEIDA;Mediterráneo
2;25;94;FORADADA;250094;LLEIDA;LLEIDA;Mediterráneo
2;25;96;FULIOLA, LA;250096;LLEIDA;LLEIDA;Mediterráneo
2;25;97;FULLEDA;250097;LLEIDA;LLEIDA;Mediterráneo
2;25;98;GAVET DE LA CONCA;250098;LLEIDA;LLEIDA;Mediterráneo
2;25;99;GOLMÉS;250099;LLEIDA;LLEIDA;Mediterráneo
2;25;100;GÓSOL;250100;LLEIDA;LLEIDA;Mediterráneo
2;25;101;GRANADELLA, LA;250101;LLEIDA;LLEIDA;Mediterráneo
2;25;102;GRANJA D' ESCARP, LA;250102;LLEIDA;LLEIDA;Mediterráneo
2;25;103;GRANYANELLA;250103;LLEIDA;LLEIDA;Mediterráneo
2;25;104;GRANYENA DE SEGARRA;250104;LLEIDA;LLEIDA;Mediterráneo
2;25;105;GRANYENA DE LES GARRIGES;250105;LLEIDA;LLEIDA;Mediterráneo
2;25;109;GUIMERÀ;250109;LLEIDA;LLEIDA;Mediterráneo
2;25;110;GUISSONA;250110;LLEIDA;LLEIDA;Mediterráneo
2;25;111;GUIXERS;250111;LLEIDA;LLEIDA;Mediterráneo
2;25;112;IVARS DE NOGUERA;250112;LLEIDA;LLEIDA;Mediterráneo
2;25;113;IVARS D' URGELL;250113;LLEIDA;LLEIDA;Mediterráneo
2;25;114;IVORRA;250114;LLEIDA;LLEIDA;Mediterráneo
2;25;115;ISONA I CONCA DELLÀ;250115;LLEIDA;LLEIDA;Mediterráneo
2;25;118;JUNCOSA;250118;LLEIDA;LLEIDA;Mediterráneo
2;25;119;JUNEDA;250119;LLEIDA;LLEIDA;Mediterráneo
2;25;120;LLEIDA;250120;LLEIDA;LLEIDA;Mediterráneo
2;25;121;LES;250121;LLEIDA;LLEIDA;Mediterráneo
2;25;122;LINYOLA;250122;LLEIDA;LLEIDA;Mediterráneo
2;25;123;LLADORRE;250123;LLEIDA;LLEIDA;Mediterráneo
2;25;124;LLADURS;250124;LLEIDA;LLEIDA;Mediterráneo
2;25;125;LLARDECANS;250125;LLEIDA;LLEIDA;Mediterráneo
2;25;126;LLAVORSÍ;250126;LLEIDA;LLEIDA;Mediterráneo
2;25;127;LLES DE CERDANYA;250127;LLEIDA;LLEIDA;Mediterráneo
2;25;128;LLIMIANA;250128;LLEIDA;LLEIDA;Mediterráneo
2;25;129;LLOBERA;250129;LLEIDA;LLEIDA;Mediterráneo
2;25;130;MALDÀ;250130;LLEIDA;LLEIDA;Mediterráneo
2;25;131;MASSALCOREIG;250131;LLEIDA;LLEIDA;Mediterráneo
2;25;132;MASSOTERES;250132;LLEIDA;LLEIDA;Mediterráneo
2;25;133;MAIALS;250133;LLEIDA;LLEIDA;Mediterráneo
2;25;134;MENÀRGUENS;250134;LLEIDA;LLEIDA;Mediterráneo
2;25;135;MIRALCAMP;250135;LLEIDA;LLEIDA;Mediterráneo
2;25;136;MOLSOSA, LA;250136;LLEIDA;LLEIDA;Mediterráneo
2;25;137;MOLLERUSSA;250137;LLEIDA;LLEIDA;Mediterráneo
2;25;138;MONTGAI;250138;LLEIDA;LLEIDA;Mediterráneo
2;25;139;MONTELLÀ I MARTINET;250139;LLEIDA;LLEIDA;Mediterráneo
2;25;140;MONTFERRER I CASTELLBÒ;250140;LLEIDA;LLEIDA;Mediterráneo
2;25;141;MONTOLLIU DE SEGARRA;250141;LLEIDA;LLEIDA;Mediterráneo
2;25;142;MONTOLLIU DE LLEIDA;250142;LLEIDA;LLEIDA;Mediterráneo
2;25;143;MONTORNÈS DE SEGARRA;250143;LLEIDA;LLEIDA;Mediterráneo
2;25;145;NALEC;250145;LLEIDA;LLEIDA;Mediterráneo
2;25;146;NAVÈS;250146;LLEIDA;LLEIDA;Mediterráneo
2;25;148;ODÈN;250148;LLEIDA;LLEIDA;Mediterráneo
2;25;149;OLIANA;250149;LLEIDA;LLEIDA;Mediterráneo
2;25;150;OLIOLA;250150;LLEIDA;LLEIDA;Mediterráneo
2;25;151;OLIUS;250151;LLEIDA;LLEIDA;Mediterráneo
2;25;152;OLUGES, LES;250152;LLEIDA;LLEIDA;Mediterráneo
2;25;153;OMELLONS, ELS;250153;LLEIDA;LLEIDA;Mediterráneo
2;25;154;OMELLS DE NA GAIA, ELS;250154;LLEIDA;LLEIDA;Mediterráneo
2;25;155;ORGANYÀ;250155;LLEIDA;LLEIDA;Mediterráneo
2;25;156;OS DE BALAGUER;250156;LLEIDA;LLEIDA;Mediterráneo
2;25;157;OSSÓ DE SIÓ;250157;LLEIDA;LLEIDA;Mediterráneo
2;25;158;PALAU D' ANGLESOLA, EL;250158;LLEIDA;LLEIDA;Mediterráneo
2;25;161;CONCA DE DALT;250161;LLEIDA;LLEIDA;Mediterráneo
2;25;163;COMA I LA PEDRA, LA;250163;LLEIDA;LLEIDA;Mediterráneo
2;25;164;PENELLES;250164;LLEIDA;LLEIDA;Mediterráneo
2;25;165;PERAMOLA;250165;LLEIDA;LLEIDA;Mediterráneo
2;25;166;PINELL DE SOLSONÈS;250166;LLEIDA;LLEIDA;Mediterráneo
2;25;167;PINÓS;250167;LLEIDA;LLEIDA;Mediterráneo
2;25;168;POAL, EL;250168;LLEIDA;LLEIDA;Mediterráneo
2;25;169;POBLA DE CÉRVOLES, LA;250169;LLEIDA;LLEIDA;Mediterráneo
2;25;170;BELLAGUARDA;250170;LLEIDA;LLEIDA;Mediterráneo
2;25;171;POBLA DE SEGUR, LA;250171;LLEIDA;LLEIDA;Mediterráneo
2;25;172;PONTS;250172;LLEIDA;LLEIDA;Mediterráneo
2;25;173;PONT DE SUERT, EL;250173;LLEIDA;LLEIDA;Mediterráneo
2;25;174;PORTELLA, LA;250174;LLEIDA;LLEIDA;Mediterráneo
2;25;175;PRATS I SANSOR;250175;LLEIDA;LLEIDA;Mediterráneo
2;25;176;PREIXANA;250176;LLEIDA;LLEIDA;Mediterráneo
2;25;177;PREIXENS;250177;LLEIDA;LLEIDA;Mediterráneo
2;25;179;PRULLANS;250179;LLEIDA;LLEIDA;Mediterráneo
2;25;180;PUIGGRÒS;250180;LLEIDA;LLEIDA;Mediterráneo
2;25;181;PUIGVERD D' AGRAMUNT;250181;LLEIDA;LLEIDA;Mediterráneo
2;25;182;PUIGVERD DE LLEIDA;250182;LLEIDA;LLEIDA;Mediterráneo
2;25;183;RIALP;250183;LLEIDA;LLEIDA;Mediterráneo
2;25;185;RIBERA D' URGELLET;250185;LLEIDA;LLEIDA;Mediterráneo
2;25;186;RINER;250186;LLEIDA;LLEIDA;Mediterráneo
2;25;189;ROSELLÓ;250189;LLEIDA;LLEIDA;Mediterráneo
2;25;190;SALÀS DE PALLARS;250190;LLEIDA;LLEIDA;Mediterráneo
2;25;191;SANAÜJA;250191;LLEIDA;LLEIDA;Mediterráneo
2;25;192;SANT GUIM DE FREIXENET;250192;LLEIDA;LLEIDA;Mediterráneo
2;25;193;SANT LLORENÇ DE MORUNYS;250193;LLEIDA;LLEIDA;Mediterráneo
2;25;194;SANT RAMON;250194;LLEIDA;LLEIDA;Mediterráneo
2;25;196;SANT ESTEVE DE LA SARGA;250196;LLEIDA;LLEIDA;Mediterráneo
2;25;197;SANT GUIM DE LA PLANA;250197;LLEIDA;LLEIDA;Mediterráneo
2;25;200;SARROCA DE LLEIDA;250200;LLEIDA;LLEIDA;Mediterráneo
2;25;201;SARROCA DE BELLERA;250201;LLEIDA;LLEIDA;Mediterráneo
2;25;202;SENTERADA;250202;LLEIDA;LLEIDA;Mediterráneo
2;25;203;SEU D' URGELL, LA;250203;LLEIDA;LLEIDA;Mediterráneo
2;25;204;SERÒS;250204;LLEIDA;LLEIDA;Mediterráneo
2;25;205;SIDAMON;250205;LLEIDA;LLEIDA;Mediterráneo
2;25;206;SOLERÀS, EL;250206;LLEIDA;LLEIDA;Mediterráneo
2;25;207;SOLSONA;250207;LLEIDA;LLEIDA;Mediterráneo
2;25;208;SORIGUERA;250208;LLEIDA;LLEIDA;Mediterráneo
2;25;209;SORT;250209;LLEIDA;LLEIDA;Mediterráneo
2;25;210;SOSES;250210;LLEIDA;LLEIDA;Mediterráneo
2;25;211;SUDANELL;250211;LLEIDA;LLEIDA;Mediterráneo
2;25;212;SUNYER;250212;LLEIDA;LLEIDA;Mediterráneo
2;25;215;TALARN;250215;LLEIDA;LLEIDA;Mediterráneo
2;25;216;TALAVERA;250216;LLEIDA;LLEIDA;Mediterráneo
2;25;217;TÀRREGA;250217;LLEIDA;LLEIDA;Mediterráneo
2;25;218;TARRÉS;250218;LLEIDA;LLEIDA;Mediterráneo
2;25;219;TARROJA DE SEGARRA;250219;LLEIDA;LLEIDA;Mediterráneo
2;25;220;TÉRMENS;250220;LLEIDA;LLEIDA;Mediterráneo
2;25;221;TIRVIA;250221;LLEIDA;LLEIDA;Mediterráneo
2;25;222;TIURANA;250222;LLEIDA;LLEIDA;Mediterráneo
2;25;223;TORÀ;250223;LLEIDA;LLEIDA;Mediterráneo
2;25;224;TORMS, ELS;250224;LLEIDA;LLEIDA;Mediterráneo
2;25;225;TORNABOUS;250225;LLEIDA;LLEIDA;Mediterráneo
2;25;226;TORREBESSES;250226;LLEIDA;LLEIDA;Mediterráneo
2;25;227;TORRE DE CABDELLA, LA;250227;LLEIDA;LLEIDA;Mediterráneo
2;25;228;TORREFARRERA;250228;LLEIDA;LLEIDA;Mediterráneo
2;25;230;TORREGROSSA;250230;LLEIDA;LLEIDA;Mediterráneo
2;25;231;TORRELAMEU;250231;LLEIDA;LLEIDA;Mediterráneo
2;25;232;TORRES DE SEGRE;250232;LLEIDA;LLEIDA;Mediterráneo
2;25;233;TORRE-SERONA;250233;LLEIDA;LLEIDA;Mediterráneo
2;25;234;TREMP;250234;LLEIDA;LLEIDA;Mediterráneo
2;25;238;VALLBONA DE LES MONGES;250238;LLEIDA;LLEIDA;Mediterráneo
2;25;239;VALLS DE VALIRA, LES;250239;LLEIDA;LLEIDA;Mediterráneo
2;25;240;VALLFOGONA DE BALAGUER;250240;LLEIDA;LLEIDA;Mediterráneo
2;25;242;VERDÚ;250242;LLEIDA;LLEIDA;Mediterráneo
2;25;243;VIELHA E MIJARAN;250243;LLEIDA;LLEIDA;Mediterráneo
2;25;244;VILAGRASSA;250244;LLEIDA;LLEIDA;Mediterráneo
2;25;245;VILALLER;250245;LLEIDA;LLEIDA;Mediterráneo
2;25;247;VILAMÒS;250247;LLEIDA;LLEIDA;Mediterráneo
2;25;248;VILANOVA DE BELLPUIG;250248;LLEIDA;LLEIDA;Mediterráneo
2;25;249;VILANOVA DE L' AGUDA;250249;LLEIDA;LLEIDA;Mediterráneo
2;25;250;VILANOVA DE MEIÀ;250250;LLEIDA;LLEIDA;Mediterráneo
2;25;251;VILANOVA DE SEGRIÀ;250251;LLEIDA;LLEIDA;Mediterráneo
2;25;252;VILA-SANA;250252;LLEIDA;LLEIDA;Mediterráneo
2;25;253;VILOSELL, EL;250253;LLEIDA;LLEIDA;Mediterráneo
2;25;254;VILLANOVA DE LA BARCA;250254;LLEIDA;LLEIDA;Mediterráneo
2;25;255;VINAIXA;250255;LLEIDA;LLEIDA;Mediterráneo
2;25;901;VALL DE CARDÓS;250901;LLEIDA;LLEIDA;Mediterráneo
2;25;902;SANT MARTÍ DE RIUCORB;250902;LLEIDA;LLEIDA;Mediterráneo
2;25;903;GUINGUETA D' ANEU, LA;250903;LLEIDA;LLEIDA;Mediterráneo
2;25;904;CASTELL DE MUR;250904;LLEIDA;LLEIDA;Mediterráneo
2;25;905;RIBERA D' ONDARA;250905;LLEIDA;LLEIDA;Mediterráneo
2;25;906;VALLS D' AGUILAR, LES;250906;LLEIDA;LLEIDA;Mediterráneo
2;25;907;TORREFETA I FLOREJACS;250907;LLEIDA;LLEIDA;Mediterráneo
2;25;908;FIGOLS I ALINYÀ;250908;LLEIDA;LLEIDA;Mediterráneo
2;25;909;VANSA I FÓRNOLS, LA;250909;LLEIDA;LLEIDA;Mediterráneo
2;25;910;JOSA I TUIXÉN;250910;LLEIDA;LLEIDA;Mediterráneo
2;25;911;PLANS DE SIÓ, ELS;250911;LLEIDA;LLEIDA;Mediterráneo
2;25;912;GIMENELLS I EL PLA DE LA FONT;250912;LLEIDA;LLEIDA;Mediterráneo
2;25;913;RIU DE CERDANYA;250913;LLEIDA;LLEIDA;Mediterráneo
2;25;998;FRANCIA;250998;LLEIDA;LLEIDA;Mediterráneo
2;25;999;OTRA PROVINCIA;250999;LLEIDA;LLEIDA;Mediterráneo
2;43;0;INDETERMINADO;430000;TARRAGONA;TARRAGONA;Mediterráneo
2;43;1;AIGUAMÚRCIA;430001;TARRAGONA;TARRAGONA;Mediterráneo
2;43;2;ALBINYANA;430002;TARRAGONA;TARRAGONA;Mediterráneo
2;43;3;ALBIOL, L';430003;TARRAGONA;TARRAGONA;Mediterráneo
2;43;4;ALCANAR;430004;TARRAGONA;TARRAGONA;Mediterráneo
2;43;5;ALCOVER;430005;TARRAGONA;TARRAGONA;Mediterráneo
2;43;6;ALDOVER;430006;TARRAGONA;TARRAGONA;Mediterráneo
2;43;7;ALEIXAR, L';430007;TARRAGONA;TARRAGONA;Mediterráneo
2;43;8;ALFARA DE CARLES;430008;TARRAGONA;TARRAGONA;Mediterráneo
2;43;9;ALFORJA;430009;TARRAGONA;TARRAGONA;Mediterráneo
2;43;10;ALIÓ;430010;TARRAGONA;TARRAGONA;Mediterráneo
2;43;11;ALMOSTER;430011;TARRAGONA;TARRAGONA;Mediterráneo
2;43;12;ALTAFULLA;430012;TARRAGONA;TARRAGONA;Mediterráneo
2;43;13;AMETLLA DE MAR, L';430013;TARRAGONA;TARRAGONA;Mediterráneo
2;43;14;AMPOSTA;430014;TARRAGONA;TARRAGONA;Mediterráneo
2;43;15;ARBOLÍ;430015;TARRAGONA;TARRAGONA;Mediterráneo
2;43;16;ARBOÇ, L';430016;TARRAGONA;TARRAGONA;Mediterráneo
2;43;17;ARGENTERA, L';430017;TARRAGONA;TARRAGONA;Mediterráneo
2;43;18;ARNES;430018;TARRAGONA;TARRAGONA;Mediterráneo
2;43;19;ASCÓ;430019;TARRAGONA;TARRAGONA;Mediterráneo
2;43;20;BANYERES DEL PENEDÈS;430020;TARRAGONA;TARRAGONA;Mediterráneo
2;43;21;BARBERÀ DE LA CONCA;430021;TARRAGONA;TARRAGONA;Mediterráneo
2;43;22;BATEA;430022;TARRAGONA;TARRAGONA;Mediterráneo
2;43;23;BELLMUNT DEL PRIORAT;430023;TARRAGONA;TARRAGONA;Mediterráneo
2;43;24;BELLVEI;430024;TARRAGONA;TARRAGONA;Mediterráneo
2;43;25;BENIFALLET;430025;TARRAGONA;TARRAGONA;Mediterráneo
2;43;26;BENISSANET;430026;TARRAGONA;TARRAGONA;Mediterráneo
2;43;27;BISBAL DE FALSET, LA;430027;TARRAGONA;TARRAGONA;Mediterráneo
2;43;28;BISBAL DEL PENEDÈS, LA;430028;TARRAGONA;TARRAGONA;Mediterráneo
2;43;29;BLANCAFORT;430029;TARRAGONA;TARRAGONA;Mediterráneo
2;43;30;BONASTRE;430030;TARRAGONA;TARRAGONA;Mediterráneo
2;43;31;BORGES DEL CAMP, LES;430031;TARRAGONA;TARRAGONA;Mediterráneo
2;43;32;BOT;430032;TARRAGONA;TARRAGONA;Mediterráneo
2;43;33;BOTARELL;430033;TARRAGONA;TARRAGONA;Mediterráneo
2;43;34;BRÀFIM;430034;TARRAGONA;TARRAGONA;Mediterráneo
2;43;35;CABACÉS;430035;TARRAGONA;TARRAGONA;Mediterráneo
2;43;36;CABRA DEL CAMP;430036;TARRAGONA;TARRAGONA;Mediterráneo
2;43;37;CALAFELL;430037;TARRAGONA;TARRAGONA;Mediterráneo
2;43;38;CAMBRILS;430038;TARRAGONA;TARRAGONA;Mediterráneo
2;43;39;CAPAFONTS;430039;TARRAGONA;TARRAGONA;Mediterráneo
2;43;40;CAPÇANES;430040;TARRAGONA;TARRAGONA;Mediterráneo
2;43;41;CASERES;430041;TARRAGONA;TARRAGONA;Mediterráneo
2;43;42;CASTELLVELL DEL CAMP;430042;TARRAGONA;TARRAGONA;Mediterráneo
2;43;43;CATLLAR, EL;430043;TARRAGONA;TARRAGONA;Mediterráneo
2;43;44;SÉNIA, LA;430044;TARRAGONA;TARRAGONA;Mediterráneo
2;43;45;COLLDEJOU;430045;TARRAGONA;TARRAGONA;Mediterráneo
2;43;46;CONESA;430046;TARRAGONA;TARRAGONA;Mediterráneo
2;43;47;CONSTANTÍ;430047;TARRAGONA;TARRAGONA;Mediterráneo
2;43;48;CORBERA D' EBRE;430048;TARRAGONA;TARRAGONA;Mediterráneo
2;43;49;CORNUDELLA DE MONTSANT;430049;TARRAGONA;TARRAGONA;Mediterráneo
2;43;50;CREIXELL;430050;TARRAGONA;TARRAGONA;Mediterráneo
2;43;51;CUNIT;430051;TARRAGONA;TARRAGONA;Mediterráneo
2;43;52;XERTA;430052;TARRAGONA;TARRAGONA;Mediterráneo
2;43;53;DUESAIGÜES;430053;TARRAGONA;TARRAGONA;Mediterráneo
2;43;54;ESPLUGA DE FRANCOLÍ, L';430054;TARRAGONA;TARRAGONA;Mediterráneo
2;43;55;FALSET;430055;TARRAGONA;TARRAGONA;Mediterráneo
2;43;56;FATARELLA, LA;430056;TARRAGONA;TARRAGONA;Mediterráneo
2;43;57;FEBRÓ, LA;430057;TARRAGONA;TARRAGONA;Mediterráneo
2;43;58;FIGUERA, LA;430058;TARRAGONA;TARRAGONA;Mediterráneo
2;43;59;FIGUEROLA DEL CAMP;430059;TARRAGONA;TARRAGONA;Mediterráneo
2;43;60;FLIX;430060;TARRAGONA;TARRAGONA;Mediterráneo
2;43;61;FORÈS;430061;TARRAGONA;TARRAGONA;Mediterráneo
2;43;62;FREGINALS;430062;TARRAGONA;TARRAGONA;Mediterráneo
2;43;63;GALERA, LA;430063;TARRAGONA;TARRAGONA;Mediterráneo
2;43;64;GANDESA;430064;TARRAGONA;TARRAGONA;Mediterráneo
2;43;65;GARCIA;430065;TARRAGONA;TARRAGONA;Mediterráneo
2;43;66;GARIDELLS, ELS;430066;TARRAGONA;TARRAGONA;Mediterráneo
2;43;67;GINESTAR;430067;TARRAGONA;TARRAGONA;Mediterráneo
2;43;68;GODALL;430068;TARRAGONA;TARRAGONA;Mediterráneo
2;43;69;GRATALLOPS;430069;TARRAGONA;TARRAGONA;Mediterráneo
2;43;70;GUIAMETS, ELS;430070;TARRAGONA;TARRAGONA;Mediterráneo
2;43;71;HORTA DE SANT JOAN;430071;TARRAGONA;TARRAGONA;Mediterráneo
2;43;72;LLOAR, EL;430072;TARRAGONA;TARRAGONA;Mediterráneo
2;43;73;LLORAC;430073;TARRAGONA;TARRAGONA;Mediterráneo
2;43;74;LLORENÇ DEL PENEDÈS;430074;TARRAGONA;TARRAGONA;Mediterráneo
2;43;75;MARGALEF;430075;TARRAGONA;TARRAGONA;Mediterráneo
2;43;76;MARÇÀ;430076;TARRAGONA;TARRAGONA;Mediterráneo
2;43;77;MAS DE BARBERANS;430077;TARRAGONA;TARRAGONA;Mediterráneo
2;43;78;MASDENVERGE;430078;TARRAGONA;TARRAGONA;Mediterráneo
2;43;79;MASLLORENÇ;430079;TARRAGONA;TARRAGONA;Mediterráneo
2;43;80;MASÓ, LA;430080;TARRAGONA;TARRAGONA;Mediterráneo
2;43;81;MASPUJOLS;430081;TARRAGONA;TARRAGONA;Mediterráneo
2;43;82;MASROIG, EL;430082;TARRAGONA;TARRAGONA;Mediterráneo
2;43;83;MILÀ, EL;430083;TARRAGONA;TARRAGONA;Mediterráneo
2;43;84;MIRAVET;430084;TARRAGONA;TARRAGONA;Mediterráneo
2;43;85;MOLAR, EL;430085;TARRAGONA;TARRAGONA;Mediterráneo
2;43;86;MONTBLANC;430086;TARRAGONA;TARRAGONA;Mediterráneo
2;43;88;MONTBRIÓ DEL CAMP;430088;TARRAGONA;TARRAGONA;Mediterráneo
2;43;89;MONTFERRI;430089;TARRAGONA;TARRAGONA;Mediterráneo
2;43;90;MONTMELL, EL;430090;TARRAGONA;TARRAGONA;Mediterráneo
2;43;91;MONT-RAL;430091;TARRAGONA;TARRAGONA;Mediterráneo
2;43;92;MONT-ROIG DEL CAMP;430092;TARRAGONA;TARRAGONA;Mediterráneo
2;43;93;MÓRA D' EBRE;430093;TARRAGONA;TARRAGONA;Mediterráneo
2;43;94;MÓRA LA NOVA;430094;TARRAGONA;TARRAGONA;Mediterráneo
2;43;95;MORELL, EL;430095;TARRAGONA;TARRAGONA;Mediterráneo
2;43;96;MORERA DE MONTSANT, LA;430096;TARRAGONA;TARRAGONA;Mediterráneo
2;43;97;NOU DE GAIÀ, LA;430097;TARRAGONA;TARRAGONA;Mediterráneo
2;43;98;NULLES;430098;TARRAGONA;TARRAGONA;Mediterráneo
2;43;99;PALMA D' EBRE, LA;430099;TARRAGONA;TARRAGONA;Mediterráneo
2;43;100;PALLARESOS, ELS;430100;TARRAGONA;TARRAGONA;Mediterráneo
2;43;101;PASSANANT I BELLTALL;430101;TARRAGONA;TARRAGONA;Mediterráneo
2;43;102;PAÜLS;430102;TARRAGONA;TARRAGONA;Mediterráneo
2;43;103;PERAFORT;430103;TARRAGONA;TARRAGONA;Mediterráneo
2;43;104;PERELLÓ, EL;430104;TARRAGONA;TARRAGONA;Mediterráneo
2;43;105;PILES, LES;430105;TARRAGONA;TARRAGONA;Mediterráneo
2;43;106;PINELL BRAI, EL;430106;TARRAGONA;TARRAGONA;Mediterráneo
2;43;107;PIRA;430107;TARRAGONA;TARRAGONA;Mediterráneo
2;43;108;PLA DE SANTA MARIA, EL;430108;TARRAGONA;TARRAGONA;Mediterráneo
2;43;109;POBLA DE MAFUMET, LA;430109;TARRAGONA;TARRAGONA;Mediterráneo
2;43;110;POBLA DE MASSALUCA, LA;430110;TARRAGONA;TARRAGONA;Mediterráneo
2;43;111;POBLA DE MONTORNÈS, LA;430111;TARRAGONA;TARRAGONA;Mediterráneo
2;43;112;POBOLEDA;430112;TARRAGONA;TARRAGONA;Mediterráneo
2;43;113;PONT D' ARMENTERA, EL;430113;TARRAGONA;TARRAGONA;Mediterráneo
2;43;114;PORRERA;430114;TARRAGONA;TARRAGONA;Mediterráneo
2;43;115;PRADELL DE LA TEIXETA;430115;TARRAGONA;TARRAGONA;Mediterráneo
2;43;116;PRADES;430116;TARRAGONA;TARRAGONA;Mediterráneo
2;43;117;PRAT DE COMTE;430117;TARRAGONA;TARRAGONA;Mediterráneo
2;43;118;PRATDIP;430118;TARRAGONA;TARRAGONA;Mediterráneo
2;43;119;PUIGPELAT;430119;TARRAGONA;TARRAGONA;Mediterráneo
2;43;120;QUEROL;430120;TARRAGONA;TARRAGONA;Mediterráneo
2;43;121;RASQUERA;430121;TARRAGONA;TARRAGONA;Mediterráneo
2;43;122;RENAU;430122;TARRAGONA;TARRAGONA;Mediterráneo
2;43;123;REUS;430123;TARRAGONA;TARRAGONA;Mediterráneo
2;43;124;RIBA, LA;430124;TARRAGONA;TARRAGONA;Mediterráneo
2;43;125;RIBA-ROJA D' EBRE;430125;TARRAGONA;TARRAGONA;Mediterráneo
2;43;126;RIERA DE GAIÀ, LA;430126;TARRAGONA;TARRAGONA;Mediterráneo
2;43;127;RIUDECANYES;430127;TARRAGONA;TARRAGONA;Mediterráneo
2;43;128;RUIDECOLS;430128;TARRAGONA;TARRAGONA;Mediterráneo
2;43;129;RIUDOMS;430129;TARRAGONA;TARRAGONA;Mediterráneo
2;43;130;ROCAFORT DE QUERALT;430130;TARRAGONA;TARRAGONA;Mediterráneo
2;43;131;RODA DE BARÀ;430131;TARRAGONA;TARRAGONA;Mediterráneo
2;43;132;RODONYÀ;430132;TARRAGONA;TARRAGONA;Mediterráneo
2;43;133;ROQUETES;430133;TARRAGONA;TARRAGONA;Mediterráneo
2;43;134;ROURELL, EL;430134;TARRAGONA;TARRAGONA;Mediterráneo
2;43;135;SALOMÓ;430135;TARRAGONA;TARRAGONA;Mediterráneo
2;43;136;SANT CARLES DE LA RÀPITA;430136;TARRAGONA;TARRAGONA;Mediterráneo
2;43;137;SANT JAUME DELS DOMENYS;430137;TARRAGONA;TARRAGONA;Mediterráneo
2;43;138;SANTA BÀRBARA;430138;TARRAGONA;TARRAGONA;Mediterráneo
2;43;139;SANTA COLOMA DE QUERALT;430139;TARRAGONA;TARRAGONA;Mediterráneo
2;43;140;SANTA OLIVA;430140;TARRAGONA;TARRAGONA;Mediterráneo
2;43;141;PONTILS;430141;TARRAGONA;TARRAGONA;Mediterráneo
2;43;142;SARRAL;430142;TARRAGONA;TARRAGONA;Mediterráneo
2;43;143;SAVALLÀ DEL COMTAT;430143;TARRAGONA;TARRAGONA;Mediterráneo
2;43;144;SECUITA, LA;430144;TARRAGONA;TARRAGONA;Mediterráneo
2;43;145;SELVA DEL CAMP, LA;430145;TARRAGONA;TARRAGONA;Mediterráneo
2;43;146;SENAN;430146;TARRAGONA;TARRAGONA;Mediterráneo
2;43;147;SOLIVELLA;430147;TARRAGONA;TARRAGONA;Mediterráneo
2;43;148;TARRAGONA;430148;TARRAGONA;TARRAGONA;Mediterráneo
2;43;149;TIVENYS;430149;TARRAGONA;TARRAGONA;Mediterráneo
2;43;150;TIVISSA;430150;TARRAGONA;TARRAGONA;Mediterráneo
2;43;151;TORRE DE FONTAUBELLA, LA;430151;TARRAGONA;TARRAGONA;Mediterráneo
2;43;152;TORRE DE L' ESPANYOL, LA;430152;TARRAGONA;TARRAGONA;Mediterráneo
2;43;153;TORREDEMBARRA;430153;TARRAGONA;TARRAGONA;Mediterráneo
2;43;154;TORROJA DEL PRIORAT;430154;TARRAGONA;TARRAGONA;Mediterráneo
2;43;155;TORTOSA;430155;TARRAGONA;TARRAGONA;Mediterráneo
2;43;156;ULLDECONA;430156;TARRAGONA;TARRAGONA;Mediterráneo
2;43;157;ULLDEMOLINS;430157;TARRAGONA;TARRAGONA;Mediterráneo
2;43;158;VALLCLARA;430158;TARRAGONA;TARRAGONA;Mediterráneo
2;43;159;VALLFOGONA DE RIUCORB;430159;TARRAGONA;TARRAGONA;Mediterráneo
2;43;160;VALLMOLL;430160;TARRAGONA;TARRAGONA;Mediterráneo
2;43;161;VALLS;430161;TARRAGONA;TARRAGONA;Mediterráneo
2;43;162;VANDELLÒS I L' HOSPITALET;430162;TARRAGONA;TARRAGONA;Mediterráneo
2;43;163;VENDRELL, EL;430163;TARRAGONA;TARRAGONA;Mediterráneo
2;43;164;VESPELLA DE GAIÀ;430164;TARRAGONA;TARRAGONA;Mediterráneo
2;43;165;VILABELLA;430165;TARRAGONA;TARRAGONA;Mediterráneo
2;43;166;VILALLONGA DEL CAMP;430166;TARRAGONA;TARRAGONA;Mediterráneo
2;43;167;VILANOVA D' ESCORNALBOU;430167;TARRAGONA;TARRAGONA;Mediterráneo
2;43;168;VILANOVA DE PRADES;430168;TARRAGONA;TARRAGONA;Mediterráneo
2;43;169;VILAPLANA;430169;TARRAGONA;TARRAGONA;Mediterráneo
2;43;170;VILA-RODONA;430170;TARRAGONA;TARRAGONA;Mediterráneo
2;43;171;VILA-SECA;430171;TARRAGONA;TARRAGONA;Mediterráneo
2;43;172;VILAVERD;430172;TARRAGONA;TARRAGONA;Mediterráneo
2;43;173;VILELLA ALTA, LA;430173;TARRAGONA;TARRAGONA;Mediterráneo
2;43;174;VILELLA BAIXA, LA;430174;TARRAGONA;TARRAGONA;Mediterráneo
2;43;175;VILALBA DELS ARCS;430175;TARRAGONA;TARRAGONA;Mediterráneo
2;43;176;VIMBODÍ;430176;TARRAGONA;TARRAGONA;Mediterráneo
2;43;177;VINEBRE;430177;TARRAGONA;TARRAGONA;Mediterráneo
2;43;178;VINYOLS I ELS ARCS;430178;TARRAGONA;TARRAGONA;Mediterráneo
2;43;901;DELTEBRE;430901;TARRAGONA;TARRAGONA;Mediterráneo
2;43;902;SANT JAUME D' ENVEJA;430902;TARRAGONA;TARRAGONA;Mediterráneo
2;43;903;CAMARLES;430903;TARRAGONA;TARRAGONA;Mediterráneo
2;43;904;ALDEA, L';430904;TARRAGONA;TARRAGONA;Mediterráneo
2;43;905;SALOU;430905;TARRAGONA;TARRAGONA;Mediterráneo
2;43;906;AMPOLLA, L';430906;TARRAGONA;TARRAGONA;Mediterráneo
2;43;907;CANONJA, LA;430907;TARRAGONA;TARRAGONA;Mediterráneo
2;43;999;OTRA PROVINCIA;430999;TARRAGONA;TARRAGONA;Mediterráneo
3;15;0;INDETERMINADO;150000;A CORUÑA;A CORUÑA;Nororeste
3;15;1;ABEGONDO;150001;A CORUÑA;A CORUÑA;Nororeste
3;15;2;AMES;150002;A CORUÑA;A CORUÑA;Nororeste
3;15;3;ARANGA;150003;A CORUÑA;A CORUÑA;Nororeste
3;15;4;ARES;150004;A CORUÑA;A CORUÑA;Nororeste
3;15;5;ARTEIXO;150005;A CORUÑA;A CORUÑA;Nororeste
3;15;6;ARZÚA;150006;A CORUÑA;A CORUÑA;Nororeste
3;15;7;BAÑA, A;150007;A CORUÑA;A CORUÑA;Nororeste
3;15;8;BERGONDO;150008;A CORUÑA;A CORUÑA;Nororeste
3;15;9;BETANZOS;150009;A CORUÑA;A CORUÑA;Nororeste
3;15;10;BOIMORTO;150010;A CORUÑA;A CORUÑA;Nororeste
3;15;11;BOIRO;150011;A CORUÑA;A CORUÑA;Nororeste
3;15;12;BOQUEIXÓN-CASANOVA;150012;A CORUÑA;A CORUÑA;Nororeste
3;15;13;BRIÓN;150013;A CORUÑA;A CORUÑA;Nororeste
3;15;14;CABANA DE BERGANTIÑOS;150014;A CORUÑA;A CORUÑA;Nororeste
3;15;15;CABANAS;150015;A CORUÑA;A CORUÑA;Nororeste
3;15;16;CAMARIÑAS;150016;A CORUÑA;A CORUÑA;Nororeste
3;15;17;CAMBRE;150017;A CORUÑA;A CORUÑA;Nororeste
3;15;18;CAPELA, A;150018;A CORUÑA;A CORUÑA;Nororeste
3;15;19;CARBALLO;150019;A CORUÑA;A CORUÑA;Nororeste
3;15;20;CARNOTA;150020;A CORUÑA;A CORUÑA;Nororeste
3;15;21;CARRAL;150021;A CORUÑA;A CORUÑA;Nororeste
3;15;22;CEDEIRA;150022;A CORUÑA;A CORUÑA;Nororeste
3;15;23;CEE;150023;A CORUÑA;A CORUÑA;Nororeste
3;15;24;CERCEDA;150024;A CORUÑA;A CORUÑA;Nororeste
3;15;25;CERDIDO;150025;A CORUÑA;A CORUÑA;Nororeste
3;15;26;CESURAS;150026;A CORUÑA;A CORUÑA;Nororeste
3;15;27;COIRÓS;150027;A CORUÑA;A CORUÑA;Nororeste
3;15;28;CORCUBIÓN;150028;A CORUÑA;A CORUÑA;Nororeste
3;15;29;CORISTANCO;150029;A CORUÑA;A CORUÑA;Nororeste
3;15;30;CORUÑA, A;150030;A CORUÑA;A CORUÑA;Nororeste
3;15;31;CULLEREDO;150031;A CORUÑA;A CORUÑA;Nororeste
3;15;32;CURTIS;150032;A CORUÑA;A CORUÑA;Nororeste
3;15;33;DODRO;150033;A CORUÑA;A CORUÑA;Nororeste
3;15;34;DUMBRÍA;150034;A CORUÑA;A CORUÑA;Nororeste
3;15;35;FENE;150035;A CORUÑA;A CORUÑA;Nororeste
3;15;36;FERROL;150036;A CORUÑA;A CORUÑA;Nororeste
3;15;37;FISTERRA;150037;A CORUÑA;A CORUÑA;Nororeste
3;15;38;FRADES;150038;A CORUÑA;A CORUÑA;Nororeste
3;15;39;IRIXOA;150039;A CORUÑA;A CORUÑA;Nororeste
3;15;40;LAXE;150040;A CORUÑA;A CORUÑA;Nororeste
3;15;41;LARACHA, A;150041;A CORUÑA;A CORUÑA;Nororeste
3;15;42;LOUSAME;150042;A CORUÑA;A CORUÑA;Nororeste
3;15;43;MALPICA DE BERGANTIÑOS;150043;A CORUÑA;A CORUÑA;Nororeste
3;15;44;MAÑÓN;150044;A CORUÑA;A CORUÑA;Nororeste
3;15;45;MAZARICOS;150045;A CORUÑA;A CORUÑA;Nororeste
3;15;46;MELIDE;150046;A CORUÑA;A CORUÑA;Nororeste
3;15;47;MESÍA;150047;A CORUÑA;A CORUÑA;Nororeste
3;15;48;MIÑO;150048;A CORUÑA;A CORUÑA;Nororeste
3;15;49;MOECHE;150049;A CORUÑA;A CORUÑA;Nororeste
3;15;50;MONFERO;150050;A CORUÑA;A CORUÑA;Nororeste
3;15;51;MUGARDOS;150051;A CORUÑA;A CORUÑA;Nororeste
3;15;52;MUXÍA;150052;A CORUÑA;A CORUÑA;Nororeste
3;15;53;MUROS;150053;A CORUÑA;A CORUÑA;Nororeste
3;15;54;NARÓN;150054;A CORUÑA;A CORUÑA;Nororeste
3;15;55;NEDA;150055;A CORUÑA;A CORUÑA;Nororeste
3;15;56;NEGREIRA;150056;A CORUÑA;A CORUÑA;Nororeste
3;15;57;NOIA;150057;A CORUÑA;A CORUÑA;Nororeste
3;15;58;OLEIROS;150058;A CORUÑA;A CORUÑA;Nororeste
3;15;59;ORDES;150059;A CORUÑA;A CORUÑA;Nororeste
3;15;60;OROSO;150060;A CORUÑA;A CORUÑA;Nororeste
3;15;61;ORTIGUEIRA;150061;A CORUÑA;A CORUÑA;Nororeste
3;15;62;OUTES;150062;A CORUÑA;A CORUÑA;Nororeste
3;15;63;OZA DOS RÍOS;150063;A CORUÑA;A CORUÑA;Nororeste
3;15;64;PADERNE;150064;A CORUÑA;A CORUÑA;Nororeste
3;15;65;PADRÓN;150065;A CORUÑA;A CORUÑA;Nororeste
3;15;66;PINO, O;150066;A CORUÑA;A CORUÑA;Nororeste
3;15;67;POBRA DO CARAMIÑAL, A;150067;A CORUÑA;A CORUÑA;Nororeste
3;15;68;PONTECESO;150068;A CORUÑA;A CORUÑA;Nororeste
3;15;69;PONTEDEUME;150069;A CORUÑA;A CORUÑA;Nororeste
3;15;70;PONTES DE GARCIA RODRIGUEZ, AS;150070;A CORUÑA;A CORUÑA;Nororeste
3;15;71;PORTO DO SON;150071;A CORUÑA;A CORUÑA;Nororeste
3;15;72;RIANXO;150072;A CORUÑA;A CORUÑA;Nororeste
3;15;73;RIBEIRA;150073;A CORUÑA;A CORUÑA;Nororeste
3;15;74;ROIS;150074;A CORUÑA;A CORUÑA;Nororeste
3;15;75;SADA;150075;A CORUÑA;A CORUÑA;Nororeste
3;15;76;SAN SADURNIÑO;150076;A CORUÑA;A CORUÑA;Nororeste
3;15;77;SANTA COMBA;150077;A CORUÑA;A CORUÑA;Nororeste
3;15;78;SANTIAGO DE COMPOSTELA;150078;A CORUÑA;A CORUÑA;Nororeste
3;15;79;SANTISO;150079;A CORUÑA;A CORUÑA;Nororeste
3;15;80;SOBRADO;150080;A CORUÑA;A CORUÑA;Nororeste
3;15;81;SOMOZAS, AS;150081;A CORUÑA;A CORUÑA;Nororeste
3;15;82;TEO;150082;A CORUÑA;A CORUÑA;Nororeste
3;15;83;TOQUES;150083;A CORUÑA;A CORUÑA;Nororeste
3;15;84;TORDOIA;150084;A CORUÑA;A CORUÑA;Nororeste
3;15;85;TOURO;150085;A CORUÑA;A CORUÑA;Nororeste
3;15;86;TRAZO;150086;A CORUÑA;A CORUÑA;Nororeste
3;15;87;VALDOVIÑO;150087;A CORUÑA;A CORUÑA;Nororeste
3;15;88;VAL DO DUBRA;150088;A CORUÑA;A CORUÑA;Nororeste
3;15;89;VEDRA;150089;A CORUÑA;A CORUÑA;Nororeste
3;15;90;VILASANTAR;150090;A CORUÑA;A CORUÑA;Nororeste
3;15;91;VILARMAIOR;150091;A CORUÑA;A CORUÑA;Nororeste
3;15;92;VIMIANZO;150092;A CORUÑA;A CORUÑA;Nororeste
3;15;93;ZAS;150093;A CORUÑA;A CORUÑA;Nororeste
3;15;901;CARIÑO;150901;A CORUÑA;A CORUÑA;Nororeste
3;15;999;OTRA PROVINCIA;150999;A CORUÑA;A CORUÑA;Nororeste
3;27;0;INDETERMINADO;270000;LUGO;LUGO;Nororeste
3;27;1;ABADÍN;270001;LUGO;LUGO;Nororeste
3;27;2;ALFOZ;270002;LUGO;LUGO;Nororeste
3;27;3;ANTAS DE ULLA;270003;LUGO;LUGO;Nororeste
3;27;4;BALEIRA;270004;LUGO;LUGO;Nororeste
3;27;5;BARREIROS;270005;LUGO;LUGO;Nororeste
3;27;6;BECERREÁ;270006;LUGO;LUGO;Nororeste
3;27;7;BEGONTE;270007;LUGO;LUGO;Nororeste
3;27;8;BÓVEDA;270008;LUGO;LUGO;Nororeste
3;27;9;CARBALLEDO;270009;LUGO;LUGO;Nororeste
3;27;10;CASTRO DE REI;270010;LUGO;LUGO;Nororeste
3;27;11;CASTROVERDE;270011;LUGO;LUGO;Nororeste
3;27;12;CERVANTES;270012;LUGO;LUGO;Nororeste
3;27;13;CERVO;270013;LUGO;LUGO;Nororeste
3;27;14;CORGO, O;270014;LUGO;LUGO;Nororeste
3;27;15;COSPEITO;270015;LUGO;LUGO;Nororeste
3;27;16;CHANTADA;270016;LUGO;LUGO;Nororeste
3;27;17;FOLGOSO DO COUREL;270017;LUGO;LUGO;Nororeste
3;27;18;FONSAGRADA, A;270018;LUGO;LUGO;Nororeste
3;27;19;FOZ;270019;LUGO;LUGO;Nororeste
3;27;20;FRIOL;270020;LUGO;LUGO;Nororeste
3;27;21;XERMADE;270021;LUGO;LUGO;Nororeste
3;27;22;GUITIRIZ;270022;LUGO;LUGO;Nororeste
3;27;23;GUNTÍN;270023;LUGO;LUGO;Nororeste
3;27;24;INCIO, O;270024;LUGO;LUGO;Nororeste
3;27;25;XOVE;270025;LUGO;LUGO;Nororeste
3;27;26;LÁNCARA;270026;LUGO;LUGO;Nororeste
3;27;27;LOURENZÁ;270027;LUGO;LUGO;Nororeste
3;27;28;LUGO;270028;LUGO;LUGO;Nororeste
3;27;29;MEIRA;270029;LUGO;LUGO;Nororeste
3;27;30;MONDOÑEDO;270030;LUGO;LUGO;Nororeste
3;27;31;MONFORTE DE LEMOS;270031;LUGO;LUGO;Nororeste
3;27;32;MONTERROSO;270032;LUGO;LUGO;Nororeste
3;27;33;MURAS;270033;LUGO;LUGO;Nororeste
3;27;34;NAVIA DE SUARNA;270034;LUGO;LUGO;Nororeste
3;27;35;NEGUEIRA DE MUÑIZ;270035;LUGO;LUGO;Nororeste
3;27;36;NEIRA DE JUSA;270036;LUGO;LUGO;Nororeste
3;27;37;NOGAIS, AS;270037;LUGO;LUGO;Nororeste
3;27;38;OUROL;270038;LUGO;LUGO;Nororeste
3;27;39;OUTEIRO DE REI;270039;LUGO;LUGO;Nororeste
3;27;40;PALAS DE REI;270040;LUGO;LUGO;Nororeste
3;27;41;PANTÓN;270041;LUGO;LUGO;Nororeste
3;27;42;PARADELA;270042;LUGO;LUGO;Nororeste
3;27;43;PÁRAMO, O;270043;LUGO;LUGO;Nororeste
3;27;44;PASTORIZA, A;270044;LUGO;LUGO;Nororeste
3;27;45;PEDRAFITA DO CEBREIRO;270045;LUGO;LUGO;Nororeste
3;27;46;POL;270046;LUGO;LUGO;Nororeste
3;27;47;POBLA DO BROLLÓN, A;270047;LUGO;LUGO;Nororeste
3;27;48;PONTENOVA, A;270048;LUGO;LUGO;Nororeste
3;27;49;PORTOMARÍN;270049;LUGO;LUGO;Nororeste
3;27;50;QUIROGA;270050;LUGO;LUGO;Nororeste
3;27;51;RIBADEO;270051;LUGO;LUGO;Nororeste
3;27;52;RIBAS DE SIL;270052;LUGO;LUGO;Nororeste
3;27;53;RIBEIRA DE PIQUÍN;270053;LUGO;LUGO;Nororeste
3;27;54;RIOTORTO;270054;LUGO;LUGO;Nororeste
3;27;55;SAMOS;270055;LUGO;LUGO;Nororeste
3;27;56;RÁBADE;270056;LUGO;LUGO;Nororeste
3;27;57;SARRIA;270057;LUGO;LUGO;Nororeste
3;27;58;SAVIÑAO, O;270058;LUGO;LUGO;Nororeste
3;27;59;SOBER;270059;LUGO;LUGO;Nororeste
3;27;60;TABOADA;270060;LUGO;LUGO;Nororeste
3;27;61;TRABADA;270061;LUGO;LUGO;Nororeste
3;27;62;TRIACASTELA;270062;LUGO;LUGO;Nororeste
3;27;63;VALADOURO, O;270063;LUGO;LUGO;Nororeste
3;27;64;VICEDO, O;270064;LUGO;LUGO;Nororeste
3;27;65;VILALBA;270065;LUGO;LUGO;Nororeste
3;27;66;VIVEIRO;270066;LUGO;LUGO;Nororeste
3;27;901;BARALLA;270901;LUGO;LUGO;Nororeste
3;27;902;BURELA;270902;LUGO;LUGO;Nororeste
3;27;999;OTRA PROVINCIA;270999;LUGO;LUGO;Nororeste
3;32;0;INDETERMINADO;320000;OURENSE;OURENSE;Nororeste
3;32;1;ALLARIZ;320001;OURENSE;OURENSE;Nororeste
3;32;2;AMOEIRO;320002;OURENSE;OURENSE;Nororeste
3;32;3;ARNOIA, A;320003;OURENSE;OURENSE;Nororeste
3;32;4;AVIÓN;320004;OURENSE;OURENSE;Nororeste
3;32;5;BALTAR;320005;OURENSE;OURENSE;Nororeste
3;32;6;BANDE;320006;OURENSE;OURENSE;Nororeste
3;32;7;BAÑOS DE MOLGAS;320007;OURENSE;OURENSE;Nororeste
3;32;8;BARBADÁS;320008;OURENSE;OURENSE;Nororeste
3;32;9;BARCO DE VALDEORRAS, O;320009;OURENSE;OURENSE;Nororeste
3;32;10;BEADE;320010;OURENSE;OURENSE;Nororeste
3;32;11;BEARIZ;320011;OURENSE;OURENSE;Nororeste
3;32;12;BLANCOS, OS;320012;OURENSE;OURENSE;Nororeste
3;32;13;BOBORÁS;320013;OURENSE;OURENSE;Nororeste
3;32;14;BOLA, A;320014;OURENSE;OURENSE;Nororeste
3;32;15;BOLO, O;320015;OURENSE;OURENSE;Nororeste
3;32;16;CALVOS DE RANDÍN;320016;OURENSE;OURENSE;Nororeste
3;32;17;CARBALLEDA DE VALDEORRAS;320017;OURENSE;OURENSE;Nororeste
3;32;18;CARBALLEDA DE AVIA;320018;OURENSE;OURENSE;Nororeste
3;32;19;CARBALLINO, O;320019;OURENSE;OURENSE;Nororeste
3;32;20;CARTELLE;320020;OURENSE;OURENSE;Nororeste
3;32;21;CASTRELO DO VAL;320021;OURENSE;OURENSE;Nororeste
3;32;22;CASTRELO DE MIÑO;320022;OURENSE;OURENSE;Nororeste
3;32;23;CASTRO CALDELAS;320023;OURENSE;OURENSE;Nororeste
3;32;24;CELANOVA;320024;OURENSE;OURENSE;Nororeste
3;32;25;CENLLE;320025;OURENSE;OURENSE;Nororeste
3;32;26;COLES;320026;OURENSE;OURENSE;Nororeste
3;32;27;CORTEGADA;320027;OURENSE;OURENSE;Nororeste
3;32;28;CUALEDRO;320028;OURENSE;OURENSE;Nororeste
3;32;29;CHANDREXA DE QUEIXA;320029;OURENSE;OURENSE;Nororeste
3;32;30;ENTRIMO;320030;OURENSE;OURENSE;Nororeste
3;32;31;ESGOS;320031;OURENSE;OURENSE;Nororeste
3;32;32;XINZO DE LIMIA;320032;OURENSE;OURENSE;Nororeste
3;32;33;GOMESENDE;320033;OURENSE;OURENSE;Nororeste
3;32;34;GUDIÑA, A;320034;OURENSE;OURENSE;Nororeste
3;32;35;IRIXO, O;320035;OURENSE;OURENSE;Nororeste
3;32;36;XUNQUEIRA DE AMBÍA;320036;OURENSE;OURENSE;Nororeste
3;32;37;XUNQUEIRA DE ESPADANEDO;320037;OURENSE;OURENSE;Nororeste
3;32;38;LAROUCO;320038;OURENSE;OURENSE;Nororeste
3;32;39;LAZA;320039;OURENSE;OURENSE;Nororeste
3;32;40;LEIRO;320040;OURENSE;OURENSE;Nororeste
3;32;41;LOBEIRA;320041;OURENSE;OURENSE;Nororeste
3;32;42;LOBIOS;320042;OURENSE;OURENSE;Nororeste
3;32;43;MACEDA;320043;OURENSE;OURENSE;Nororeste
3;32;44;MANZANEDA;320044;OURENSE;OURENSE;Nororeste
3;32;45;MASIDE;320045;OURENSE;OURENSE;Nororeste
3;32;46;MELÓN;320046;OURENSE;OURENSE;Nororeste
3;32;47;MERCA, A;320047;OURENSE;OURENSE;Nororeste
3;32;48;MEZQUITA, A;320048;OURENSE;OURENSE;Nororeste
3;32;49;MONTEDERRAMO;320049;OURENSE;OURENSE;Nororeste
3;32;50;MONTERREI;320050;OURENSE;OURENSE;Nororeste
3;32;51;MUIÑOS;320051;OURENSE;OURENSE;Nororeste
3;32;52;NOGUEIRA DE RAMUÍN;320052;OURENSE;OURENSE;Nororeste
3;32;53;OÍMBRA;320053;OURENSE;OURENSE;Nororeste
3;32;54;OURENSE;320054;OURENSE;OURENSE;Nororeste
3;32;55;PADERNE DE ALLARIZ;320055;OURENSE;OURENSE;Nororeste
3;32;56;PADRENDA;320056;OURENSE;OURENSE;Nororeste
3;32;57;PARADA DE SIL;320057;OURENSE;OURENSE;Nororeste
3;32;58;PEREIRO DE AGUIAR, O;320058;OURENSE;OURENSE;Nororeste
3;32;59;PEROXA, A;320059;OURENSE;OURENSE;Nororeste
3;32;60;PETÍN;320060;OURENSE;OURENSE;Nororeste
3;32;61;PIÑOR;320061;OURENSE;OURENSE;Nororeste
3;32;62;PORQUEIRA;320062;OURENSE;OURENSE;Nororeste
3;32;63;POBRA DE TRIVES, A;320063;OURENSE;OURENSE;Nororeste
3;32;64;PONTEDEVA;320064;OURENSE;OURENSE;Nororeste
3;32;65;PUNXÍN;320065;OURENSE;OURENSE;Nororeste
3;32;66;QUINTELA DE LEIRADO;320066;OURENSE;OURENSE;Nororeste
3;32;67;RAIRIZ DE VEIGA;320067;OURENSE;OURENSE;Nororeste
3;32;68;RAMIRÁS;320068;OURENSE;OURENSE;Nororeste
3;32;69;RIBADAVIA;320069;OURENSE;OURENSE;Nororeste
3;32;70;SAN XOAN DE RIO;320070;OURENSE;OURENSE;Nororeste
3;32;71;RIÓS;320071;OURENSE;OURENSE;Nororeste
3;32;72;RÚA, A;320072;OURENSE;OURENSE;Nororeste
3;32;73;RUBIÁ;320073;OURENSE;OURENSE;Nororeste
3;32;74;SAN AMARO;320074;OURENSE;OURENSE;Nororeste
3;32;75;SAN CIBRAO DAS VIÑAS;320075;OURENSE;OURENSE;Nororeste
3;32;76;SAN CRISTOVO DE CEA;320076;OURENSE;OURENSE;Nororeste
3;32;77;SANDIÁS;320077;OURENSE;OURENSE;Nororeste
3;32;78;SARREAUS;320078;OURENSE;OURENSE;Nororeste
3;32;79;TABOADELA;320079;OURENSE;OURENSE;Nororeste
3;32;80;TEIXEIRA, A;320080;OURENSE;OURENSE;Nororeste
3;32;81;TOÉN;320081;OURENSE;OURENSE;Nororeste
3;32;82;TRASMIRAS;320082;OURENSE;OURENSE;Nororeste
3;32;83;VEIGA, A;320083;OURENSE;OURENSE;Nororeste
3;32;84;VEREA;320084;OURENSE;OURENSE;Nororeste
3;32;85;VERÍN;320085;OURENSE;OURENSE;Nororeste
3;32;86;VIANA DO BOLO;320086;OURENSE;OURENSE;Nororeste
3;32;87;VILAMARÍN;320087;OURENSE;OURENSE;Nororeste
3;32;88;VILAMARTÍN DE VALDEORRAS;320088;OURENSE;OURENSE;Nororeste
3;32;89;VILAR DE BARRIO;320089;OURENSE;OURENSE;Nororeste
3;32;90;VILAR DE SANTOS;320090;OURENSE;OURENSE;Nororeste
3;32;91;VILARDEVÓS;320091;OURENSE;OURENSE;Nororeste
3;32;92;VILARIÑO DE CONSO;320092;OURENSE;OURENSE;Nororeste
3;32;998;PORTUGAL;320998;OURENSE;OURENSE;Nororeste
3;32;999;OTRA PROVINCIA;320999;OURENSE;OURENSE;Nororeste
3;36;0;INDETERMINADO;360000;PONTEVEDRA;PONTEVEDRA;Nororeste
3;36;1;ARBO;360001;PONTEVEDRA;PONTEVEDRA;Nororeste
3;36;2;BARRO;360002;PONTEVEDRA;PONTEVEDRA;Nororeste
3;36;3;BAIONA;360003;PONTEVEDRA;PONTEVEDRA;Nororeste
3;36;4;BUEU;360004;PONTEVEDRA;PONTEVEDRA;Nororeste
3;36;5;CALDAS DE REIS;360005;PONTEVEDRA;PONTEVEDRA;Nororeste
3;36;6;CAMBADOS;360006;PONTEVEDRA;PONTEVEDRA;Nororeste
3;36;7;CAMPO LAMEIRO;360007;PONTEVEDRA;PONTEVEDRA;Nororeste
3;36;8;CANGAS;360008;PONTEVEDRA;PONTEVEDRA;Nororeste
3;36;9;CAÑIZA, A;360009;PONTEVEDRA;PONTEVEDRA;Nororeste
3;36;10;CATOIRA;360010;PONTEVEDRA;PONTEVEDRA;Nororeste
3;36;11;CERDEDO;360011;PONTEVEDRA;PONTEVEDRA;Nororeste
3;36;12;COTOBADE;360012;PONTEVEDRA;PONTEVEDRA;Nororeste
3;36;13;COVELO;360013;PONTEVEDRA;PONTEVEDRA;Nororeste
3;36;14;CRECENTE;360014;PONTEVEDRA;PONTEVEDRA;Nororeste
3;36;15;CUNTIS;360015;PONTEVEDRA;PONTEVEDRA;Nororeste
3;36;16;DOZÓN;360016;PONTEVEDRA;PONTEVEDRA;Nororeste
3;36;17;ESTRADA, A;360017;PONTEVEDRA;PONTEVEDRA;Nororeste
3;36;18;FORCAREI;360018;PONTEVEDRA;PONTEVEDRA;Nororeste
3;36;19;FORNELOS DE MONTES;360019;PONTEVEDRA;PONTEVEDRA;Nororeste
3;36;20;AGOLADA;360020;PONTEVEDRA;PONTEVEDRA;Nororeste
3;36;21;GONDOMAR;360021;PONTEVEDRA;PONTEVEDRA;Nororeste
3;36;22;GROVE, O;360022;PONTEVEDRA;PONTEVEDRA;Nororeste
3;36;23;GUARDA, A;360023;PONTEVEDRA;PONTEVEDRA;Nororeste
3;36;24;LALÍN;360024;PONTEVEDRA;PONTEVEDRA;Nororeste
3;36;25;LAMA, A;360025;PONTEVEDRA;PONTEVEDRA;Nororeste
3;36;26;MARÍN;360026;PONTEVEDRA;PONTEVEDRA;Nororeste
3;36;27;MEAÑO;360027;PONTEVEDRA;PONTEVEDRA;Nororeste
3;36;28;MEIS;360028;PONTEVEDRA;PONTEVEDRA;Nororeste
3;36;29;MOAÑA;360029;PONTEVEDRA;PONTEVEDRA;Nororeste
3;36;30;MONDARIZ;360030;PONTEVEDRA;PONTEVEDRA;Nororeste
3;36;31;MONDARIZ-BALNEARIO;360031;PONTEVEDRA;PONTEVEDRA;Nororeste
3;36;32;MORAÑA;360032;PONTEVEDRA;PONTEVEDRA;Nororeste
3;36;33;MOS;360033;PONTEVEDRA;PONTEVEDRA;Nororeste
3;36;34;NEVES, AS;360034;PONTEVEDRA;PONTEVEDRA;Nororeste
3;36;35;NIGRÁN;360035;PONTEVEDRA;PONTEVEDRA;Nororeste
3;36;36;OIA;360036;PONTEVEDRA;PONTEVEDRA;Nororeste
3;36;37;PAZOS DE BORBÉN;360037;PONTEVEDRA;PONTEVEDRA;Nororeste
3;36;38;PONTEVEDRA;360038;PONTEVEDRA;PONTEVEDRA;Nororeste
3;36;39;PORRIÑO, O;360039;PONTEVEDRA;PONTEVEDRA;Nororeste
3;36;40;PORTAS;360040;PONTEVEDRA;PONTEVEDRA;Nororeste
3;36;41;POIO;360041;PONTEVEDRA;PONTEVEDRA;Nororeste
3;36;42;PONTEAREAS;360042;PONTEVEDRA;PONTEVEDRA;Nororeste
3;36;43;PONTE CALDELAS;360043;PONTEVEDRA;PONTEVEDRA;Nororeste
3;36;44;PONTECESURES;360044;PONTEVEDRA;PONTEVEDRA;Nororeste
3;36;45;REDONDELA;360045;PONTEVEDRA;PONTEVEDRA;Nororeste
3;36;46;RIBADUMIA;360046;PONTEVEDRA;PONTEVEDRA;Nororeste
3;36;47;RODEIRO;360047;PONTEVEDRA;PONTEVEDRA;Nororeste
3;36;48;ROSAL, O;360048;PONTEVEDRA;PONTEVEDRA;Nororeste
3;36;49;SALCEDA DE CASELAS;360049;PONTEVEDRA;PONTEVEDRA;Nororeste
3;36;50;SALVATERRA DE MIÑO;360050;PONTEVEDRA;PONTEVEDRA;Nororeste
3;36;51;SANXENXO;360051;PONTEVEDRA;PONTEVEDRA;Nororeste
3;36;52;SILLEDA;360052;PONTEVEDRA;PONTEVEDRA;Nororeste
3;36;53;SOUTOMAIOR;360053;PONTEVEDRA;PONTEVEDRA;Nororeste
3;36;54;TOMIÑO;360054;PONTEVEDRA;PONTEVEDRA;Nororeste
3;36;55;TUI;360055;PONTEVEDRA;PONTEVEDRA;Nororeste
3;36;56;VALGA;360056;PONTEVEDRA;PONTEVEDRA;Nororeste
3;36;57;VIGO;360057;PONTEVEDRA;PONTEVEDRA;Nororeste
3;36;58;VILABOA;360058;PONTEVEDRA;PONTEVEDRA;Nororeste
3;36;59;VILA DE CRUCES;360059;PONTEVEDRA;PONTEVEDRA;Nororeste
3;36;60;VILAGARCÍA DE AROUSA;360060;PONTEVEDRA;PONTEVEDRA;Nororeste
3;36;61;VILANOVA DE AROUSA;360061;PONTEVEDRA;PONTEVEDRA;Nororeste
3;36;901;ILLA DE AROUSA, A;360901;PONTEVEDRA;PONTEVEDRA;Nororeste
3;36;998;PORTUGAL;360998;PONTEVEDRA;PONTEVEDRA;Nororeste
3;36;999;OTRA PROVINCIA;360999;PONTEVEDRA;PONTEVEDRA;Nororeste
4;4;0;INDETERMINADO;40000;ALMERíA;ALMERIA;Mediterráneo
4;4;1;ABLA;40001;ALMERíA;ALMERIA;Mediterráneo
4;4;2;ABRUCENA;40002;ALMERíA;ALMERIA;Mediterráneo
4;4;3;ADRA;40003;ALMERíA;ALMERIA;Mediterráneo
4;4;4;ALBÁNCHEZ;40004;ALMERíA;ALMERIA;Mediterráneo
4;4;5;ALBOLODUY;40005;ALMERíA;ALMERIA;Mediterráneo
4;4;6;ALBOX;40006;ALMERíA;ALMERIA;Mediterráneo
4;4;7;ALCOLEA;40007;ALMERíA;ALMERIA;Mediterráneo
4;4;8;ALCÓNTAR;40008;ALMERíA;ALMERIA;Mediterráneo
4;4;9;ALCUDIA DE MONTEAGUD;40009;ALMERíA;ALMERIA;Mediterráneo
4;4;10;ALHABIA;40010;ALMERíA;ALMERIA;Mediterráneo
4;4;11;ALHAMA DE ALMERÍA;40011;ALMERíA;ALMERIA;Mediterráneo
4;4;12;ALICÚN;40012;ALMERíA;ALMERIA;Mediterráneo
4;4;13;ALMERÍA;40013;ALMERíA;ALMERIA;Mediterráneo
4;4;14;ALMÓCITA;40014;ALMERíA;ALMERIA;Mediterráneo
4;4;15;ALSODUX;40015;ALMERíA;ALMERIA;Mediterráneo
4;4;16;ANTAS;40016;ALMERíA;ALMERIA;Mediterráneo
4;4;17;ARBOLEAS;40017;ALMERíA;ALMERIA;Mediterráneo
4;4;18;ARMUÑA DE ALMANZORA;40018;ALMERíA;ALMERIA;Mediterráneo
4;4;19;BACARES;40019;ALMERíA;ALMERIA;Mediterráneo
4;4;20;BAYÁRCAL;40020;ALMERíA;ALMERIA;Mediterráneo
4;4;21;BAYARQUE;40021;ALMERíA;ALMERIA;Mediterráneo
4;4;22;BÉDAR;40022;ALMERíA;ALMERIA;Mediterráneo
4;4;23;BEIRES;40023;ALMERíA;ALMERIA;Mediterráneo
4;4;24;BENAHADUX;40024;ALMERíA;ALMERIA;Mediterráneo
4;4;25;BENINAR;40025;ALMERíA;ALMERIA;Mediterráneo
4;4;26;BENITAGLA;40026;ALMERíA;ALMERIA;Mediterráneo
4;4;27;BENIZALÓN;40027;ALMERíA;ALMERIA;Mediterráneo
4;4;28;BENTARIQUE;40028;ALMERíA;ALMERIA;Mediterráneo
4;4;29;BERJA;40029;ALMERíA;ALMERIA;Mediterráneo
4;4;30;CANJÁYAR;40030;ALMERíA;ALMERIA;Mediterráneo
4;4;31;CANTORIA;40031;ALMERíA;ALMERIA;Mediterráneo
4;4;32;CARBONERAS;40032;ALMERíA;ALMERIA;Mediterráneo
4;4;33;CASTRO DE FILABRES;40033;ALMERíA;ALMERIA;Mediterráneo
4;4;34;CÓBDAR;40034;ALMERíA;ALMERIA;Mediterráneo
4;4;35;CUEVAS DEL ALMANZORA;40035;ALMERíA;ALMERIA;Mediterráneo
4;4;36;CHERCOS;40036;ALMERíA;ALMERIA;Mediterráneo
4;4;37;CHIRIVEL;40037;ALMERíA;ALMERIA;Mediterráneo
4;4;38;DALÍAS;40038;ALMERíA;ALMERIA;Mediterráneo
4;4;39;DARRICAL;40039;ALMERíA;ALMERIA;Mediterráneo
4;4;41;ENIX;40041;ALMERíA;ALMERIA;Mediterráneo
4;4;43;FELIX;40043;ALMERíA;ALMERIA;Mediterráneo
4;4;44;FINES;40044;ALMERíA;ALMERIA;Mediterráneo
4;4;45;FIÑANA;40045;ALMERíA;ALMERIA;Mediterráneo
4;4;46;FONDÓN;40046;ALMERíA;ALMERIA;Mediterráneo
4;4;47;GÁDOR;40047;ALMERíA;ALMERIA;Mediterráneo
4;4;48;GALLARDOS, LOS;40048;ALMERíA;ALMERIA;Mediterráneo
4;4;49;GARRUCHA;40049;ALMERíA;ALMERIA;Mediterráneo
4;4;50;GÉRGAL;40050;ALMERíA;ALMERIA;Mediterráneo
4;4;51;HUÉCIJA;40051;ALMERíA;ALMERIA;Mediterráneo
4;4;52;HUÉRCAL DE ALMERÍA;40052;ALMERíA;ALMERIA;Mediterráneo
4;4;53;HUÉRCA-OVERA;40053;ALMERíA;ALMERIA;Mediterráneo
4;4;54;ILLAR;40054;ALMERíA;ALMERIA;Mediterráneo
4;4;55;INSTINCIÓN;40055;ALMERíA;ALMERIA;Mediterráneo
4;4;56;LAROYA;40056;ALMERíA;ALMERIA;Mediterráneo
4;4;57;LÁUJAR DE ANDARAX;40057;ALMERíA;ALMERIA;Mediterráneo
4;4;58;LÍJAR;40058;ALMERíA;ALMERIA;Mediterráneo
4;4;59;LUBRÍN;40059;ALMERíA;ALMERIA;Mediterráneo
4;4;60;LUCAINENA DE LAS TORRES;40060;ALMERíA;ALMERIA;Mediterráneo
4;4;61;LÚCAR;40061;ALMERíA;ALMERIA;Mediterráneo
4;4;62;MACAEL;40062;ALMERíA;ALMERIA;Mediterráneo
4;4;63;MARÍA;40063;ALMERíA;ALMERIA;Mediterráneo
4;4;64;MOJÁCAR;40064;ALMERíA;ALMERIA;Mediterráneo
4;4;65;NACIMIENTO;40065;ALMERíA;ALMERIA;Mediterráneo
4;4;66;NÍJAR;40066;ALMERíA;ALMERIA;Mediterráneo
4;4;67;OHANES;40067;ALMERíA;ALMERIA;Mediterráneo
4;4;68;OLULA DE CASTRO;40068;ALMERíA;ALMERIA;Mediterráneo
4;4;69;OLULA DEL RÍO;40069;ALMERíA;ALMERIA;Mediterráneo
4;4;70;ORIA;40070;ALMERíA;ALMERIA;Mediterráneo
4;4;71;PADULES;40071;ALMERíA;ALMERIA;Mediterráneo
4;4;72;PARTALOA;40072;ALMERíA;ALMERIA;Mediterráneo
4;4;73;PATERNA DEL RÍO;40073;ALMERíA;ALMERIA;Mediterráneo
4;4;74;PECHINA;40074;ALMERíA;ALMERIA;Mediterráneo
4;4;75;PULPÍ;40075;ALMERíA;ALMERIA;Mediterráneo
4;4;76;PURCHENA;40076;ALMERíA;ALMERIA;Mediterráneo
4;4;77;RÁGOL;40077;ALMERíA;ALMERIA;Mediterráneo
4;4;78;RIOJA;40078;ALMERíA;ALMERIA;Mediterráneo
4;4;79;ROQUETAS DE MAR;40079;ALMERíA;ALMERIA;Mediterráneo
4;4;80;SANTA CRUZ DE MARCHENA;40080;ALMERíA;ALMERIA;Mediterráneo
4;4;81;SANTA FE DE MONDÚJAR;40081;ALMERíA;ALMERIA;Mediterráneo
4;4;82;SENÉS;40082;ALMERíA;ALMERIA;Mediterráneo
4;4;83;SERÓN;40083;ALMERíA;ALMERIA;Mediterráneo
4;4;84;SIERRO;40084;ALMERíA;ALMERIA;Mediterráneo
4;4;85;SOMONTÍN;40085;ALMERíA;ALMERIA;Mediterráneo
4;4;86;SORBAS;40086;ALMERíA;ALMERIA;Mediterráneo
4;4;87;SUFLÍ;40087;ALMERíA;ALMERIA;Mediterráneo
4;4;88;TABERNAS;40088;ALMERíA;ALMERIA;Mediterráneo
4;4;89;TABERNO;40089;ALMERíA;ALMERIA;Mediterráneo
4;4;90;TAHAL;40090;ALMERíA;ALMERIA;Mediterráneo
4;4;91;TERQUE;40091;ALMERíA;ALMERIA;Mediterráneo
4;4;92;TÍJOLA;40092;ALMERíA;ALMERIA;Mediterráneo
4;4;93;TURRE;40093;ALMERíA;ALMERIA;Mediterráneo
4;4;94;TURRILLAS;40094;ALMERíA;ALMERIA;Mediterráneo
4;4;95;ULEILA DEL CAMPO;40095;ALMERíA;ALMERIA;Mediterráneo
4;4;96;URRÁCAL;40096;ALMERíA;ALMERIA;Mediterráneo
4;4;97;VELEFIQUE;40097;ALMERíA;ALMERIA;Mediterráneo
4;4;98;VÉLEZ-BLANCO;40098;ALMERíA;ALMERIA;Mediterráneo
4;4;99;VÉLEZ-RUBIO;40099;ALMERíA;ALMERIA;Mediterráneo
4;4;100;VERA;40100;ALMERíA;ALMERIA;Mediterráneo
4;4;101;VIATOR;40101;ALMERíA;ALMERIA;Mediterráneo
4;4;102;VÍCAR;40102;ALMERíA;ALMERIA;Mediterráneo
4;4;103;ZURGENA;40103;ALMERíA;ALMERIA;Mediterráneo
4;4;901;TRES VILLAS, LAS;40901;ALMERíA;ALMERIA;Mediterráneo
4;4;902;EJIDO, EL;40902;ALMERíA;ALMERIA;Mediterráneo
4;4;903;MOJONERA, LA;40903;ALMERíA;ALMERIA;Mediterráneo
4;4;904;FUENTE VICTORIA;40904;ALMERíA;ALMERIA;Mediterráneo
4;4;905;BALANEGRA;40905;ALMERíA;ALMERIA;Mediterráneo
4;4;999;OTRA PROVINCIA;40999;ALMERíA;ALMERIA;Mediterráneo
4;11;0;INDETERMINADO;110000;CáDIZ;CADIZ;Mediterráneo
4;11;1;ALCALÁ  DE LOS GAZULES;110001;CáDIZ;CADIZ;Mediterráneo
4;11;2;ALCALÁ DEL VALLE;110002;CáDIZ;CADIZ;Mediterráneo
4;11;3;ALGAR;110003;CáDIZ;CADIZ;Mediterráneo
4;11;4;ALGECIRAS;110004;CáDIZ;CADIZ;Mediterráneo
4;11;5;ALGODONALES;110005;CáDIZ;CADIZ;Mediterráneo
4;11;6;ARCOS DE LA FRONTERA;110006;CáDIZ;CADIZ;Mediterráneo
4;11;7;BARBATE;110007;CáDIZ;CADIZ;Mediterráneo
4;11;8;BARRIOS, LOS;110008;CáDIZ;CADIZ;Mediterráneo
4;11;9;BENAOCAZ;110009;CáDIZ;CADIZ;Mediterráneo
4;11;10;BORNOS;110010;CáDIZ;CADIZ;Mediterráneo
4;11;11;BOSQUE, EL;110011;CáDIZ;CADIZ;Mediterráneo
4;11;12;CÁDIZ;110012;CáDIZ;CADIZ;Mediterráneo
4;11;13;CASTELLAR DE LA FRONTERA;110013;CáDIZ;CADIZ;Mediterráneo
4;11;14;CONIL DE LA FRONTERA;110014;CáDIZ;CADIZ;Mediterráneo
4;11;15;CHICLANA DE LA FRONTERA;110015;CáDIZ;CADIZ;Mediterráneo
4;11;16;CHIPIONA;110016;CáDIZ;CADIZ;Mediterráneo
4;11;17;ESPERA;110017;CáDIZ;CADIZ;Mediterráneo
4;11;18;GASTOR, EL;110018;CáDIZ;CADIZ;Mediterráneo
4;11;19;GRAZALEMA;110019;CáDIZ;CADIZ;Mediterráneo
4;11;20;JEREZ DE LA FRONTERA;110020;CáDIZ;CADIZ;Mediterráneo
4;11;21;JIMENA DE LA FRONTERA;110021;CáDIZ;CADIZ;Mediterráneo
4;11;22;LINEA  CONCEPCION, LA;110022;CáDIZ;CADIZ;Mediterráneo
4;11;23;MEDINA-SIDONIA;110023;CáDIZ;CADIZ;Mediterráneo
4;11;24;OLVERA;110024;CáDIZ;CADIZ;Mediterráneo
4;11;25;PATERNA DE RIVERA;110025;CáDIZ;CADIZ;Mediterráneo
4;11;26;PRADO DEL REY;110026;CáDIZ;CADIZ;Mediterráneo
4;11;27;PUERTO SANTA MARIA, EL;110027;CáDIZ;CADIZ;Mediterráneo
4;11;28;PUERTO REAL;110028;CáDIZ;CADIZ;Mediterráneo
4;11;29;PUERTO SERRANO;110029;CáDIZ;CADIZ;Mediterráneo
4;11;30;ROTA;110030;CáDIZ;CADIZ;Mediterráneo
4;11;31;SAN FERNANDO;110031;CáDIZ;CADIZ;Mediterráneo
4;11;32;SANLÚCAR DE BARRAMEDA;110032;CáDIZ;CADIZ;Mediterráneo
4;11;33;SAN ROQUE;110033;CáDIZ;CADIZ;Mediterráneo
4;11;34;SETENIL DE LAS BODEGAS;110034;CáDIZ;CADIZ;Mediterráneo
4;11;35;TARIFA;110035;CáDIZ;CADIZ;Mediterráneo
4;11;36;TORRE ALHÁQUIME;110036;CáDIZ;CADIZ;Mediterráneo
4;11;37;TREBUJENA;110037;CáDIZ;CADIZ;Mediterráneo
4;11;38;UBRIQUE;110038;CáDIZ;CADIZ;Mediterráneo
4;11;39;VEJER DE LA FRONTERA;110039;CáDIZ;CADIZ;Mediterráneo
4;11;40;VILLALUENGA DEL ROSARIO;110040;CáDIZ;CADIZ;Mediterráneo
4;11;41;VILLAMARTÍN;110041;CáDIZ;CADIZ;Mediterráneo
4;11;42;ZAHARA;110042;CáDIZ;CADIZ;Mediterráneo
4;11;901;BENALUP-CASAS VIEJAS;110901;CáDIZ;CADIZ;Mediterráneo
4;11;902;SAN JOSÉ DEL VALLE;110902;CáDIZ;CADIZ;Mediterráneo
4;11;999;OTRA PROVINCIA;110999;CáDIZ;CADIZ;Mediterráneo
4;14;0;INDETERMINADO;140000;Córdoba ;Córdoba Andalucía;Mediterráneo
4;14;1;ADAMUZ;140001;Córdoba ;Córdoba Andalucía;Mediterráneo
4;14;2;AGUILAR DE LA FRONTERA;140002;Córdoba ;Córdoba Andalucía;Mediterráneo
4;14;3;ALCARACEJOS;140003;Córdoba ;Córdoba Andalucía;Mediterráneo
4;14;4;ALMEDINILLA;140004;Córdoba ;Córdoba Andalucía;Mediterráneo
4;14;5;ALMODÓVAR DEL RÍO;140005;Córdoba ;Córdoba Andalucía;Mediterráneo
4;14;6;AÑORA;140006;Córdoba ;Córdoba Andalucía;Mediterráneo
4;14;7;BAENA;140007;Córdoba ;Córdoba Andalucía;Mediterráneo
4;14;8;BELALCÁZAR;140008;Córdoba ;Córdoba Andalucía;Mediterráneo
4;14;9;BELMEZ;140009;Córdoba ;Córdoba Andalucía;Mediterráneo
4;14;10;BENAMEJÍ;140010;Córdoba ;Córdoba Andalucía;Mediterráneo
4;14;11;BLÁZQUEZ, LOS;140011;Córdoba ;Córdoba Andalucía;Mediterráneo
4;14;12;BUJALANCE;140012;Córdoba ;Córdoba Andalucía;Mediterráneo
4;14;13;CABRA;140013;Córdoba ;Córdoba Andalucía;Mediterráneo
4;14;14;CAÑETE DE LAS TORRES;140014;Córdoba ;Córdoba Andalucía;Mediterráneo
4;14;15;CARCABUEY;140015;Córdoba ;Córdoba Andalucía;Mediterráneo
4;14;16;CARDEÑA;140016;Córdoba ;Córdoba Andalucía;Mediterráneo
4;14;17;CARLOTA, LA;140017;Córdoba ;Córdoba Andalucía;Mediterráneo
4;14;18;CARPIO, EL;140018;Córdoba ;Córdoba Andalucía;Mediterráneo
4;14;19;CASTRO DEL RÍO;140019;Córdoba ;Córdoba Andalucía;Mediterráneo
4;14;20;CONQUISTA;140020;Córdoba ;Córdoba Andalucía;Mediterráneo
4;14;21;CÓRDOBA;140021;Córdoba ;Córdoba Andalucía;Mediterráneo
4;14;22;DOÑA MENCÍA;140022;Córdoba ;Córdoba Andalucía;Mediterráneo
4;14;23;DOS TORRES;140023;Córdoba ;Córdoba Andalucía;Mediterráneo
4;14;24;ENCINAS REALES;140024;Córdoba ;Córdoba Andalucía;Mediterráneo
4;14;25;ESPEJO;140025;Córdoba ;Córdoba Andalucía;Mediterráneo
4;14;26;ESPIEL;140026;Córdoba ;Córdoba Andalucía;Mediterráneo
4;14;27;FERNÁN-NÚÑEZ;140027;Córdoba ;Córdoba Andalucía;Mediterráneo
4;14;28;FUENTE LA LANCHA;140028;Córdoba ;Córdoba Andalucía;Mediterráneo
4;14;29;FUENTE OBEJUNA;140029;Córdoba ;Córdoba Andalucía;Mediterráneo
4;14;30;FUENTE PALMERA;140030;Córdoba ;Córdoba Andalucía;Mediterráneo
4;14;31;FUENTE-TÓJAR;140031;Córdoba ;Córdoba Andalucía;Mediterráneo
4;14;32;GRANJUELA, LA;140032;Córdoba ;Córdoba Andalucía;Mediterráneo
4;14;33;GUADALCÁZAR;140033;Córdoba ;Córdoba Andalucía;Mediterráneo
4;14;34;GUIJO, EL;140034;Córdoba ;Córdoba Andalucía;Mediterráneo
4;14;35;HINOJOSA DEL DUQUE;140035;Córdoba ;Córdoba Andalucía;Mediterráneo
4;14;36;HORNACHUELOS;140036;Córdoba ;Córdoba Andalucía;Mediterráneo
4;14;37;IZNÁJAR;140037;Córdoba ;Córdoba Andalucía;Mediterráneo
4;14;38;LUCENA;140038;Córdoba ;Córdoba Andalucía;Mediterráneo
4;14;39;LUQUE;140039;Córdoba ;Córdoba Andalucía;Mediterráneo
4;14;40;MONTALBÁN DE CORDOBA;140040;Córdoba ;Córdoba Andalucía;Mediterráneo
4;14;41;MONTEMAYOR;140041;Córdoba ;Córdoba Andalucía;Mediterráneo
4;14;42;MONTILLA;140042;Córdoba ;Córdoba Andalucía;Mediterráneo
4;14;43;MONTORO;140043;Córdoba ;Córdoba Andalucía;Mediterráneo
4;14;44;MONTURQUE;140044;Córdoba ;Córdoba Andalucía;Mediterráneo
4;14;45;MORILES;140045;Córdoba ;Córdoba Andalucía;Mediterráneo
4;14;46;NUEVA CARTEYA;140046;Córdoba ;Córdoba Andalucía;Mediterráneo
4;14;47;OBEJO;140047;Córdoba ;Córdoba Andalucía;Mediterráneo
4;14;48;PALENCIANA;140048;Córdoba ;Córdoba Andalucía;Mediterráneo
4;14;49;PALMA DEL RÍO;140049;Córdoba ;Córdoba Andalucía;Mediterráneo
4;14;50;PEDRO ABAD;140050;Córdoba ;Córdoba Andalucía;Mediterráneo
4;14;51;PEDROCHE;140051;Córdoba ;Córdoba Andalucía;Mediterráneo
4;14;52;PEÑARROYA-PUEBLONUEVO;140052;Córdoba ;Córdoba Andalucía;Mediterráneo
4;14;53;POSADAS;140053;Córdoba ;Córdoba Andalucía;Mediterráneo
4;14;54;POZOBLANCO;140054;Córdoba ;Córdoba Andalucía;Mediterráneo
4;14;55;PRIEGO DE CÓRDOBA;140055;Córdoba ;Córdoba Andalucía;Mediterráneo
4;14;56;PUENTE GENIL;140056;Córdoba ;Córdoba Andalucía;Mediterráneo
4;14;57;RAMBLA, LA;140057;Córdoba ;Córdoba Andalucía;Mediterráneo
4;14;58;RUTE;140058;Córdoba ;Córdoba Andalucía;Mediterráneo
4;14;59;S SEBASTIÁN DE LOS BALLESTEROS;140059;Córdoba ;Córdoba Andalucía;Mediterráneo
4;14;60;SANTAELLA;140060;Córdoba ;Córdoba Andalucía;Mediterráneo
4;14;61;SANTA EUFEMIA;140061;Córdoba ;Córdoba Andalucía;Mediterráneo
4;14;62;TORRECAMPO;140062;Córdoba ;Córdoba Andalucía;Mediterráneo
4;14;63;VALENZUELA;140063;Córdoba ;Córdoba Andalucía;Mediterráneo
4;14;64;VALSEQUILLO;140064;Córdoba ;Córdoba Andalucía;Mediterráneo
4;14;65;VICTORIA, LA;140065;Córdoba ;Córdoba Andalucía;Mediterráneo
4;14;66;VILLA DEL RÍO;140066;Córdoba ;Córdoba Andalucía;Mediterráneo
4;14;67;VILLAFRANCA DE CÓRDOBA;140067;Córdoba ;Córdoba Andalucía;Mediterráneo
4;14;68;VILLAHARTA;140068;Córdoba ;Córdoba Andalucía;Mediterráneo
4;14;69;VILLANUEVA DE CÓRDOBA;140069;Córdoba ;Córdoba Andalucía;Mediterráneo
4;14;70;VILLANUEVA DEL DUQUE;140070;Córdoba ;Córdoba Andalucía;Mediterráneo
4;14;71;VILLANUEVA DEL REY;140071;Córdoba ;Córdoba Andalucía;Mediterráneo
4;14;72;VILLARALTO;140072;Córdoba ;Córdoba Andalucía;Mediterráneo
4;14;73;VILLAVICIOSA DE CÓRDOBA;140073;Córdoba ;Córdoba Andalucía;Mediterráneo
4;14;74;VISO, EL;140074;Córdoba ;Córdoba Andalucía;Mediterráneo
4;14;75;ZUHEROS;140075;Córdoba ;Córdoba Andalucía;Mediterráneo
4;14;999;OTRA PROVINCIA;140999;Córdoba ;Córdoba Andalucía;Mediterráneo
4;18;0;INDETERMINADO;180000;Granada;PROVINCIA DE GRANADA;Mediterráneo
4;18;1;AGRÓN;180001;Granada;PROVINCIA DE GRANADA;Mediterráneo
4;18;2;ALAMEDILLA;180002;Granada;PROVINCIA DE GRANADA;Mediterráneo
4;18;3;ALBOLOTE;180003;Granada;PROVINCIA DE GRANADA;Mediterráneo
4;18;4;ALBONDÓN;180004;Granada;PROVINCIA DE GRANADA;Mediterráneo
4;18;5;ALBUÑÁN;180005;Granada;PROVINCIA DE GRANADA;Mediterráneo
4;18;6;ALBUÑOL;180006;Granada;PROVINCIA DE GRANADA;Mediterráneo
4;18;7;ALBUÑUELAS;180007;Granada;PROVINCIA DE GRANADA;Mediterráneo
4;18;10;ALDEIRE;180010;Granada;PROVINCIA DE GRANADA;Mediterráneo
4;18;11;ALFACAR;180011;Granada;PROVINCIA DE GRANADA;Mediterráneo
4;18;12;ALGARINEJO;180012;Granada;PROVINCIA DE GRANADA;Mediterráneo
4;18;13;ALHAMA DE GRANADA;180013;Granada;PROVINCIA DE GRANADA;Mediterráneo
4;18;14;ALHENDÍN;180014;Granada;PROVINCIA DE GRANADA;Mediterráneo
4;18;15;ALICÚN DE ORTEGA;180015;Granada;PROVINCIA DE GRANADA;Mediterráneo
4;18;16;ALMEGIJAR;180016;Granada;PROVINCIA DE GRANADA;Mediterráneo
4;18;17;ALMUÑÉCAR;180017;Granada;PROVINCIA DE GRANADA;Mediterráneo
4;18;18;ALQUIFE;180018;Granada;PROVINCIA DE GRANADA;Mediterráneo
4;18;20;ARENAS DEL REY;180020;Granada;PROVINCIA DE GRANADA;Mediterráneo
4;18;21;ARMILLA;180021;Granada;PROVINCIA DE GRANADA;Mediterráneo
4;18;22;ATARFE;180022;Granada;PROVINCIA DE GRANADA;Mediterráneo
4;18;23;BAZA;180023;Granada;PROVINCIA DE GRANADA;Mediterráneo
4;18;24;BEAS DE GRANADA;180024;Granada;PROVINCIA DE GRANADA;Mediterráneo
4;18;25;BEAS DE GUADIX;180025;Granada;PROVINCIA DE GRANADA;Mediterráneo
4;18;27;BENALÚA;180027;Granada;PROVINCIA DE GRANADA;Mediterráneo
4;18;28;BENALÚA DE LAS VILLAS;180028;Granada;PROVINCIA DE GRANADA;Mediterráneo
4;18;29;BENAMAUREL;180029;Granada;PROVINCIA DE GRANADA;Mediterráneo
4;18;30;BÉRCHULES;180030;Granada;PROVINCIA DE GRANADA;Mediterráneo
4;18;32;BUBIÓN;180032;Granada;PROVINCIA DE GRANADA;Mediterráneo
4;18;33;BUSQUÍSTAR;180033;Granada;PROVINCIA DE GRANADA;Mediterráneo
4;18;34;CACÍN;180034;Granada;PROVINCIA DE GRANADA;Mediterráneo
4;18;35;CÁDIAR;180035;Granada;PROVINCIA DE GRANADA;Mediterráneo
4;18;36;CÁJAR;180036;Granada;PROVINCIA DE GRANADA;Mediterráneo
4;18;37;CALICASAS;180037;Granada;PROVINCIA DE GRANADA;Mediterráneo
4;18;38;CAMPOTÉJAR;180038;Granada;PROVINCIA DE GRANADA;Mediterráneo
4;18;39;CANILES;180039;Granada;PROVINCIA DE GRANADA;Mediterráneo
4;18;40;CÁÑAR;180040;Granada;PROVINCIA DE GRANADA;Mediterráneo
4;18;42;CAPILEIRA;180042;Granada;PROVINCIA DE GRANADA;Mediterráneo
4;18;43;CARATAUNAS;180043;Granada;PROVINCIA DE GRANADA;Mediterráneo
4;18;44;CÁSTARAS;180044;Granada;PROVINCIA DE GRANADA;Mediterráneo
4;18;45;CASTILLÉJAR;180045;Granada;PROVINCIA DE GRANADA;Mediterráneo
4;18;46;CASTRIL;180046;Granada;PROVINCIA DE GRANADA;Mediterráneo
4;18;47;CENES DE LA VEGA;180047;Granada;PROVINCIA DE GRANADA;Mediterráneo
4;18;48;CIJUELA;180048;Granada;PROVINCIA DE GRANADA;Mediterráneo
4;18;49;COGOLLOS DE GUADIX;180049;Granada;PROVINCIA DE GRANADA;Mediterráneo
4;18;50;COGOLLOS DE LA VEGA;180050;Granada;PROVINCIA DE GRANADA;Mediterráneo
4;18;51;COLOMERA;180051;Granada;PROVINCIA DE GRANADA;Mediterráneo
4;18;53;CORTES DE BAZA;180053;Granada;PROVINCIA DE GRANADA;Mediterráneo
4;18;54;CORTES Y GRAENA;180054;Granada;PROVINCIA DE GRANADA;Mediterráneo
4;18;56;CÚLLAR;180056;Granada;PROVINCIA DE GRANADA;Mediterráneo
4;18;57;CÚLLAR VEGA;180057;Granada;PROVINCIA DE GRANADA;Mediterráneo
4;18;59;CHAUCHINA;180059;Granada;PROVINCIA DE GRANADA;Mediterráneo
4;18;61;CHIMENEAS;180061;Granada;PROVINCIA DE GRANADA;Mediterráneo
4;18;62;CHURRIANA DE LA VEGA;180062;Granada;PROVINCIA DE GRANADA;Mediterráneo
4;18;63;DARRO;180063;Granada;PROVINCIA DE GRANADA;Mediterráneo
4;18;64;DEHESAS DE GUADIX;180064;Granada;PROVINCIA DE GRANADA;Mediterráneo
4;18;66;DEIFONTES;180066;Granada;PROVINCIA DE GRANADA;Mediterráneo
4;18;67;DIEZMA;180067;Granada;PROVINCIA DE GRANADA;Mediterráneo
4;18;68;DÍLAR;180068;Granada;PROVINCIA DE GRANADA;Mediterráneo
4;18;69;DÓLAR;180069;Granada;PROVINCIA DE GRANADA;Mediterráneo
4;18;70;DÚDAR;180070;Granada;PROVINCIA DE GRANADA;Mediterráneo
4;18;71;DÚRCAL;180071;Granada;PROVINCIA DE GRANADA;Mediterráneo
4;18;72;ESCÚZAR;180072;Granada;PROVINCIA DE GRANADA;Mediterráneo
4;18;74;FERREIRA;180074;Granada;PROVINCIA DE GRANADA;Mediterráneo
4;18;76;FONELAS;180076;Granada;PROVINCIA DE GRANADA;Mediterráneo
4;18;78;FREILA;180078;Granada;PROVINCIA DE GRANADA;Mediterráneo
4;18;79;FUENTE VAQUEROS;180079;Granada;PROVINCIA DE GRANADA;Mediterráneo
4;18;82;GALERA;180082;Granada;PROVINCIA DE GRANADA;Mediterráneo
4;18;83;GOBERNADOR;180083;Granada;PROVINCIA DE GRANADA;Mediterráneo
4;18;84;GÓJAR;180084;Granada;PROVINCIA DE GRANADA;Mediterráneo
4;18;85;GOR;180085;Granada;PROVINCIA DE GRANADA;Mediterráneo
4;18;86;GORAFE;180086;Granada;PROVINCIA DE GRANADA;Mediterráneo
4;18;87;GRANADA;180087;Granada;PROVINCIA DE GRANADA;Mediterráneo
4;18;88;GUADAHORTUNA;180088;Granada;PROVINCIA DE GRANADA;Mediterráneo
4;18;89;GUADIX;180089;Granada;PROVINCIA DE GRANADA;Mediterráneo
4;18;93;GUALCHOS;180093;Granada;PROVINCIA DE GRANADA;Mediterráneo
4;18;94;GÜEJAR SIERRA;180094;Granada;PROVINCIA DE GRANADA;Mediterráneo
4;18;95;GÜEVEJAR;180095;Granada;PROVINCIA DE GRANADA;Mediterráneo
4;18;96;HUÉLAGO;180096;Granada;PROVINCIA DE GRANADA;Mediterráneo
4;18;97;HUÉNEJA;180097;Granada;PROVINCIA DE GRANADA;Mediterráneo
4;18;98;HUÉSCAR;180098;Granada;PROVINCIA DE GRANADA;Mediterráneo
4;18;99;HUÉTOR DE SANTILLÁN;180099;Granada;PROVINCIA DE GRANADA;Mediterráneo
4;18;100;HUÉTOR TÁJAR;180100;Granada;PROVINCIA DE GRANADA;Mediterráneo
4;18;101;HUÉTOR VEGA;180101;Granada;PROVINCIA DE GRANADA;Mediterráneo
4;18;102;ILLORA;180102;Granada;PROVINCIA DE GRANADA;Mediterráneo
4;18;103;ITRABO;180103;Granada;PROVINCIA DE GRANADA;Mediterráneo
4;18;105;IZNALLOZ;180105;Granada;PROVINCIA DE GRANADA;Mediterráneo
4;18;107;JAYENA;180107;Granada;PROVINCIA DE GRANADA;Mediterráneo
4;18;108;JEREZ DEL MARQUESADO;180108;Granada;PROVINCIA DE GRANADA;Mediterráneo
4;18;109;JETE;180109;Granada;PROVINCIA DE GRANADA;Mediterráneo
4;18;111;JUN;180111;Granada;PROVINCIA DE GRANADA;Mediterráneo
4;18;112;JUVILES;180112;Granada;PROVINCIA DE GRANADA;Mediterráneo
4;18;114;CALAHORRA, LA;180114;Granada;PROVINCIA DE GRANADA;Mediterráneo
4;18;115;LÁCHAR;180115;Granada;PROVINCIA DE GRANADA;Mediterráneo
4;18;116;LANJARÓN;180116;Granada;PROVINCIA DE GRANADA;Mediterráneo
4;18;117;LANTEIRA;180117;Granada;PROVINCIA DE GRANADA;Mediterráneo
4;18;119;LECRÍN;180119;Granada;PROVINCIA DE GRANADA;Mediterráneo
4;18;120;LENTEGÍ;180120;Granada;PROVINCIA DE GRANADA;Mediterráneo
4;18;121;LOBRAS;180121;Granada;PROVINCIA DE GRANADA;Mediterráneo
4;18;122;LOJA;180122;Granada;PROVINCIA DE GRANADA;Mediterráneo
4;18;123;LUGROS;180123;Granada;PROVINCIA DE GRANADA;Mediterráneo
4;18;124;LÚJAR;180124;Granada;PROVINCIA DE GRANADA;Mediterráneo
4;18;126;MALAHÁ, LA;180126;Granada;PROVINCIA DE GRANADA;Mediterráneo
4;18;127;MARACENA;180127;Granada;PROVINCIA DE GRANADA;Mediterráneo
4;18;128;MARCHAL;180128;Granada;PROVINCIA DE GRANADA;Mediterráneo
4;18;132;MOCLÍN;180132;Granada;PROVINCIA DE GRANADA;Mediterráneo
4;18;133;MOLVIZAR;180133;Granada;PROVINCIA DE GRANADA;Mediterráneo
4;18;134;MONACHIL;180134;Granada;PROVINCIA DE GRANADA;Mediterráneo
4;18;135;MONTEFRÍO;180135;Granada;PROVINCIA DE GRANADA;Mediterráneo
4;18;136;MONTEJÍCAR;180136;Granada;PROVINCIA DE GRANADA;Mediterráneo
4;18;137;MONTILLANA;180137;Granada;PROVINCIA DE GRANADA;Mediterráneo
4;18;138;MORALEDA DE ZAFAYONA;180138;Granada;PROVINCIA DE GRANADA;Mediterráneo
4;18;140;MOTRIL;180140;Granada;PROVINCIA DE GRANADA;Mediterráneo
4;18;141;MURTAS;180141;Granada;PROVINCIA DE GRANADA;Mediterráneo
4;18;143;NIGÜELAS;180143;Granada;PROVINCIA DE GRANADA;Mediterráneo
4;18;144;NÍVAR;180144;Granada;PROVINCIA DE GRANADA;Mediterráneo
4;18;145;OGÍJARES;180145;Granada;PROVINCIA DE GRANADA;Mediterráneo
4;18;146;ORCE;180146;Granada;PROVINCIA DE GRANADA;Mediterráneo
4;18;147;ÓRGIVA;180147;Granada;PROVINCIA DE GRANADA;Mediterráneo
4;18;148;OTÍVAR;180148;Granada;PROVINCIA DE GRANADA;Mediterráneo
4;18;149;OTURA;180149;Granada;PROVINCIA DE GRANADA;Mediterráneo
4;18;150;PADUL;180150;Granada;PROVINCIA DE GRANADA;Mediterráneo
4;18;151;PAMPANEIRA;180151;Granada;PROVINCIA DE GRANADA;Mediterráneo
4;18;152;PEDRO MARTÍNEZ;180152;Granada;PROVINCIA DE GRANADA;Mediterráneo
4;18;153;PELIGROS;180153;Granada;PROVINCIA DE GRANADA;Mediterráneo
4;18;154;PEZA, LA;180154;Granada;PROVINCIA DE GRANADA;Mediterráneo
4;18;157;PINOS GENIL;180157;Granada;PROVINCIA DE GRANADA;Mediterráneo
4;18;158;PINOS PUENTE;180158;Granada;PROVINCIA DE GRANADA;Mediterráneo
4;18;159;PÍÑAR;180159;Granada;PROVINCIA DE GRANADA;Mediterráneo
4;18;161;POLÍCAR;180161;Granada;PROVINCIA DE GRANADA;Mediterráneo
4;18;162;POLOPOS;180162;Granada;PROVINCIA DE GRANADA;Mediterráneo
4;18;163;PÓRTUGOS;180163;Granada;PROVINCIA DE GRANADA;Mediterráneo
4;18;164;PUEBLA DE DON FADRIQUE;180164;Granada;PROVINCIA DE GRANADA;Mediterráneo
4;18;165;PULIANAS;180165;Granada;PROVINCIA DE GRANADA;Mediterráneo
4;18;167;PURULLENA;180167;Granada;PROVINCIA DE GRANADA;Mediterráneo
4;18;168;QUÉNTAR;180168;Granada;PROVINCIA DE GRANADA;Mediterráneo
4;18;170;RUBITE;180170;Granada;PROVINCIA DE GRANADA;Mediterráneo
4;18;171;SALAR;180171;Granada;PROVINCIA DE GRANADA;Mediterráneo
4;18;173;SALOBREÑA;180173;Granada;PROVINCIA DE GRANADA;Mediterráneo
4;18;174;SANTA CRUZ DEL COMERCIO;180174;Granada;PROVINCIA DE GRANADA;Mediterráneo
4;18;175;SANTA FE;180175;Granada;PROVINCIA DE GRANADA;Mediterráneo
4;18;176;SOPORTÚJAR;180176;Granada;PROVINCIA DE GRANADA;Mediterráneo
4;18;177;SORVILÁN;180177;Granada;PROVINCIA DE GRANADA;Mediterráneo
4;18;178;TORRE-CARDELA;180178;Granada;PROVINCIA DE GRANADA;Mediterráneo
4;18;179;TORVIZCÓN;180179;Granada;PROVINCIA DE GRANADA;Mediterráneo
4;18;180;TREVÉLEZ;180180;Granada;PROVINCIA DE GRANADA;Mediterráneo
4;18;181;TURÓN;180181;Granada;PROVINCIA DE GRANADA;Mediterráneo
4;18;182;UGIJAR;180182;Granada;PROVINCIA DE GRANADA;Mediterráneo
4;18;183;VÁLOR;180183;Granada;PROVINCIA DE GRANADA;Mediterráneo
4;18;184;VÉLEZ DE BENAUDALLA;180184;Granada;PROVINCIA DE GRANADA;Mediterráneo
4;18;185;VENTAS DE HUELMA;180185;Granada;PROVINCIA DE GRANADA;Mediterráneo
4;18;187;VILLANUEVA DE LAS TORRES;180187;Granada;PROVINCIA DE GRANADA;Mediterráneo
4;18;188;VILLANUEVA MESÍA;180188;Granada;PROVINCIA DE GRANADA;Mediterráneo
4;18;189;VÍZNAR;180189;Granada;PROVINCIA DE GRANADA;Mediterráneo
4;18;192;ZAFARRAYA;180192;Granada;PROVINCIA DE GRANADA;Mediterráneo
4;18;193;ZUBIA, LA;180193;Granada;PROVINCIA DE GRANADA;Mediterráneo
4;18;194;ZÚJAR;180194;Granada;PROVINCIA DE GRANADA;Mediterráneo
4;18;901;TAHA, LA;180901;Granada;PROVINCIA DE GRANADA;Mediterráneo
4;18;902;VALLE, EL;180902;Granada;PROVINCIA DE GRANADA;Mediterráneo
4;18;903;NEVADA;180903;Granada;PROVINCIA DE GRANADA;Mediterráneo
4;18;904;ALPUJARRA DE LA SIERRA;180904;Granada;PROVINCIA DE GRANADA;Mediterráneo
4;18;905;GABIAS, LAS;180905;Granada;PROVINCIA DE GRANADA;Mediterráneo
4;18;906;GUAJARES, LOS;180906;Granada;PROVINCIA DE GRANADA;Mediterráneo
4;18;907;VALLE DEL ZALABÍ;180907;Granada;PROVINCIA DE GRANADA;Mediterráneo
4;18;908;VILLAMENA;180908;Granada;PROVINCIA DE GRANADA;Mediterráneo
4;18;909;MORELÁBOR;180909;Granada;PROVINCIA DE GRANADA;Mediterráneo
4;18;910;PINAR, EL;180910;Granada;PROVINCIA DE GRANADA;Mediterráneo
4;18;911;VEGAS DEL GENIL;180911;Granada;PROVINCIA DE GRANADA;Mediterráneo
4;18;912;CUEVAS DEL CAMPO;180912;Granada;PROVINCIA DE GRANADA;Mediterráneo
4;18;913;ZAGRA;180913;Granada;PROVINCIA DE GRANADA;Mediterráneo
4;18;999;OTRA PROVINCIA;180999;Granada;PROVINCIA DE GRANADA;Mediterráneo
4;21;0;INDETERMINADO;210000;HUELVA;HUELVA;Mediterráneo
4;21;1;ALÁJAR;210001;HUELVA;HUELVA;Mediterráneo
4;21;2;ALJARAQUE;210002;HUELVA;HUELVA;Mediterráneo
4;21;3;ALMENDRO, EL;210003;HUELVA;HUELVA;Mediterráneo
4;21;4;ALMONASTER LA REAL;210004;HUELVA;HUELVA;Mediterráneo
4;21;5;ALMONTE;210005;HUELVA;HUELVA;Mediterráneo
4;21;6;ALOSNO;210006;HUELVA;HUELVA;Mediterráneo
4;21;7;ARACENA;210007;HUELVA;HUELVA;Mediterráneo
4;21;8;AROCHE;210008;HUELVA;HUELVA;Mediterráneo
4;21;9;ARROYOMOLINOS DE LEÓN;210009;HUELVA;HUELVA;Mediterráneo
4;21;10;AYAMONTE;210010;HUELVA;HUELVA;Mediterráneo
4;21;11;BEAS;210011;HUELVA;HUELVA;Mediterráneo
4;21;12;BERROCAL;210012;HUELVA;HUELVA;Mediterráneo
4;21;13;BOLLULLOS PAR DEL CONDADO;210013;HUELVA;HUELVA;Mediterráneo
4;21;14;BONARES;210014;HUELVA;HUELVA;Mediterráneo
4;21;15;CABEZAS RUBÍAS;210015;HUELVA;HUELVA;Mediterráneo
4;21;16;CALA;210016;HUELVA;HUELVA;Mediterráneo
4;21;17;CALAÑAS;210017;HUELVA;HUELVA;Mediterráneo
4;21;18;CAMPILLO, EL;210018;HUELVA;HUELVA;Mediterráneo
4;21;19;CAMPOFRÍO;210019;HUELVA;HUELVA;Mediterráneo
4;21;20;CAÑAVERAL DE LEÓN;210020;HUELVA;HUELVA;Mediterráneo
4;21;21;CARTAYA;210021;HUELVA;HUELVA;Mediterráneo
4;21;22;CASTAÑO DEL ROBLEDO;210022;HUELVA;HUELVA;Mediterráneo
4;21;23;CERRO DE ANDÉVALO, EL;210023;HUELVA;HUELVA;Mediterráneo
4;21;24;CORTECONCEPCIÓN;210024;HUELVA;HUELVA;Mediterráneo
4;21;25;CORTEGANA;210025;HUELVA;HUELVA;Mediterráneo
4;21;26;CORTELAZOR;210026;HUELVA;HUELVA;Mediterráneo
4;21;27;CUMBRES DE ENMEDIO;210027;HUELVA;HUELVA;Mediterráneo
4;21;28;CUMBRES DE SAN BARTOLOMÉ;210028;HUELVA;HUELVA;Mediterráneo
4;21;29;CUMBRES MAYORES;210029;HUELVA;HUELVA;Mediterráneo
4;21;30;CHUCENA;210030;HUELVA;HUELVA;Mediterráneo
4;21;31;ENCINASOLA;210031;HUELVA;HUELVA;Mediterráneo
4;21;32;ESCACENA DEL CAMPO;210032;HUELVA;HUELVA;Mediterráneo
4;21;33;FUENTEHERIDOS;210033;HUELVA;HUELVA;Mediterráneo
4;21;34;GALAROZA;210034;HUELVA;HUELVA;Mediterráneo
4;21;35;GIBRALEÓN;210035;HUELVA;HUELVA;Mediterráneo
4;21;36;GRANADA DE RÍO-TINTO, LA;210036;HUELVA;HUELVA;Mediterráneo
4;21;37;GRANADO, EL;210037;HUELVA;HUELVA;Mediterráneo
4;21;38;HIGUERA DE LA SIERRA;210038;HUELVA;HUELVA;Mediterráneo
4;21;39;HINOJALES;210039;HUELVA;HUELVA;Mediterráneo
4;21;40;HINOJOS;210040;HUELVA;HUELVA;Mediterráneo
4;21;41;HUELVA;210041;HUELVA;HUELVA;Mediterráneo
4;21;42;ISLA CRISTINA;210042;HUELVA;HUELVA;Mediterráneo
4;21;43;JABUGO;210043;HUELVA;HUELVA;Mediterráneo
4;21;44;LEPE;210044;HUELVA;HUELVA;Mediterráneo
4;21;45;LINARES DE LA SIERRA;210045;HUELVA;HUELVA;Mediterráneo
4;21;46;LUCENA DEL PUERTO;210046;HUELVA;HUELVA;Mediterráneo
4;21;47;MANZANILLA;210047;HUELVA;HUELVA;Mediterráneo
4;21;48;MARINES, LOS;210048;HUELVA;HUELVA;Mediterráneo
4;21;49;MINAS DE RIOTINTO;210049;HUELVA;HUELVA;Mediterráneo
4;21;50;MOGUER;210050;HUELVA;HUELVA;Mediterráneo
4;21;51;NAVA, LA;210051;HUELVA;HUELVA;Mediterráneo
4;21;52;NERVA;210052;HUELVA;HUELVA;Mediterráneo
4;21;53;NIEBLA;210053;HUELVA;HUELVA;Mediterráneo
4;21;54;PALMA DEL CONDADO, LA;210054;HUELVA;HUELVA;Mediterráneo
4;21;55;PALOS DE LA FRONTERA;210055;HUELVA;HUELVA;Mediterráneo
4;21;56;PATERNA DEL CAMPO;210056;HUELVA;HUELVA;Mediterráneo
4;21;57;PAYMOGO;210057;HUELVA;HUELVA;Mediterráneo
4;21;58;PUEBLA DE GUZMÁN;210058;HUELVA;HUELVA;Mediterráneo
4;21;59;PUERTO MORAL;210059;HUELVA;HUELVA;Mediterráneo
4;21;60;PUNTA UMBRÍA;210060;HUELVA;HUELVA;Mediterráneo
4;21;61;ROCIANA DEL CONDADO;210061;HUELVA;HUELVA;Mediterráneo
4;21;62;ROSAL DE LA FRONTERA;210062;HUELVA;HUELVA;Mediterráneo
4;21;63;SAN BARTOLOMÉ DE LA TORRE;210063;HUELVA;HUELVA;Mediterráneo
4;21;64;SAN JUAN DEL PUERTO;210064;HUELVA;HUELVA;Mediterráneo
4;21;65;SANLÚCAR DE GUADIANA;210065;HUELVA;HUELVA;Mediterráneo
4;21;66;SAN SILVESTRE DE GUZMÁN;210066;HUELVA;HUELVA;Mediterráneo
4;21;67;SANTA ANA LA REAL;210067;HUELVA;HUELVA;Mediterráneo
4;21;68;SANTA BÁRBARA DE CASA;210068;HUELVA;HUELVA;Mediterráneo
4;21;69;SANTA OLALLA DEL CALA;210069;HUELVA;HUELVA;Mediterráneo
4;21;70;TRIGUEROS;210070;HUELVA;HUELVA;Mediterráneo
4;21;71;VALDELARCO;210071;HUELVA;HUELVA;Mediterráneo
4;21;72;VALVERDE DEL CAMINO;210072;HUELVA;HUELVA;Mediterráneo
4;21;73;VILLABLANCA;210073;HUELVA;HUELVA;Mediterráneo
4;21;74;VILLALBA DEL ALCOR;210074;HUELVA;HUELVA;Mediterráneo
4;21;75;VILLANUEVA DE LAS CRUCES;210075;HUELVA;HUELVA;Mediterráneo
4;21;76;VILLANUEVA DE LOS CASTILLEJOS;210076;HUELVA;HUELVA;Mediterráneo
4;21;77;VILLARRASA;210077;HUELVA;HUELVA;Mediterráneo
4;21;78;ZALAMEA LA REAL;210078;HUELVA;HUELVA;Mediterráneo
4;21;79;ZUFRE;210079;HUELVA;HUELVA;Mediterráneo
4;21;998;PORTUGAL;210998;HUELVA;HUELVA;Mediterráneo
4;21;999;OTRA PROVINCIA;210999;HUELVA;HUELVA;Mediterráneo
4;23;0;INDETERMINADO;230000;JAéN;JAEN;Mediterráneo
4;23;1;ALBANCHEZ DE MÁGINA;230001;JAéN;JAEN;Mediterráneo
4;23;2;ALCALÁ LA REAL;230002;JAéN;JAEN;Mediterráneo
4;23;3;ALCAUDETE;230003;JAéN;JAEN;Mediterráneo
4;23;4;ALDEAQUEMADA;230004;JAéN;JAEN;Mediterráneo
4;23;5;ANDÚJAR;230005;JAéN;JAEN;Mediterráneo
4;23;6;ARJONA;230006;JAéN;JAEN;Mediterráneo
4;23;7;ARJONILLA;230007;JAéN;JAEN;Mediterráneo
4;23;8;ARQUILLOS;230008;JAéN;JAEN;Mediterráneo
4;23;9;BAEZA;230009;JAéN;JAEN;Mediterráneo
4;23;10;BAILÉN;230010;JAéN;JAEN;Mediterráneo
4;23;11;BAÑOS DE LA ENCINA;230011;JAéN;JAEN;Mediterráneo
4;23;12;BEAS DE SEGURA;230012;JAéN;JAEN;Mediterráneo
4;23;14;BEGÍJAR;230014;JAéN;JAEN;Mediterráneo
4;23;15;BÉELMEZ DE LA MORALEDA;230015;JAéN;JAEN;Mediterráneo
4;23;16;BENATAE;230016;JAéN;JAEN;Mediterráneo
4;23;17;CABRA DEL SANTO CRISTO;230017;JAéN;JAEN;Mediterráneo
4;23;18;CAMBIL;230018;JAéN;JAEN;Mediterráneo
4;23;19;CAMPILLO DE ARENAS;230019;JAéN;JAEN;Mediterráneo
4;23;20;CANENA;230020;JAéN;JAEN;Mediterráneo
4;23;21;CARBONEROS;230021;JAéN;JAEN;Mediterráneo
4;23;24;CAROLINA, LA;230024;JAéN;JAEN;Mediterráneo
4;23;25;CASTELLAR;230025;JAéN;JAEN;Mediterráneo
4;23;26;CASTILLO DE LOCUBÍN;230026;JAéN;JAEN;Mediterráneo
4;23;27;CAZALILLA;230027;JAéN;JAEN;Mediterráneo
4;23;28;CAZORLA;230028;JAéN;JAEN;Mediterráneo
4;23;29;CHICLANA DE SEGURA;230029;JAéN;JAEN;Mediterráneo
4;23;30;CHILLUÉVAR;230030;JAéN;JAEN;Mediterráneo
4;23;31;ESCAÑUELA;230031;JAéN;JAEN;Mediterráneo
4;23;32;ESPELÚY;230032;JAéN;JAEN;Mediterráneo
4;23;33;FRAILES;230033;JAéN;JAEN;Mediterráneo
4;23;34;FUENSANTA DE MARTOS;230034;JAéN;JAEN;Mediterráneo
4;23;35;FUERTE DEL REY;230035;JAéN;JAEN;Mediterráneo
4;23;37;GÉNAVE;230037;JAéN;JAEN;Mediterráneo
4;23;38;GUARDIA DE JAÉN, LA;230038;JAéN;JAEN;Mediterráneo
4;23;39;GUARROMÁN;230039;JAéN;JAEN;Mediterráneo
4;23;40;LAHIGUERA;230040;JAéN;JAEN;Mediterráneo
4;23;41;HIGUERA DE CALATRAVA;230041;JAéN;JAEN;Mediterráneo
4;23;42;HINOJARES;230042;JAéN;JAEN;Mediterráneo
4;23;43;HORNOS;230043;JAéN;JAEN;Mediterráneo
4;23;44;HUELMA;230044;JAéN;JAEN;Mediterráneo
4;23;45;HUESA;230045;JAéN;JAEN;Mediterráneo
4;23;46;IBROS;230046;JAéN;JAEN;Mediterráneo
4;23;47;IRUELA, LA;230047;JAéN;JAEN;Mediterráneo
4;23;48;IZNATORAF;230048;JAéN;JAEN;Mediterráneo
4;23;49;JABALQUINTO;230049;JAéN;JAEN;Mediterráneo
4;23;50;JAÉN;230050;JAéN;JAEN;Mediterráneo
4;23;51;JAMILENA;230051;JAéN;JAEN;Mediterráneo
4;23;52;JIMENA;230052;JAéN;JAEN;Mediterráneo
4;23;53;JÓDAR;230053;JAéN;JAEN;Mediterráneo
4;23;54;LARVA;230054;JAéN;JAEN;Mediterráneo
4;23;55;LINARES;230055;JAéN;JAEN;Mediterráneo
4;23;56;LOPERA;230056;JAéN;JAEN;Mediterráneo
4;23;57;LUPIÓN;230057;JAéN;JAEN;Mediterráneo
4;23;58;MANCHA REAL;230058;JAéN;JAEN;Mediterráneo
4;23;59;MARMOLEJO;230059;JAéN;JAEN;Mediterráneo
4;23;60;MARTOS;230060;JAéN;JAEN;Mediterráneo
4;23;61;MENGÍBAR;230061;JAéN;JAEN;Mediterráneo
4;23;62;MONTIZÓN;230062;JAéN;JAEN;Mediterráneo
4;23;63;NAVAS DE SAN JUAN;230063;JAéN;JAEN;Mediterráneo
4;23;64;NOALEJO;230064;JAéN;JAEN;Mediterráneo
4;23;65;ORCERA;230065;JAéN;JAEN;Mediterráneo
4;23;66;PEAL DE BECERRO;230066;JAéN;JAEN;Mediterráneo
4;23;67;PEGALAJAR;230067;JAéN;JAEN;Mediterráneo
4;23;69;PORCUNA;230069;JAéN;JAEN;Mediterráneo
4;23;70;POZO ALCÓN;230070;JAéN;JAEN;Mediterráneo
4;23;71;PUENTE DE GÉNAVE;230071;JAéN;JAEN;Mediterráneo
4;23;72;PUERTA DE SEGURA, LA;230072;JAéN;JAEN;Mediterráneo
4;23;73;QUESADA;230073;JAéN;JAEN;Mediterráneo
4;23;74;RUS;230074;JAéN;JAEN;Mediterráneo
4;23;75;SABIOTE;230075;JAéN;JAEN;Mediterráneo
4;23;76;SANTA ELENA;230076;JAéN;JAEN;Mediterráneo
4;23;77;SANTIAGO DE CALATRAVA;230077;JAéN;JAEN;Mediterráneo
4;23;79;SANTISTEBAN DEL PUERTO;230079;JAéN;JAEN;Mediterráneo
4;23;80;SANTO TOME;230080;JAéN;JAEN;Mediterráneo
4;23;81;SEGURA DE LA SIERRA;230081;JAéN;JAEN;Mediterráneo
4;23;82;SILES;230082;JAéN;JAEN;Mediterráneo
4;23;84;SORIHUELA DEL GUADALIMAR;230084;JAéN;JAEN;Mediterráneo
4;23;85;TORREBLASCOPEDRO;230085;JAéN;JAEN;Mediterráneo
4;23;86;TORRE DEL CAMPO;230086;JAéN;JAEN;Mediterráneo
4;23;87;TORREDONJIMENO;230087;JAéN;JAEN;Mediterráneo
4;23;88;TORREPEROGIL;230088;JAéN;JAEN;Mediterráneo
4;23;90;TORRES;230090;JAéN;JAEN;Mediterráneo
4;23;91;TORRES DE ALBÁNCHEZ;230091;JAéN;JAEN;Mediterráneo
4;23;92;ÚBEDA;230092;JAéN;JAEN;Mediterráneo
4;23;93;VALDEPEÑAS DE JAÉN;230093;JAéN;JAEN;Mediterráneo
4;23;94;VÍLCHES;230094;JAéN;JAEN;Mediterráneo
4;23;95;VILLACARRILLO;230095;JAéN;JAEN;Mediterráneo
4;23;96;VILLANUEVA DE LA REINA;230096;JAéN;JAEN;Mediterráneo
4;23;97;VILLANUEVA DEL ARZOBISPO;230097;JAéN;JAEN;Mediterráneo
4;23;98;VILLARDOMPARDO;230098;JAéN;JAEN;Mediterráneo
4;23;99;VILLARES, LOS;230099;JAéN;JAEN;Mediterráneo
4;23;101;VILLARRODRIGO;230101;JAéN;JAEN;Mediterráneo
4;23;901;CÁRCHELES;230901;JAéN;JAEN;Mediterráneo
4;23;902;BEDMAR Y GARCÍEZ;230902;JAéN;JAEN;Mediterráneo
4;23;903;VILLATORRES;230903;JAéN;JAEN;Mediterráneo
4;23;904;SANTIAGO-PONTONES;230904;JAéN;JAEN;Mediterráneo
4;23;905;ARROYO DEL OJANCO;230905;JAéN;JAEN;Mediterráneo
4;23;999;OTRA PROVINCIA;230999;JAéN;JAEN;Mediterráneo
4;29;0;INDETERMINADO;290000;MáLAGA;MALAGA;Mediterráneo
4;29;1;ALAMEDA;290001;MáLAGA;MALAGA;Mediterráneo
4;29;2;ALCAUCÍN;290002;MáLAGA;MALAGA;Mediterráneo
4;29;3;ALFARNATE;290003;MáLAGA;MALAGA;Mediterráneo
4;29;4;ALFARNATEJO;290004;MáLAGA;MALAGA;Mediterráneo
4;29;5;ALGARROBO;290005;MáLAGA;MALAGA;Mediterráneo
4;29;6;ALGATOCÍN;290006;MáLAGA;MALAGA;Mediterráneo
4;29;7;ALHAURÍN DE LA TORRE;290007;MáLAGA;MALAGA;Mediterráneo
4;29;8;ALHAURÍN EL GRANDE;290008;MáLAGA;MALAGA;Mediterráneo
4;29;9;ALMÁCHAR;290009;MáLAGA;MALAGA;Mediterráneo
4;29;10;ALMARGEN;290010;MáLAGA;MALAGA;Mediterráneo
4;29;11;ALMOGÍA;290011;MáLAGA;MALAGA;Mediterráneo
4;29;12;ÁLORA;290012;MáLAGA;MALAGA;Mediterráneo
4;29;13;ALOZAINA;290013;MáLAGA;MALAGA;Mediterráneo
4;29;14;ALPANDEIRE;290014;MáLAGA;MALAGA;Mediterráneo
4;29;15;ANTEQUERA;290015;MáLAGA;MALAGA;Mediterráneo
4;29;16;ÁRCHEZ;290016;MáLAGA;MALAGA;Mediterráneo
4;29;17;ARCHIDONA;290017;MáLAGA;MALAGA;Mediterráneo
4;29;18;ARDALES;290018;MáLAGA;MALAGA;Mediterráneo
4;29;19;ARENAS;290019;MáLAGA;MALAGA;Mediterráneo
4;29;20;ARRIATE;290020;MáLAGA;MALAGA;Mediterráneo
4;29;21;ATAJATE;290021;MáLAGA;MALAGA;Mediterráneo
4;29;22;BENADALID;290022;MáLAGA;MALAGA;Mediterráneo
4;29;23;BENAHAVÍS;290023;MáLAGA;MALAGA;Mediterráneo
4;29;24;BENALAURÍA;290024;MáLAGA;MALAGA;Mediterráneo
4;29;25;BENALMÁDENA;290025;MáLAGA;MALAGA;Mediterráneo
4;29;26;BENAMARGOSA;290026;MáLAGA;MALAGA;Mediterráneo
4;29;27;BENAMOCARRA;290027;MáLAGA;MALAGA;Mediterráneo
4;29;28;BENAOJÁN;290028;MáLAGA;MALAGA;Mediterráneo
4;29;29;BENARRABÁ;290029;MáLAGA;MALAGA;Mediterráneo
4;29;30;BORGE, EL;290030;MáLAGA;MALAGA;Mediterráneo
4;29;31;BURGO, EL;290031;MáLAGA;MALAGA;Mediterráneo
4;29;32;CAMPILLOS;290032;MáLAGA;MALAGA;Mediterráneo
4;29;33;CANILLAS DE ACEITUNO;290033;MáLAGA;MALAGA;Mediterráneo
4;29;34;CANILLAS DE ALBAIDA;290034;MáLAGA;MALAGA;Mediterráneo
4;29;35;CAÑETE LA REAL;290035;MáLAGA;MALAGA;Mediterráneo
4;29;36;CARRATRACA;290036;MáLAGA;MALAGA;Mediterráneo
4;29;37;CARTAJIMA;290037;MáLAGA;MALAGA;Mediterráneo
4;29;38;CÁRTAMA;290038;MáLAGA;MALAGA;Mediterráneo
4;29;39;CASABERMEJA;290039;MáLAGA;MALAGA;Mediterráneo
4;29;40;CASARABONELA;290040;MáLAGA;MALAGA;Mediterráneo
4;29;41;CASARES;290041;MáLAGA;MALAGA;Mediterráneo
4;29;42;COÍN;290042;MáLAGA;MALAGA;Mediterráneo
4;29;43;COLMENAR;290043;MáLAGA;MALAGA;Mediterráneo
4;29;44;COMARES;290044;MáLAGA;MALAGA;Mediterráneo
4;29;45;CÓMPETA;290045;MáLAGA;MALAGA;Mediterráneo
4;29;46;CORTES DE LA FRONTERA;290046;MáLAGA;MALAGA;Mediterráneo
4;29;47;CUEVAS BAJAS;290047;MáLAGA;MALAGA;Mediterráneo
4;29;48;CUEVAS DEL BECERRO;290048;MáLAGA;MALAGA;Mediterráneo
4;29;49;CUEVAS DE SAN MARCOS;290049;MáLAGA;MALAGA;Mediterráneo
4;29;50;CÚTAR;290050;MáLAGA;MALAGA;Mediterráneo
4;29;51;ESTEPONA;290051;MáLAGA;MALAGA;Mediterráneo
4;29;52;FARAJÁN;290052;MáLAGA;MALAGA;Mediterráneo
4;29;53;FRIGILIANA;290053;MáLAGA;MALAGA;Mediterráneo
4;29;54;FUENGIROLA;290054;MáLAGA;MALAGA;Mediterráneo
4;29;55;FUENTE DE PIEDRA;290055;MáLAGA;MALAGA;Mediterráneo
4;29;56;GAUCÍN;290056;MáLAGA;MALAGA;Mediterráneo
4;29;57;GENALGUACIL;290057;MáLAGA;MALAGA;Mediterráneo
4;29;58;GUARO;290058;MáLAGA;MALAGA;Mediterráneo
4;29;59;HUMILLADERO;290059;MáLAGA;MALAGA;Mediterráneo
4;29;60;IGUALEJA;290060;MáLAGA;MALAGA;Mediterráneo
4;29;61;ISTÁN;290061;MáLAGA;MALAGA;Mediterráneo
4;29;62;IZNATE;290062;MáLAGA;MALAGA;Mediterráneo
4;29;63;JIMERA DE LÍBAR;290063;MáLAGA;MALAGA;Mediterráneo
4;29;64;JUBRIQUE;290064;MáLAGA;MALAGA;Mediterráneo
4;29;65;JÚZCAR;290065;MáLAGA;MALAGA;Mediterráneo
4;29;66;MACHARAVIAYA;290066;MáLAGA;MALAGA;Mediterráneo
4;29;67;MÁLAGA;290067;MáLAGA;MALAGA;Mediterráneo
4;29;68;MANILVA;290068;MáLAGA;MALAGA;Mediterráneo
4;29;69;MARBELLA;290069;MáLAGA;MALAGA;Mediterráneo
4;29;70;MIJAS;290070;MáLAGA;MALAGA;Mediterráneo
4;29;71;MOCLINEJO;290071;MáLAGA;MALAGA;Mediterráneo
4;29;72;MOLLINA;290072;MáLAGA;MALAGA;Mediterráneo
4;29;73;MONDA;290073;MáLAGA;MALAGA;Mediterráneo
4;29;74;MONTEJAQUE;290074;MáLAGA;MALAGA;Mediterráneo
4;29;75;NERJA;290075;MáLAGA;MALAGA;Mediterráneo
4;29;76;OJÉN;290076;MáLAGA;MALAGA;Mediterráneo
4;29;77;PARAUTA;290077;MáLAGA;MALAGA;Mediterráneo
4;29;79;PERIANA;290079;MáLAGA;MALAGA;Mediterráneo
4;29;80;PIZARRA;290080;MáLAGA;MALAGA;Mediterráneo
4;29;81;PUJERRA;290081;MáLAGA;MALAGA;Mediterráneo
4;29;82;RINCÓN DE LA VICTORIA;290082;MáLAGA;MALAGA;Mediterráneo
4;29;83;RIOGORDO;290083;MáLAGA;MALAGA;Mediterráneo
4;29;84;RONDA;290084;MáLAGA;MALAGA;Mediterráneo
4;29;85;SALARES;290085;MáLAGA;MALAGA;Mediterráneo
4;29;86;SAYALONGA;290086;MáLAGA;MALAGA;Mediterráneo
4;29;87;SEDELLA;290087;MáLAGA;MALAGA;Mediterráneo
4;29;88;SIERRA DE YEGUAS;290088;MáLAGA;MALAGA;Mediterráneo
4;29;89;TEBA;290089;MáLAGA;MALAGA;Mediterráneo
4;29;90;TOLOX;290090;MáLAGA;MALAGA;Mediterráneo
4;29;91;TORROX;290091;MáLAGA;MALAGA;Mediterráneo
4;29;92;TOTALÁN;290092;MáLAGA;MALAGA;Mediterráneo
4;29;93;VALLE DE ABDALAJÍS;290093;MáLAGA;MALAGA;Mediterráneo
4;29;94;VÉLEZ-MÁLAGA;290094;MáLAGA;MALAGA;Mediterráneo
4;29;95;VILLANUEVA DE ALGAIDAS;290095;MáLAGA;MALAGA;Mediterráneo
4;29;96;VILLANUEVA DEL ROSARIO;290096;MáLAGA;MALAGA;Mediterráneo
4;29;97;VILLANUEVA DEL TRABUCO;290097;MáLAGA;MALAGA;Mediterráneo
4;29;98;VILLANUEVA DE TAPIA;290098;MáLAGA;MALAGA;Mediterráneo
4;29;99;VIÑUELA;290099;MáLAGA;MALAGA;Mediterráneo
4;29;100;YUNQUERA;290100;MáLAGA;MALAGA;Mediterráneo
4;29;901;TORREMOLINOS;290901;MáLAGA;MALAGA;Mediterráneo
4;29;902;VILLANUEVA DE LA CONCEPCIÓN;290902;MáLAGA;MALAGA;Mediterráneo
4;29;999;OTRA PROVINCIA;290999;MáLAGA;MALAGA;Mediterráneo
4;41;0;INDETERMINADO;410000;SEVILLA;SEVILLA;Mediterráneo
4;41;1;AGUADULCE;410001;SEVILLA;SEVILLA;Mediterráneo
4;41;2;ALANÍS;410002;SEVILLA;SEVILLA;Mediterráneo
4;41;3;ALBAIDA DEL ALJARAFE;410003;SEVILLA;SEVILLA;Mediterráneo
4;41;4;ALCALÁ DE GUADAIRA;410004;SEVILLA;SEVILLA;Mediterráneo
4;41;5;ALCALÁ DEL RÍO;410005;SEVILLA;SEVILLA;Mediterráneo
4;41;6;ALCOLEA DEL RÍO;410006;SEVILLA;SEVILLA;Mediterráneo
4;41;7;ALGABA, LA;410007;SEVILLA;SEVILLA;Mediterráneo
4;41;8;ALGÁMITAS;410008;SEVILLA;SEVILLA;Mediterráneo
4;41;9;ALMADÉN DE LA PLATA;410009;SEVILLA;SEVILLA;Mediterráneo
4;41;10;ALMENSILLA;410010;SEVILLA;SEVILLA;Mediterráneo
4;41;11;ARAHAL;410011;SEVILLA;SEVILLA;Mediterráneo
4;41;12;AZNALCÁZAR;410012;SEVILLA;SEVILLA;Mediterráneo
4;41;13;AZNALCÓLLAR;410013;SEVILLA;SEVILLA;Mediterráneo
4;41;14;BADOLATOSA;410014;SEVILLA;SEVILLA;Mediterráneo
4;41;15;BENACAZÓN;410015;SEVILLA;SEVILLA;Mediterráneo
4;41;16;BOLLULLOS DE LA MITACIÓN;410016;SEVILLA;SEVILLA;Mediterráneo
4;41;17;BORMUJOS;410017;SEVILLA;SEVILLA;Mediterráneo
4;41;18;BRENES;410018;SEVILLA;SEVILLA;Mediterráneo
4;41;19;BURGUILLOS;410019;SEVILLA;SEVILLA;Mediterráneo
4;41;20;CABEZAS DE SAN JUAN, LAS;410020;SEVILLA;SEVILLA;Mediterráneo
4;41;21;CAMAS;410021;SEVILLA;SEVILLA;Mediterráneo
4;41;22;CAMPANA, LA;410022;SEVILLA;SEVILLA;Mediterráneo
4;41;23;CANTILLANA;410023;SEVILLA;SEVILLA;Mediterráneo
4;41;24;CARMONA;410024;SEVILLA;SEVILLA;Mediterráneo
4;41;25;CARRIÓN DE LOS CÉSPEDES;410025;SEVILLA;SEVILLA;Mediterráneo
4;41;26;CASARICHE;410026;SEVILLA;SEVILLA;Mediterráneo
4;41;27;CASTIBLANCO DE LOS ARROYOS;410027;SEVILLA;SEVILLA;Mediterráneo
4;41;28;CASTILLEJA DE GUZMÁN;410028;SEVILLA;SEVILLA;Mediterráneo
4;41;29;CASTILLEJA DE LA CUESTA;410029;SEVILLA;SEVILLA;Mediterráneo
4;41;30;CASTILLEJA DEL CAMPO;410030;SEVILLA;SEVILLA;Mediterráneo
4;41;31;CASTILLO DE LAS GUARDAS, EL;410031;SEVILLA;SEVILLA;Mediterráneo
4;41;32;CAZALLA DE LA SIERRA;410032;SEVILLA;SEVILLA;Mediterráneo
4;41;33;CONSTANTINA;410033;SEVILLA;SEVILLA;Mediterráneo
4;41;34;CORIA DEL RÍO;410034;SEVILLA;SEVILLA;Mediterráneo
4;41;35;CORIPE;410035;SEVILLA;SEVILLA;Mediterráneo
4;41;36;CORONIL, EL;410036;SEVILLA;SEVILLA;Mediterráneo
4;41;37;CORRALES, LOS;410037;SEVILLA;SEVILLA;Mediterráneo
4;41;38;DOS HERMANAS;410038;SEVILLA;SEVILLA;Mediterráneo
4;41;39;ÉCIJA;410039;SEVILLA;SEVILLA;Mediterráneo
4;41;40;ESPARTINAS;410040;SEVILLA;SEVILLA;Mediterráneo
4;41;41;ESTEPA;410041;SEVILLA;SEVILLA;Mediterráneo
4;41;42;FUENTES DE ANDALUCÍA;410042;SEVILLA;SEVILLA;Mediterráneo
4;41;43;GARROBO, EL;410043;SEVILLA;SEVILLA;Mediterráneo
4;41;44;GELVES;410044;SEVILLA;SEVILLA;Mediterráneo
4;41;45;GERENA;410045;SEVILLA;SEVILLA;Mediterráneo
4;41;46;GILENA;410046;SEVILLA;SEVILLA;Mediterráneo
4;41;47;GINES;410047;SEVILLA;SEVILLA;Mediterráneo
4;41;48;GUADALCANAL;410048;SEVILLA;SEVILLA;Mediterráneo
4;41;49;GUILLENA;410049;SEVILLA;SEVILLA;Mediterráneo
4;41;50;HERRERA;410050;SEVILLA;SEVILLA;Mediterráneo
4;41;51;HUÉVAR DEL ALJARAFE;410051;SEVILLA;SEVILLA;Mediterráneo
4;41;52;LANTEJUELA, LA;410052;SEVILLA;SEVILLA;Mediterráneo
4;41;53;LEBRIJA;410053;SEVILLA;SEVILLA;Mediterráneo
4;41;54;LORA DE ESTEPA;410054;SEVILLA;SEVILLA;Mediterráneo
4;41;55;LORA DEL RÍO;410055;SEVILLA;SEVILLA;Mediterráneo
4;41;56;LUISIANA, LA;410056;SEVILLA;SEVILLA;Mediterráneo
4;41;57;MADROÑO, EL;410057;SEVILLA;SEVILLA;Mediterráneo
4;41;58;MAIRENA DEL ALCOR;410058;SEVILLA;SEVILLA;Mediterráneo
4;41;59;MAIRENA DEL ALJARAFE;410059;SEVILLA;SEVILLA;Mediterráneo
4;41;60;MARCHENA;410060;SEVILLA;SEVILLA;Mediterráneo
4;41;61;MARINALEDA;410061;SEVILLA;SEVILLA;Mediterráneo
4;41;62;MARTÍN DE LA JARA;410062;SEVILLA;SEVILLA;Mediterráneo
4;41;63;MOLARES, LOS;410063;SEVILLA;SEVILLA;Mediterráneo
4;41;64;MONTELLANO;410064;SEVILLA;SEVILLA;Mediterráneo
4;41;65;MORÓN DE LA FRONTERA;410065;SEVILLA;SEVILLA;Mediterráneo
4;41;66;NAVAS DE LA CONCEPCION, LAS;410066;SEVILLA;SEVILLA;Mediterráneo
4;41;67;OLIVARES;410067;SEVILLA;SEVILLA;Mediterráneo
4;41;68;OSUNA;410068;SEVILLA;SEVILLA;Mediterráneo
4;41;69;PALACIOS Y VILLAFRANCA, LOS;410069;SEVILLA;SEVILLA;Mediterráneo
4;41;70;PALOMARES DEL RÍO;410070;SEVILLA;SEVILLA;Mediterráneo
4;41;71;PARADAS;410071;SEVILLA;SEVILLA;Mediterráneo
4;41;72;PEDRERA;410072;SEVILLA;SEVILLA;Mediterráneo
4;41;73;PEDROSO, EL;410073;SEVILLA;SEVILLA;Mediterráneo
4;41;74;PEÑAFLOR;410074;SEVILLA;SEVILLA;Mediterráneo
4;41;75;PILAS;410075;SEVILLA;SEVILLA;Mediterráneo
4;41;76;PRUNA;410076;SEVILLA;SEVILLA;Mediterráneo
4;41;77;PUEBLA DE CAZALLA, LA;410077;SEVILLA;SEVILLA;Mediterráneo
4;41;78;PUEBLA DE LOS INFANTES, LA;410078;SEVILLA;SEVILLA;Mediterráneo
4;41;79;PUEBLA DEL RÍO, LA;410079;SEVILLA;SEVILLA;Mediterráneo
4;41;80;REAL DE LA JARA, EL;410080;SEVILLA;SEVILLA;Mediterráneo
4;41;81;RINCONADA, LA;410081;SEVILLA;SEVILLA;Mediterráneo
4;41;82;RODA DE ANDALUCIA, LA;410082;SEVILLA;SEVILLA;Mediterráneo
4;41;83;RONQUILLO, EL;410083;SEVILLA;SEVILLA;Mediterráneo
4;41;84;RUBIO, EL;410084;SEVILLA;SEVILLA;Mediterráneo
4;41;85;SALTERAS;410085;SEVILLA;SEVILLA;Mediterráneo
4;41;86;SAN JUAN DE AZNALFARACHE;410086;SEVILLA;SEVILLA;Mediterráneo
4;41;87;SANLÚCAR LA MAYOR;410087;SEVILLA;SEVILLA;Mediterráneo
4;41;88;SAN NICOLÁS DEL PUERTO;410088;SEVILLA;SEVILLA;Mediterráneo
4;41;89;SANTIPONCE;410089;SEVILLA;SEVILLA;Mediterráneo
4;41;90;SAUCEJO, EL;410090;SEVILLA;SEVILLA;Mediterráneo
4;41;91;SEVILLA;410091;SEVILLA;SEVILLA;Mediterráneo
4;41;92;TOCINA;410092;SEVILLA;SEVILLA;Mediterráneo
4;41;93;TOMARES;410093;SEVILLA;SEVILLA;Mediterráneo
4;41;94;UMBRETE;410094;SEVILLA;SEVILLA;Mediterráneo
4;41;95;UTRERA;410095;SEVILLA;SEVILLA;Mediterráneo
4;41;96;VALENCINA DE LA CONCEPCIÓN;410096;SEVILLA;SEVILLA;Mediterráneo
4;41;97;VILLAMANRIQUE DE LA CONDESA;410097;SEVILLA;SEVILLA;Mediterráneo
4;41;98;VILLANUEVA DEL ARISCAL;410098;SEVILLA;SEVILLA;Mediterráneo
4;41;99;VILLANUEVA DEL RÍO Y MINAS;410099;SEVILLA;SEVILLA;Mediterráneo
4;41;100;VILLANUEVA DE SAN JUAN;410100;SEVILLA;SEVILLA;Mediterráneo
4;41;101;VILLAVERDE DEL RÍO;410101;SEVILLA;SEVILLA;Mediterráneo
4;41;102;VISO DEL ALCOR, EL;410102;SEVILLA;SEVILLA;Mediterráneo
4;41;901;CAÑADA ROSAL;410901;SEVILLA;SEVILLA;Mediterráneo
4;41;902;ISLA MAYOR;410902;SEVILLA;SEVILLA;Mediterráneo
4;41;903;CUERVO DE SEVILLA, EL;410903;SEVILLA;SEVILLA;Mediterráneo
4;41;999;OTRA PROVINCIA;410999;SEVILLA;SEVILLA;Mediterráneo
5;33;0;INDETERMINADO;330000;ASTURIAS;ASTURIAS;Nororeste
5;33;1;ALLANDE;330001;ASTURIAS;ASTURIAS;Nororeste
5;33;2;ALLER;330002;ASTURIAS;ASTURIAS;Nororeste
5;33;3;AMIEVA;330003;ASTURIAS;ASTURIAS;Nororeste
5;33;4;AVILÉS;330004;ASTURIAS;ASTURIAS;Nororeste
5;33;5;BELMONTE DE MIRANDA;330005;ASTURIAS;ASTURIAS;Nororeste
5;33;6;BIMENES;330006;ASTURIAS;ASTURIAS;Nororeste
5;33;7;BOAL;330007;ASTURIAS;ASTURIAS;Nororeste
5;33;8;CABRALES;330008;ASTURIAS;ASTURIAS;Nororeste
5;33;9;CABRANES;330009;ASTURIAS;ASTURIAS;Nororeste
5;33;10;CANDAMO;330010;ASTURIAS;ASTURIAS;Nororeste
5;33;11;CANGAS DEL NARCEA;330011;ASTURIAS;ASTURIAS;Nororeste
5;33;12;CANGAS DE ONÍS;330012;ASTURIAS;ASTURIAS;Nororeste
5;33;13;CARAVIA;330013;ASTURIAS;ASTURIAS;Nororeste
5;33;14;CARREÑO;330014;ASTURIAS;ASTURIAS;Nororeste
5;33;15;CASO;330015;ASTURIAS;ASTURIAS;Nororeste
5;33;16;CASTRILLÓN;330016;ASTURIAS;ASTURIAS;Nororeste
5;33;17;CASTROPOL;330017;ASTURIAS;ASTURIAS;Nororeste
5;33;18;COAÑA;330018;ASTURIAS;ASTURIAS;Nororeste
5;33;19;COLUNGA;330019;ASTURIAS;ASTURIAS;Nororeste
5;33;20;CORVERA DE ASTURIAS;330020;ASTURIAS;ASTURIAS;Nororeste
5;33;21;CUDILLERO;330021;ASTURIAS;ASTURIAS;Nororeste
5;33;22;DEGAÑA;330022;ASTURIAS;ASTURIAS;Nororeste
5;33;23;FRANCO, EL;330023;ASTURIAS;ASTURIAS;Nororeste
5;33;24;GIJÓN;330024;ASTURIAS;ASTURIAS;Nororeste
5;33;25;GOZÓN;330025;ASTURIAS;ASTURIAS;Nororeste
5;33;26;GRADO;330026;ASTURIAS;ASTURIAS;Nororeste
5;33;27;GRANDAS DE SALIME;330027;ASTURIAS;ASTURIAS;Nororeste
5;33;28;IBIAS;330028;ASTURIAS;ASTURIAS;Nororeste
5;33;29;ILLANO;330029;ASTURIAS;ASTURIAS;Nororeste
5;33;30;ILLAS;330030;ASTURIAS;ASTURIAS;Nororeste
5;33;31;LANGREO;330031;ASTURIAS;ASTURIAS;Nororeste
5;33;32;LAVIANA;330032;ASTURIAS;ASTURIAS;Nororeste
5;33;33;LENA;330033;ASTURIAS;ASTURIAS;Nororeste
5;33;34;VALDÉS;330034;ASTURIAS;ASTURIAS;Nororeste
5;33;35;LLANERA;330035;ASTURIAS;ASTURIAS;Nororeste
5;33;36;LLANES;330036;ASTURIAS;ASTURIAS;Nororeste
5;33;37;MIERES;330037;ASTURIAS;ASTURIAS;Nororeste
5;33;38;MORCÍN;330038;ASTURIAS;ASTURIAS;Nororeste
5;33;39;MUROS DE NALÓN;330039;ASTURIAS;ASTURIAS;Nororeste
5;33;40;NAVA;330040;ASTURIAS;ASTURIAS;Nororeste
5;33;41;NAVIA;330041;ASTURIAS;ASTURIAS;Nororeste
5;33;42;NOREÑA;330042;ASTURIAS;ASTURIAS;Nororeste
5;33;43;ONÍS;330043;ASTURIAS;ASTURIAS;Nororeste
5;33;44;OVIEDO;330044;ASTURIAS;ASTURIAS;Nororeste
5;33;45;PARRES;330045;ASTURIAS;ASTURIAS;Nororeste
5;33;46;PEÑAMELLERA ALTA;330046;ASTURIAS;ASTURIAS;Nororeste
5;33;47;PEÑAMELLERA BAJA;330047;ASTURIAS;ASTURIAS;Nororeste
5;33;48;PESOZ;330048;ASTURIAS;ASTURIAS;Nororeste
5;33;49;PILOÑA;330049;ASTURIAS;ASTURIAS;Nororeste
5;33;50;PONGA;330050;ASTURIAS;ASTURIAS;Nororeste
5;33;51;PRAVIA;330051;ASTURIAS;ASTURIAS;Nororeste
5;33;52;PROAZA;330052;ASTURIAS;ASTURIAS;Nororeste
5;33;53;QUIRÓS;330053;ASTURIAS;ASTURIAS;Nororeste
5;33;54;REGUERAS, LAS;330054;ASTURIAS;ASTURIAS;Nororeste
5;33;55;RIVADEDEVA;330055;ASTURIAS;ASTURIAS;Nororeste
5;33;56;RIBADESELLA;330056;ASTURIAS;ASTURIAS;Nororeste
5;33;57;RIBERA DE ARRIBA;330057;ASTURIAS;ASTURIAS;Nororeste
5;33;58;RIOSA;330058;ASTURIAS;ASTURIAS;Nororeste
5;33;59;SALAS;330059;ASTURIAS;ASTURIAS;Nororeste
5;33;60;SAN MARTÍN DEL REY AURELIO;330060;ASTURIAS;ASTURIAS;Nororeste
5;33;61;SAN MARTÍN DE OSCOS;330061;ASTURIAS;ASTURIAS;Nororeste
5;33;62;SANTA EULALIA DE OSCOS;330062;ASTURIAS;ASTURIAS;Nororeste
5;33;63;SAN TIRSO DE ABRES;330063;ASTURIAS;ASTURIAS;Nororeste
5;33;64;SANTO ADRIANO;330064;ASTURIAS;ASTURIAS;Nororeste
5;33;65;SARIEGO;330065;ASTURIAS;ASTURIAS;Nororeste
5;33;66;SIERO;330066;ASTURIAS;ASTURIAS;Nororeste
5;33;67;SOBRESCOBIO;330067;ASTURIAS;ASTURIAS;Nororeste
5;33;68;SOMIEDO;330068;ASTURIAS;ASTURIAS;Nororeste
5;33;69;SOTO DEL BARCO;330069;ASTURIAS;ASTURIAS;Nororeste
5;33;70;TAPIA DE CASARIEGO;330070;ASTURIAS;ASTURIAS;Nororeste
5;33;71;TARAMUNDI;330071;ASTURIAS;ASTURIAS;Nororeste
5;33;72;TEVERGA;330072;ASTURIAS;ASTURIAS;Nororeste
5;33;73;TINEO;330073;ASTURIAS;ASTURIAS;Nororeste
5;33;74;VEGADEO;330074;ASTURIAS;ASTURIAS;Nororeste
5;33;75;VILLANUEVA DE OSCOS;330075;ASTURIAS;ASTURIAS;Nororeste
5;33;76;VILLAVICIOSA;330076;ASTURIAS;ASTURIAS;Nororeste
5;33;77;VILLAYÓN;330077;ASTURIAS;ASTURIAS;Nororeste
5;33;78;YERNES Y TAMEZA;330078;ASTURIAS;ASTURIAS;Nororeste
5;33;999;OTRA PROVINCIA;330999;ASTURIAS;ASTURIAS;Nororeste
6;39;0;INDETERMINADO;390000;CANTABRIA;CANTABRIA;Nororeste
6;39;1;ALFOZ DE LLOREDO;390001;CANTABRIA;CANTABRIA;Nororeste
6;39;2;AMPUERO;390002;CANTABRIA;CANTABRIA;Nororeste
6;39;3;ANIEVAS;390003;CANTABRIA;CANTABRIA;Nororeste
6;39;4;ARENAS DE IGUÑA;390004;CANTABRIA;CANTABRIA;Nororeste
6;39;5;ARGOÑOS;390005;CANTABRIA;CANTABRIA;Nororeste
6;39;6;ARNUERO;390006;CANTABRIA;CANTABRIA;Nororeste
6;39;7;ARREDONDO;390007;CANTABRIA;CANTABRIA;Nororeste
6;39;8;ASTILLERO, EL;390008;CANTABRIA;CANTABRIA;Nororeste
6;39;9;BÁRCENA DE CICERO;390009;CANTABRIA;CANTABRIA;Nororeste
6;39;10;BÁRCENA DE PIE DE CONCHA;390010;CANTABRIA;CANTABRIA;Nororeste
6;39;11;BAREYO;390011;CANTABRIA;CANTABRIA;Nororeste
6;39;12;CABEZÓN DE LA SAL;390012;CANTABRIA;CANTABRIA;Nororeste
6;39;13;CABEZÓN DE LIÉBANA;390013;CANTABRIA;CANTABRIA;Nororeste
6;39;14;CABUÉRNIGA;390014;CANTABRIA;CANTABRIA;Nororeste
6;39;15;CAMALEÑO;390015;CANTABRIA;CANTABRIA;Nororeste
6;39;16;CAMARGO;390016;CANTABRIA;CANTABRIA;Nororeste
6;39;17;CAMPOO DE YUSO;390017;CANTABRIA;CANTABRIA;Nororeste
6;39;18;CARTES;390018;CANTABRIA;CANTABRIA;Nororeste
6;39;19;CASTAÑEDA;390019;CANTABRIA;CANTABRIA;Nororeste
6;39;20;CASTRO-URDIALES;390020;CANTABRIA;CANTABRIA;Nororeste
6;39;21;CIEZA;390021;CANTABRIA;CANTABRIA;Nororeste
6;39;22;CILLORIGO DE LIÉBANA;390022;CANTABRIA;CANTABRIA;Nororeste
6;39;23;COLINDRES;390023;CANTABRIA;CANTABRIA;Nororeste
6;39;24;COMILLAS;390024;CANTABRIA;CANTABRIA;Nororeste
6;39;25;CORRALES DE BUELNA, LOS;390025;CANTABRIA;CANTABRIA;Nororeste
6;39;26;CORVERA DE TORANZO;390026;CANTABRIA;CANTABRIA;Nororeste
6;39;27;CAMPOO DE ENMEDIO;390027;CANTABRIA;CANTABRIA;Nororeste
6;39;28;ENTRAMBASAGUAS;390028;CANTABRIA;CANTABRIA;Nororeste
6;39;29;ESCALANTE;390029;CANTABRIA;CANTABRIA;Nororeste
6;39;30;GURIEZO;390030;CANTABRIA;CANTABRIA;Nororeste
6;39;31;HAZAS DE CESTO;390031;CANTABRIA;CANTABRIA;Nororeste
6;39;32;HERMANDAD DE CAMPOO DE SUSO;390032;CANTABRIA;CANTABRIA;Nororeste
6;39;33;HERRERÍAS;390033;CANTABRIA;CANTABRIA;Nororeste
6;39;34;LAMASÓN;390034;CANTABRIA;CANTABRIA;Nororeste
6;39;35;LAREDO;390035;CANTABRIA;CANTABRIA;Nororeste
6;39;36;LIENDO;390036;CANTABRIA;CANTABRIA;Nororeste
6;39;37;LIÉRGANES;390037;CANTABRIA;CANTABRIA;Nororeste
6;39;38;LIMPIAS;390038;CANTABRIA;CANTABRIA;Nororeste
6;39;39;LUENA;390039;CANTABRIA;CANTABRIA;Nororeste
6;39;40;MARINA DE CUDEYO;390040;CANTABRIA;CANTABRIA;Nororeste
6;39;41;MAZCUERRAS;390041;CANTABRIA;CANTABRIA;Nororeste
6;39;42;MEDIO CUDEYO;390042;CANTABRIA;CANTABRIA;Nororeste
6;39;43;MERUELO;390043;CANTABRIA;CANTABRIA;Nororeste
6;39;44;MIENGO;390044;CANTABRIA;CANTABRIA;Nororeste
6;39;45;MIERA;390045;CANTABRIA;CANTABRIA;Nororeste
6;39;46;MOLLEDO;390046;CANTABRIA;CANTABRIA;Nororeste
6;39;47;NOJA;390047;CANTABRIA;CANTABRIA;Nororeste
6;39;48;PENAGOS;390048;CANTABRIA;CANTABRIA;Nororeste
6;39;49;PEÑARRUBIA;390049;CANTABRIA;CANTABRIA;Nororeste
6;39;50;PESAGUERO;390050;CANTABRIA;CANTABRIA;Nororeste
6;39;51;PESQUERA;390051;CANTABRIA;CANTABRIA;Nororeste
6;39;52;PIÉLAGOS;390052;CANTABRIA;CANTABRIA;Nororeste
6;39;53;POLACIONES;390053;CANTABRIA;CANTABRIA;Nororeste
6;39;54;POLANCO;390054;CANTABRIA;CANTABRIA;Nororeste
6;39;55;POTES;390055;CANTABRIA;CANTABRIA;Nororeste
6;39;56;PUENTE VIESGO;390056;CANTABRIA;CANTABRIA;Nororeste
6;39;57;RAMALES DE LA VICTORIA;390057;CANTABRIA;CANTABRIA;Nororeste
6;39;58;RASINES;390058;CANTABRIA;CANTABRIA;Nororeste
6;39;59;REINOSA;390059;CANTABRIA;CANTABRIA;Nororeste
6;39;60;REOCÍN;390060;CANTABRIA;CANTABRIA;Nororeste
6;39;61;RIBAMONTÁN AL MAR;390061;CANTABRIA;CANTABRIA;Nororeste
6;39;62;RIBAMONTÁN AL MONTE;390062;CANTABRIA;CANTABRIA;Nororeste
6;39;63;RIONANSA;390063;CANTABRIA;CANTABRIA;Nororeste
6;39;64;RIOTUERTO;390064;CANTABRIA;CANTABRIA;Nororeste
6;39;65;ROZAS DE VALDEARROYO, LAS;390065;CANTABRIA;CANTABRIA;Nororeste
6;39;66;RUENTE;390066;CANTABRIA;CANTABRIA;Nororeste
6;39;67;RUESGA;390067;CANTABRIA;CANTABRIA;Nororeste
6;39;68;RUILOBA;390068;CANTABRIA;CANTABRIA;Nororeste
6;39;69;SAN FELICES DE BUELNA;390069;CANTABRIA;CANTABRIA;Nororeste
6;39;70;SAN MIGUEL DE AGUAYO;390070;CANTABRIA;CANTABRIA;Nororeste
6;39;71;SAN PEDRO DEL ROMERAL;390071;CANTABRIA;CANTABRIA;Nororeste
6;39;72;SAN ROQUE DE RIOMIERA;390072;CANTABRIA;CANTABRIA;Nororeste
6;39;73;SANTA CRUZ DE BEZANA;390073;CANTABRIA;CANTABRIA;Nororeste
6;39;74;SANTA MARIA DE CAYÓN;390074;CANTABRIA;CANTABRIA;Nororeste
6;39;75;SANTANDER;390075;CANTABRIA;CANTABRIA;Nororeste
6;39;76;SANTILLANA DEL MAR;390076;CANTABRIA;CANTABRIA;Nororeste
6;39;77;SANTIURDE DE REINOSA;390077;CANTABRIA;CANTABRIA;Nororeste
6;39;78;SANTIURDE DE TORANZO;390078;CANTABRIA;CANTABRIA;Nororeste
6;39;79;SANTOÑA;390079;CANTABRIA;CANTABRIA;Nororeste
6;39;80;SAN VICENTE DE LA BARQUERA;390080;CANTABRIA;CANTABRIA;Nororeste
6;39;81;SARO;390081;CANTABRIA;CANTABRIA;Nororeste
6;39;82;SELAYA;390082;CANTABRIA;CANTABRIA;Nororeste
6;39;83;SOBA;390083;CANTABRIA;CANTABRIA;Nororeste
6;39;84;SOLÓRZANO;390084;CANTABRIA;CANTABRIA;Nororeste
6;39;85;SUANCES;390085;CANTABRIA;CANTABRIA;Nororeste
6;39;86;TOJOS, LOS;390086;CANTABRIA;CANTABRIA;Nororeste
6;39;87;TORRELAVEGA;390087;CANTABRIA;CANTABRIA;Nororeste
6;39;88;TRESVISO;390088;CANTABRIA;CANTABRIA;Nororeste
6;39;89;TUDANCA;390089;CANTABRIA;CANTABRIA;Nororeste
6;39;90;UDÍAS;390090;CANTABRIA;CANTABRIA;Nororeste
6;39;91;VALDÁLIGA;390091;CANTABRIA;CANTABRIA;Nororeste
6;39;92;VALDEOLEA;390092;CANTABRIA;CANTABRIA;Nororeste
6;39;93;VALDEPRADO DEL RÍO;390093;CANTABRIA;CANTABRIA;Nororeste
6;39;94;VALDERREDIBLE;390094;CANTABRIA;CANTABRIA;Nororeste
6;39;95;VAL DE SAN VICENTE;390095;CANTABRIA;CANTABRIA;Nororeste
6;39;96;VEGA DE LIÉBANA;390096;CANTABRIA;CANTABRIA;Nororeste
6;39;97;VEGA DE PAS;390097;CANTABRIA;CANTABRIA;Nororeste
6;39;98;VILLACARRIEDO;390098;CANTABRIA;CANTABRIA;Nororeste
6;39;99;VILLAESCUSA;390099;CANTABRIA;CANTABRIA;Nororeste
6;39;100;VILLAFUFRE;390100;CANTABRIA;CANTABRIA;Nororeste
6;39;101;VILLAVERDE DE TRUCIOS;390101;CANTABRIA;CANTABRIA;Nororeste
6;39;102;VOTO;390102;CANTABRIA;CANTABRIA;Nororeste
6;39;701;Comunidad de Campoo-Cabuérniga;390701;CANTABRIA;CANTABRIA;Nororeste
6;39;999;OTRA PROVINCIA;390999;CANTABRIA;CANTABRIA;Nororeste
7;26;0;INDETERMINADO;260000;LA RIOJA;LA RIOJA;Comunidades interiores
7;26;1;ÁBALOS;260001;LA RIOJA;LA RIOJA;Comunidades interiores
7;26;2;AGONCILLO;260002;LA RIOJA;LA RIOJA;Comunidades interiores
7;26;3;AGUILAR DEL RÍO ALHAMA;260003;LA RIOJA;LA RIOJA;Comunidades interiores
7;26;4;AJAMIL DE CAMEROS;260004;LA RIOJA;LA RIOJA;Comunidades interiores
7;26;5;ALBELDA DE IREGUA;260005;LA RIOJA;LA RIOJA;Comunidades interiores
7;26;6;ALBERITE;260006;LA RIOJA;LA RIOJA;Comunidades interiores
7;26;7;ALCANADRE;260007;LA RIOJA;LA RIOJA;Comunidades interiores
7;26;8;ALDEANUEVA DE EBRO;260008;LA RIOJA;LA RIOJA;Comunidades interiores
7;26;9;ALESANCO;260009;LA RIOJA;LA RIOJA;Comunidades interiores
7;26;10;ALESÓN;260010;LA RIOJA;LA RIOJA;Comunidades interiores
7;26;11;ALFARO;260011;LA RIOJA;LA RIOJA;Comunidades interiores
7;26;12;ALMARZA DE CAMEROS;260012;LA RIOJA;LA RIOJA;Comunidades interiores
7;26;13;ANGUCIANA;260013;LA RIOJA;LA RIOJA;Comunidades interiores
7;26;14;ANGUIANO;260014;LA RIOJA;LA RIOJA;Comunidades interiores
7;26;15;ARENZANA DE ABAJO;260015;LA RIOJA;LA RIOJA;Comunidades interiores
7;26;16;ARENZANA DE ARRIBA;260016;LA RIOJA;LA RIOJA;Comunidades interiores
7;26;17;ARNEDILLO;260017;LA RIOJA;LA RIOJA;Comunidades interiores
7;26;18;ARNEDO;260018;LA RIOJA;LA RIOJA;Comunidades interiores
7;26;19;ARRÚBAL;260019;LA RIOJA;LA RIOJA;Comunidades interiores
7;26;20;AUSEJO;260020;LA RIOJA;LA RIOJA;Comunidades interiores
7;26;21;AUTOL;260021;LA RIOJA;LA RIOJA;Comunidades interiores
7;26;22;AZOFRA;260022;LA RIOJA;LA RIOJA;Comunidades interiores
7;26;23;BADARÁN;260023;LA RIOJA;LA RIOJA;Comunidades interiores
7;26;24;BAÑARES;260024;LA RIOJA;LA RIOJA;Comunidades interiores
7;26;25;BAÑOS DE RIOJA;260025;LA RIOJA;LA RIOJA;Comunidades interiores
7;26;26;BAÑOS DE RÍO TOBÍA;260026;LA RIOJA;LA RIOJA;Comunidades interiores
7;26;27;BERCEO;260027;LA RIOJA;LA RIOJA;Comunidades interiores
7;26;28;BERGASA;260028;LA RIOJA;LA RIOJA;Comunidades interiores
7;26;29;BERGASILLAS BAJERA;260029;LA RIOJA;LA RIOJA;Comunidades interiores
7;26;30;BEZARES;260030;LA RIOJA;LA RIOJA;Comunidades interiores
7;26;31;BOBADILLA;260031;LA RIOJA;LA RIOJA;Comunidades interiores
7;26;32;BRIEVA DE CAMEROS;260032;LA RIOJA;LA RIOJA;Comunidades interiores
7;26;33;BRIÑAS;260033;LA RIOJA;LA RIOJA;Comunidades interiores
7;26;34;BRIONES;260034;LA RIOJA;LA RIOJA;Comunidades interiores
7;26;35;CABEZÓN DE CAMEROS;260035;LA RIOJA;LA RIOJA;Comunidades interiores
7;26;36;CALAHORRA;260036;LA RIOJA;LA RIOJA;Comunidades interiores
7;26;37;CAMPROVÍN;260037;LA RIOJA;LA RIOJA;Comunidades interiores
7;26;38;CANALES DE LA SIERRA;260038;LA RIOJA;LA RIOJA;Comunidades interiores
7;26;39;CANILLAS DE RÍO TUERTO;260039;LA RIOJA;LA RIOJA;Comunidades interiores
7;26;40;CAÑAS;260040;LA RIOJA;LA RIOJA;Comunidades interiores
7;26;41;CÁRDENAS;260041;LA RIOJA;LA RIOJA;Comunidades interiores
7;26;42;CASALARREINA;260042;LA RIOJA;LA RIOJA;Comunidades interiores
7;26;43;CASTAÑARES DE RIOJA;260043;LA RIOJA;LA RIOJA;Comunidades interiores
7;26;44;CASTROVIEJO;260044;LA RIOJA;LA RIOJA;Comunidades interiores
7;26;45;CELLORIGO;260045;LA RIOJA;LA RIOJA;Comunidades interiores
7;26;46;CENICERO;260046;LA RIOJA;LA RIOJA;Comunidades interiores
7;26;47;CERVERA DEL RÍO ALHAMA;260047;LA RIOJA;LA RIOJA;Comunidades interiores
7;26;48;CIDAMÓN;260048;LA RIOJA;LA RIOJA;Comunidades interiores
7;26;49;CIHURI;260049;LA RIOJA;LA RIOJA;Comunidades interiores
7;26;50;CIRUEÑA;260050;LA RIOJA;LA RIOJA;Comunidades interiores
7;26;51;CLAVIJO;260051;LA RIOJA;LA RIOJA;Comunidades interiores
7;26;52;CORDOVÍN;260052;LA RIOJA;LA RIOJA;Comunidades interiores
7;26;53;CORERA;260053;LA RIOJA;LA RIOJA;Comunidades interiores
7;26;54;CORNAGO;260054;LA RIOJA;LA RIOJA;Comunidades interiores
7;26;55;CORPORALES;260055;LA RIOJA;LA RIOJA;Comunidades interiores
7;26;56;CUZCURRITA DE RÍO TIRÓN;260056;LA RIOJA;LA RIOJA;Comunidades interiores
7;26;57;DAROCA DE RIOJA;260057;LA RIOJA;LA RIOJA;Comunidades interiores
7;26;58;ENCISO;260058;LA RIOJA;LA RIOJA;Comunidades interiores
7;26;59;ENTRENA;260059;LA RIOJA;LA RIOJA;Comunidades interiores
7;26;60;ESTOLLO;260060;LA RIOJA;LA RIOJA;Comunidades interiores
7;26;61;EZCARAY;260061;LA RIOJA;LA RIOJA;Comunidades interiores
7;26;62;FONCEA;260062;LA RIOJA;LA RIOJA;Comunidades interiores
7;26;63;FONZALECHE;260063;LA RIOJA;LA RIOJA;Comunidades interiores
7;26;64;FUENMAYOR;260064;LA RIOJA;LA RIOJA;Comunidades interiores
7;26;65;GALBÁRRULI;260065;LA RIOJA;LA RIOJA;Comunidades interiores
7;26;66;GALILEA;260066;LA RIOJA;LA RIOJA;Comunidades interiores
7;26;67;GALLINERO DE CAMEROS;260067;LA RIOJA;LA RIOJA;Comunidades interiores
7;26;68;GIMILEO;260068;LA RIOJA;LA RIOJA;Comunidades interiores
7;26;69;GRAÑÓN;260069;LA RIOJA;LA RIOJA;Comunidades interiores
7;26;70;GRÁVALOS;260070;LA RIOJA;LA RIOJA;Comunidades interiores
7;26;71;HARO;260071;LA RIOJA;LA RIOJA;Comunidades interiores
7;26;72;HERCE;260072;LA RIOJA;LA RIOJA;Comunidades interiores
7;26;73;HERRAMÉLLURI;260073;LA RIOJA;LA RIOJA;Comunidades interiores
7;26;74;HERVÍAS;260074;LA RIOJA;LA RIOJA;Comunidades interiores
7;26;75;HORMILLA;260075;LA RIOJA;LA RIOJA;Comunidades interiores
7;26;76;HORMILLEJA;260076;LA RIOJA;LA RIOJA;Comunidades interiores
7;26;77;HORNILLOS DE CAMEROS;260077;LA RIOJA;LA RIOJA;Comunidades interiores
7;26;78;HORNOS DE MONCALVILLO;260078;LA RIOJA;LA RIOJA;Comunidades interiores
7;26;79;HUÉRCANOS;260079;LA RIOJA;LA RIOJA;Comunidades interiores
7;26;80;IGEA;260080;LA RIOJA;LA RIOJA;Comunidades interiores
7;26;81;JALÓN DE CAMEROS;260081;LA RIOJA;LA RIOJA;Comunidades interiores
7;26;82;LAGUNA DE CAMEROS;260082;LA RIOJA;LA RIOJA;Comunidades interiores
7;26;83;LAGUNILLA DEL JUBERA;260083;LA RIOJA;LA RIOJA;Comunidades interiores
7;26;84;LARDERO;260084;LA RIOJA;LA RIOJA;Comunidades interiores
7;26;86;LEDESMA DE LA COGOLLA;260086;LA RIOJA;LA RIOJA;Comunidades interiores
7;26;87;LEIVA;260087;LA RIOJA;LA RIOJA;Comunidades interiores
7;26;88;LEZA DE RÍO LEZA;260088;LA RIOJA;LA RIOJA;Comunidades interiores
7;26;89;LOGROÑO;260089;LA RIOJA;LA RIOJA;Comunidades interiores
7;26;91;LUMBRERAS;260091;LA RIOJA;LA RIOJA;Comunidades interiores
7;26;92;MANJARRÉS;260092;LA RIOJA;LA RIOJA;Comunidades interiores
7;26;93;MANSILLA DE LA SIERRA;260093;LA RIOJA;LA RIOJA;Comunidades interiores
7;26;94;MANZANARES DE RIOJA;260094;LA RIOJA;LA RIOJA;Comunidades interiores
7;26;95;MATUTE;260095;LA RIOJA;LA RIOJA;Comunidades interiores
7;26;96;MEDRANO;260096;LA RIOJA;LA RIOJA;Comunidades interiores
7;26;98;MUNILLA;260098;LA RIOJA;LA RIOJA;Comunidades interiores
7;26;99;MURILLO DE RÍO LEZA;260099;LA RIOJA;LA RIOJA;Comunidades interiores
7;26;100;MURO DE AGUAS;260100;LA RIOJA;LA RIOJA;Comunidades interiores
7;26;101;MURO EN CAMEROS;260101;LA RIOJA;LA RIOJA;Comunidades interiores
7;26;102;NÁJERA;260102;LA RIOJA;LA RIOJA;Comunidades interiores
7;26;103;NALDA;260103;LA RIOJA;LA RIOJA;Comunidades interiores
7;26;104;NAVAJÚN;260104;LA RIOJA;LA RIOJA;Comunidades interiores
7;26;105;NAVARRETE;260105;LA RIOJA;LA RIOJA;Comunidades interiores
7;26;106;NESTARES;260106;LA RIOJA;LA RIOJA;Comunidades interiores
7;26;107;NIEVA DE CAMEROS;260107;LA RIOJA;LA RIOJA;Comunidades interiores
7;26;108;OCÓN;260108;LA RIOJA;LA RIOJA;Comunidades interiores
7;26;109;OCHÁNDURI;260109;LA RIOJA;LA RIOJA;Comunidades interiores
7;26;110;OJACASTRO;260110;LA RIOJA;LA RIOJA;Comunidades interiores
7;26;111;OLLAURI;260111;LA RIOJA;LA RIOJA;Comunidades interiores
7;26;112;ORTIGOSA DE CAMEROS;260112;LA RIOJA;LA RIOJA;Comunidades interiores
7;26;113;PAZUENGOS;260113;LA RIOJA;LA RIOJA;Comunidades interiores
7;26;114;PEDROSO;260114;LA RIOJA;LA RIOJA;Comunidades interiores
7;26;115;PINILLOS;260115;LA RIOJA;LA RIOJA;Comunidades interiores
7;26;117;PRADEJÓN;260117;LA RIOJA;LA RIOJA;Comunidades interiores
7;26;118;PRADILLO;260118;LA RIOJA;LA RIOJA;Comunidades interiores
7;26;119;PRÉJANO;260119;LA RIOJA;LA RIOJA;Comunidades interiores
7;26;120;QUEL;260120;LA RIOJA;LA RIOJA;Comunidades interiores
7;26;121;RABANERA;260121;LA RIOJA;LA RIOJA;Comunidades interiores
7;26;122;RASILLO DE CAMEROS, EL;260122;LA RIOJA;LA RIOJA;Comunidades interiores
7;26;123;REDAL, EL;260123;LA RIOJA;LA RIOJA;Comunidades interiores
7;26;124;RIBAFRECHA;260124;LA RIOJA;LA RIOJA;Comunidades interiores
7;26;125;RINCÓN DE SOTO;260125;LA RIOJA;LA RIOJA;Comunidades interiores
7;26;126;ROBRES DEL CASTILLO;260126;LA RIOJA;LA RIOJA;Comunidades interiores
7;26;127;RODEZNO;260127;LA RIOJA;LA RIOJA;Comunidades interiores
7;26;128;SAJAZARRA;260128;LA RIOJA;LA RIOJA;Comunidades interiores
7;26;129;SAN ASENSIO;260129;LA RIOJA;LA RIOJA;Comunidades interiores
7;26;130;SAN MILLÁN DE LA COGOLLA;260130;LA RIOJA;LA RIOJA;Comunidades interiores
7;26;131;SAN MILLÁN DE YÉCORA;260131;LA RIOJA;LA RIOJA;Comunidades interiores
7;26;132;SAN ROMÁN DE CAMEROS;260132;LA RIOJA;LA RIOJA;Comunidades interiores
7;26;134;SANTA COLOMA;260134;LA RIOJA;LA RIOJA;Comunidades interiores
7;26;135;SANTA ENGRACIA DEL JUBERA;260135;LA RIOJA;LA RIOJA;Comunidades interiores
7;26;136;SANTA EULALIA BAJERA;260136;LA RIOJA;LA RIOJA;Comunidades interiores
7;26;138;SANTO DOMINGO DE LA CALZADA;260138;LA RIOJA;LA RIOJA;Comunidades interiores
7;26;139;SAN TORCUATO;260139;LA RIOJA;LA RIOJA;Comunidades interiores
7;26;140;SANTURDE DE RIOJA;260140;LA RIOJA;LA RIOJA;Comunidades interiores
7;26;141;SANTURDEJO;260141;LA RIOJA;LA RIOJA;Comunidades interiores
7;26;142;SAN VICENTE DE LA SONSIERRA;260142;LA RIOJA;LA RIOJA;Comunidades interiores
7;26;143;SOJUELA;260143;LA RIOJA;LA RIOJA;Comunidades interiores
7;26;144;SORZANO;260144;LA RIOJA;LA RIOJA;Comunidades interiores
7;26;145;SOTÉS;260145;LA RIOJA;LA RIOJA;Comunidades interiores
7;26;146;SOTO EN CAMEROS;260146;LA RIOJA;LA RIOJA;Comunidades interiores
7;26;147;TERROBA;260147;LA RIOJA;LA RIOJA;Comunidades interiores
7;26;148;TIRGO;260148;LA RIOJA;LA RIOJA;Comunidades interiores
7;26;149;TOBÍA;260149;LA RIOJA;LA RIOJA;Comunidades interiores
7;26;150;TORMANTOS;260150;LA RIOJA;LA RIOJA;Comunidades interiores
7;26;151;TORRECILLA EN CAMEROS;260151;LA RIOJA;LA RIOJA;Comunidades interiores
7;26;152;TORRECILLA SOBRE ALESANCO;260152;LA RIOJA;LA RIOJA;Comunidades interiores
7;26;153;TORRE EN CAMEROS;260153;LA RIOJA;LA RIOJA;Comunidades interiores
7;26;154;TORREMONTALBO;260154;LA RIOJA;LA RIOJA;Comunidades interiores
7;26;155;TREVIANA;260155;LA RIOJA;LA RIOJA;Comunidades interiores
7;26;157;TRICIO;260157;LA RIOJA;LA RIOJA;Comunidades interiores
7;26;158;TUDELILLA;260158;LA RIOJA;LA RIOJA;Comunidades interiores
7;26;160;URUÑUELA;260160;LA RIOJA;LA RIOJA;Comunidades interiores
7;26;161;VALDEMADERA;260161;LA RIOJA;LA RIOJA;Comunidades interiores
7;26;162;VALGAÑÓN;260162;LA RIOJA;LA RIOJA;Comunidades interiores
7;26;163;VENTOSA;260163;LA RIOJA;LA RIOJA;Comunidades interiores
7;26;164;VENTROSA;260164;LA RIOJA;LA RIOJA;Comunidades interiores
7;26;165;VIGUERA;260165;LA RIOJA;LA RIOJA;Comunidades interiores
7;26;166;VILLALBA DE RIOJA;260166;LA RIOJA;LA RIOJA;Comunidades interiores
7;26;167;VILLALOBAR DE RIOJA;260167;LA RIOJA;LA RIOJA;Comunidades interiores
7;26;168;VILLAMEDIANA DE IREGUA;260168;LA RIOJA;LA RIOJA;Comunidades interiores
7;26;169;VILLANUEVA DE CAMEROS;260169;LA RIOJA;LA RIOJA;Comunidades interiores
7;26;170;VILLAR DE ARNEDO, EL;260170;LA RIOJA;LA RIOJA;Comunidades interiores
7;26;171;VILLAR DE TORRE;260171;LA RIOJA;LA RIOJA;Comunidades interiores
7;26;172;VILLAREJO;260172;LA RIOJA;LA RIOJA;Comunidades interiores
7;26;173;VILLARROYA;260173;LA RIOJA;LA RIOJA;Comunidades interiores
7;26;174;VILLARTA-QUINTANA;260174;LA RIOJA;LA RIOJA;Comunidades interiores
7;26;175;VILLAVELAYO;260175;LA RIOJA;LA RIOJA;Comunidades interiores
7;26;176;VILLAVERDE DE RIOJA;260176;LA RIOJA;LA RIOJA;Comunidades interiores
7;26;177;VILLOSLADA DE CAMEROS;260177;LA RIOJA;LA RIOJA;Comunidades interiores
7;26;178;VINIEGRA DE ABAJO;260178;LA RIOJA;LA RIOJA;Comunidades interiores
7;26;179;VINIEGRA DE ARRIBA;260179;LA RIOJA;LA RIOJA;Comunidades interiores
7;26;180;ZARRATÓN;260180;LA RIOJA;LA RIOJA;Comunidades interiores
7;26;181;ZARZOSA;260181;LA RIOJA;LA RIOJA;Comunidades interiores
7;26;183;ZORRAQUÍN;260183;LA RIOJA;LA RIOJA;Comunidades interiores
7;26;999;OTRA PROVINCIA;260999;LA RIOJA;LA RIOJA;Comunidades interiores
8;30;0;INDETERMINADO;300000;MURCIA;MURCIA;Mediterráneo
8;30;1;ABANILLA;300001;MURCIA;MURCIA;Mediterráneo
8;30;2;ABARÁN;300002;MURCIA;MURCIA;Mediterráneo
8;30;3;ÁGUILAS;300003;MURCIA;MURCIA;Mediterráneo
8;30;4;ALBUDEITE;300004;MURCIA;MURCIA;Mediterráneo
8;30;5;ALCANTARILLA;300005;MURCIA;MURCIA;Mediterráneo
8;30;6;ALEDO;300006;MURCIA;MURCIA;Mediterráneo
8;30;7;ALGUAZAS;300007;MURCIA;MURCIA;Mediterráneo
8;30;8;ALHAMA DE MURCIA;300008;MURCIA;MURCIA;Mediterráneo
8;30;9;ARCHENA;300009;MURCIA;MURCIA;Mediterráneo
8;30;10;BENIEL;300010;MURCIA;MURCIA;Mediterráneo
8;30;11;BLANCA;300011;MURCIA;MURCIA;Mediterráneo
8;30;12;BULLAS;300012;MURCIA;MURCIA;Mediterráneo
8;30;13;CALASPARRA;300013;MURCIA;MURCIA;Mediterráneo
8;30;14;CAMPOS DEL RÍO;300014;MURCIA;MURCIA;Mediterráneo
8;30;15;CARAVACA DE LA CRUZ;300015;MURCIA;MURCIA;Mediterráneo
8;30;16;CARTAGENA;300016;MURCIA;MURCIA;Mediterráneo
8;30;17;CEHEGÍN;300017;MURCIA;MURCIA;Mediterráneo
8;30;18;CEUTÍ;300018;MURCIA;MURCIA;Mediterráneo
8;30;19;CIEZA;300019;MURCIA;MURCIA;Mediterráneo
8;30;20;FORTUNA;300020;MURCIA;MURCIA;Mediterráneo
8;30;21;FUENTE ÁLAMO DE MURCIA;300021;MURCIA;MURCIA;Mediterráneo
8;30;22;JUMILLA;300022;MURCIA;MURCIA;Mediterráneo
8;30;23;LIBRILLA;300023;MURCIA;MURCIA;Mediterráneo
8;30;24;LORCA;300024;MURCIA;MURCIA;Mediterráneo
8;30;25;LORQUÍ;300025;MURCIA;MURCIA;Mediterráneo
8;30;26;MAZARRÓN;300026;MURCIA;MURCIA;Mediterráneo
8;30;27;MOLINA DE SEGURA;300027;MURCIA;MURCIA;Mediterráneo
8;30;28;MORATALLA;300028;MURCIA;MURCIA;Mediterráneo
8;30;29;MULA;300029;MURCIA;MURCIA;Mediterráneo
8;30;30;MURCIA;300030;MURCIA;MURCIA;Mediterráneo
8;30;31;OJÓS;300031;MURCIA;MURCIA;Mediterráneo
8;30;32;PLIEGO;300032;MURCIA;MURCIA;Mediterráneo
8;30;33;PUERTO LUMBRERAS;300033;MURCIA;MURCIA;Mediterráneo
8;30;34;RICOTE;300034;MURCIA;MURCIA;Mediterráneo
8;30;35;SAN JAVIER;300035;MURCIA;MURCIA;Mediterráneo
8;30;36;SAN PEDRO DEL PINATAR;300036;MURCIA;MURCIA;Mediterráneo
8;30;37;TORRE-PACHECO;300037;MURCIA;MURCIA;Mediterráneo
8;30;38;TORRES DE COTILLAS, LAS;300038;MURCIA;MURCIA;Mediterráneo
8;30;39;TOTANA;300039;MURCIA;MURCIA;Mediterráneo
8;30;40;ULEA;300040;MURCIA;MURCIA;Mediterráneo
8;30;41;UNION, LA;300041;MURCIA;MURCIA;Mediterráneo
8;30;42;VILLANUEVA DEL RÍO SEGURA;300042;MURCIA;MURCIA;Mediterráneo
8;30;43;YECLA;300043;MURCIA;MURCIA;Mediterráneo
8;30;901;SANTOMERA;300901;MURCIA;MURCIA;Mediterráneo
8;30;902;ALCAZARES, LOS;300902;MURCIA;MURCIA;Mediterráneo
8;30;999;OTRA PROVINCIA;300999;MURCIA;MURCIA;Mediterráneo
9;3;0;INDETERMINADO;30000;ALICANTE;ALICANTE;Mediterráneo
9;3;1;ADSUBIA;30001;ALICANTE;ALICANTE;Mediterráneo
9;3;2;AGOST;30002;ALICANTE;ALICANTE;Mediterráneo
9;3;3;AGRES;30003;ALICANTE;ALICANTE;Mediterráneo
9;3;4;AIGÜES;30004;ALICANTE;ALICANTE;Mediterráneo
9;3;5;ALBATERA;30005;ALICANTE;ALICANTE;Mediterráneo
9;3;6;ALCALALÍ;30006;ALICANTE;ALICANTE;Mediterráneo
9;3;7;ALCOCER DE PLANES;30007;ALICANTE;ALICANTE;Mediterráneo
9;3;8;ALCOLEJA;30008;ALICANTE;ALICANTE;Mediterráneo
9;3;9;ALCOI/ALCOY;30009;ALICANTE;ALICANTE;Mediterráneo
9;3;10;ALFAFARA;30010;ALICANTE;ALICANTE;Mediterráneo
9;3;11;ALFÀS DEL PI, L';30011;ALICANTE;ALICANTE;Mediterráneo
9;3;12;ALGORFA;30012;ALICANTE;ALICANTE;Mediterráneo
9;3;13;ALGUEÑA;30013;ALICANTE;ALICANTE;Mediterráneo
9;3;14;ALACANT/ALICANTE;30014;ALICANTE;ALICANTE;Mediterráneo
9;3;15;ALMORADÍ;30015;ALICANTE;ALICANTE;Mediterráneo
9;3;16;ALMUDAINA;30016;ALICANTE;ALICANTE;Mediterráneo
9;3;17;ALQUERIA D' ASNAR, L';30017;ALICANTE;ALICANTE;Mediterráneo
9;3;18;ALTEA;30018;ALICANTE;ALICANTE;Mediterráneo
9;3;19;ASPE;30019;ALICANTE;ALICANTE;Mediterráneo
9;3;20;BALONES;30020;ALICANTE;ALICANTE;Mediterráneo
9;3;21;BANYERES DE MARIOLA;30021;ALICANTE;ALICANTE;Mediterráneo
9;3;22;BENASAU;30022;ALICANTE;ALICANTE;Mediterráneo
9;3;23;BENEIXAMA;30023;ALICANTE;ALICANTE;Mediterráneo
9;3;24;BENEJÚZAR;30024;ALICANTE;ALICANTE;Mediterráneo
9;3;25;BENFERRI;30025;ALICANTE;ALICANTE;Mediterráneo
9;3;26;BENIARBEIG;30026;ALICANTE;ALICANTE;Mediterráneo
9;3;27;BENIARDÁ;30027;ALICANTE;ALICANTE;Mediterráneo
9;3;28;BENIARRÉS;30028;ALICANTE;ALICANTE;Mediterráneo
9;3;29;BENIGEMBLA;30029;ALICANTE;ALICANTE;Mediterráneo
9;3;30;BENIDOLEIG;30030;ALICANTE;ALICANTE;Mediterráneo
9;3;31;BENIDORM;30031;ALICANTE;ALICANTE;Mediterráneo
9;3;32;BENIFALLIN;30032;ALICANTE;ALICANTE;Mediterráneo
9;3;33;BENIFATO;30033;ALICANTE;ALICANTE;Mediterráneo
9;3;34;BENIJÓFAR;30034;ALICANTE;ALICANTE;Mediterráneo
9;3;35;BENILLOBA;30035;ALICANTE;ALICANTE;Mediterráneo
9;3;36;BENILLUP;30036;ALICANTE;ALICANTE;Mediterráneo
9;3;37;BENIMANTELL;30037;ALICANTE;ALICANTE;Mediterráneo
9;3;38;BENIMARFULL;30038;ALICANTE;ALICANTE;Mediterráneo
9;3;39;BENIMASSOT;30039;ALICANTE;ALICANTE;Mediterráneo
9;3;40;BENIMELI;30040;ALICANTE;ALICANTE;Mediterráneo
9;3;41;BENISSA;30041;ALICANTE;ALICANTE;Mediterráneo
9;3;42;POBLE NOU DE BENITATXELL, EL;30042;ALICANTE;ALICANTE;Mediterráneo
9;3;43;BIAR;30043;ALICANTE;ALICANTE;Mediterráneo
9;3;44;BIGASTRO;30044;ALICANTE;ALICANTE;Mediterráneo
9;3;45;BOLULLA;30045;ALICANTE;ALICANTE;Mediterráneo
9;3;46;BUSOT;30046;ALICANTE;ALICANTE;Mediterráneo
9;3;47;CALP;30047;ALICANTE;ALICANTE;Mediterráneo
9;3;48;CALLOSA D'EN SARRIÁ;30048;ALICANTE;ALICANTE;Mediterráneo
9;3;49;CALLOSA DE SEGURA;30049;ALICANTE;ALICANTE;Mediterráneo
9;3;50;CAMPELLO, EL;30050;ALICANTE;ALICANTE;Mediterráneo
9;3;51;CAMP DE MIRRA, EL;30051;ALICANTE;ALICANTE;Mediterráneo
9;3;52;CAÑADA;30052;ALICANTE;ALICANTE;Mediterráneo
9;3;53;CASTALLA;30053;ALICANTE;ALICANTE;Mediterráneo
9;3;54;CASTELL DE CASTELLS;30054;ALICANTE;ALICANTE;Mediterráneo
9;3;55;CATRAL;30055;ALICANTE;ALICANTE;Mediterráneo
9;3;56;COCENTAINA;30056;ALICANTE;ALICANTE;Mediterráneo
9;3;57;CONFRIDES;30057;ALICANTE;ALICANTE;Mediterráneo
9;3;58;COX;30058;ALICANTE;ALICANTE;Mediterráneo
9;3;59;CREVILLENT;30059;ALICANTE;ALICANTE;Mediterráneo
9;3;60;QUATRETONDETA;30060;ALICANTE;ALICANTE;Mediterráneo
9;3;61;DAYA NUEVA;30061;ALICANTE;ALICANTE;Mediterráneo
9;3;62;DAYA VIEJA;30062;ALICANTE;ALICANTE;Mediterráneo
9;3;63;DÉNIA;30063;ALICANTE;ALICANTE;Mediterráneo
9;3;64;DOLORES;30064;ALICANTE;ALICANTE;Mediterráneo
9;3;65;ELX/ELCHE;30065;ALICANTE;ALICANTE;Mediterráneo
9;3;66;ELDA;30066;ALICANTE;ALICANTE;Mediterráneo
9;3;67;FACHECA;30067;ALICANTE;ALICANTE;Mediterráneo
9;3;68;FAMORCA;30068;ALICANTE;ALICANTE;Mediterráneo
9;3;69;FINESTRAT;30069;ALICANTE;ALICANTE;Mediterráneo
9;3;70;FORMENTERA  DEL SEGURA;30070;ALICANTE;ALICANTE;Mediterráneo
9;3;71;GATA DE GORGOS;30071;ALICANTE;ALICANTE;Mediterráneo
9;3;72;GAIANES;30072;ALICANTE;ALICANTE;Mediterráneo
9;3;73;GORGA;30073;ALICANTE;ALICANTE;Mediterráneo
9;3;74;GRANJA DE ROCAMORA;30074;ALICANTE;ALICANTE;Mediterráneo
9;3;75;CASTELL DE GUADALEST, EL;30075;ALICANTE;ALICANTE;Mediterráneo
9;3;76;GUARDAMAR DEL SEGURA;30076;ALICANTE;ALICANTE;Mediterráneo
9;3;77;FONDÓ DE LES NEUS, EL ;30077;ALICANTE;ALICANTE;Mediterráneo
9;3;78;HONDÓN DE LOS FRAILES;30078;ALICANTE;ALICANTE;Mediterráneo
9;3;79;IBI;30079;ALICANTE;ALICANTE;Mediterráneo
9;3;80;JACARILLA;30080;ALICANTE;ALICANTE;Mediterráneo
9;3;81;XALÓ/JALÓN;30081;ALICANTE;ALICANTE;Mediterráneo
9;3;82;XÀBIA/JÁVEA;30082;ALICANTE;ALICANTE;Mediterráneo
9;3;83;XIXONA/JIJONA;30083;ALICANTE;ALICANTE;Mediterráneo
9;3;84;ORXA, L' /LORCHA;30084;ALICANTE;ALICANTE;Mediterráneo
9;3;85;LLÍBER;30085;ALICANTE;ALICANTE;Mediterráneo
9;3;86;MILLENA;30086;ALICANTE;ALICANTE;Mediterráneo
9;3;88;MONFORTE DEL CID;30088;ALICANTE;ALICANTE;Mediterráneo
9;3;89;MONÒVER/MONÓVAR;30089;ALICANTE;ALICANTE;Mediterráneo
9;3;90;MUTXAMEL;30090;ALICANTE;ALICANTE;Mediterráneo
9;3;91;MURLA;30091;ALICANTE;ALICANTE;Mediterráneo
9;3;92;MURO DE ALCOY;30092;ALICANTE;ALICANTE;Mediterráneo
9;3;93;NOVELDA;30093;ALICANTE;ALICANTE;Mediterráneo
9;3;94;NUCIA, LA;30094;ALICANTE;ALICANTE;Mediterráneo
9;3;95;ONDARA;30095;ALICANTE;ALICANTE;Mediterráneo
9;3;96;ONIL;30096;ALICANTE;ALICANTE;Mediterráneo
9;3;97;ORBA;30097;ALICANTE;ALICANTE;Mediterráneo
9;3;98;ORXETA;30098;ALICANTE;ALICANTE;Mediterráneo
9;3;99;ORIHUELA;30099;ALICANTE;ALICANTE;Mediterráneo
9;3;100;PARCENT;30100;ALICANTE;ALICANTE;Mediterráneo
9;3;101;PEDREGUER;30101;ALICANTE;ALICANTE;Mediterráneo
9;3;102;PEGO;30102;ALICANTE;ALICANTE;Mediterráneo
9;3;103;PENÀGUILA;30103;ALICANTE;ALICANTE;Mediterráneo
9;3;104;PETRER;30104;ALICANTE;ALICANTE;Mediterráneo
9;3;105;PINÒS, EL/PINOSO;30105;ALICANTE;ALICANTE;Mediterráneo
9;3;106;PLANES;30106;ALICANTE;ALICANTE;Mediterráneo
9;3;107;POLOP;30107;ALICANTE;ALICANTE;Mediterráneo
9;3;109;RAFAL;30109;ALICANTE;ALICANTE;Mediterráneo
9;3;110;RÀFOL D' ALMUNIA, EL;30110;ALICANTE;ALICANTE;Mediterráneo
9;3;111;REDOVÁN;30111;ALICANTE;ALICANTE;Mediterráneo
9;3;112;RELLEU;30112;ALICANTE;ALICANTE;Mediterráneo
9;3;113;ROJALES;30113;ALICANTE;ALICANTE;Mediterráneo
9;3;114;ROMANA, LA;30114;ALICANTE;ALICANTE;Mediterráneo
9;3;115;SAGRA;30115;ALICANTE;ALICANTE;Mediterráneo
9;3;116;SALINAS;30116;ALICANTE;ALICANTE;Mediterráneo
9;3;117;SANET Y NEGRALS;30117;ALICANTE;ALICANTE;Mediterráneo
9;3;118;SAN FULGENCIO;30118;ALICANTE;ALICANTE;Mediterráneo
9;3;119;SANT JOAN D' ALACANT;30119;ALICANTE;ALICANTE;Mediterráneo
9;3;120;SAN MIGUEL DE SALINAS;30120;ALICANTE;ALICANTE;Mediterráneo
9;3;121;SANTA POLA;30121;ALICANTE;ALICANTE;Mediterráneo
9;3;122;SANT VICENT DEL RASPEIG;30122;ALICANTE;ALICANTE;Mediterráneo
9;3;123;SAX;30123;ALICANTE;ALICANTE;Mediterráneo
9;3;124;SELLA;30124;ALICANTE;ALICANTE;Mediterráneo
9;3;125;SENIJA;30125;ALICANTE;ALICANTE;Mediterráneo
9;3;127;TÀRBENA;30127;ALICANTE;ALICANTE;Mediterráneo
9;3;128;TEULADA;30128;ALICANTE;ALICANTE;Mediterráneo
9;3;129;TIBI;30129;ALICANTE;ALICANTE;Mediterráneo
9;3;130;TOLLOS;30130;ALICANTE;ALICANTE;Mediterráneo
9;3;131;TORMOS;30131;ALICANTE;ALICANTE;Mediterráneo
9;3;132;TORRE DE LES MAÇANES, LA;30132;ALICANTE;ALICANTE;Mediterráneo
9;3;133;TORREVIEJA;30133;ALICANTE;ALICANTE;Mediterráneo
9;3;134;VALL D' ALCALÁ, LA;30134;ALICANTE;ALICANTE;Mediterráneo
9;3;135;VALL DE EBO;30135;ALICANTE;ALICANTE;Mediterráneo
9;3;136;VALL DE GALLINERA;30136;ALICANTE;ALICANTE;Mediterráneo
9;3;137;VALL DE LAGUAR, LA;30137;ALICANTE;ALICANTE;Mediterráneo
9;3;138;VERGEL, EL;30138;ALICANTE;ALICANTE;Mediterráneo
9;3;139;VILA JOIOSA, LA/VILLAJOYOSA;30139;ALICANTE;ALICANTE;Mediterráneo
9;3;140;VILLENA;30140;ALICANTE;ALICANTE;Mediterráneo
9;3;901;POBLETS, ELS;30901;ALICANTE;ALICANTE;Mediterráneo
9;3;902;PILAR DE LA HORADADA;30902;ALICANTE;ALICANTE;Mediterráneo
9;3;903;MONTESINOS, LOS;30903;ALICANTE;ALICANTE;Mediterráneo
9;3;904;SAN ISIDRO;30904;ALICANTE;ALICANTE;Mediterráneo
9;3;999;OTRA PROVINCIA;30999;ALICANTE;ALICANTE;Mediterráneo
9;12;0;INDETERMINADO;120000;CASTELLóN;CASTELLON;Mediterráneo
9;12;1;ATZENETA DEL MAESTRAT;120001;CASTELLóN;CASTELLON;Mediterráneo
9;12;2;AÍN;120002;CASTELLóN;CASTELLON;Mediterráneo
9;12;3;ALBOCÀSSER;120003;CASTELLóN;CASTELLON;Mediterráneo
9;12;4;ALCALÀ DE XIVERT;120004;CASTELLóN;CASTELLON;Mediterráneo
9;12;5;ALCORA, L';120005;CASTELLóN;CASTELLON;Mediterráneo
9;12;6;ALCUDIA DE VEO;120006;CASTELLóN;CASTELLON;Mediterráneo
9;12;7;ALFONDEGUILLA;120007;CASTELLóN;CASTELLON;Mediterráneo
9;12;8;ALGIMIA DE ALMONACID;120008;CASTELLóN;CASTELLON;Mediterráneo
9;12;9;ALMASSORA/ALMAZORA;120009;CASTELLóN;CASTELLON;Mediterráneo
9;12;10;ALMEDIJAR;120010;CASTELLóN;CASTELLON;Mediterráneo
9;12;11;ALMENARA;120011;CASTELLóN;CASTELLON;Mediterráneo
9;12;12;ALTURA;120012;CASTELLóN;CASTELLON;Mediterráneo
9;12;13;ARAÑUEL;120013;CASTELLóN;CASTELLON;Mediterráneo
9;12;14;ARES DEL MAESTRAT;120014;CASTELLóN;CASTELLON;Mediterráneo
9;12;15;ARGELITA;120015;CASTELLóN;CASTELLON;Mediterráneo
9;12;16;ARTANA;120016;CASTELLóN;CASTELLON;Mediterráneo
9;12;17;AYÓDAR;120017;CASTELLóN;CASTELLON;Mediterráneo
9;12;18;AZUÉBAR;120018;CASTELLóN;CASTELLON;Mediterráneo
9;12;20;BARRACAS;120020;CASTELLóN;CASTELLON;Mediterráneo
9;12;21;BETXÍ;120021;CASTELLóN;CASTELLON;Mediterráneo
9;12;22;BEJÍS;120022;CASTELLóN;CASTELLON;Mediterráneo
9;12;24;BENAFER;120024;CASTELLóN;CASTELLON;Mediterráneo
9;12;25;BENAFIGOS;120025;CASTELLóN;CASTELLON;Mediterráneo
9;12;26;BENASAL;120026;CASTELLóN;CASTELLON;Mediterráneo
9;12;27;BENICARLÓ;120027;CASTELLóN;CASTELLON;Mediterráneo
9;12;28;BENICÀSSIM;120028;CASTELLóN;CASTELLON;Mediterráneo
9;12;29;BENLLOCH;120029;CASTELLóN;CASTELLON;Mediterráneo
9;12;31;BORRIOL;120031;CASTELLóN;CASTELLON;Mediterráneo
9;12;32;BORRIANA/BURRIANA;120032;CASTELLóN;CASTELLON;Mediterráneo
9;12;33;CABANES;120033;CASTELLóN;CASTELLON;Mediterráneo
9;12;34;CÀLIG;120034;CASTELLóN;CASTELLON;Mediterráneo
9;12;36;CANET LO ROIG;120036;CASTELLóN;CASTELLON;Mediterráneo
9;12;37;CASTELL DE CABRES;120037;CASTELLóN;CASTELLON;Mediterráneo
9;12;38;CASTELLFORT;120038;CASTELLóN;CASTELLON;Mediterráneo
9;12;39;CASTELLNOVO;120039;CASTELLóN;CASTELLON;Mediterráneo
9;12;40;CASTELLÓN DE LA PLANA;120040;CASTELLóN;CASTELLON;Mediterráneo
9;12;41;CASTILLO DE VILLAMALEFA;120041;CASTELLóN;CASTELLON;Mediterráneo
9;12;42;CATÍ;120042;CASTELLóN;CASTELLON;Mediterráneo
9;12;43;CAUDIEL;120043;CASTELLóN;CASTELLON;Mediterráneo
9;12;44;CERVERA DEL MAESTRE;120044;CASTELLóN;CASTELLON;Mediterráneo
9;12;45;CINCTORRES;120045;CASTELLóN;CASTELLON;Mediterráneo
9;12;46;CIRAT;120046;CASTELLóN;CASTELLON;Mediterráneo
9;12;48;CORTES DE ARENOSO;120048;CASTELLóN;CASTELLON;Mediterráneo
9;12;49;COSTUR;120049;CASTELLóN;CASTELLON;Mediterráneo
9;12;50;COVES DE VINROMÀ, LES;120050;CASTELLóN;CASTELLON;Mediterráneo
9;12;51;CULLA;120051;CASTELLóN;CASTELLON;Mediterráneo
9;12;52;XERT/CHERT;120052;CASTELLóN;CASTELLON;Mediterráneo
9;12;53;XILXES/CHILCHES;120053;CASTELLóN;CASTELLON;Mediterráneo
9;12;55;XODOS/CHODOS;120055;CASTELLóN;CASTELLON;Mediterráneo
9;12;56;CHÓVAR;120056;CASTELLóN;CASTELLON;Mediterráneo
9;12;57;ESLIDA;120057;CASTELLóN;CASTELLON;Mediterráneo
9;12;58;ESPADILLA;120058;CASTELLóN;CASTELLON;Mediterráneo
9;12;59;FANZARA;120059;CASTELLóN;CASTELLON;Mediterráneo
9;12;60;FIGUEROLES;120060;CASTELLóN;CASTELLON;Mediterráneo
9;12;61;FORCALL;120061;CASTELLóN;CASTELLON;Mediterráneo
9;12;63;FUENTE LA REINA;120063;CASTELLóN;CASTELLON;Mediterráneo
9;12;64;FUENTES DE AYÓDAR;120064;CASTELLóN;CASTELLON;Mediterráneo
9;12;65;GAIBIEL;120065;CASTELLóN;CASTELLON;Mediterráneo
9;12;66;GATOVA (PERTENECE A VALENCIA);120066;CASTELLóN;CASTELLON;Mediterráneo
9;12;67;GELDO;120067;CASTELLóN;CASTELLON;Mediterráneo
9;12;68;HERBÉS;120068;CASTELLóN;CASTELLON;Mediterráneo
9;12;69;HIGUERAS;120069;CASTELLóN;CASTELLON;Mediterráneo
9;12;70;JANA, LA;120070;CASTELLóN;CASTELLON;Mediterráneo
9;12;71;JÈRICA;120071;CASTELLóN;CASTELLON;Mediterráneo
9;12;72;LUCENA DEL CID;120072;CASTELLóN;CASTELLON;Mediterráneo
9;12;73;LUDIENTE;120073;CASTELLóN;CASTELLON;Mediterráneo
9;12;74;LLOSA, LA;120074;CASTELLóN;CASTELLON;Mediterráneo
9;12;75;MATA DE MORELLA, LA;120075;CASTELLóN;CASTELLON;Mediterráneo
9;12;76;MATET;120076;CASTELLóN;CASTELLON;Mediterráneo
9;12;77;MONCOFA;120077;CASTELLóN;CASTELLON;Mediterráneo
9;12;78;MONTÁN;120078;CASTELLóN;CASTELLON;Mediterráneo
9;12;79;MONTANEJOS;120079;CASTELLóN;CASTELLON;Mediterráneo
9;12;80;MORELLA;120080;CASTELLóN;CASTELLON;Mediterráneo
9;12;81;NAVAJAS;120081;CASTELLóN;CASTELLON;Mediterráneo
9;12;82;NULES;120082;CASTELLóN;CASTELLON;Mediterráneo
9;12;83;OLOCAU DEL REY;120083;CASTELLóN;CASTELLON;Mediterráneo
9;12;84;ONDA;120084;CASTELLóN;CASTELLON;Mediterráneo
9;12;85;OROPESA DEL MAR;120085;CASTELLóN;CASTELLON;Mediterráneo
9;12;87;PALANQUES;120087;CASTELLóN;CASTELLON;Mediterráneo
9;12;88;PAVÍAS;120088;CASTELLóN;CASTELLON;Mediterráneo
9;12;89;PENÍSCOLA/PEÑÍSCOLA;120089;CASTELLóN;CASTELLON;Mediterráneo
9;12;90;PINA DE MONTALGRAO;120090;CASTELLóN;CASTELLON;Mediterráneo
9;12;91;PORTELL DE MORELLA;120091;CASTELLóN;CASTELLON;Mediterráneo
9;12;92;PUEBLA DE ARENOSO;120092;CASTELLóN;CASTELLON;Mediterráneo
9;12;93;POBLA DE BENIFASSÀ, LA;120093;CASTELLóN;CASTELLON;Mediterráneo
9;12;94;POBLA TORNESA, LA;120094;CASTELLóN;CASTELLON;Mediterráneo
9;12;95;RIBESALBES;120095;CASTELLóN;CASTELLON;Mediterráneo
9;12;96;ROSSELL;120096;CASTELLóN;CASTELLON;Mediterráneo
9;12;97;SACAÑET;120097;CASTELLóN;CASTELLON;Mediterráneo
9;12;98;SALZADELLA, LA;120098;CASTELLóN;CASTELLON;Mediterráneo
9;12;99;SAN JORDI/SAN JORGE;120099;CASTELLóN;CASTELLON;Mediterráneo
9;12;100;SAN MATEU;120100;CASTELLóN;CASTELLON;Mediterráneo
9;12;101;SAN RAFAEL DEL RÍO;120101;CASTELLóN;CASTELLON;Mediterráneo
9;12;102;SANTA MAGDALENA DE PULPIS;120102;CASTELLóN;CASTELLON;Mediterráneo
9;12;103;SARRATELLA;120103;CASTELLóN;CASTELLON;Mediterráneo
9;12;104;SEGORBE;120104;CASTELLóN;CASTELLON;Mediterráneo
9;12;105;SIERRA ENGARCERÁN;120105;CASTELLóN;CASTELLON;Mediterráneo
9;12;106;SONEJA;120106;CASTELLóN;CASTELLON;Mediterráneo
9;12;107;SOT DE FERRER;120107;CASTELLóN;CASTELLON;Mediterráneo
9;12;108;SUERA/SUERAS;120108;CASTELLóN;CASTELLON;Mediterráneo
9;12;109;TALES;120109;CASTELLóN;CASTELLON;Mediterráneo
9;12;110;TERESA;120110;CASTELLóN;CASTELLON;Mediterráneo
9;12;111;TÍRIG;120111;CASTELLóN;CASTELLON;Mediterráneo
9;12;112;TODOLELLA;120112;CASTELLóN;CASTELLON;Mediterráneo
9;12;113;TOGA;120113;CASTELLóN;CASTELLON;Mediterráneo
9;12;114;TORÁS;120114;CASTELLóN;CASTELLON;Mediterráneo
9;12;115;TORO, EL;120115;CASTELLóN;CASTELLON;Mediterráneo
9;12;116;TORRALBA DEL PINAR;120116;CASTELLóN;CASTELLON;Mediterráneo
9;12;117;TORREBLANCA;120117;CASTELLóN;CASTELLON;Mediterráneo
9;12;118;TORRECHIVA;120118;CASTELLóN;CASTELLON;Mediterráneo
9;12;119;TORRE D' EN BESORA, LA;120119;CASTELLóN;CASTELLON;Mediterráneo
9;12;120;TORRE D'EN DOMÉNEC, LA;120120;CASTELLóN;CASTELLON;Mediterráneo
9;12;121;TRAIGUERA;120121;CASTELLóN;CASTELLON;Mediterráneo
9;12;122;USERES, LES/USERAS;120122;CASTELLóN;CASTELLON;Mediterráneo
9;12;123;VALLAT;120123;CASTELLóN;CASTELLON;Mediterráneo
9;12;124;VALL D' ALBA;120124;CASTELLóN;CASTELLON;Mediterráneo
9;12;125;VALL DE ALMONACID;120125;CASTELLóN;CASTELLON;Mediterráneo
9;12;126;VALL D' UIXÓ, LA;120126;CASTELLóN;CASTELLON;Mediterráneo
9;12;127;VALLIBONA;120127;CASTELLóN;CASTELLON;Mediterráneo
9;12;128;VILAFAMÉS;120128;CASTELLóN;CASTELLON;Mediterráneo
9;12;129;VILLAFRANCA DEL CID/VILAFRANCA;120129;CASTELLóN;CASTELLON;Mediterráneo
9;12;130;VILLAHERMOSA DEL RÍO;120130;CASTELLóN;CASTELLON;Mediterráneo
9;12;131;VILLAMALUR;120131;CASTELLóN;CASTELLON;Mediterráneo
9;12;132;VILANOVA D' ALCOLEA;120132;CASTELLóN;CASTELLON;Mediterráneo
9;12;133;VILLANUEVA DE VIVER;120133;CASTELLóN;CASTELLON;Mediterráneo
9;12;134;VILAR DE CANES;120134;CASTELLóN;CASTELLON;Mediterráneo
9;12;135;VILA-REAL/VILLAREAL;120135;CASTELLóN;CASTELLON;Mediterráneo
9;12;136;VILAVELLA, LA;120136;CASTELLóN;CASTELLON;Mediterráneo
9;12;137;VILLORES;120137;CASTELLóN;CASTELLON;Mediterráneo
9;12;138;VINARÒS;120138;CASTELLóN;CASTELLON;Mediterráneo
9;12;139;VISTABELLA DEL MAESTRAZGO;120139;CASTELLóN;CASTELLON;Mediterráneo
9;12;140;VIVER;120140;CASTELLóN;CASTELLON;Mediterráneo
9;12;141;ZORITA DEL MAESTRAZGO;120141;CASTELLóN;CASTELLON;Mediterráneo
9;12;142;ZUCAINA;120142;CASTELLóN;CASTELLON;Mediterráneo
9;12;901;ALQUERÍAS DEL NIÑO PERDIDO;120901;CASTELLóN;CASTELLON;Mediterráneo
9;12;902;SAN JOAN DE MORÓ;120902;CASTELLóN;CASTELLON;Mediterráneo
9;12;999;OTRA PROVINCIA;120999;CASTELLóN;CASTELLON;Mediterráneo
9;46;0;INDETERMINADO;460000;valencia;Provincia de valencia;Mediterráneo
9;46;1;ADEMUZ;460001;valencia;Provincia de valencia;Mediterráneo
9;46;2;ADOR;460002;valencia;Provincia de valencia;Mediterráneo
9;46;3;ATZENETA D' ALBAIDA;460003;valencia;Provincia de valencia;Mediterráneo
9;46;4;AGULLENT;460004;valencia;Provincia de valencia;Mediterráneo
9;46;5;ALAQUÀS;460005;valencia;Provincia de valencia;Mediterráneo
9;46;6;ALBAIDA;460006;valencia;Provincia de valencia;Mediterráneo
9;46;7;ALBAL;460007;valencia;Provincia de valencia;Mediterráneo
9;46;8;ALBALAT DE LA RIBERA;460008;valencia;Provincia de valencia;Mediterráneo
9;46;9;ALBALAT DELS SORELLS;460009;valencia;Provincia de valencia;Mediterráneo
9;46;10;ALBALAT DELS TARONGERS;460010;valencia;Provincia de valencia;Mediterráneo
9;46;11;ALBERIC;460011;valencia;Provincia de valencia;Mediterráneo
9;46;12;ALBORACHE;460012;valencia;Provincia de valencia;Mediterráneo
9;46;13;ALBORAYA;460013;valencia;Provincia de valencia;Mediterráneo
9;46;14;ALBUIXECH;460014;valencia;Provincia de valencia;Mediterráneo
9;46;15;ALCÀSSER;460015;valencia;Provincia de valencia;Mediterráneo
9;46;16;ALCÀNTERA DE XÚQUER;460016;valencia;Provincia de valencia;Mediterráneo
9;46;17;ALZIRA;460017;valencia;Provincia de valencia;Mediterráneo
9;46;18;ALCUBLAS;460018;valencia;Provincia de valencia;Mediterráneo
9;46;19;ACÚDIA, L;460019;valencia;Provincia de valencia;Mediterráneo
9;46;20;ALCÚDIA DE CRESPINS, L;460020;valencia;Provincia de valencia;Mediterráneo
9;46;21;ALDAIA;460021;valencia;Provincia de valencia;Mediterráneo
9;46;22;ALFAFAR;460022;valencia;Provincia de valencia;Mediterráneo
9;46;23;ALFAUIR;460023;valencia;Provincia de valencia;Mediterráneo
9;46;24;ALFARA DE LA BARONIA;460024;valencia;Provincia de valencia;Mediterráneo
9;46;25;ALFARA DEL PATRIARCA;460025;valencia;Provincia de valencia;Mediterráneo
9;46;26;ALFARP;460026;valencia;Provincia de valencia;Mediterráneo
9;46;27;ALFARRASÍ;460027;valencia;Provincia de valencia;Mediterráneo
9;46;28;ALGAR DE PALANCIA;460028;valencia;Provincia de valencia;Mediterráneo
9;46;29;ALGEMESÍ;460029;valencia;Provincia de valencia;Mediterráneo
9;46;30;ALGIMIA DE ALFARA;460030;valencia;Provincia de valencia;Mediterráneo
9;46;31;ALGINET;460031;valencia;Provincia de valencia;Mediterráneo
9;46;32;ALMÀSSERA;460032;valencia;Provincia de valencia;Mediterráneo
9;46;33;ALMISERÀ;460033;valencia;Provincia de valencia;Mediterráneo
9;46;34;ALMOINES;460034;valencia;Provincia de valencia;Mediterráneo
9;46;35;ALMUSSAFES;460035;valencia;Provincia de valencia;Mediterráneo
9;46;36;ALPUENTE;460036;valencia;Provincia de valencia;Mediterráneo
9;46;37;ALQUERIA DE LA COMTESSA, L';460037;valencia;Provincia de valencia;Mediterráneo
9;46;38;ANDILLA;460038;valencia;Provincia de valencia;Mediterráneo
9;46;39;ANNA;460039;valencia;Provincia de valencia;Mediterráneo
9;46;40;ANTELLA;460040;valencia;Provincia de valencia;Mediterráneo
9;46;41;ARAS DE LOS OLMOS;460041;valencia;Provincia de valencia;Mediterráneo
9;46;42;AIELO DE MALFERIT;460042;valencia;Provincia de valencia;Mediterráneo
9;46;43;AIELO DE RUGAT;460043;valencia;Provincia de valencia;Mediterráneo
9;46;44;AYORA;460044;valencia;Provincia de valencia;Mediterráneo
9;46;45;BARXETA;460045;valencia;Provincia de valencia;Mediterráneo
9;46;46;BARX;460046;valencia;Provincia de valencia;Mediterráneo
9;46;47;BÈLGIDA;460047;valencia;Provincia de valencia;Mediterráneo
9;46;48;BELLREGUARD;460048;valencia;Provincia de valencia;Mediterráneo
9;46;49;BELLÚS;460049;valencia;Provincia de valencia;Mediterráneo
9;46;50;BENAGÈBER;460050;valencia;Provincia de valencia;Mediterráneo
9;46;51;BENAGUASIL;460051;valencia;Provincia de valencia;Mediterráneo
9;46;52;BENAVITES;460052;valencia;Provincia de valencia;Mediterráneo
9;46;53;BENEIXIDA;460053;valencia;Provincia de valencia;Mediterráneo
9;46;54;BENETÚSSER;460054;valencia;Provincia de valencia;Mediterráneo
9;46;55;BENIARJÓ;460055;valencia;Provincia de valencia;Mediterráneo
9;46;56;BENIATJAR;460056;valencia;Provincia de valencia;Mediterráneo
9;46;57;BENICOLET;460057;valencia;Provincia de valencia;Mediterráneo
9;46;58;BENIFAIRÓ DE LES VALLS;460058;valencia;Provincia de valencia;Mediterráneo
9;46;59;BENIFAIRÓ DE LA VALLDIGNA;460059;valencia;Provincia de valencia;Mediterráneo
9;46;60;BENIFAIÓ;460060;valencia;Provincia de valencia;Mediterráneo
9;46;61;BENIFLÁ;460061;valencia;Provincia de valencia;Mediterráneo
9;46;62;BENIGÁNIM;460062;valencia;Provincia de valencia;Mediterráneo
9;46;63;BENIMODO;460063;valencia;Provincia de valencia;Mediterráneo
9;46;64;BENIMUSLEM;460064;valencia;Provincia de valencia;Mediterráneo
9;46;65;BENIPARRELL;460065;valencia;Provincia de valencia;Mediterráneo
9;46;66;BENIRREDRÀ;460066;valencia;Provincia de valencia;Mediterráneo
9;46;67;BENISANÓ;460067;valencia;Provincia de valencia;Mediterráneo
9;46;68;BENISODA;460068;valencia;Provincia de valencia;Mediterráneo
9;46;69;BENISUERA;460069;valencia;Provincia de valencia;Mediterráneo
9;46;70;BÉTERA;460070;valencia;Provincia de valencia;Mediterráneo
9;46;71;BICORP;460071;valencia;Provincia de valencia;Mediterráneo
9;46;72;BOCAIRENT;460072;valencia;Provincia de valencia;Mediterráneo
9;46;73;BOLBAITE;460073;valencia;Provincia de valencia;Mediterráneo
9;46;74;BONREPÒS I MIRAMBELL;460074;valencia;Provincia de valencia;Mediterráneo
9;46;75;BUFALI;460075;valencia;Provincia de valencia;Mediterráneo
9;46;76;BUGARRA;460076;valencia;Provincia de valencia;Mediterráneo
9;46;77;BUÑOL;460077;valencia;Provincia de valencia;Mediterráneo
9;46;78;BURJASSOT;460078;valencia;Provincia de valencia;Mediterráneo
9;46;79;CALLES;460079;valencia;Provincia de valencia;Mediterráneo
9;46;80;CAMPORROBLES;460080;valencia;Provincia de valencia;Mediterráneo
9;46;81;CANALS;460081;valencia;Provincia de valencia;Mediterráneo
9;46;82;CANET D'EN BERENGUER;460082;valencia;Provincia de valencia;Mediterráneo
9;46;83;CARCAIXENT;460083;valencia;Provincia de valencia;Mediterráneo
9;46;84;CÀRCER;460084;valencia;Provincia de valencia;Mediterráneo
9;46;85;CARLET;460085;valencia;Provincia de valencia;Mediterráneo
9;46;86;CARRÍCOLA;460086;valencia;Provincia de valencia;Mediterráneo
9;46;87;CASAS ALTAS;460087;valencia;Provincia de valencia;Mediterráneo
9;46;88;CASAS BAJAS;460088;valencia;Provincia de valencia;Mediterráneo
9;46;89;CASINOS;460089;valencia;Provincia de valencia;Mediterráneo
9;46;90;CASTELLÓ DE RUGAT;460090;valencia;Provincia de valencia;Mediterráneo
9;46;91;CASTELLONET DE LA CONQUESTA;460091;valencia;Provincia de valencia;Mediterráneo
9;46;92;CASTIELFABID;460092;valencia;Provincia de valencia;Mediterráneo
9;46;93;CATADAU;460093;valencia;Provincia de valencia;Mediterráneo
9;46;94;CATARROJA;460094;valencia;Provincia de valencia;Mediterráneo
9;46;95;CAUDETE DE LAS FUENTES;460095;valencia;Provincia de valencia;Mediterráneo
9;46;96;CERDÀ;460096;valencia;Provincia de valencia;Mediterráneo
9;46;97;COFRENTES;460097;valencia;Provincia de valencia;Mediterráneo
9;46;98;CORBERA;460098;valencia;Provincia de valencia;Mediterráneo
9;46;99;CORTES DE PALLÁS;460099;valencia;Provincia de valencia;Mediterráneo
9;46;100;COTES;460100;valencia;Provincia de valencia;Mediterráneo
9;46;101;QUART DE LES VALLS;460101;valencia;Provincia de valencia;Mediterráneo
9;46;102;QUART DE POBLET;460102;valencia;Provincia de valencia;Mediterráneo
9;46;103;QUARTELL;460103;valencia;Provincia de valencia;Mediterráneo
9;46;104;QUATRETONDA;460104;valencia;Provincia de valencia;Mediterráneo
9;46;105;CULLERA;460105;valencia;Provincia de valencia;Mediterráneo
9;46;106;CHELVA;460106;valencia;Provincia de valencia;Mediterráneo
9;46;107;CHELLA;460107;valencia;Provincia de valencia;Mediterráneo
9;46;108;CHERA;460108;valencia;Provincia de valencia;Mediterráneo
9;46;109;CHESTE;460109;valencia;Provincia de valencia;Mediterráneo
9;46;110;XIRIVELLA;460110;valencia;Provincia de valencia;Mediterráneo
9;46;111;CHIVA;460111;valencia;Provincia de valencia;Mediterráneo
9;46;112;CHULILLA;460112;valencia;Provincia de valencia;Mediterráneo
9;46;113;DAIMÚS;460113;valencia;Provincia de valencia;Mediterráneo
9;46;114;DOMEÑO;460114;valencia;Provincia de valencia;Mediterráneo
9;46;115;DOS AGUAS;460115;valencia;Provincia de valencia;Mediterráneo
9;46;116;ELIANA, L';460116;valencia;Provincia de valencia;Mediterráneo
9;46;117;EMPERADOR;460117;valencia;Provincia de valencia;Mediterráneo
9;46;118;ENGUERA;460118;valencia;Provincia de valencia;Mediterráneo
9;46;119;ÈNOVA, L';460119;valencia;Provincia de valencia;Mediterráneo
9;46;120;ESTIVELLA;460120;valencia;Provincia de valencia;Mediterráneo
9;46;121;ESTUBENY;460121;valencia;Provincia de valencia;Mediterráneo
9;46;122;FAURA;460122;valencia;Provincia de valencia;Mediterráneo
9;46;123;FAVARA;460123;valencia;Provincia de valencia;Mediterráneo
9;46;124;FONTANARS DELS AFORINS;460124;valencia;Provincia de valencia;Mediterráneo
9;46;125;FORTALENY;460125;valencia;Provincia de valencia;Mediterráneo
9;46;126;FOIOS;460126;valencia;Provincia de valencia;Mediterráneo
9;46;127;FONT D'EN CARRÒS, LA;460127;valencia;Provincia de valencia;Mediterráneo
9;46;128;FONT DE LA FIGUERA, LA;460128;valencia;Provincia de valencia;Mediterráneo
9;46;129;FUENTERROBLES;460129;valencia;Provincia de valencia;Mediterráneo
9;46;130;GAVARDA;460130;valencia;Provincia de valencia;Mediterráneo
9;46;131;GANDIA;460131;valencia;Provincia de valencia;Mediterráneo
9;46;132;GENOVÉS;460132;valencia;Provincia de valencia;Mediterráneo
9;46;133;GESTALGAR;460133;valencia;Provincia de valencia;Mediterráneo
9;46;134;GILET;460134;valencia;Provincia de valencia;Mediterráneo
9;46;135;GODELLA;460135;valencia;Provincia de valencia;Mediterráneo
9;46;136;GODELLETA;460136;valencia;Provincia de valencia;Mediterráneo
9;46;137;GRANJA DE LA COSTERA, LA;460137;valencia;Provincia de valencia;Mediterráneo
9;46;138;GUADASEQUIES;460138;valencia;Provincia de valencia;Mediterráneo
9;46;139;GUADASSUAR;460139;valencia;Provincia de valencia;Mediterráneo
9;46;140;GUARDAMAR DE LA SAFOR;460140;valencia;Provincia de valencia;Mediterráneo
9;46;141;HIGUERUELAS;460141;valencia;Provincia de valencia;Mediterráneo
9;46;142;JALANCE;460142;valencia;Provincia de valencia;Mediterráneo
9;46;143;XERACO;460143;valencia;Provincia de valencia;Mediterráneo
9;46;144;JARAFUEL;460144;valencia;Provincia de valencia;Mediterráneo
9;46;145;XÀTIVA;460145;valencia;Provincia de valencia;Mediterráneo
9;46;146;XERESA;460146;valencia;Provincia de valencia;Mediterráneo
9;46;147;LLÍRIA;460147;valencia;Provincia de valencia;Mediterráneo
9;46;148;LORIGUILLA;460148;valencia;Provincia de valencia;Mediterráneo
9;46;149;LOSA DEL OBISPO;460149;valencia;Provincia de valencia;Mediterráneo
9;46;150;LUTXENT;460150;valencia;Provincia de valencia;Mediterráneo
9;46;151;LLOCNOU D'EN FENOLLET;460151;valencia;Provincia de valencia;Mediterráneo
9;46;152;LLOCNOU DE LA CORONA;460152;valencia;Provincia de valencia;Mediterráneo
9;46;153;LLOCNOU DE SANT JERONI;460153;valencia;Provincia de valencia;Mediterráneo
9;46;154;LLANERA DE RANES;460154;valencia;Provincia de valencia;Mediterráneo
9;46;155;LLAURÍ;460155;valencia;Provincia de valencia;Mediterráneo
9;46;156;LLOMBAY;460156;valencia;Provincia de valencia;Mediterráneo
9;46;157;LLOSA DE RANES, LA;460157;valencia;Provincia de valencia;Mediterráneo
9;46;158;MACASTRE;460158;valencia;Provincia de valencia;Mediterráneo
9;46;159;MANISES;460159;valencia;Provincia de valencia;Mediterráneo
9;46;160;MANUEL;460160;valencia;Provincia de valencia;Mediterráneo
9;46;161;MARINES;460161;valencia;Provincia de valencia;Mediterráneo
9;46;162;MASSALAVÉS;460162;valencia;Provincia de valencia;Mediterráneo
9;46;163;MASSALFASSAR;460163;valencia;Provincia de valencia;Mediterráneo
9;46;164;MASSAMAGRELL;460164;valencia;Provincia de valencia;Mediterráneo
9;46;165;MASSANASSA;460165;valencia;Provincia de valencia;Mediterráneo
9;46;166;MELIANA;460166;valencia;Provincia de valencia;Mediterráneo
9;46;167;MILLARES;460167;valencia;Provincia de valencia;Mediterráneo
9;46;168;MIRAMAR;460168;valencia;Provincia de valencia;Mediterráneo
9;46;169;MISLATA;460169;valencia;Provincia de valencia;Mediterráneo
9;46;170;MOIXENT/MOGENTE;460170;valencia;Provincia de valencia;Mediterráneo
9;46;171;MONCADA;460171;valencia;Provincia de valencia;Mediterráneo
9;46;172;MONTSERRAT;460172;valencia;Provincia de valencia;Mediterráneo
9;46;173;MONTAVERNER;460173;valencia;Provincia de valencia;Mediterráneo
9;46;174;MONTESA;460174;valencia;Provincia de valencia;Mediterráneo
9;46;175;MONTICHELVO;460175;valencia;Provincia de valencia;Mediterráneo
9;46;176;MONTROY;460176;valencia;Provincia de valencia;Mediterráneo
9;46;177;MUSEROS;460177;valencia;Provincia de valencia;Mediterráneo
9;46;178;NÁQUERA;460178;valencia;Provincia de valencia;Mediterráneo
9;46;179;NAVARRÉS;460179;valencia;Provincia de valencia;Mediterráneo
9;46;180;NOVETLÈ/NOVELÉ;460180;valencia;Provincia de valencia;Mediterráneo
9;46;181;OLIVA;460181;valencia;Provincia de valencia;Mediterráneo
9;46;182;OLOCAU;460182;valencia;Provincia de valencia;Mediterráneo
9;46;183;OLLERIA, L';460183;valencia;Provincia de valencia;Mediterráneo
9;46;184;ONTINYENT;460184;valencia;Provincia de valencia;Mediterráneo
9;46;185;OTOS;460185;valencia;Provincia de valencia;Mediterráneo
9;46;186;PAIPORTA;460186;valencia;Provincia de valencia;Mediterráneo
9;46;187;PALMA DE GANDÍA;460187;valencia;Provincia de valencia;Mediterráneo
9;46;188;PALMERA;460188;valencia;Provincia de valencia;Mediterráneo
9;46;189;PALOMAR. EL;460189;valencia;Provincia de valencia;Mediterráneo
9;46;190;PATERNA;460190;valencia;Provincia de valencia;Mediterráneo
9;46;191;PEDRALBA;460191;valencia;Provincia de valencia;Mediterráneo
9;46;192;PETRÉS;460192;valencia;Provincia de valencia;Mediterráneo
9;46;193;PICANYA;460193;valencia;Provincia de valencia;Mediterráneo
9;46;194;PICASSENT;460194;valencia;Provincia de valencia;Mediterráneo
9;46;195;PILES;460195;valencia;Provincia de valencia;Mediterráneo
9;46;196;PINET;460196;valencia;Provincia de valencia;Mediterráneo
9;46;197;POLINYÀ DEL XÚQUER;460197;valencia;Provincia de valencia;Mediterráneo
9;46;198;POTRÍES;460198;valencia;Provincia de valencia;Mediterráneo
9;46;199;POBLA DE FARNALS, LA;460199;valencia;Provincia de valencia;Mediterráneo
9;46;200;POBLA DEL DUC, LA;460200;valencia;Provincia de valencia;Mediterráneo
9;46;201;PUEBLA DE SAN MIGUEL;460201;valencia;Provincia de valencia;Mediterráneo
9;46;202;POBLA DE VALLBONA, LA;460202;valencia;Provincia de valencia;Mediterráneo
9;46;203;POBLA LLARGA, LA;460203;valencia;Provincia de valencia;Mediterráneo
9;46;204;PUIG;460204;valencia;Provincia de valencia;Mediterráneo
9;46;205;PUÇOL;460205;valencia;Provincia de valencia;Mediterráneo
9;46;206;QUESA;460206;valencia;Provincia de valencia;Mediterráneo
9;46;207;RAFELBUNYOL/RAFELBUÑOL;460207;valencia;Provincia de valencia;Mediterráneo
9;46;208;RAFELCOFER;460208;valencia;Provincia de valencia;Mediterráneo
9;46;209;RAFELGUARAF;460209;valencia;Provincia de valencia;Mediterráneo
9;46;210;RÁFOL DE SALEM;460210;valencia;Provincia de valencia;Mediterráneo
9;46;211;REAL DE GANDÍA;460211;valencia;Provincia de valencia;Mediterráneo
9;46;212;REAL;460212;valencia;Provincia de valencia;Mediterráneo
9;46;213;REQUENA;460213;valencia;Provincia de valencia;Mediterráneo
9;46;214;RIBA-ROJA DEL TÚRIA;460214;valencia;Provincia de valencia;Mediterráneo
9;46;215;RIOLA;460215;valencia;Provincia de valencia;Mediterráneo
9;46;216;ROCAFORT;460216;valencia;Provincia de valencia;Mediterráneo
9;46;217;ROTGLÀ I CORBERÀ;460217;valencia;Provincia de valencia;Mediterráneo
9;46;218;RÓTOVA;460218;valencia;Provincia de valencia;Mediterráneo
9;46;219;RUGAT;460219;valencia;Provincia de valencia;Mediterráneo
9;46;220;SAGUNT/SAGUNTO;460220;valencia;Provincia de valencia;Mediterráneo
9;46;221;SALEM;460221;valencia;Provincia de valencia;Mediterráneo
9;46;222;SANT JOANET;460222;valencia;Provincia de valencia;Mediterráneo
9;46;223;SEDAVÍ;460223;valencia;Provincia de valencia;Mediterráneo
9;46;224;SEGART;460224;valencia;Provincia de valencia;Mediterráneo
9;46;225;SELLENT;460225;valencia;Provincia de valencia;Mediterráneo
9;46;226;SEMPERE;460226;valencia;Provincia de valencia;Mediterráneo
9;46;227;SENYERA;460227;valencia;Provincia de valencia;Mediterráneo
9;46;228;SERRA;460228;valencia;Provincia de valencia;Mediterráneo
9;46;229;SIETE AGUAS;460229;valencia;Provincia de valencia;Mediterráneo
9;46;230;SILLA;460230;valencia;Provincia de valencia;Mediterráneo
9;46;231;SIMAT LA VALLDIGNA;460231;valencia;Provincia de valencia;Mediterráneo
9;46;232;SINARCAS;460232;valencia;Provincia de valencia;Mediterráneo
9;46;233;SOLLANA;460233;valencia;Provincia de valencia;Mediterráneo
9;46;234;SOT CHERA;460234;valencia;Provincia de valencia;Mediterráneo
9;46;235;SUECA;460235;valencia;Provincia de valencia;Mediterráneo
9;46;236;SUMACÀRCER;460236;valencia;Provincia de valencia;Mediterráneo
9;46;237;TAVERNES BLANQUES;460237;valencia;Provincia de valencia;Mediterráneo
9;46;238;TAVERNES DE LA VALLDIGNA;460238;valencia;Provincia de valencia;Mediterráneo
9;46;239;TERESA DE COFRENTES;460239;valencia;Provincia de valencia;Mediterráneo
9;46;240;TERRATEIG;460240;valencia;Provincia de valencia;Mediterráneo
9;46;241;TITAGUAS;460241;valencia;Provincia de valencia;Mediterráneo
9;46;242;TORREBAJA;460242;valencia;Provincia de valencia;Mediterráneo
9;46;243;TORRELLA;460243;valencia;Provincia de valencia;Mediterráneo
9;46;244;TORRENT;460244;valencia;Provincia de valencia;Mediterráneo
9;46;245;TORRES TORRES;460245;valencia;Provincia de valencia;Mediterráneo
9;46;246;TOUS;460246;valencia;Provincia de valencia;Mediterráneo
9;46;247;TUÉJAR;460247;valencia;Provincia de valencia;Mediterráneo
9;46;248;TURÍS;460248;valencia;Provincia de valencia;Mediterráneo
9;46;249;UTIEL;460249;valencia;Provincia de valencia;Mediterráneo
9;46;250;VALENCIA;460250;valencia;Provincia de valencia;Mediterráneo
9;46;251;VALLADA;460251;valencia;Provincia de valencia;Mediterráneo
9;46;252;VALLANCA;460252;valencia;Provincia de valencia;Mediterráneo
9;46;253;VALLÉS;460253;valencia;Provincia de valencia;Mediterráneo
9;46;254;VENTA DEL MORO;460254;valencia;Provincia de valencia;Mediterráneo
9;46;255;VILLALONGA;460255;valencia;Provincia de valencia;Mediterráneo
9;46;256;VILAMARXANT;460256;valencia;Provincia de valencia;Mediterráneo
9;46;257;CASTELLÓ DE LA RIBERA;460257;valencia;Provincia de valencia;Mediterráneo
9;46;258;VILLAR DEL ARZOBISPO;460258;valencia;Provincia de valencia;Mediterráneo
9;46;259;VILLARGORDO DEL CABRIEL;460259;valencia;Provincia de valencia;Mediterráneo
9;46;260;VINALESA;460260;valencia;Provincia de valencia;Mediterráneo
9;46;261;YÁTOVA;460261;valencia;Provincia de valencia;Mediterráneo
9;46;262;YESA, LA;460262;valencia;Provincia de valencia;Mediterráneo
9;46;263;ZARRA;460263;valencia;Provincia de valencia;Mediterráneo
9;46;902;GÁTOVA;460902;valencia;Provincia de valencia;Mediterráneo
9;46;903;SAN ANTONIO DE BENAGÉBER;460903;valencia;Provincia de valencia;Mediterráneo
9;46;904;BENICULL DE XÚQUER;460904;valencia;Provincia de valencia;Mediterráneo
9;46;999;OTRA PROVINCIA;460999;valencia;Provincia de valencia;Mediterráneo
10;22;0;INDETERMINADO;220000;HUESCA;HUESCA;Comunidades interiores
10;22;1;ABIEGO;220001;HUESCA;HUESCA;Comunidades interiores
10;22;2;ABIZANDA;220002;HUESCA;HUESCA;Comunidades interiores
10;22;3;ADAHUESCA;220003;HUESCA;HUESCA;Comunidades interiores
10;22;4;AGÜERO;220004;HUESCA;HUESCA;Comunidades interiores
10;22;6;AÍSA;220006;HUESCA;HUESCA;Comunidades interiores
10;22;7;ALBALATE DE CINCA;220007;HUESCA;HUESCA;Comunidades interiores
10;22;8;ALBALATILLO;220008;HUESCA;HUESCA;Comunidades interiores
10;22;9;ALBELDA;220009;HUESCA;HUESCA;Comunidades interiores
10;22;11;ALBERO ALTO;220011;HUESCA;HUESCA;Comunidades interiores
10;22;12;ALBERO BAJO;220012;HUESCA;HUESCA;Comunidades interiores
10;22;13;ALBERUELA DEL TUBO;220013;HUESCA;HUESCA;Comunidades interiores
10;22;14;ALCALÁ DE GURREA;220014;HUESCA;HUESCA;Comunidades interiores
10;22;15;ALCALÁ DEL OBISPO;220015;HUESCA;HUESCA;Comunidades interiores
10;22;16;ALCAMPELL;220016;HUESCA;HUESCA;Comunidades interiores
10;22;17;ALCOLEA DE CINCA;220017;HUESCA;HUESCA;Comunidades interiores
10;22;18;ALCUBIERRE;220018;HUESCA;HUESCA;Comunidades interiores
10;22;19;ALERRE;220019;HUESCA;HUESCA;Comunidades interiores
10;22;20;ALFÁNTEGA;220020;HUESCA;HUESCA;Comunidades interiores
10;22;21;ALMUDÉVAR;220021;HUESCA;HUESCA;Comunidades interiores
10;22;22;ALMUNIA DE SAN JUAN;220022;HUESCA;HUESCA;Comunidades interiores
10;22;23;ALMUNIENTE;220023;HUESCA;HUESCA;Comunidades interiores
10;22;24;ALQUÉZAR;220024;HUESCA;HUESCA;Comunidades interiores
10;22;25;ALTORRICÓN;220025;HUESCA;HUESCA;Comunidades interiores
10;22;27;ANGÜÉS;220027;HUESCA;HUESCA;Comunidades interiores
10;22;28;ANSÓ;220028;HUESCA;HUESCA;Comunidades interiores
10;22;29;ANTILLÓN;220029;HUESCA;HUESCA;Comunidades interiores
10;22;32;ARAGÜÉS DEL PUERTO;220032;HUESCA;HUESCA;Comunidades interiores
10;22;35;ARÉN;220035;HUESCA;HUESCA;Comunidades interiores
10;22;36;ARGAVIESO;220036;HUESCA;HUESCA;Comunidades interiores
10;22;37;ARGUIS;220037;HUESCA;HUESCA;Comunidades interiores
10;22;39;AYERBE;220039;HUESCA;HUESCA;Comunidades interiores
10;22;40;AZANÚY-ALINS;220040;HUESCA;HUESCA;Comunidades interiores
10;22;41;AZARA;220041;HUESCA;HUESCA;Comunidades interiores
10;22;42;AZLOR;220042;HUESCA;HUESCA;Comunidades interiores
10;22;43;BAÉLLS;220043;HUESCA;HUESCA;Comunidades interiores
10;22;44;BAILO;220044;HUESCA;HUESCA;Comunidades interiores
10;22;45;BALDELLOU;220045;HUESCA;HUESCA;Comunidades interiores
10;22;46;BALLOBAR;220046;HUESCA;HUESCA;Comunidades interiores
10;22;47;BANASTÁS;220047;HUESCA;HUESCA;Comunidades interiores
10;22;48;BARBASTRO;220048;HUESCA;HUESCA;Comunidades interiores
10;22;49;BARBUÉS;220049;HUESCA;HUESCA;Comunidades interiores
10;22;50;BARBUÑALES;220050;HUESCA;HUESCA;Comunidades interiores
10;22;51;BÁRCABO;220051;HUESCA;HUESCA;Comunidades interiores
10;22;52;BELVER DE CINCA;220052;HUESCA;HUESCA;Comunidades interiores
10;22;53;BENABARRE;220053;HUESCA;HUESCA;Comunidades interiores
10;22;54;BENASQUE;220054;HUESCA;HUESCA;Comunidades interiores
10;22;55;BERBEGAL;220055;HUESCA;HUESCA;Comunidades interiores
10;22;57;BIELSA;220057;HUESCA;HUESCA;Comunidades interiores
10;22;58;BIERGE;220058;HUESCA;HUESCA;Comunidades interiores
10;22;59;BIESCAS;220059;HUESCA;HUESCA;Comunidades interiores
10;22;60;BINACED;220060;HUESCA;HUESCA;Comunidades interiores
10;22;61;BINÉFAR;220061;HUESCA;HUESCA;Comunidades interiores
10;22;62;BISAURRI;220062;HUESCA;HUESCA;Comunidades interiores
10;22;63;BISCARRUÉS;220063;HUESCA;HUESCA;Comunidades interiores
10;22;64;BLECUA Y TORRES;220064;HUESCA;HUESCA;Comunidades interiores
10;22;66;BOLTAÑA;220066;HUESCA;HUESCA;Comunidades interiores
10;22;67;BONANSA;220067;HUESCA;HUESCA;Comunidades interiores
10;22;68;BORAU;220068;HUESCA;HUESCA;Comunidades interiores
10;22;69;BROTO;220069;HUESCA;HUESCA;Comunidades interiores
10;22;72;CALDEARENAS;220072;HUESCA;HUESCA;Comunidades interiores
10;22;74;CAMPO;220074;HUESCA;HUESCA;Comunidades interiores
10;22;75;CAMPORRÉLLS;220075;HUESCA;HUESCA;Comunidades interiores
10;22;76;CANAL DE BERDÚN;220076;HUESCA;HUESCA;Comunidades interiores
10;22;77;CANDASNOS;220077;HUESCA;HUESCA;Comunidades interiores
10;22;78;CANFRANC;220078;HUESCA;HUESCA;Comunidades interiores
10;22;79;CAPDESASO;220079;HUESCA;HUESCA;Comunidades interiores
10;22;80;CAPELLA;220080;HUESCA;HUESCA;Comunidades interiores
10;22;81;CASBAS DE HUESCA;220081;HUESCA;HUESCA;Comunidades interiores
10;22;82;CASTEJÓN DEL PUENTE;220082;HUESCA;HUESCA;Comunidades interiores
10;22;83;CASTEJÓN DE MONEGROS;220083;HUESCA;HUESCA;Comunidades interiores
10;22;84;CASTEJÓN DE SOS;220084;HUESCA;HUESCA;Comunidades interiores
10;22;85;CASTELFLORITE;220085;HUESCA;HUESCA;Comunidades interiores
10;22;86;CASTIELLO DE JACA;220086;HUESCA;HUESCA;Comunidades interiores
10;22;87;CASTIGALEU;220087;HUESCA;HUESCA;Comunidades interiores
10;22;88;CASTILLAZUELO;220088;HUESCA;HUESCA;Comunidades interiores
10;22;89;CASTILLONROY;220089;HUESCA;HUESCA;Comunidades interiores
10;22;90;COLUNGO;220090;HUESCA;HUESCA;Comunidades interiores
10;22;94;CHALAMERA;220094;HUESCA;HUESCA;Comunidades interiores
10;22;95;CHÍA;220095;HUESCA;HUESCA;Comunidades interiores
10;22;96;CHIMILLAS;220096;HUESCA;HUESCA;Comunidades interiores
10;22;99;ESPLÚS;220099;HUESCA;HUESCA;Comunidades interiores
10;22;102;ESTADA;220102;HUESCA;HUESCA;Comunidades interiores
10;22;103;ESTADILLA;220103;HUESCA;HUESCA;Comunidades interiores
10;22;105;ESTOPIÑÁN DEL CASTILLO;220105;HUESCA;HUESCA;Comunidades interiores
10;22;106;FAGO;220106;HUESCA;HUESCA;Comunidades interiores
10;22;107;FANLO;220107;HUESCA;HUESCA;Comunidades interiores
10;22;109;FISCAL;220109;HUESCA;HUESCA;Comunidades interiores
10;22;110;FONZ;220110;HUESCA;HUESCA;Comunidades interiores
10;22;111;FORADADA DEL TOSCAR;220111;HUESCA;HUESCA;Comunidades interiores
10;22;112;FRAGA;220112;HUESCA;HUESCA;Comunidades interiores
10;22;113;FUEVA, LA;220113;HUESCA;HUESCA;Comunidades interiores
10;22;114;GISTAÍN;220114;HUESCA;HUESCA;Comunidades interiores
10;22;115;GRADO, EL;220115;HUESCA;HUESCA;Comunidades interiores
10;22;116;GRAÑÉN;220116;HUESCA;HUESCA;Comunidades interiores
10;22;117;GRAUS;220117;HUESCA;HUESCA;Comunidades interiores
10;22;119;GURREA DE GÁLLEGO;220119;HUESCA;HUESCA;Comunidades interiores
10;22;122;HOZ DE JACA;220122;HUESCA;HUESCA;Comunidades interiores
10;22;124;HUERTO;220124;HUESCA;HUESCA;Comunidades interiores
10;22;125;HUESCA;220125;HUESCA;HUESCA;Comunidades interiores
10;22;126;IBIECA;220126;HUESCA;HUESCA;Comunidades interiores
10;22;127;IGRIÉS;220127;HUESCA;HUESCA;Comunidades interiores
10;22;128;ILCHE;220128;HUESCA;HUESCA;Comunidades interiores
10;22;129;ISÁBENA;220129;HUESCA;HUESCA;Comunidades interiores
10;22;130;JACA;220130;HUESCA;HUESCA;Comunidades interiores
10;22;131;JASA;220131;HUESCA;HUESCA;Comunidades interiores
10;22;133;LABUERDA;220133;HUESCA;HUESCA;Comunidades interiores
10;22;135;LALUENGA;220135;HUESCA;HUESCA;Comunidades interiores
10;22;136;LALUEZA;220136;HUESCA;HUESCA;Comunidades interiores
10;22;137;LANAJA;220137;HUESCA;HUESCA;Comunidades interiores
10;22;139;LAPERDIGUERA;220139;HUESCA;HUESCA;Comunidades interiores
10;22;141;LASCELLAS-PONZANO;220141;HUESCA;HUESCA;Comunidades interiores
10;22;142;LASCUARRE;220142;HUESCA;HUESCA;Comunidades interiores
10;22;143;LASPAÚLES;220143;HUESCA;HUESCA;Comunidades interiores
10;22;144;LASPUÑA;220144;HUESCA;HUESCA;Comunidades interiores
10;22;149;LOARRE;220149;HUESCA;HUESCA;Comunidades interiores
10;22;150;LOPORZANO;220150;HUESCA;HUESCA;Comunidades interiores
10;22;151;LOSCORRALES;220151;HUESCA;HUESCA;Comunidades interiores
10;22;155;MONESMA Y CAJIGAR;220155;HUESCA;HUESCA;Comunidades interiores
10;22;156;MONFLORITE-LASCASAS;220156;HUESCA;HUESCA;Comunidades interiores
10;22;157;MONTANUY;220157;HUESCA;HUESCA;Comunidades interiores
10;22;158;MONZÓN;220158;HUESCA;HUESCA;Comunidades interiores
10;22;160;NAVAL;220160;HUESCA;HUESCA;Comunidades interiores
10;22;162;NOVALES;220162;HUESCA;HUESCA;Comunidades interiores
10;22;163;NUENO;220163;HUESCA;HUESCA;Comunidades interiores
10;22;164;OLVENA;220164;HUESCA;HUESCA;Comunidades interiores
10;22;165;ONTIÑENA;220165;HUESCA;HUESCA;Comunidades interiores
10;22;167;OSSO DE CINCA;220167;HUESCA;HUESCA;Comunidades interiores
10;22;168;PALO;220168;HUESCA;HUESCA;Comunidades interiores
10;22;170;PANTICOSA;220170;HUESCA;HUESCA;Comunidades interiores
10;22;172;PEÑALBA;220172;HUESCA;HUESCA;Comunidades interiores
10;22;173;PEÑAS DE RIGLOS, LAS;220173;HUESCA;HUESCA;Comunidades interiores
10;22;174;PERALTA DE ALCOFEA;220174;HUESCA;HUESCA;Comunidades interiores
10;22;175;PERALTA DE CALASANZ;220175;HUESCA;HUESCA;Comunidades interiores
10;22;176;PERALTILLA;220176;HUESCA;HUESCA;Comunidades interiores
10;22;177;PERARRÚA;220177;HUESCA;HUESCA;Comunidades interiores
10;22;178;PERTUSA;220178;HUESCA;HUESCA;Comunidades interiores
10;22;181;PIRACÉS;220181;HUESCA;HUESCA;Comunidades interiores
10;22;182;PLAN;220182;HUESCA;HUESCA;Comunidades interiores
10;22;184;POLEÑINO;220184;HUESCA;HUESCA;Comunidades interiores
10;22;186;POZÁN DE VERO;220186;HUESCA;HUESCA;Comunidades interiores
10;22;187;PUEBLA DE CASTRO, LA;220187;HUESCA;HUESCA;Comunidades interiores
10;22;188;PUENTE DE MONTAÑANA;220188;HUESCA;HUESCA;Comunidades interiores
10;22;189;PUÉRTOLAS;220189;HUESCA;HUESCA;Comunidades interiores
10;22;190;PUEYO DE ARAGUÁS, EL;220190;HUESCA;HUESCA;Comunidades interiores
10;22;193;PUEYO DE SANTA CRUZ;220193;HUESCA;HUESCA;Comunidades interiores
10;22;195;QUICENA;220195;HUESCA;HUESCA;Comunidades interiores
10;22;197;ROBRES;220197;HUESCA;HUESCA;Comunidades interiores
10;22;199;SABIÑÁNIGO;220199;HUESCA;HUESCA;Comunidades interiores
10;22;200;SAHÚN;220200;HUESCA;HUESCA;Comunidades interiores
10;22;201;SALAS ALTAS;220201;HUESCA;HUESCA;Comunidades interiores
10;22;202;SALAS BAJAS;220202;HUESCA;HUESCA;Comunidades interiores
10;22;203;SALILLAS;220203;HUESCA;HUESCA;Comunidades interiores
10;22;204;SALLENT DE GÁLLEGO;220204;HUESCA;HUESCA;Comunidades interiores
10;22;205;SAN ESTEBAN DE LITERA;220205;HUESCA;HUESCA;Comunidades interiores
10;22;206;SANGARRÉN;220206;HUESCA;HUESCA;Comunidades interiores
10;22;207;SAN JUAN DE PLAN;220207;HUESCA;HUESCA;Comunidades interiores
10;22;208;SANTA CILIA;220208;HUESCA;HUESCA;Comunidades interiores
10;22;209;SANTA CRUZ DE LA SERÓS;220209;HUESCA;HUESCA;Comunidades interiores
10;22;212;SANTA LIESTRA Y SAN QUÍLEZ;220212;HUESCA;HUESCA;Comunidades interiores
10;22;213;SARIÑENA;220213;HUESCA;HUESCA;Comunidades interiores
10;22;214;SECASTILLA;220214;HUESCA;HUESCA;Comunidades interiores
10;22;215;SEIRA;220215;HUESCA;HUESCA;Comunidades interiores
10;22;217;SENA;220217;HUESCA;HUESCA;Comunidades interiores
10;22;218;SENÉS DE ALCUBIERRE;220218;HUESCA;HUESCA;Comunidades interiores
10;22;220;SESA;220220;HUESCA;HUESCA;Comunidades interiores
10;22;221;SESUÉ;220221;HUESCA;HUESCA;Comunidades interiores
10;22;222;SIÉTAMO;220222;HUESCA;HUESCA;Comunidades interiores
10;22;223;SOPEIRA;220223;HUESCA;HUESCA;Comunidades interiores
10;22;225;TAMARITE DE LITERA;220225;HUESCA;HUESCA;Comunidades interiores
10;22;226;TARDIENTA;220226;HUESCA;HUESCA;Comunidades interiores
10;22;227;TELLA-SIN;220227;HUESCA;HUESCA;Comunidades interiores
10;22;228;TIERZ;220228;HUESCA;HUESCA;Comunidades interiores
10;22;229;TOLVA;220229;HUESCA;HUESCA;Comunidades interiores
10;22;230;TORLA;220230;HUESCA;HUESCA;Comunidades interiores
10;22;232;TORRALBA DE ARAGÓN;220232;HUESCA;HUESCA;Comunidades interiores
10;22;233;TORRE LA RIBERA;220233;HUESCA;HUESCA;Comunidades interiores
10;22;234;TORRENTE LA CINCA;220234;HUESCA;HUESCA;Comunidades interiores
10;22;235;TORRES DE ALCANADRE;220235;HUESCA;HUESCA;Comunidades interiores
10;22;236;TORRES DE BARBUÉS;220236;HUESCA;HUESCA;Comunidades interiores
10;22;239;TRAMACED;220239;HUESCA;HUESCA;Comunidades interiores
10;22;242;VALFARTA;220242;HUESCA;HUESCA;Comunidades interiores
10;22;243;VALLE DE BARDAJÍ;220243;HUESCA;HUESCA;Comunidades interiores
10;22;244;VALLE LIERP;220244;HUESCA;HUESCA;Comunidades interiores
10;22;245;VELILLA DE CINCA;220245;HUESCA;HUESCA;Comunidades interiores
10;22;246;VERACRUZ;220246;HUESCA;HUESCA;Comunidades interiores
10;22;247;VIACAMP Y LITERA;220247;HUESCA;HUESCA;Comunidades interiores
10;22;248;VICIÉN;220248;HUESCA;HUESCA;Comunidades interiores
10;22;249;VILLANOVA;220249;HUESCA;HUESCA;Comunidades interiores
10;22;250;VILLANÚA;220250;HUESCA;HUESCA;Comunidades interiores
10;22;251;VILLANUEVA DE SIJENA;220251;HUESCA;HUESCA;Comunidades interiores
10;22;252;YEBRA DE BASA;220252;HUESCA;HUESCA;Comunidades interiores
10;22;253;YÉSERO;220253;HUESCA;HUESCA;Comunidades interiores
10;22;254;ZAIDÍN;220254;HUESCA;HUESCA;Comunidades interiores
10;22;901;VALLE DE HECHO;220901;HUESCA;HUESCA;Comunidades interiores
10;22;902;PUENTE LA REINA DE JACA;220902;HUESCA;HUESCA;Comunidades interiores
10;22;903;SAN MIGUEL DEL CINCA;220903;HUESCA;HUESCA;Comunidades interiores
10;22;904;SOTONERA, LA;220904;HUESCA;HUESCA;Comunidades interiores
10;22;905;LUPIÑÉN-ORTILLA;220905;HUESCA;HUESCA;Comunidades interiores
10;22;906;SANTA MARÍA DE DULCIS;220906;HUESCA;HUESCA;Comunidades interiores
10;22;907;AÍNSA-SOBRARBE;220907;HUESCA;HUESCA;Comunidades interiores
10;22;908;HOZ Y COSTEÁN;220908;HUESCA;HUESCA;Comunidades interiores
10;22;909;VENCILLÓN;220909;HUESCA;HUESCA;Comunidades interiores
10;22;998;FRANCIA;220998;HUESCA;HUESCA;Comunidades interiores
10;22;999;OTRA PROVINCIA;220999;HUESCA;HUESCA;Comunidades interiores
10;44;0;INDETERMINADO;440000;TERUEL;TERUEL;Comunidades interiores
10;44;1;ABABUJ;440001;TERUEL;TERUEL;Comunidades interiores
10;44;2;ABEJUELA;440002;TERUEL;TERUEL;Comunidades interiores
10;44;3;AGUATÓN;440003;TERUEL;TERUEL;Comunidades interiores
10;44;4;AGUAVIVA;440004;TERUEL;TERUEL;Comunidades interiores
10;44;5;AGUILAR DEL ALFAMBRA;440005;TERUEL;TERUEL;Comunidades interiores
10;44;6;ALACÓN;440006;TERUEL;TERUEL;Comunidades interiores
10;44;7;ALBA;440007;TERUEL;TERUEL;Comunidades interiores
10;44;8;ALBALETE DEL ARZOBISPO;440008;TERUEL;TERUEL;Comunidades interiores
10;44;9;ALBARRACÍN;440009;TERUEL;TERUEL;Comunidades interiores
10;44;10;ALBENTOSA;440010;TERUEL;TERUEL;Comunidades interiores
10;44;11;ALCAINE;440011;TERUEL;TERUEL;Comunidades interiores
10;44;12;ALCALÁ DE LA SELVA;440012;TERUEL;TERUEL;Comunidades interiores
10;44;13;ALCAÑIZ;440013;TERUEL;TERUEL;Comunidades interiores
10;44;14;ALCORISA;440014;TERUEL;TERUEL;Comunidades interiores
10;44;16;ALFAMBRA;440016;TERUEL;TERUEL;Comunidades interiores
10;44;17;ALIAGA;440017;TERUEL;TERUEL;Comunidades interiores
10;44;18;ALMOHAJA;440018;TERUEL;TERUEL;Comunidades interiores
10;44;19;ALOBRAS;440019;TERUEL;TERUEL;Comunidades interiores
10;44;20;ALPEÑÉS;440020;TERUEL;TERUEL;Comunidades interiores
10;44;21;ALLEPUZ;440021;TERUEL;TERUEL;Comunidades interiores
10;44;22;ALLOZA;440022;TERUEL;TERUEL;Comunidades interiores
10;44;23;ALLUEVA;440023;TERUEL;TERUEL;Comunidades interiores
10;44;24;ANADÓN;440024;TERUEL;TERUEL;Comunidades interiores
10;44;25;ANDORRA;440025;TERUEL;TERUEL;Comunidades interiores
10;44;26;ARCOS DE LAS SALINAS;440026;TERUEL;TERUEL;Comunidades interiores
10;44;27;ARENS DE LLEDÓ;440027;TERUEL;TERUEL;Comunidades interiores
10;44;28;ARGENTE;440028;TERUEL;TERUEL;Comunidades interiores
10;44;29;ARIÑO;440029;TERUEL;TERUEL;Comunidades interiores
10;44;31;AZAILA;440031;TERUEL;TERUEL;Comunidades interiores
10;44;32;BÁDENAS;440032;TERUEL;TERUEL;Comunidades interiores
10;44;33;BÁGUENA;440033;TERUEL;TERUEL;Comunidades interiores
10;44;34;BAÑÓN;440034;TERUEL;TERUEL;Comunidades interiores
10;44;35;BARRACHINA;440035;TERUEL;TERUEL;Comunidades interiores
10;44;36;BEA;440036;TERUEL;TERUEL;Comunidades interiores
10;44;37;BECEITE;440037;TERUEL;TERUEL;Comunidades interiores
10;44;38;BELMONTE DE SAN JOSÉ;440038;TERUEL;TERUEL;Comunidades interiores
10;44;39;BELLO;440039;TERUEL;TERUEL;Comunidades interiores
10;44;40;BERGE;440040;TERUEL;TERUEL;Comunidades interiores
10;44;41;BEZAS;440041;TERUEL;TERUEL;Comunidades interiores
10;44;42;BLANCAS;440042;TERUEL;TERUEL;Comunidades interiores
10;44;43;BLESA;440043;TERUEL;TERUEL;Comunidades interiores
10;44;44;BORDÓN;440044;TERUEL;TERUEL;Comunidades interiores
10;44;45;BRONCHALES;440045;TERUEL;TERUEL;Comunidades interiores
10;44;46;BUEÑA;440046;TERUEL;TERUEL;Comunidades interiores
10;44;47;BURBÁGUENA;440047;TERUEL;TERUEL;Comunidades interiores
10;44;48;CABRA DE MORA;440048;TERUEL;TERUEL;Comunidades interiores
10;44;49;CALACEITE;440049;TERUEL;TERUEL;Comunidades interiores
10;44;50;CALAMOCHA;440050;TERUEL;TERUEL;Comunidades interiores
10;44;51;CALANDA;440051;TERUEL;TERUEL;Comunidades interiores
10;44;52;CALOMARDE;440052;TERUEL;TERUEL;Comunidades interiores
10;44;53;CAMAÑAS;440053;TERUEL;TERUEL;Comunidades interiores
10;44;54;CAMARENA DE LA SIERRA;440054;TERUEL;TERUEL;Comunidades interiores
10;44;55;CAMARILLAS;440055;TERUEL;TERUEL;Comunidades interiores
10;44;56;CAMINREAL;440056;TERUEL;TERUEL;Comunidades interiores
10;44;59;CANTAVIEJA;440059;TERUEL;TERUEL;Comunidades interiores
10;44;60;CAÑADA DE BENATANDUZ;440060;TERUEL;TERUEL;Comunidades interiores
10;44;61;CAÑADA DE VERICH, LA;440061;TERUEL;TERUEL;Comunidades interiores
10;44;62;CAÑADA VELLIDA;440062;TERUEL;TERUEL;Comunidades interiores
10;44;63;CAÑIZAR DEL OLIVAR;440063;TERUEL;TERUEL;Comunidades interiores
10;44;64;CASCANTE DEL RÍO;440064;TERUEL;TERUEL;Comunidades interiores
10;44;65;CASTEJÓN DE TORNOS;440065;TERUEL;TERUEL;Comunidades interiores
10;44;66;CASTEL DE CABRA;440066;TERUEL;TERUEL;Comunidades interiores
10;44;67;CASTELNOU;440067;TERUEL;TERUEL;Comunidades interiores
10;44;68;CASTELSERÁS;440068;TERUEL;TERUEL;Comunidades interiores
10;44;70;CASTELLAR, EL;440070;TERUEL;TERUEL;Comunidades interiores
10;44;71;CASTELLOTE;440071;TERUEL;TERUEL;Comunidades interiores
10;44;74;CEDRILLAS;440074;TERUEL;TERUEL;Comunidades interiores
10;44;75;CELADAS;440075;TERUEL;TERUEL;Comunidades interiores
10;44;76;CELLA;440076;TERUEL;TERUEL;Comunidades interiores
10;44;77;CEROLLERA, LA;440077;TERUEL;TERUEL;Comunidades interiores
10;44;80;CODOÑERA, LA;440080;TERUEL;TERUEL;Comunidades interiores
10;44;82;CORBALÁN;440082;TERUEL;TERUEL;Comunidades interiores
10;44;84;CORTES DE ARAGÓN;440084;TERUEL;TERUEL;Comunidades interiores
10;44;85;COSA;440085;TERUEL;TERUEL;Comunidades interiores
10;44;86;CRETAS;440086;TERUEL;TERUEL;Comunidades interiores
10;44;87;CRIVILLÉN;440087;TERUEL;TERUEL;Comunidades interiores
10;44;88;CUBA, LA;440088;TERUEL;TERUEL;Comunidades interiores
10;44;89;CUBLA;440089;TERUEL;TERUEL;Comunidades interiores
10;44;90;CUCALÓN;440090;TERUEL;TERUEL;Comunidades interiores
10;44;92;CUERVO, EL;440092;TERUEL;TERUEL;Comunidades interiores
10;44;93;CUEVAS DE ALMUDÉN;440093;TERUEL;TERUEL;Comunidades interiores
10;44;94;CUEVAS LABRADAS;440094;TERUEL;TERUEL;Comunidades interiores
10;44;96;EJULVE;440096;TERUEL;TERUEL;Comunidades interiores
10;44;97;ESCORIHUELA;440097;TERUEL;TERUEL;Comunidades interiores
10;44;99;ESCUCHA;440099;TERUEL;TERUEL;Comunidades interiores
10;44;100;ESTERCUEL;440100;TERUEL;TERUEL;Comunidades interiores
10;44;101;FERRERUELA DE HUERVA;440101;TERUEL;TERUEL;Comunidades interiores
10;44;102;FONFRÍA;440102;TERUEL;TERUEL;Comunidades interiores
10;44;103;FORMICHE ALTO;440103;TERUEL;TERUEL;Comunidades interiores
10;44;105;FÓRNOLES;440105;TERUEL;TERUEL;Comunidades interiores
10;44;106;FORTANETE;440106;TERUEL;TERUEL;Comunidades interiores
10;44;107;FOZ-CALANDA;440107;TERUEL;TERUEL;Comunidades interiores
10;44;108;FRESNEDA, LA;440108;TERUEL;TERUEL;Comunidades interiores
10;44;109;FRÍAS DE ALBARRACÍN;440109;TERUEL;TERUEL;Comunidades interiores
10;44;110;FUENFERRADA;440110;TERUEL;TERUEL;Comunidades interiores
10;44;111;FUENTES CALIENTES;440111;TERUEL;TERUEL;Comunidades interiores
10;44;112;FUENTES CLARAS;440112;TERUEL;TERUEL;Comunidades interiores
10;44;113;FUENTES DE RUBIELOS;440113;TERUEL;TERUEL;Comunidades interiores
10;44;114;FUENTESPALDA;440114;TERUEL;TERUEL;Comunidades interiores
10;44;115;GALVE;440115;TERUEL;TERUEL;Comunidades interiores
10;44;116;GARGALLO;440116;TERUEL;TERUEL;Comunidades interiores
10;44;117;GEA DE ALBARRACÍN;440117;TERUEL;TERUEL;Comunidades interiores
10;44;118;GINEBROSA, LA;440118;TERUEL;TERUEL;Comunidades interiores
10;44;119;GRIEGOS;440119;TERUEL;TERUEL;Comunidades interiores
10;44;120;GUADALAVIAR;440120;TERUEL;TERUEL;Comunidades interiores
10;44;121;GÚDAR;440121;TERUEL;TERUEL;Comunidades interiores
10;44;122;HÍJAR;440122;TERUEL;TERUEL;Comunidades interiores
10;44;123;HINOJOSA DE JARQUE;440123;TERUEL;TERUEL;Comunidades interiores
10;44;124;HOZ DE LA VIEJA, LA;440124;TERUEL;TERUEL;Comunidades interiores
10;44;125;HUESA DEL COMÚN;440125;TERUEL;TERUEL;Comunidades interiores
10;44;126;IGLESUELA DEL CID, LA;440126;TERUEL;TERUEL;Comunidades interiores
10;44;127;JABALOYAS;440127;TERUEL;TERUEL;Comunidades interiores
10;44;128;JARQUE DE LA VAL;440128;TERUEL;TERUEL;Comunidades interiores
10;44;129;JATIEL;440129;TERUEL;TERUEL;Comunidades interiores
10;44;130;JORCAS;440130;TERUEL;TERUEL;Comunidades interiores
10;44;131;JOSA;440131;TERUEL;TERUEL;Comunidades interiores
10;44;132;LAGUERUELA;440132;TERUEL;TERUEL;Comunidades interiores
10;44;133;LANZUELA;440133;TERUEL;TERUEL;Comunidades interiores
10;44;135;LIBROS;440135;TERUEL;TERUEL;Comunidades interiores
10;44;136;LIDÓN;440136;TERUEL;TERUEL;Comunidades interiores
10;44;137;LINARES DE MORA;440137;TERUEL;TERUEL;Comunidades interiores
10;44;138;LOSCOS;440138;TERUEL;TERUEL;Comunidades interiores
10;44;141;LLEDÓ;440141;TERUEL;TERUEL;Comunidades interiores
10;44;142;MAICAS;440142;TERUEL;TERUEL;Comunidades interiores
10;44;143;MANZANERA;440143;TERUEL;TERUEL;Comunidades interiores
10;44;144;MARTÍN DEL RÍO;440144;TERUEL;TERUEL;Comunidades interiores
10;44;145;MAS DE LAS MATAS;440145;TERUEL;TERUEL;Comunidades interiores
10;44;146;MATA DE LOS OLMOS, LA;440146;TERUEL;TERUEL;Comunidades interiores
10;44;147;MAZALEÓN;440147;TERUEL;TERUEL;Comunidades interiores
10;44;148;MEZQUITA DE JARQUE;440148;TERUEL;TERUEL;Comunidades interiores
10;44;149;MIRAMBEL;440149;TERUEL;TERUEL;Comunidades interiores
10;44;150;MIRAVETE DE LA SIERRA;440150;TERUEL;TERUEL;Comunidades interiores
10;44;151;MOLINOS;440151;TERUEL;TERUEL;Comunidades interiores
10;44;152;MONFORTE DE MOYUELA;440152;TERUEL;TERUEL;Comunidades interiores
10;44;153;MONREAL DEL CAMPO;440153;TERUEL;TERUEL;Comunidades interiores
10;44;154;MONROYO;440154;TERUEL;TERUEL;Comunidades interiores
10;44;155;MONTALBÁN;440155;TERUEL;TERUEL;Comunidades interiores
10;44;156;MONTEAGUDO DEL CASTILLO;440156;TERUEL;TERUEL;Comunidades interiores
10;44;157;MONTERDE DE ALBARRAÍN;440157;TERUEL;TERUEL;Comunidades interiores
10;44;158;MORA DE RUBIELOS;440158;TERUEL;TERUEL;Comunidades interiores
10;44;159;MOSCARDÓN;440159;TERUEL;TERUEL;Comunidades interiores
10;44;160;MOSQUERUELA;440160;TERUEL;TERUEL;Comunidades interiores
10;44;161;MUNIESA;440161;TERUEL;TERUEL;Comunidades interiores
10;44;163;NOGUERA DE ALBARRACÍN;440163;TERUEL;TERUEL;Comunidades interiores
10;44;164;NOGUERAS;440164;TERUEL;TERUEL;Comunidades interiores
10;44;165;NOGUERUELAS;440165;TERUEL;TERUEL;Comunidades interiores
10;44;167;OBÓN;440167;TERUEL;TERUEL;Comunidades interiores
10;44;168;ODÓN;440168;TERUEL;TERUEL;Comunidades interiores
10;44;169;OJOS NEGROS;440169;TERUEL;TERUEL;Comunidades interiores
10;44;171;OLBA;440171;TERUEL;TERUEL;Comunidades interiores
10;44;172;OLIETE;440172;TERUEL;TERUEL;Comunidades interiores
10;44;173;OLMOS, LOS;440173;TERUEL;TERUEL;Comunidades interiores
10;44;174;ORIHUELA DEL TREMEDAL;440174;TERUEL;TERUEL;Comunidades interiores
10;44;175;ORRIOS;440175;TERUEL;TERUEL;Comunidades interiores
10;44;176;PALOMAR DE ARROYOS;440176;TERUEL;TERUEL;Comunidades interiores
10;44;177;PANCRUDO;440177;TERUEL;TERUEL;Comunidades interiores
10;44;178;PARRAS DE CASTELLOTE, LAS;440178;TERUEL;TERUEL;Comunidades interiores
10;44;179;PEÑARROYA DE TASTAVINS;440179;TERUEL;TERUEL;Comunidades interiores
10;44;180;PERACENSE;440180;TERUEL;TERUEL;Comunidades interiores
10;44;181;PERALEJOS;440181;TERUEL;TERUEL;Comunidades interiores
10;44;182;PERALES DEL ALFAMBRA;440182;TERUEL;TERUEL;Comunidades interiores
10;44;183;PITARQUE;440183;TERUEL;TERUEL;Comunidades interiores
10;44;184;PLOU;440184;TERUEL;TERUEL;Comunidades interiores
10;44;185;POBO, EL;440185;TERUEL;TERUEL;Comunidades interiores
10;44;187;PORTELLADA, LA;440187;TERUEL;TERUEL;Comunidades interiores
10;44;189;POZODÓN;440189;TERUEL;TERUEL;Comunidades interiores
10;44;190;POZUEL DEL CAMPO;440190;TERUEL;TERUEL;Comunidades interiores
10;44;191;PUEBLA DE HÍJAR, LA;440191;TERUEL;TERUEL;Comunidades interiores
10;44;192;PUEBLA DE VALVERDE, LA;440192;TERUEL;TERUEL;Comunidades interiores
10;44;193;PUERTOMINGALVO;440193;TERUEL;TERUEL;Comunidades interiores
10;44;194;RÁFALES;440194;TERUEL;TERUEL;Comunidades interiores
10;44;195;RILLO;440195;TERUEL;TERUEL;Comunidades interiores
10;44;196;RIODEVA;440196;TERUEL;TERUEL;Comunidades interiores
10;44;197;RÓDENAS;440197;TERUEL;TERUEL;Comunidades interiores
10;44;198;ROYUELA;440198;TERUEL;TERUEL;Comunidades interiores
10;44;199;RUBIALES;440199;TERUEL;TERUEL;Comunidades interiores
10;44;200;RUBIELOS DE LA CÉRIDA;440200;TERUEL;TERUEL;Comunidades interiores
10;44;201;RUBIELOS DE MORA;440201;TERUEL;TERUEL;Comunidades interiores
10;44;203;SALCEDILLO;440203;TERUEL;TERUEL;Comunidades interiores
10;44;204;SALDÓN;440204;TERUEL;TERUEL;Comunidades interiores
10;44;205;SAMPER DE CALANDA;440205;TERUEL;TERUEL;Comunidades interiores
10;44;206;SAN AGUSTÍN;440206;TERUEL;TERUEL;Comunidades interiores
10;44;207;SAN MARTÍN DEL RÍO;440207;TERUEL;TERUEL;Comunidades interiores
10;44;208;SANTA CRUZ DE NOGUERAS;440208;TERUEL;TERUEL;Comunidades interiores
10;44;209;SANTA EULALIA;440209;TERUEL;TERUEL;Comunidades interiores
10;44;210;SARRIÓN;440210;TERUEL;TERUEL;Comunidades interiores
10;44;211;SEGURA DE LOS BAÑOS;440211;TERUEL;TERUEL;Comunidades interiores
10;44;212;SENO;440212;TERUEL;TERUEL;Comunidades interiores
10;44;213;SINGRA;440213;TERUEL;TERUEL;Comunidades interiores
10;44;215;TERRIENTE;440215;TERUEL;TERUEL;Comunidades interiores
10;44;216;TERUEL;440216;TERUEL;TERUEL;Comunidades interiores
10;44;217;TORIL Y MASEGOSO;440217;TERUEL;TERUEL;Comunidades interiores
10;44;218;TORMÓN;440218;TERUEL;TERUEL;Comunidades interiores
10;44;219;TORNOS;440219;TERUEL;TERUEL;Comunidades interiores
10;44;220;TORRALBA DE LOS SISONES;440220;TERUEL;TERUEL;Comunidades interiores
10;44;221;TORRECILLA DE ALCAÑIZ;440221;TERUEL;TERUEL;Comunidades interiores
10;44;222;TORRECILLA DEL REBOLLAR;440222;TERUEL;TERUEL;Comunidades interiores
10;44;223;TORRE DE ARCAS;440223;TERUEL;TERUEL;Comunidades interiores
10;44;224;TORRE DE LAS ARCAS;440224;TERUEL;TERUEL;Comunidades interiores
10;44;225;TORRE DEL COMPTE;440225;TERUEL;TERUEL;Comunidades interiores
10;44;226;TORRELACÁRCEL;440226;TERUEL;TERUEL;Comunidades interiores
10;44;227;TORRE LOS NEGROS;440227;TERUEL;TERUEL;Comunidades interiores
10;44;228;TORREMOCHA DE JILOCA;440228;TERUEL;TERUEL;Comunidades interiores
10;44;229;TORRES DE ALBARRACÍN;440229;TERUEL;TERUEL;Comunidades interiores
10;44;230;TORREVELILLA;440230;TERUEL;TERUEL;Comunidades interiores
10;44;231;TORRIJAS;440231;TERUEL;TERUEL;Comunidades interiores
10;44;232;TORRIJO DEL CAMPO;440232;TERUEL;TERUEL;Comunidades interiores
10;44;234;TRAMACASTIEL;440234;TERUEL;TERUEL;Comunidades interiores
10;44;235;TRAMACASTILLA;440235;TERUEL;TERUEL;Comunidades interiores
10;44;236;TRONCHÓN;440236;TERUEL;TERUEL;Comunidades interiores
10;44;237;URREA DE GAÉN;440237;TERUEL;TERUEL;Comunidades interiores
10;44;238;UTRILLAS;440238;TERUEL;TERUEL;Comunidades interiores
10;44;239;VALACLOCHE;440239;TERUEL;TERUEL;Comunidades interiores
10;44;240;VALBONA;440240;TERUEL;TERUEL;Comunidades interiores
10;44;241;VALDEALGORFA;440241;TERUEL;TERUEL;Comunidades interiores
10;44;243;VALDECUENCA;440243;TERUEL;TERUEL;Comunidades interiores
10;44;244;VALDELINARES;440244;TERUEL;TERUEL;Comunidades interiores
10;44;245;VALDELTORMO;440245;TERUEL;TERUEL;Comunidades interiores
10;44;246;VALDERROBRES;440246;TERUEL;TERUEL;Comunidades interiores
10;44;247;VALJUNQUERA;440247;TERUEL;TERUEL;Comunidades interiores
10;44;249;VALLECILLO, EL;440249;TERUEL;TERUEL;Comunidades interiores
10;44;250;VEGUILLAS DE LA SIERRA;440250;TERUEL;TERUEL;Comunidades interiores
10;44;251;VILLAFRANCA DEL CAMPO;440251;TERUEL;TERUEL;Comunidades interiores
10;44;252;VILLAHERMOSA DEL CAMPO;440252;TERUEL;TERUEL;Comunidades interiores
10;44;256;VILLANUEVA DEL REBOLLAR;440256;TERUEL;TERUEL;Comunidades interiores
10;44;257;VILLAR DEL COBO;440257;TERUEL;TERUEL;Comunidades interiores
10;44;258;VILLAR DEL SALZ;440258;TERUEL;TERUEL;Comunidades interiores
10;44;260;VILLARLUENGO;440260;TERUEL;TERUEL;Comunidades interiores
10;44;261;VILLARQUEMADO;440261;TERUEL;TERUEL;Comunidades interiores
10;44;262;VILLARROYA DE LOS PINARES;440262;TERUEL;TERUEL;Comunidades interiores
10;44;263;VILLASTAR;440263;TERUEL;TERUEL;Comunidades interiores
10;44;264;VILLEL;440264;TERUEL;TERUEL;Comunidades interiores
10;44;265;VINACEITE;440265;TERUEL;TERUEL;Comunidades interiores
10;44;266;VISIEDO;440266;TERUEL;TERUEL;Comunidades interiores
10;44;267;VIVEL DEL RÍO MARTÍN;440267;TERUEL;TERUEL;Comunidades interiores
10;44;268;ZOMA, LA;440268;TERUEL;TERUEL;Comunidades interiores
10;44;999;OTRA PROVINCIA;440999;TERUEL;TERUEL;Comunidades interiores
10;50;0;INDETERMINADO;500000;ZARAGOZA;Provincia de ZARAGOZA;Comunidades interiores
10;50;1;ABANTO;500001;ZARAGOZA;Provincia de ZARAGOZA;Comunidades interiores
10;50;2;ACERED;500002;ZARAGOZA;Provincia de ZARAGOZA;Comunidades interiores
10;50;3;AGÓN;500003;ZARAGOZA;Provincia de ZARAGOZA;Comunidades interiores
10;50;4;AGUARÓN;500004;ZARAGOZA;Provincia de ZARAGOZA;Comunidades interiores
10;50;5;AGUILÓN;500005;ZARAGOZA;Provincia de ZARAGOZA;Comunidades interiores
10;50;6;AINZÓN;500006;ZARAGOZA;Provincia de ZARAGOZA;Comunidades interiores
10;50;7;ALADRÉN;500007;ZARAGOZA;Provincia de ZARAGOZA;Comunidades interiores
10;50;8;ALAGÓN;500008;ZARAGOZA;Provincia de ZARAGOZA;Comunidades interiores
10;50;9;ALARBA;500009;ZARAGOZA;Provincia de ZARAGOZA;Comunidades interiores
10;50;10;ALBERITE DE SAN JUAN;500010;ZARAGOZA;Provincia de ZARAGOZA;Comunidades interiores
10;50;11;ALBETA;500011;ZARAGOZA;Provincia de ZARAGOZA;Comunidades interiores
10;50;12;ALBORGE;500012;ZARAGOZA;Provincia de ZARAGOZA;Comunidades interiores
10;50;13;ALCALÁ DE EBRO;500013;ZARAGOZA;Provincia de ZARAGOZA;Comunidades interiores
10;50;14;ALCALÁ DE MONCAYO;500014;ZARAGOZA;Provincia de ZARAGOZA;Comunidades interiores
10;50;15;ALCONCHEL DE ARIZA;500015;ZARAGOZA;Provincia de ZARAGOZA;Comunidades interiores
10;50;16;ALDEHUELA DE LIESTOS;500016;ZARAGOZA;Provincia de ZARAGOZA;Comunidades interiores
10;50;17;ALFAJARÍN;500017;ZARAGOZA;Provincia de ZARAGOZA;Comunidades interiores
10;50;18;ALFAMÉN;500018;ZARAGOZA;Provincia de ZARAGOZA;Comunidades interiores
10;50;19;ALFORQUE;500019;ZARAGOZA;Provincia de ZARAGOZA;Comunidades interiores
10;50;20;ALHAMA DE ARAGÓN;500020;ZARAGOZA;Provincia de ZARAGOZA;Comunidades interiores
10;50;21;ALMOCHUEL;500021;ZARAGOZA;Provincia de ZARAGOZA;Comunidades interiores
10;50;22;ALMOLDA, LA;500022;ZARAGOZA;Provincia de ZARAGOZA;Comunidades interiores
10;50;23;ALMONACID DE LA CUBA;500023;ZARAGOZA;Provincia de ZARAGOZA;Comunidades interiores
10;50;24;ALMONACID DE LA SIERRA;500024;ZARAGOZA;Provincia de ZARAGOZA;Comunidades interiores
10;50;25;ALMUNIA DE DOÑA GODINA, LA;500025;ZARAGOZA;Provincia de ZARAGOZA;Comunidades interiores
10;50;26;ALPARTIR;500026;ZARAGOZA;Provincia de ZARAGOZA;Comunidades interiores
10;50;27;AMBEL;500027;ZARAGOZA;Provincia de ZARAGOZA;Comunidades interiores
10;50;28;ANENTO;500028;ZARAGOZA;Provincia de ZARAGOZA;Comunidades interiores
10;50;29;ANIÑÓN;500029;ZARAGOZA;Provincia de ZARAGOZA;Comunidades interiores
10;50;30;AÑÓN DE MONCAYO;500030;ZARAGOZA;Provincia de ZARAGOZA;Comunidades interiores
10;50;31;ARANDA DE MONCAYO;500031;ZARAGOZA;Provincia de ZARAGOZA;Comunidades interiores
10;50;32;ARÁNDIGA;500032;ZARAGOZA;Provincia de ZARAGOZA;Comunidades interiores
10;50;33;ARDISA;500033;ZARAGOZA;Provincia de ZARAGOZA;Comunidades interiores
10;50;34;ARIZA;500034;ZARAGOZA;Provincia de ZARAGOZA;Comunidades interiores
10;50;35;ARTIEDA;500035;ZARAGOZA;Provincia de ZARAGOZA;Comunidades interiores
10;50;36;ASÍN;500036;ZARAGOZA;Provincia de ZARAGOZA;Comunidades interiores
10;50;37;ATEA;500037;ZARAGOZA;Provincia de ZARAGOZA;Comunidades interiores
10;50;38;ATECA;500038;ZARAGOZA;Provincia de ZARAGOZA;Comunidades interiores
10;50;39;AZUARA;500039;ZARAGOZA;Provincia de ZARAGOZA;Comunidades interiores
10;50;40;BADULES;500040;ZARAGOZA;Provincia de ZARAGOZA;Comunidades interiores
10;50;41;BAGÜÉS;500041;ZARAGOZA;Provincia de ZARAGOZA;Comunidades interiores
10;50;42;BALCONCHÁN;500042;ZARAGOZA;Provincia de ZARAGOZA;Comunidades interiores
10;50;43;BÁRBOLES;500043;ZARAGOZA;Provincia de ZARAGOZA;Comunidades interiores
10;50;44;BARDALLUR;500044;ZARAGOZA;Provincia de ZARAGOZA;Comunidades interiores
10;50;45;BELCHITE;500045;ZARAGOZA;Provincia de ZARAGOZA;Comunidades interiores
10;50;46;BELMONTE DE GRACIÁN;500046;ZARAGOZA;Provincia de ZARAGOZA;Comunidades interiores
10;50;47;BERDEJO;500047;ZARAGOZA;Provincia de ZARAGOZA;Comunidades interiores
10;50;48;BERRUECO;500048;ZARAGOZA;Provincia de ZARAGOZA;Comunidades interiores
10;50;50;BIJUESCA;500050;ZARAGOZA;Provincia de ZARAGOZA;Comunidades interiores
10;50;51;BIOTA;500051;ZARAGOZA;Provincia de ZARAGOZA;Comunidades interiores
10;50;52;BISIMBRE;500052;ZARAGOZA;Provincia de ZARAGOZA;Comunidades interiores
10;50;53;BOQUIÑENI;500053;ZARAGOZA;Provincia de ZARAGOZA;Comunidades interiores
10;50;54;BORDALBA;500054;ZARAGOZA;Provincia de ZARAGOZA;Comunidades interiores
10;50;55;BORJA;500055;ZARAGOZA;Provincia de ZARAGOZA;Comunidades interiores
10;50;56;BOTORRITA;500056;ZARAGOZA;Provincia de ZARAGOZA;Comunidades interiores
10;50;57;BREA DE ARAGÓN;500057;ZARAGOZA;Provincia de ZARAGOZA;Comunidades interiores
10;50;58;BUBIERCA;500058;ZARAGOZA;Provincia de ZARAGOZA;Comunidades interiores
10;50;59;BUJARALOZ;500059;ZARAGOZA;Provincia de ZARAGOZA;Comunidades interiores
10;50;60;BULBUENTE;500060;ZARAGOZA;Provincia de ZARAGOZA;Comunidades interiores
10;50;61;BURETA;500061;ZARAGOZA;Provincia de ZARAGOZA;Comunidades interiores
10;50;62;BURGO DE EBRO, EL;500062;ZARAGOZA;Provincia de ZARAGOZA;Comunidades interiores
10;50;63;BUSTE, EL;500063;ZARAGOZA;Provincia de ZARAGOZA;Comunidades interiores
10;50;64;CABAÑAS DE EBRO;500064;ZARAGOZA;Provincia de ZARAGOZA;Comunidades interiores
10;50;65;CABOLAFUENTE;500065;ZARAGOZA;Provincia de ZARAGOZA;Comunidades interiores
10;50;66;CADRETE;500066;ZARAGOZA;Provincia de ZARAGOZA;Comunidades interiores
10;50;67;CALATAYUD;500067;ZARAGOZA;Provincia de ZARAGOZA;Comunidades interiores
10;50;68;CALATORAO;500068;ZARAGOZA;Provincia de ZARAGOZA;Comunidades interiores
10;50;69;CALCENA;500069;ZARAGOZA;Provincia de ZARAGOZA;Comunidades interiores
10;50;70;CALMARZA;500070;ZARAGOZA;Provincia de ZARAGOZA;Comunidades interiores
10;50;71;CAMPILLO DE ARAGÓN;500071;ZARAGOZA;Provincia de ZARAGOZA;Comunidades interiores
10;50;72;CARENAS;500072;ZARAGOZA;Provincia de ZARAGOZA;Comunidades interiores
10;50;73;CARIÑENA;500073;ZARAGOZA;Provincia de ZARAGOZA;Comunidades interiores
10;50;74;CASPE;500074;ZARAGOZA;Provincia de ZARAGOZA;Comunidades interiores
10;50;75;CASTEJÓN DE ALARBA;500075;ZARAGOZA;Provincia de ZARAGOZA;Comunidades interiores
10;50;76;CASTEJÓN DE LAS ARMAS;500076;ZARAGOZA;Provincia de ZARAGOZA;Comunidades interiores
10;50;77;CASTEJÓN DE VALDEJASA;500077;ZARAGOZA;Provincia de ZARAGOZA;Comunidades interiores
10;50;78;CASTILISCAR;500078;ZARAGOZA;Provincia de ZARAGOZA;Comunidades interiores
10;50;79;CERVERA DE LA CAÑADA;500079;ZARAGOZA;Provincia de ZARAGOZA;Comunidades interiores
10;50;80;CERVERUELA;500080;ZARAGOZA;Provincia de ZARAGOZA;Comunidades interiores
10;50;81;CETINA;500081;ZARAGOZA;Provincia de ZARAGOZA;Comunidades interiores
10;50;82;CIMBALLA;500082;ZARAGOZA;Provincia de ZARAGOZA;Comunidades interiores
10;50;83;CINCO OLIVAS;500083;ZARAGOZA;Provincia de ZARAGOZA;Comunidades interiores
10;50;84;CLARÉS DE RIBOTA;500084;ZARAGOZA;Provincia de ZARAGOZA;Comunidades interiores
10;50;85;CODO;500085;ZARAGOZA;Provincia de ZARAGOZA;Comunidades interiores
10;50;86;CODOS;500086;ZARAGOZA;Provincia de ZARAGOZA;Comunidades interiores
10;50;87;CONTAMINA;500087;ZARAGOZA;Provincia de ZARAGOZA;Comunidades interiores
10;50;88;COSUENDA;500088;ZARAGOZA;Provincia de ZARAGOZA;Comunidades interiores
10;50;89;CUARTE DE HUERVA;500089;ZARAGOZA;Provincia de ZARAGOZA;Comunidades interiores
10;50;90;CUBEL;500090;ZARAGOZA;Provincia de ZARAGOZA;Comunidades interiores
10;50;91;CUERLAS, LAS;500091;ZARAGOZA;Provincia de ZARAGOZA;Comunidades interiores
10;50;92;CHIPRANA;500092;ZARAGOZA;Provincia de ZARAGOZA;Comunidades interiores
10;50;93;CHODES;500093;ZARAGOZA;Provincia de ZARAGOZA;Comunidades interiores
10;50;94;DAROCA;500094;ZARAGOZA;Provincia de ZARAGOZA;Comunidades interiores
10;50;95;EJEA DE LOS CABALLEROS;500095;ZARAGOZA;Provincia de ZARAGOZA;Comunidades interiores
10;50;96;EMBID DE ARIZA;500096;ZARAGOZA;Provincia de ZARAGOZA;Comunidades interiores
10;50;98;ENCINACORBA;500098;ZARAGOZA;Provincia de ZARAGOZA;Comunidades interiores
10;50;99;ÉPILA;500099;ZARAGOZA;Provincia de ZARAGOZA;Comunidades interiores
10;50;100;ERLA;500100;ZARAGOZA;Provincia de ZARAGOZA;Comunidades interiores
10;50;101;ESCATRÓN;500101;ZARAGOZA;Provincia de ZARAGOZA;Comunidades interiores
10;50;102;FABARA;500102;ZARAGOZA;Provincia de ZARAGOZA;Comunidades interiores
10;50;104;FARLETE;500104;ZARAGOZA;Provincia de ZARAGOZA;Comunidades interiores
10;50;105;FAYÓN;500105;ZARAGOZA;Provincia de ZARAGOZA;Comunidades interiores
10;50;106;FAYOS, LOS;500106;ZARAGOZA;Provincia de ZARAGOZA;Comunidades interiores
10;50;107;FIGUERUELAS;500107;ZARAGOZA;Provincia de ZARAGOZA;Comunidades interiores
10;50;108;FOMBUENA;500108;ZARAGOZA;Provincia de ZARAGOZA;Comunidades interiores
10;50;109;FRAGO, EL;500109;ZARAGOZA;Provincia de ZARAGOZA;Comunidades interiores
10;50;110;FRASNO, EL;500110;ZARAGOZA;Provincia de ZARAGOZA;Comunidades interiores
10;50;111;FRÉSCANO;500111;ZARAGOZA;Provincia de ZARAGOZA;Comunidades interiores
10;50;113;FUENDEJALÓN;500113;ZARAGOZA;Provincia de ZARAGOZA;Comunidades interiores
10;50;114;FUENDETODOS;500114;ZARAGOZA;Provincia de ZARAGOZA;Comunidades interiores
10;50;115;FUENTES DE EBRO;500115;ZARAGOZA;Provincia de ZARAGOZA;Comunidades interiores
10;50;116;FUENTES DE JILOCA;500116;ZARAGOZA;Provincia de ZARAGOZA;Comunidades interiores
10;50;117;GALLOCANTA;500117;ZARAGOZA;Provincia de ZARAGOZA;Comunidades interiores
10;50;118;GALLUR;500118;ZARAGOZA;Provincia de ZARAGOZA;Comunidades interiores
10;50;119;GELSA;500119;ZARAGOZA;Provincia de ZARAGOZA;Comunidades interiores
10;50;120;GODOJOS;500120;ZARAGOZA;Provincia de ZARAGOZA;Comunidades interiores
10;50;121;GOTOR;500121;ZARAGOZA;Provincia de ZARAGOZA;Comunidades interiores
10;50;122;GRISEL;500122;ZARAGOZA;Provincia de ZARAGOZA;Comunidades interiores
10;50;123;GRISÉN;500123;ZARAGOZA;Provincia de ZARAGOZA;Comunidades interiores
10;50;124;HERRERA DE LOS NAVARROS;500124;ZARAGOZA;Provincia de ZARAGOZA;Comunidades interiores
10;50;125;IBDES;500125;ZARAGOZA;Provincia de ZARAGOZA;Comunidades interiores
10;50;126;ILLUECA;500126;ZARAGOZA;Provincia de ZARAGOZA;Comunidades interiores
10;50;128;ISUERRE;500128;ZARAGOZA;Provincia de ZARAGOZA;Comunidades interiores
10;50;129;JARABA;500129;ZARAGOZA;Provincia de ZARAGOZA;Comunidades interiores
10;50;130;JARQUE;500130;ZARAGOZA;Provincia de ZARAGOZA;Comunidades interiores
10;50;131;JAULÍN;500131;ZARAGOZA;Provincia de ZARAGOZA;Comunidades interiores
10;50;132;JOYOSA, LA;500132;ZARAGOZA;Provincia de ZARAGOZA;Comunidades interiores
10;50;133;LAGATA;500133;ZARAGOZA;Provincia de ZARAGOZA;Comunidades interiores
10;50;134;LANGA DEL CASTILLO;500134;ZARAGOZA;Provincia de ZARAGOZA;Comunidades interiores
10;50;135;LAYANA;500135;ZARAGOZA;Provincia de ZARAGOZA;Comunidades interiores
10;50;136;LÉCERA;500136;ZARAGOZA;Provincia de ZARAGOZA;Comunidades interiores
10;50;137;LECIÑENA;500137;ZARAGOZA;Provincia de ZARAGOZA;Comunidades interiores
10;50;138;LECHÓN;500138;ZARAGOZA;Provincia de ZARAGOZA;Comunidades interiores
10;50;139;LETUX;500139;ZARAGOZA;Provincia de ZARAGOZA;Comunidades interiores
10;50;140;LITAGO;500140;ZARAGOZA;Provincia de ZARAGOZA;Comunidades interiores
10;50;141;LITUÉNIGO;500141;ZARAGOZA;Provincia de ZARAGOZA;Comunidades interiores
10;50;142;LOBERA DE ONSELLA;500142;ZARAGOZA;Provincia de ZARAGOZA;Comunidades interiores
10;50;143;LONGARES;500143;ZARAGOZA;Provincia de ZARAGOZA;Comunidades interiores
10;50;144;LONGÁS;500144;ZARAGOZA;Provincia de ZARAGOZA;Comunidades interiores
10;50;146;LUCENA DE JALÓN;500146;ZARAGOZA;Provincia de ZARAGOZA;Comunidades interiores
10;50;147;LUCENI;500147;ZARAGOZA;Provincia de ZARAGOZA;Comunidades interiores
10;50;148;LUESIA;500148;ZARAGOZA;Provincia de ZARAGOZA;Comunidades interiores
10;50;149;LUESMA;500149;ZARAGOZA;Provincia de ZARAGOZA;Comunidades interiores
10;50;150;LUMPIAQUE;500150;ZARAGOZA;Provincia de ZARAGOZA;Comunidades interiores
10;50;151;LUNA;500151;ZARAGOZA;Provincia de ZARAGOZA;Comunidades interiores
10;50;152;MAELLA;500152;ZARAGOZA;Provincia de ZARAGOZA;Comunidades interiores
10;50;153;MAGALLÓN;500153;ZARAGOZA;Provincia de ZARAGOZA;Comunidades interiores
10;50;154;MAINAR;500154;ZARAGOZA;Provincia de ZARAGOZA;Comunidades interiores
10;50;155;MALANQUILLA;500155;ZARAGOZA;Provincia de ZARAGOZA;Comunidades interiores
10;50;156;MALEJÁN;500156;ZARAGOZA;Provincia de ZARAGOZA;Comunidades interiores
10;50;157;MALÓN;500157;ZARAGOZA;Provincia de ZARAGOZA;Comunidades interiores
10;50;159;MALUENDA;500159;ZARAGOZA;Provincia de ZARAGOZA;Comunidades interiores
10;50;160;MALLÉN;500160;ZARAGOZA;Provincia de ZARAGOZA;Comunidades interiores
10;50;161;MANCHONES;500161;ZARAGOZA;Provincia de ZARAGOZA;Comunidades interiores
10;50;162;MARA;500162;ZARAGOZA;Provincia de ZARAGOZA;Comunidades interiores
10;50;163;MARÍA DE HUERVA;500163;ZARAGOZA;Provincia de ZARAGOZA;Comunidades interiores
10;50;164;MEDIANA DE ARAGÓN;500164;ZARAGOZA;Provincia de ZARAGOZA;Comunidades interiores
10;50;165;MEQUINENZA;500165;ZARAGOZA;Provincia de ZARAGOZA;Comunidades interiores
10;50;166;MESONES DE ISUELA;500166;ZARAGOZA;Provincia de ZARAGOZA;Comunidades interiores
10;50;167;MEZALOCHA;500167;ZARAGOZA;Provincia de ZARAGOZA;Comunidades interiores
10;50;168;MIANOS;500168;ZARAGOZA;Provincia de ZARAGOZA;Comunidades interiores
10;50;169;MIEDES DE ARAGÓN;500169;ZARAGOZA;Provincia de ZARAGOZA;Comunidades interiores
10;50;170;MONEGRILLO;500170;ZARAGOZA;Provincia de ZARAGOZA;Comunidades interiores
10;50;171;MONEVA;500171;ZARAGOZA;Provincia de ZARAGOZA;Comunidades interiores
10;50;172;MONREAL DE ARIZA;500172;ZARAGOZA;Provincia de ZARAGOZA;Comunidades interiores
10;50;173;MONTERDE;500173;ZARAGOZA;Provincia de ZARAGOZA;Comunidades interiores
10;50;174;MONTÓN;500174;ZARAGOZA;Provincia de ZARAGOZA;Comunidades interiores
10;50;175;MORATA DE JALÓN;500175;ZARAGOZA;Provincia de ZARAGOZA;Comunidades interiores
10;50;176;MORATA DE JILOCA;500176;ZARAGOZA;Provincia de ZARAGOZA;Comunidades interiores
10;50;177;MORÉS;500177;ZARAGOZA;Provincia de ZARAGOZA;Comunidades interiores
10;50;178;MOROS;500178;ZARAGOZA;Provincia de ZARAGOZA;Comunidades interiores
10;50;179;MOYUELA;500179;ZARAGOZA;Provincia de ZARAGOZA;Comunidades interiores
10;50;180;MOZOTA;500180;ZARAGOZA;Provincia de ZARAGOZA;Comunidades interiores
10;50;181;MUEL;500181;ZARAGOZA;Provincia de ZARAGOZA;Comunidades interiores
10;50;182;MUELA, LA;500182;ZARAGOZA;Provincia de ZARAGOZA;Comunidades interiores
10;50;183;MUNÉBREGA;500183;ZARAGOZA;Provincia de ZARAGOZA;Comunidades interiores
10;50;184;MURERO;500184;ZARAGOZA;Provincia de ZARAGOZA;Comunidades interiores
10;50;185;MURILLO DE GÁLLEGO;500185;ZARAGOZA;Provincia de ZARAGOZA;Comunidades interiores
10;50;186;NAVARDÚN;500186;ZARAGOZA;Provincia de ZARAGOZA;Comunidades interiores
10;50;187;NIGÜELLA;500187;ZARAGOZA;Provincia de ZARAGOZA;Comunidades interiores
10;50;188;NOMBREVILLA;500188;ZARAGOZA;Provincia de ZARAGOZA;Comunidades interiores
10;50;189;NONASPE;500189;ZARAGOZA;Provincia de ZARAGOZA;Comunidades interiores
10;50;190;NOVALLAS;500190;ZARAGOZA;Provincia de ZARAGOZA;Comunidades interiores
10;50;191;NOVILLAS;500191;ZARAGOZA;Provincia de ZARAGOZA;Comunidades interiores
10;50;192;NUÉVALOS;500192;ZARAGOZA;Provincia de ZARAGOZA;Comunidades interiores
10;50;193;NUEZ DE EBRO;500193;ZARAGOZA;Provincia de ZARAGOZA;Comunidades interiores
10;50;194;OLVÉS;500194;ZARAGOZA;Provincia de ZARAGOZA;Comunidades interiores
10;50;195;ORCAJO;500195;ZARAGOZA;Provincia de ZARAGOZA;Comunidades interiores
10;50;196;ORERA;500196;ZARAGOZA;Provincia de ZARAGOZA;Comunidades interiores
10;50;197;ORÉS;500197;ZARAGOZA;Provincia de ZARAGOZA;Comunidades interiores
10;50;198;OSEJA;500198;ZARAGOZA;Provincia de ZARAGOZA;Comunidades interiores
10;50;199;OSERA DE EBRO;500199;ZARAGOZA;Provincia de ZARAGOZA;Comunidades interiores
10;50;200;PANIZA;500200;ZARAGOZA;Provincia de ZARAGOZA;Comunidades interiores
10;50;201;PARACUELLOS DE JILOCA;500201;ZARAGOZA;Provincia de ZARAGOZA;Comunidades interiores
10;50;202;PARACUELLOS DE LA RIBERA;500202;ZARAGOZA;Provincia de ZARAGOZA;Comunidades interiores
10;50;203;PASTRIZ;500203;ZARAGOZA;Provincia de ZARAGOZA;Comunidades interiores
10;50;204;PEDROLA;500204;ZARAGOZA;Provincia de ZARAGOZA;Comunidades interiores
10;50;205;PEDROSAS, LAS;500205;ZARAGOZA;Provincia de ZARAGOZA;Comunidades interiores
10;50;206;PERDIGUERA;500206;ZARAGOZA;Provincia de ZARAGOZA;Comunidades interiores
10;50;207;PIEDRATAJADA;500207;ZARAGOZA;Provincia de ZARAGOZA;Comunidades interiores
10;50;208;PINA DE EBRO;500208;ZARAGOZA;Provincia de ZARAGOZA;Comunidades interiores
10;50;209;PINSEQUE;500209;ZARAGOZA;Provincia de ZARAGOZA;Comunidades interiores
10;50;210;PINTANOS, LOS;500210;ZARAGOZA;Provincia de ZARAGOZA;Comunidades interiores
10;50;211;PLASENCIA DE JALÓN;500211;ZARAGOZA;Provincia de ZARAGOZA;Comunidades interiores
10;50;212;PLEITAS;500212;ZARAGOZA;Provincia de ZARAGOZA;Comunidades interiores
10;50;213;PLENAS;500213;ZARAGOZA;Provincia de ZARAGOZA;Comunidades interiores
10;50;214;POMER;500214;ZARAGOZA;Provincia de ZARAGOZA;Comunidades interiores
10;50;215;POZUEL DE ARIZA;500215;ZARAGOZA;Provincia de ZARAGOZA;Comunidades interiores
10;50;216;POZUELO DE ARAGÓN;500216;ZARAGOZA;Provincia de ZARAGOZA;Comunidades interiores
10;50;217;PRADILLA DE EBRO;500217;ZARAGOZA;Provincia de ZARAGOZA;Comunidades interiores
10;50;218;PUEBLA DE ALBORTÓN;500218;ZARAGOZA;Provincia de ZARAGOZA;Comunidades interiores
10;50;219;PUEBLA DE ALFINDÉN, LA;500219;ZARAGOZA;Provincia de ZARAGOZA;Comunidades interiores
10;50;220;PUENDELUNA;500220;ZARAGOZA;Provincia de ZARAGOZA;Comunidades interiores
10;50;221;PURUJOSA;500221;ZARAGOZA;Provincia de ZARAGOZA;Comunidades interiores
10;50;222;QUINTO;500222;ZARAGOZA;Provincia de ZARAGOZA;Comunidades interiores
10;50;223;REMOLINOS;500223;ZARAGOZA;Provincia de ZARAGOZA;Comunidades interiores
10;50;224;RETASCÓN;500224;ZARAGOZA;Provincia de ZARAGOZA;Comunidades interiores
10;50;225;RICLA;500225;ZARAGOZA;Provincia de ZARAGOZA;Comunidades interiores
10;50;227;ROMANOS;500227;ZARAGOZA;Provincia de ZARAGOZA;Comunidades interiores
10;50;228;RUEDA DE JALÓN;500228;ZARAGOZA;Provincia de ZARAGOZA;Comunidades interiores
10;50;229;RUESCA;500229;ZARAGOZA;Provincia de ZARAGOZA;Comunidades interiores
10;50;230;SÁDABA;500230;ZARAGOZA;Provincia de ZARAGOZA;Comunidades interiores
10;50;231;SALILLAS DE JALÓN;500231;ZARAGOZA;Provincia de ZARAGOZA;Comunidades interiores
10;50;232;SALVATIERRA DE ESCA;500232;ZARAGOZA;Provincia de ZARAGOZA;Comunidades interiores
10;50;233;SAMPER DEL SALZ;500233;ZARAGOZA;Provincia de ZARAGOZA;Comunidades interiores
10;50;234;S MARTÍN DE LA VIRGEN MONCAYO;500234;ZARAGOZA;Provincia de ZARAGOZA;Comunidades interiores
10;50;235;SAN MATEO DE GÁLLEGO;500235;ZARAGOZA;Provincia de ZARAGOZA;Comunidades interiores
10;50;236;SANTA CRUZ DE GRÍO;500236;ZARAGOZA;Provincia de ZARAGOZA;Comunidades interiores
10;50;237;SANTA CRUZ DE MONCAYO;500237;ZARAGOZA;Provincia de ZARAGOZA;Comunidades interiores
10;50;238;SANTA EULALIA DE GÁLLEGO;500238;ZARAGOZA;Provincia de ZARAGOZA;Comunidades interiores
10;50;239;SANTED;500239;ZARAGOZA;Provincia de ZARAGOZA;Comunidades interiores
10;50;240;SÁSTAGO;500240;ZARAGOZA;Provincia de ZARAGOZA;Comunidades interiores
10;50;241;SABIÑÁN;500241;ZARAGOZA;Provincia de ZARAGOZA;Comunidades interiores
10;50;242;SEDILES;500242;ZARAGOZA;Provincia de ZARAGOZA;Comunidades interiores
10;50;243;SESTRICA;500243;ZARAGOZA;Provincia de ZARAGOZA;Comunidades interiores
10;50;244;SIERRA DE LUNA;500244;ZARAGOZA;Provincia de ZARAGOZA;Comunidades interiores
10;50;245;SIGÜÉS;500245;ZARAGOZA;Provincia de ZARAGOZA;Comunidades interiores
10;50;246;SISAMÓN;500246;ZARAGOZA;Provincia de ZARAGOZA;Comunidades interiores
10;50;247;SOBRADIEL;500247;ZARAGOZA;Provincia de ZARAGOZA;Comunidades interiores
10;50;248;SOS DEL REY CATÓLICO;500248;ZARAGOZA;Provincia de ZARAGOZA;Comunidades interiores
10;50;249;TABUENCA;500249;ZARAGOZA;Provincia de ZARAGOZA;Comunidades interiores
10;50;250;TALAMANTES;500250;ZARAGOZA;Provincia de ZARAGOZA;Comunidades interiores
10;50;251;TARAZONA;500251;ZARAGOZA;Provincia de ZARAGOZA;Comunidades interiores
10;50;252;TAUSTE;500252;ZARAGOZA;Provincia de ZARAGOZA;Comunidades interiores
10;50;253;TERRER;500253;ZARAGOZA;Provincia de ZARAGOZA;Comunidades interiores
10;50;254;TIERGA;500254;ZARAGOZA;Provincia de ZARAGOZA;Comunidades interiores
10;50;255;TOBED;500255;ZARAGOZA;Provincia de ZARAGOZA;Comunidades interiores
10;50;256;TORRALBA DE LOS FRAILES;500256;ZARAGOZA;Provincia de ZARAGOZA;Comunidades interiores
10;50;257;TORRALBA DE RIBOTA;500257;ZARAGOZA;Provincia de ZARAGOZA;Comunidades interiores
10;50;258;TORRALBILLA;500258;ZARAGOZA;Provincia de ZARAGOZA;Comunidades interiores
10;50;259;TORREHERMOSA;500259;ZARAGOZA;Provincia de ZARAGOZA;Comunidades interiores
10;50;260;TORRELAPAJA;500260;ZARAGOZA;Provincia de ZARAGOZA;Comunidades interiores
10;50;261;TORRELLAS;500261;ZARAGOZA;Provincia de ZARAGOZA;Comunidades interiores
10;50;262;TORRES DE BERRELLÉN;500262;ZARAGOZA;Provincia de ZARAGOZA;Comunidades interiores
10;50;263;TORRIJO DE LA CAÑADA;500263;ZARAGOZA;Provincia de ZARAGOZA;Comunidades interiores
10;50;264;TOSOS;500264;ZARAGOZA;Provincia de ZARAGOZA;Comunidades interiores
10;50;265;TRASMOZ;500265;ZARAGOZA;Provincia de ZARAGOZA;Comunidades interiores
10;50;266;TRASOBARES;500266;ZARAGOZA;Provincia de ZARAGOZA;Comunidades interiores
10;50;267;UNCASTILLO;500267;ZARAGOZA;Provincia de ZARAGOZA;Comunidades interiores
10;50;268;UNDUÉS DE LERDA;500268;ZARAGOZA;Provincia de ZARAGOZA;Comunidades interiores
10;50;269;URREA DE JALÓN;500269;ZARAGOZA;Provincia de ZARAGOZA;Comunidades interiores
10;50;270;URRIÉS;500270;ZARAGOZA;Provincia de ZARAGOZA;Comunidades interiores
10;50;271;USED;500271;ZARAGOZA;Provincia de ZARAGOZA;Comunidades interiores
10;50;272;UTEBO;500272;ZARAGOZA;Provincia de ZARAGOZA;Comunidades interiores
10;50;273;VALDEHORNA;500273;ZARAGOZA;Provincia de ZARAGOZA;Comunidades interiores
10;50;274;VAL DE SAN MARTÍN;500274;ZARAGOZA;Provincia de ZARAGOZA;Comunidades interiores
10;50;275;VALMADRID;500275;ZARAGOZA;Provincia de ZARAGOZA;Comunidades interiores
10;50;276;VALPALMAS;500276;ZARAGOZA;Provincia de ZARAGOZA;Comunidades interiores
10;50;277;VALTORRES;500277;ZARAGOZA;Provincia de ZARAGOZA;Comunidades interiores
10;50;278;VELILLA DE EBRO;500278;ZARAGOZA;Provincia de ZARAGOZA;Comunidades interiores
10;50;279;VELILLA DE JILOCA;500279;ZARAGOZA;Provincia de ZARAGOZA;Comunidades interiores
10;50;280;VERA DE MONCAYO;500280;ZARAGOZA;Provincia de ZARAGOZA;Comunidades interiores
10;50;281;VIERLAS;500281;ZARAGOZA;Provincia de ZARAGOZA;Comunidades interiores
10;50;282;VILUEÑA, LA;500282;ZARAGOZA;Provincia de ZARAGOZA;Comunidades interiores
10;50;283;VILLADOZ;500283;ZARAGOZA;Provincia de ZARAGOZA;Comunidades interiores
10;50;284;VILLAFELICHE;500284;ZARAGOZA;Provincia de ZARAGOZA;Comunidades interiores
10;50;285;VILLAFRANCA DE EBRO;500285;ZARAGOZA;Provincia de ZARAGOZA;Comunidades interiores
10;50;286;VILLALBA DE PEREJIL;500286;ZARAGOZA;Provincia de ZARAGOZA;Comunidades interiores
10;50;287;VILLALENGUA;500287;ZARAGOZA;Provincia de ZARAGOZA;Comunidades interiores
10;50;288;VILLANUEVA DE GÁLLEGO;500288;ZARAGOZA;Provincia de ZARAGOZA;Comunidades interiores
10;50;289;VILLANUEVA DE JILOCA;500289;ZARAGOZA;Provincia de ZARAGOZA;Comunidades interiores
10;50;290;VILLANUEVA DE HUERVA;500290;ZARAGOZA;Provincia de ZARAGOZA;Comunidades interiores
10;50;291;VILLAR DE LOS NAVARROS;500291;ZARAGOZA;Provincia de ZARAGOZA;Comunidades interiores
10;50;292;VILLARREAL DE HUERVA;500292;ZARAGOZA;Provincia de ZARAGOZA;Comunidades interiores
10;50;293;VILLARROYA DE LA SIERRA;500293;ZARAGOZA;Provincia de ZARAGOZA;Comunidades interiores
10;50;294;VILLARROYA DEL CAMPO;500294;ZARAGOZA;Provincia de ZARAGOZA;Comunidades interiores
10;50;295;VISTABELLA;500295;ZARAGOZA;Provincia de ZARAGOZA;Comunidades interiores
10;50;296;ZAIDA, LA;500296;ZARAGOZA;Provincia de ZARAGOZA;Comunidades interiores
10;50;297;ZARAGOZA;500297;ZARAGOZA;Provincia de ZARAGOZA;Comunidades interiores
10;50;298;ZUERA;500298;ZARAGOZA;Provincia de ZARAGOZA;Comunidades interiores
10;50;901;BIEL;500901;ZARAGOZA;Provincia de ZARAGOZA;Comunidades interiores
10;50;902;MARRACOS;500902;ZARAGOZA;Provincia de ZARAGOZA;Comunidades interiores
10;50;903;VILLAMAYOR DE GÁLLEGO;500903;ZARAGOZA;Provincia de ZARAGOZA;Comunidades interiores
10;50;999;OTRA PROVINCIA;500999;ZARAGOZA;Provincia de ZARAGOZA;Comunidades interiores
11;2;0;INDETERMINADO;20000;ALBACETE;ALBACETE;Comunidades interiores
11;2;1;ABENGIBRE;20001;ALBACETE;ALBACETE;Comunidades interiores
11;2;2;ALATOZ;20002;ALBACETE;ALBACETE;Comunidades interiores
11;2;3;ALBACETE;20003;ALBACETE;ALBACETE;Comunidades interiores
11;2;4;ALBATANA;20004;ALBACETE;ALBACETE;Comunidades interiores
11;2;5;ALBOREA;20005;ALBACETE;ALBACETE;Comunidades interiores
11;2;6;ALCADOZO;20006;ALBACETE;ALBACETE;Comunidades interiores
11;2;7;ALCALÁ DEL JUCAR;20007;ALBACETE;ALBACETE;Comunidades interiores
11;2;8;ALCARAZ;20008;ALBACETE;ALBACETE;Comunidades interiores
11;2;9;ALMANSA;20009;ALBACETE;ALBACETE;Comunidades interiores
11;2;10;ALPERA;20010;ALBACETE;ALBACETE;Comunidades interiores
11;2;11;AYNA;20011;ALBACETE;ALBACETE;Comunidades interiores
11;2;12;BALAZOTE;20012;ALBACETE;ALBACETE;Comunidades interiores
11;2;13;BALSA DE VES;20013;ALBACETE;ALBACETE;Comunidades interiores
11;2;14;BALLESTERO, EL;20014;ALBACETE;ALBACETE;Comunidades interiores
11;2;15;BARRAX;20015;ALBACETE;ALBACETE;Comunidades interiores
11;2;16;BIENSERVIDA;20016;ALBACETE;ALBACETE;Comunidades interiores
11;2;17;BOGARRA;20017;ALBACETE;ALBACETE;Comunidades interiores
11;2;18;BONETE;20018;ALBACETE;ALBACETE;Comunidades interiores
11;2;19;BONILLO, EL;20019;ALBACETE;ALBACETE;Comunidades interiores
11;2;20;CARCELÉN;20020;ALBACETE;ALBACETE;Comunidades interiores
11;2;21;CASAS DE JUAN NÚÑEZ;20021;ALBACETE;ALBACETE;Comunidades interiores
11;2;22;CASAS DE LÁZARO;20022;ALBACETE;ALBACETE;Comunidades interiores
11;2;23;CASAS DE VES;20023;ALBACETE;ALBACETE;Comunidades interiores
11;2;24;CASAS-IBÁÑEZ;20024;ALBACETE;ALBACETE;Comunidades interiores
11;2;25;CAUDETE;20025;ALBACETE;ALBACETE;Comunidades interiores
11;2;26;CENIZATE;20026;ALBACETE;ALBACETE;Comunidades interiores
11;2;27;CORRAL-RUBIO;20027;ALBACETE;ALBACETE;Comunidades interiores
11;2;28;COTILLAS;20028;ALBACETE;ALBACETE;Comunidades interiores
11;2;29;CHINCHILLA DE MONTE-ARAGÓN;20029;ALBACETE;ALBACETE;Comunidades interiores
11;2;30;ELCHE DE LA SIERRA;20030;ALBACETE;ALBACETE;Comunidades interiores
11;2;31;FÉREZ;20031;ALBACETE;ALBACETE;Comunidades interiores
11;2;32;FUENSANTA;20032;ALBACETE;ALBACETE;Comunidades interiores
11;2;33;FUENTE-ÁLAMO;20033;ALBACETE;ALBACETE;Comunidades interiores
11;2;34;FUENTEALBILLA;20034;ALBACETE;ALBACETE;Comunidades interiores
11;2;35;GINETA, LA;20035;ALBACETE;ALBACETE;Comunidades interiores
11;2;36;GOLOSALVO;20036;ALBACETE;ALBACETE;Comunidades interiores
11;2;37;HELLÍN;20037;ALBACETE;ALBACETE;Comunidades interiores
11;2;38;HERRERA, LA;20038;ALBACETE;ALBACETE;Comunidades interiores
11;2;39;HIGUERUELA;20039;ALBACETE;ALBACETE;Comunidades interiores
11;2;40;HOYA-GONZALO;20040;ALBACETE;ALBACETE;Comunidades interiores
11;2;41;JORQUERA;20041;ALBACETE;ALBACETE;Comunidades interiores
11;2;42;LETUR;20042;ALBACETE;ALBACETE;Comunidades interiores
11;2;43;LEZUZA;20043;ALBACETE;ALBACETE;Comunidades interiores
11;2;44;LIÉTOR;20044;ALBACETE;ALBACETE;Comunidades interiores
11;2;45;MADRIGUERAS;20045;ALBACETE;ALBACETE;Comunidades interiores
11;2;46;MAHORA;20046;ALBACETE;ALBACETE;Comunidades interiores
11;2;47;MASEGOSO;20047;ALBACETE;ALBACETE;Comunidades interiores
11;2;48;MINAYA;20048;ALBACETE;ALBACETE;Comunidades interiores
11;2;49;MOLINICOS;20049;ALBACETE;ALBACETE;Comunidades interiores
11;2;50;MONTALVOS;20050;ALBACETE;ALBACETE;Comunidades interiores
11;2;51;MONTEALEGRE DEL CASTILLO;20051;ALBACETE;ALBACETE;Comunidades interiores
11;2;52;MOTILLEJA;20052;ALBACETE;ALBACETE;Comunidades interiores
11;2;53;MUNERA;20053;ALBACETE;ALBACETE;Comunidades interiores
11;2;54;NAVAS DE JORQUERA;20054;ALBACETE;ALBACETE;Comunidades interiores
11;2;55;NERPIO;20055;ALBACETE;ALBACETE;Comunidades interiores
11;2;56;ONTUR;20056;ALBACETE;ALBACETE;Comunidades interiores
11;2;57;OSSA DE MONTIEL;20057;ALBACETE;ALBACETE;Comunidades interiores
11;2;58;PATERNA  DEL MADERA;20058;ALBACETE;ALBACETE;Comunidades interiores
11;2;59;PEÑASCOSA;20059;ALBACETE;ALBACETE;Comunidades interiores
11;2;60;PEÑAS DE SAN PEDRO;20060;ALBACETE;ALBACETE;Comunidades interiores
11;2;61;PÉTROLA;20061;ALBACETE;ALBACETE;Comunidades interiores
11;2;62;POVEDILLA;20062;ALBACETE;ALBACETE;Comunidades interiores
11;2;63;POZOHONDO;20063;ALBACETE;ALBACETE;Comunidades interiores
11;2;64;POZO-LORENTE;20064;ALBACETE;ALBACETE;Comunidades interiores
11;2;65;POZUELO;20065;ALBACETE;ALBACETE;Comunidades interiores
11;2;66;RECUEJA, LA;20066;ALBACETE;ALBACETE;Comunidades interiores
11;2;67;RIÓPAR;20067;ALBACETE;ALBACETE;Comunidades interiores
11;2;68;ROBLEDO;20068;ALBACETE;ALBACETE;Comunidades interiores
11;2;69;RODA, LA;20069;ALBACETE;ALBACETE;Comunidades interiores
11;2;70;SALOBRE;20070;ALBACETE;ALBACETE;Comunidades interiores
11;2;71;SAN PEDRO;20071;ALBACETE;ALBACETE;Comunidades interiores
11;2;72;SOCOVOS;20072;ALBACETE;ALBACETE;Comunidades interiores
11;2;73;TARAZONA DE LA MANCHA;20073;ALBACETE;ALBACETE;Comunidades interiores
11;2;74;TOBARRA;20074;ALBACETE;ALBACETE;Comunidades interiores
11;2;75;VALDEGANGA;20075;ALBACETE;ALBACETE;Comunidades interiores
11;2;76;VIANOS;20076;ALBACETE;ALBACETE;Comunidades interiores
11;2;77;VILLA DE VES;20077;ALBACETE;ALBACETE;Comunidades interiores
11;2;78;VILLALGORDO DEL JÚCAR;20078;ALBACETE;ALBACETE;Comunidades interiores
11;2;79;VILLAMALEA;20079;ALBACETE;ALBACETE;Comunidades interiores
11;2;80;VILLAPALACIOS;20080;ALBACETE;ALBACETE;Comunidades interiores
11;2;81;VILLARROBLEDO;20081;ALBACETE;ALBACETE;Comunidades interiores
11;2;82;VILLATOYA;20082;ALBACETE;ALBACETE;Comunidades interiores
11;2;83;VILLAVALIENTE;20083;ALBACETE;ALBACETE;Comunidades interiores
11;2;84;VILLAVERDE DE GUADALIMAR;20084;ALBACETE;ALBACETE;Comunidades interiores
11;2;85;VIVEROS;20085;ALBACETE;ALBACETE;Comunidades interiores
11;2;86;YESTE;20086;ALBACETE;ALBACETE;Comunidades interiores
11;2;901;POZO CAÑADA;20901;ALBACETE;ALBACETE;Comunidades interiores
11;2;999;OTRA PROVINCIA;20999;ALBACETE;ALBACETE;Comunidades interiores
11;13;0;INDETERMINADO;130000;CIUDAD REAL;CIUDAD REAL;Comunidades interiores
11;13;1;ABENÓJAR;130001;CIUDAD REAL;CIUDAD REAL;Comunidades interiores
11;13;2;AGUDO;130002;CIUDAD REAL;CIUDAD REAL;Comunidades interiores
11;13;3;ALAMILLO;130003;CIUDAD REAL;CIUDAD REAL;Comunidades interiores
11;13;4;ALBALADEJO;130004;CIUDAD REAL;CIUDAD REAL;Comunidades interiores
11;13;5;ALCÁZAR DE SAN JUAN;130005;CIUDAD REAL;CIUDAD REAL;Comunidades interiores
11;13;6;ALCOBA;130006;CIUDAD REAL;CIUDAD REAL;Comunidades interiores
11;13;7;ALCOLEA DE CALATRAVA;130007;CIUDAD REAL;CIUDAD REAL;Comunidades interiores
11;13;8;ALCUBILLAS;130008;CIUDAD REAL;CIUDAD REAL;Comunidades interiores
11;13;9;ALDEA DEL REY;130009;CIUDAD REAL;CIUDAD REAL;Comunidades interiores
11;13;10;ALHAMBRA;130010;CIUDAD REAL;CIUDAD REAL;Comunidades interiores
11;13;11;ALMADÉN;130011;CIUDAD REAL;CIUDAD REAL;Comunidades interiores
11;13;12;ALMADENEJOS;130012;CIUDAD REAL;CIUDAD REAL;Comunidades interiores
11;13;13;ALMAGRO;130013;CIUDAD REAL;CIUDAD REAL;Comunidades interiores
11;13;14;ALMEDINA;130014;CIUDAD REAL;CIUDAD REAL;Comunidades interiores
11;13;15;ALMODÓVAR DEL CAMPO;130015;CIUDAD REAL;CIUDAD REAL;Comunidades interiores
11;13;16;ALMURADIEL;130016;CIUDAD REAL;CIUDAD REAL;Comunidades interiores
11;13;17;ANCHURAS;130017;CIUDAD REAL;CIUDAD REAL;Comunidades interiores
11;13;18;ARENAS DE SAN JUAN;130018;CIUDAD REAL;CIUDAD REAL;Comunidades interiores
11;13;19;ARGAMASILLA DE ALBA;130019;CIUDAD REAL;CIUDAD REAL;Comunidades interiores
11;13;20;ARGAMASILLA DE CALATRAVA;130020;CIUDAD REAL;CIUDAD REAL;Comunidades interiores
11;13;21;ARROBA DE LOS MONTES;130021;CIUDAD REAL;CIUDAD REAL;Comunidades interiores
11;13;22;BALLESTEROS DE CALATRAVA;130022;CIUDAD REAL;CIUDAD REAL;Comunidades interiores
11;13;23;BOLAÑOS DE CALATRAVA;130023;CIUDAD REAL;CIUDAD REAL;Comunidades interiores
11;13;24;BRAZATORTAS;130024;CIUDAD REAL;CIUDAD REAL;Comunidades interiores
11;13;25;CABEZARADOS;130025;CIUDAD REAL;CIUDAD REAL;Comunidades interiores
11;13;26;CABEZARRUBIAS DEL PUERTO;130026;CIUDAD REAL;CIUDAD REAL;Comunidades interiores
11;13;27;CALZADA DE CALATRAVA;130027;CIUDAD REAL;CIUDAD REAL;Comunidades interiores
11;13;28;CAMPO DE CRIPTANA;130028;CIUDAD REAL;CIUDAD REAL;Comunidades interiores
11;13;29;CAÑADA DE CALATRAVA;130029;CIUDAD REAL;CIUDAD REAL;Comunidades interiores
11;13;30;CARACUEL DE CALATRAVA;130030;CIUDAD REAL;CIUDAD REAL;Comunidades interiores
11;13;31;CARRIÓN DE CALATRAVA;130031;CIUDAD REAL;CIUDAD REAL;Comunidades interiores
11;13;32;CARRIZOSA;130032;CIUDAD REAL;CIUDAD REAL;Comunidades interiores
11;13;33;CASTELLAR DE SANTIAGO;130033;CIUDAD REAL;CIUDAD REAL;Comunidades interiores
11;13;34;CIUDAD REAL;130034;CIUDAD REAL;CIUDAD REAL;Comunidades interiores
11;13;35;CORRAL DE CALATRAVA;130035;CIUDAD REAL;CIUDAD REAL;Comunidades interiores
11;13;36;CORTIJOS, LOS;130036;CIUDAD REAL;CIUDAD REAL;Comunidades interiores
11;13;37;CÓZAR;130037;CIUDAD REAL;CIUDAD REAL;Comunidades interiores
11;13;38;CHILLÓN;130038;CIUDAD REAL;CIUDAD REAL;Comunidades interiores
11;13;39;DAIMIEL;130039;CIUDAD REAL;CIUDAD REAL;Comunidades interiores
11;13;40;FERNÁN CABALLERO;130040;CIUDAD REAL;CIUDAD REAL;Comunidades interiores
11;13;41;FONTANAREJO;130041;CIUDAD REAL;CIUDAD REAL;Comunidades interiores
11;13;42;FUENCALIENTE;130042;CIUDAD REAL;CIUDAD REAL;Comunidades interiores
11;13;43;FUENLLANA;130043;CIUDAD REAL;CIUDAD REAL;Comunidades interiores
11;13;44;FUENTE EL FRESNO;130044;CIUDAD REAL;CIUDAD REAL;Comunidades interiores
11;13;45;GRANÁTULA DE CALATRAVA;130045;CIUDAD REAL;CIUDAD REAL;Comunidades interiores
11;13;46;GUADALMEZ;130046;CIUDAD REAL;CIUDAD REAL;Comunidades interiores
11;13;47;HERENCIA;130047;CIUDAD REAL;CIUDAD REAL;Comunidades interiores
11;13;48;HINOJOSAS DE CALATRAVA;130048;CIUDAD REAL;CIUDAD REAL;Comunidades interiores
11;13;49;HORCAJO DE LOS MONTES;130049;CIUDAD REAL;CIUDAD REAL;Comunidades interiores
11;13;50;LABORES, LAS;130050;CIUDAD REAL;CIUDAD REAL;Comunidades interiores
11;13;51;LUCIANA;130051;CIUDAD REAL;CIUDAD REAL;Comunidades interiores
11;13;52;MALAGÓN;130052;CIUDAD REAL;CIUDAD REAL;Comunidades interiores
11;13;53;MANZANARES;130053;CIUDAD REAL;CIUDAD REAL;Comunidades interiores
11;13;54;MEMBRILLA;130054;CIUDAD REAL;CIUDAD REAL;Comunidades interiores
11;13;55;MESTANZA;130055;CIUDAD REAL;CIUDAD REAL;Comunidades interiores
11;13;56;MIGUELTURRA;130056;CIUDAD REAL;CIUDAD REAL;Comunidades interiores
11;13;57;MONTIEL;130057;CIUDAD REAL;CIUDAD REAL;Comunidades interiores
11;13;58;MORAL DE CALATRAVA;130058;CIUDAD REAL;CIUDAD REAL;Comunidades interiores
11;13;59;NAVALPINO;130059;CIUDAD REAL;CIUDAD REAL;Comunidades interiores
11;13;60;NAVAS DE ESTENA;130060;CIUDAD REAL;CIUDAD REAL;Comunidades interiores
11;13;61;PEDRO MUÑOZ;130061;CIUDAD REAL;CIUDAD REAL;Comunidades interiores
11;13;62;PICÓN;130062;CIUDAD REAL;CIUDAD REAL;Comunidades interiores
11;13;63;PIEDRABUENA;130063;CIUDAD REAL;CIUDAD REAL;Comunidades interiores
11;13;64;POBLETE;130064;CIUDAD REAL;CIUDAD REAL;Comunidades interiores
11;13;65;PORZUNA;130065;CIUDAD REAL;CIUDAD REAL;Comunidades interiores
11;13;66;POZUELO DE CALATRAVA;130066;CIUDAD REAL;CIUDAD REAL;Comunidades interiores
11;13;67;POZUELOS DE CALATRAVA, LOS;130067;CIUDAD REAL;CIUDAD REAL;Comunidades interiores
11;13;68;PUEBLA DE DON RODRIGO;130068;CIUDAD REAL;CIUDAD REAL;Comunidades interiores
11;13;69;PUEBLA DEL PRINCIPE;130069;CIUDAD REAL;CIUDAD REAL;Comunidades interiores
11;13;70;PUERTO LÁPICE;130070;CIUDAD REAL;CIUDAD REAL;Comunidades interiores
11;13;71;PUERTOLLANO;130071;CIUDAD REAL;CIUDAD REAL;Comunidades interiores
11;13;72;RETUERTA DEL BULLAQUE;130072;CIUDAD REAL;CIUDAD REAL;Comunidades interiores
11;13;73;SACERUELA;130073;CIUDAD REAL;CIUDAD REAL;Comunidades interiores
11;13;74;SAN CARLOS DEL VALLE;130074;CIUDAD REAL;CIUDAD REAL;Comunidades interiores
11;13;75;SAN LORENZO DE CALATRAVA;130075;CIUDAD REAL;CIUDAD REAL;Comunidades interiores
11;13;76;SANTA CRUZ DE LOS CÁÑAMOS;130076;CIUDAD REAL;CIUDAD REAL;Comunidades interiores
11;13;77;SANTA CRUZ DE MUDELA;130077;CIUDAD REAL;CIUDAD REAL;Comunidades interiores
11;13;78;SOCUÉLLAMOS;130078;CIUDAD REAL;CIUDAD REAL;Comunidades interiores
11;13;79;SOLANA, LA;130079;CIUDAD REAL;CIUDAD REAL;Comunidades interiores
11;13;80;SOLANA DEL PINO;130080;CIUDAD REAL;CIUDAD REAL;Comunidades interiores
11;13;81;TERRINCHES;130081;CIUDAD REAL;CIUDAD REAL;Comunidades interiores
11;13;82;TOMELLOSO;130082;CIUDAD REAL;CIUDAD REAL;Comunidades interiores
11;13;83;TORRALBA DE CALATRAVA;130083;CIUDAD REAL;CIUDAD REAL;Comunidades interiores
11;13;84;TORRE DE JUAN ABAD;130084;CIUDAD REAL;CIUDAD REAL;Comunidades interiores
11;13;85;TORRENUEVA;130085;CIUDAD REAL;CIUDAD REAL;Comunidades interiores
11;13;86;VADEMANCO DEL ESTERAS;130086;CIUDAD REAL;CIUDAD REAL;Comunidades interiores
11;13;87;VALDEPEÑAS;130087;CIUDAD REAL;CIUDAD REAL;Comunidades interiores
11;13;88;VALENZUELA DE CALATRAVA;130088;CIUDAD REAL;CIUDAD REAL;Comunidades interiores
11;13;89;VILLAHERMOSA;130089;CIUDAD REAL;CIUDAD REAL;Comunidades interiores
11;13;90;VILLAMANRIQUE;130090;CIUDAD REAL;CIUDAD REAL;Comunidades interiores
11;13;91;VILLAMAYOR DE CALATRAVA;130091;CIUDAD REAL;CIUDAD REAL;Comunidades interiores
11;13;92;VILLANUEVA DE LA FUENTE;130092;CIUDAD REAL;CIUDAD REAL;Comunidades interiores
11;13;93;VILLANUEVA DE LOS INFANTES;130093;CIUDAD REAL;CIUDAD REAL;Comunidades interiores
11;13;94;VILLANUEVA DE SAN CARLOS;130094;CIUDAD REAL;CIUDAD REAL;Comunidades interiores
11;13;95;VILLAR DEL POZO;130095;CIUDAD REAL;CIUDAD REAL;Comunidades interiores
11;13;96;VILLARUBIA DE LOS OJOS;130096;CIUDAD REAL;CIUDAD REAL;Comunidades interiores
11;13;97;VILLARTA DE SAN JUAN;130097;CIUDAD REAL;CIUDAD REAL;Comunidades interiores
11;13;98;VISO DEL MARQUÉS;130098;CIUDAD REAL;CIUDAD REAL;Comunidades interiores
11;13;901;ROBLEDO, EL;130901;CIUDAD REAL;CIUDAD REAL;Comunidades interiores
11;13;902;RUIDERA;130902;CIUDAD REAL;CIUDAD REAL;Comunidades interiores
11;13;903;ARENALES DE SAN GREGORIO;130903;CIUDAD REAL;CIUDAD REAL;Comunidades interiores
11;13;904;LLANOS DEL CAUDILLO;130904;CIUDAD REAL;CIUDAD REAL;Comunidades interiores
11;13;999;OTRA PROVINCIA;130999;CIUDAD REAL;CIUDAD REAL;Comunidades interiores
11;16;0;INDETERMINADO;160000;CUENCA;CUENCA;Comunidades interiores
11;16;1;ABIA DE LA OBISPALÍA;160001;CUENCA;CUENCA;Comunidades interiores
11;16;2;ACEBRON, EL;160002;CUENCA;CUENCA;Comunidades interiores
11;16;3;ALARCÓN;160003;CUENCA;CUENCA;Comunidades interiores
11;16;4;ALBALADEJO DEL CUENDE;160004;CUENCA;CUENCA;Comunidades interiores
11;16;5;ALBALATE DE LAS NOGUERAS;160005;CUENCA;CUENCA;Comunidades interiores
11;16;6;ALBENDEA;160006;CUENCA;CUENCA;Comunidades interiores
11;16;7;ALBERCA DE ZÁNCARA, LA;160007;CUENCA;CUENCA;Comunidades interiores
11;16;8;ALCALÁ DE LA VEGA;160008;CUENCA;CUENCA;Comunidades interiores
11;16;9;ALCANTUD;160009;CUENCA;CUENCA;Comunidades interiores
11;16;10;ALCÁZAR DEL REY;160010;CUENCA;CUENCA;Comunidades interiores
11;16;11;ALCOHUJATE;160011;CUENCA;CUENCA;Comunidades interiores
11;16;12;ALCONCHEL DE LA ESTRELLA;160012;CUENCA;CUENCA;Comunidades interiores
11;16;13;ALGARRA;160013;CUENCA;CUENCA;Comunidades interiores
11;16;14;ALIAGUILLA;160014;CUENCA;CUENCA;Comunidades interiores
11;16;15;ALMARCHA, LA;160015;CUENCA;CUENCA;Comunidades interiores
11;16;16;ALMENDROS;160016;CUENCA;CUENCA;Comunidades interiores
11;16;17;ALMODÓVAR DEL PINAR;160017;CUENCA;CUENCA;Comunidades interiores
11;16;18;ALMONACID DEL MARQUESADO;160018;CUENCA;CUENCA;Comunidades interiores
11;16;19;ALTAREJOS;160019;CUENCA;CUENCA;Comunidades interiores
11;16;20;ARANDILLA DEL ARROYO;160020;CUENCA;CUENCA;Comunidades interiores
11;16;22;ARCOS DE LA SIERRA;160022;CUENCA;CUENCA;Comunidades interiores
11;16;23;CHILLARÓN DE CUENCA;160023;CUENCA;CUENCA;Comunidades interiores
11;16;24;ARGUISUELAS;160024;CUENCA;CUENCA;Comunidades interiores
11;16;25;ARRANCACEPAS;160025;CUENCA;CUENCA;Comunidades interiores
11;16;26;ATALAYA DEL CAÑAVATE;160026;CUENCA;CUENCA;Comunidades interiores
11;16;27;BARAJAS DE MELO;160027;CUENCA;CUENCA;Comunidades interiores
11;16;29;BARCHÍN DEL HOYO;160029;CUENCA;CUENCA;Comunidades interiores
11;16;30;BASCUÑANA DE SAN PEDRO;160030;CUENCA;CUENCA;Comunidades interiores
11;16;31;BEAMUD;160031;CUENCA;CUENCA;Comunidades interiores
11;16;32;BELINCHÓN;160032;CUENCA;CUENCA;Comunidades interiores
11;16;33;BELMONTE;160033;CUENCA;CUENCA;Comunidades interiores
11;16;34;BELMONTEJO;160034;CUENCA;CUENCA;Comunidades interiores
11;16;35;BETETA;160035;CUENCA;CUENCA;Comunidades interiores
11;16;36;BONICHES;160036;CUENCA;CUENCA;Comunidades interiores
11;16;38;BUCIEGAS;160038;CUENCA;CUENCA;Comunidades interiores
11;16;39;BUENACHE DE ALARCÓN;160039;CUENCA;CUENCA;Comunidades interiores
11;16;40;BUENACHE DE LA SIERRA;160040;CUENCA;CUENCA;Comunidades interiores
11;16;41;BUENDÍA;160041;CUENCA;CUENCA;Comunidades interiores
11;16;42;CAMPILLO DE ALTOBUEY;160042;CUENCA;CUENCA;Comunidades interiores
11;16;43;CAMPILLOS-PARAVIENTOS;160043;CUENCA;CUENCA;Comunidades interiores
11;16;44;CAMPILLOS-SIERRA;160044;CUENCA;CUENCA;Comunidades interiores
11;16;45;CANALEJAS DEL ARROYO;160045;CUENCA;CUENCA;Comunidades interiores
11;16;46;CAÑADA DEL HOYO;160046;CUENCA;CUENCA;Comunidades interiores
11;16;47;CAÑADA JUNCOSA;160047;CUENCA;CUENCA;Comunidades interiores
11;16;48;CAÑAMARES;160048;CUENCA;CUENCA;Comunidades interiores
11;16;49;CAÑAVATE, EL;160049;CUENCA;CUENCA;Comunidades interiores
11;16;50;CAÑAVERAS;160050;CUENCA;CUENCA;Comunidades interiores
11;16;51;CAÑAVERUELAS;160051;CUENCA;CUENCA;Comunidades interiores
11;16;52;CAÑETE;160052;CUENCA;CUENCA;Comunidades interiores
11;16;53;CAÑIZARES;160053;CUENCA;CUENCA;Comunidades interiores
11;16;55;CARBONERAS DE GUADAZAÓN;160055;CUENCA;CUENCA;Comunidades interiores
11;16;56;CARDENETE;160056;CUENCA;CUENCA;Comunidades interiores
11;16;57;CARRASCOSA;160057;CUENCA;CUENCA;Comunidades interiores
11;16;58;CARRASCOSA DE HARO;160058;CUENCA;CUENCA;Comunidades interiores
11;16;60;CASAS DE BENÍTEZ;160060;CUENCA;CUENCA;Comunidades interiores
11;16;61;CASAS DE FERNANDO ALONSO;160061;CUENCA;CUENCA;Comunidades interiores
11;16;62;CASAS DE GARCIMOLINA;160062;CUENCA;CUENCA;Comunidades interiores
11;16;63;CASAS DE GUIJARRO;160063;CUENCA;CUENCA;Comunidades interiores
11;16;64;CASAS DE HARO;160064;CUENCA;CUENCA;Comunidades interiores
11;16;65;CASAS DE LOS PINOS;160065;CUENCA;CUENCA;Comunidades interiores
11;16;66;CASASIMARRO;160066;CUENCA;CUENCA;Comunidades interiores
11;16;67;CASTEJÓN;160067;CUENCA;CUENCA;Comunidades interiores
11;16;68;CASTILLEJO DE INIESTA;160068;CUENCA;CUENCA;Comunidades interiores
11;16;70;CASTILLEJO-SIERRA;160070;CUENCA;CUENCA;Comunidades interiores
11;16;71;CASTILLO-ALBARÁÑEZ;160071;CUENCA;CUENCA;Comunidades interiores
11;16;72;CASTILLO DE GARCIMUÑOZ;160072;CUENCA;CUENCA;Comunidades interiores
11;16;73;CERVERA DEL LLANO;160073;CUENCA;CUENCA;Comunidades interiores
11;16;74;CIERVA, LA;160074;CUENCA;CUENCA;Comunidades interiores
11;16;78;CUENCA;160078;CUENCA;CUENCA;Comunidades interiores
11;16;79;CUEVA DEL HIERRO;160079;CUENCA;CUENCA;Comunidades interiores
11;16;81;CHUMILLAS;160081;CUENCA;CUENCA;Comunidades interiores
11;16;82;ENGUÍDANOS;160082;CUENCA;CUENCA;Comunidades interiores
11;16;83;FRESNEDA DE ALTAREJOS;160083;CUENCA;CUENCA;Comunidades interiores
11;16;84;FRESNEDA DE LA SIERRA;160084;CUENCA;CUENCA;Comunidades interiores
11;16;85;FRONTERA, LA;160085;CUENCA;CUENCA;Comunidades interiores
11;16;86;FUENTE DE PEDRO NAHARRO;160086;CUENCA;CUENCA;Comunidades interiores
11;16;87;FUENTELESPINO DE HARO;160087;CUENCA;CUENCA;Comunidades interiores
11;16;88;FUENTELESPINO DE MOYA;160088;CUENCA;CUENCA;Comunidades interiores
11;16;89;FUENTES;160089;CUENCA;CUENCA;Comunidades interiores
11;16;91;FUERTESCUSA;160091;CUENCA;CUENCA;Comunidades interiores
11;16;92;GABALDÓN;160092;CUENCA;CUENCA;Comunidades interiores
11;16;93;GARABALLA;160093;CUENCA;CUENCA;Comunidades interiores
11;16;94;GASCUEÑA;160094;CUENCA;CUENCA;Comunidades interiores
11;16;95;GRAJA DE CAMPALBO;160095;CUENCA;CUENCA;Comunidades interiores
11;16;96;GRAJA DE INIESTA;160096;CUENCA;CUENCA;Comunidades interiores
11;16;97;HENAREJOS;160097;CUENCA;CUENCA;Comunidades interiores
11;16;98;HERRUMBLAR, EL;160098;CUENCA;CUENCA;Comunidades interiores
11;16;99;HINOJOSA, LA;160099;CUENCA;CUENCA;Comunidades interiores
11;16;100;HINOJOSOS, LOS;160100;CUENCA;CUENCA;Comunidades interiores
11;16;101;HITO, EL;160101;CUENCA;CUENCA;Comunidades interiores
11;16;102;HONRUBIA;160102;CUENCA;CUENCA;Comunidades interiores
11;16;103;HONTANAYA;160103;CUENCA;CUENCA;Comunidades interiores
11;16;104;HONTECILLAS;160104;CUENCA;CUENCA;Comunidades interiores
11;16;106;HORCAJO DE SANTIAGO;160106;CUENCA;CUENCA;Comunidades interiores
11;16;107;HUÉLAMO;160107;CUENCA;CUENCA;Comunidades interiores
11;16;108;HUELVES;160108;CUENCA;CUENCA;Comunidades interiores
11;16;109;HUÉRGUINA;160109;CUENCA;CUENCA;Comunidades interiores
11;16;110;HUERTA DE LA OBISPALÍA;160110;CUENCA;CUENCA;Comunidades interiores
11;16;111;HUERTA DEL MARQUESADO;160111;CUENCA;CUENCA;Comunidades interiores
11;16;112;HUETE;160112;CUENCA;CUENCA;Comunidades interiores
11;16;113;INIESTA;160113;CUENCA;CUENCA;Comunidades interiores
11;16;115;LAGUNA DEL MARQUESADO;160115;CUENCA;CUENCA;Comunidades interiores
11;16;116;LAGUNASECA;160116;CUENCA;CUENCA;Comunidades interiores
11;16;117;LANDETE;160117;CUENCA;CUENCA;Comunidades interiores
11;16;118;LEDAÑA;160118;CUENCA;CUENCA;Comunidades interiores
11;16;119;LEGANIEL;160119;CUENCA;CUENCA;Comunidades interiores
11;16;121;MAJADAS, LAS;160121;CUENCA;CUENCA;Comunidades interiores
11;16;122;MARIANA;160122;CUENCA;CUENCA;Comunidades interiores
11;16;123;MASEGOSA;160123;CUENCA;CUENCA;Comunidades interiores
11;16;124;MESAS, LAS;160124;CUENCA;CUENCA;Comunidades interiores
11;16;125;MINGLANILLA;160125;CUENCA;CUENCA;Comunidades interiores
11;16;126;MIRA;160126;CUENCA;CUENCA;Comunidades interiores
11;16;128;MONREAL DEL LLANO;160128;CUENCA;CUENCA;Comunidades interiores
11;16;129;MONTALBANEJO;160129;CUENCA;CUENCA;Comunidades interiores
11;16;130;MONTALBO;160130;CUENCA;CUENCA;Comunidades interiores
11;16;131;MONTEAGUDO DE LAS SALINAS;160131;CUENCA;CUENCA;Comunidades interiores
11;16;132;MOTA DE ALTAREJOS;160132;CUENCA;CUENCA;Comunidades interiores
11;16;133;MOTA DEL CUERVO;160133;CUENCA;CUENCA;Comunidades interiores
11;16;134;MOTILLA DEL PALANCAR;160134;CUENCA;CUENCA;Comunidades interiores
11;16;135;MOYA;160135;CUENCA;CUENCA;Comunidades interiores
11;16;137;NARBONETA;160137;CUENCA;CUENCA;Comunidades interiores
11;16;139;OLIVARES DE JÚCAR;160139;CUENCA;CUENCA;Comunidades interiores
11;16;140;OLMEDA DE LA CUESTA;160140;CUENCA;CUENCA;Comunidades interiores
11;16;141;OLMEDA DEL REY;160141;CUENCA;CUENCA;Comunidades interiores
11;16;142;OLMEDILLA DE ALARCÓN;160142;CUENCA;CUENCA;Comunidades interiores
11;16;143;OLMEDILLA DE ELIZ;160143;CUENCA;CUENCA;Comunidades interiores
11;16;145;OSA DE LA VEGA;160145;CUENCA;CUENCA;Comunidades interiores
11;16;146;PAJARÓN;160146;CUENCA;CUENCA;Comunidades interiores
11;16;147;PAJARONCILLO;160147;CUENCA;CUENCA;Comunidades interiores
11;16;148;PALOMARES DEL CAMPO;160148;CUENCA;CUENCA;Comunidades interiores
11;16;149;PALOMERA;160149;CUENCA;CUENCA;Comunidades interiores
11;16;150;PARACUELLOS;160150;CUENCA;CUENCA;Comunidades interiores
11;16;151;PAREDES;160151;CUENCA;CUENCA;Comunidades interiores
11;16;152;PARRA DE LAS VEGAS, LA;160152;CUENCA;CUENCA;Comunidades interiores
11;16;153;PEDERNOSO, EL;160153;CUENCA;CUENCA;Comunidades interiores
11;16;154;PEDROÑERAS, LAS;160154;CUENCA;CUENCA;Comunidades interiores
11;16;155;PERAL, EL;160155;CUENCA;CUENCA;Comunidades interiores
11;16;156;PERALEJA, LA;160156;CUENCA;CUENCA;Comunidades interiores
11;16;157;PESQUERA, LA;160157;CUENCA;CUENCA;Comunidades interiores
11;16;158;PICAZO, EL;160158;CUENCA;CUENCA;Comunidades interiores
11;16;159;PINAREJO;160159;CUENCA;CUENCA;Comunidades interiores
11;16;160;PINEDA DE CIGÜELA;160160;CUENCA;CUENCA;Comunidades interiores
11;16;161;PIQUERAS DEL CASTILLO;160161;CUENCA;CUENCA;Comunidades interiores
11;16;162;PORTALRUBIO DE GUADAMEJUD;160162;CUENCA;CUENCA;Comunidades interiores
11;16;163;PORTILLA;160163;CUENCA;CUENCA;Comunidades interiores
11;16;165;POYATOS;160165;CUENCA;CUENCA;Comunidades interiores
11;16;166;POZOAMARGO;160166;CUENCA;CUENCA;Comunidades interiores
11;16;167;POZORRUBIO;160167;CUENCA;CUENCA;Comunidades interiores
11;16;169;POZUELO, EL;160169;CUENCA;CUENCA;Comunidades interiores
11;16;170;PRIEGO;160170;CUENCA;CUENCA;Comunidades interiores
11;16;171;PROVENCIO, EL;160171;CUENCA;CUENCA;Comunidades interiores
11;16;172;PUEBLA DE ALMENARA;160172;CUENCA;CUENCA;Comunidades interiores
11;16;173;VALLE DE ALTOMIRA, EL;160173;CUENCA;CUENCA;Comunidades interiores
11;16;174;PUEBLA DEL SALVADOR;160174;CUENCA;CUENCA;Comunidades interiores
11;16;175;QUINTANAR DEL REY;160175;CUENCA;CUENCA;Comunidades interiores
11;16;176;RADA DE HARO;160176;CUENCA;CUENCA;Comunidades interiores
11;16;177;REILLO;160177;CUENCA;CUENCA;Comunidades interiores
11;16;181;ROZALÉN DEL MONTE;160181;CUENCA;CUENCA;Comunidades interiores
11;16;185;SACEDA-TRASIERRA;160185;CUENCA;CUENCA;Comunidades interiores
11;16;186;SAELICES;160186;CUENCA;CUENCA;Comunidades interiores
11;16;187;SALINAS DEL MANZANO;160187;CUENCA;CUENCA;Comunidades interiores
11;16;188;SALMERONCILLOS;160188;CUENCA;CUENCA;Comunidades interiores
11;16;189;SALVACAÑETE;160189;CUENCA;CUENCA;Comunidades interiores
11;16;190;SAN CLEMENTE;160190;CUENCA;CUENCA;Comunidades interiores
11;16;191;SAN LORENZO DE LA PARRILLA;160191;CUENCA;CUENCA;Comunidades interiores
11;16;192;SAN MARTÍN DE BONICHES;160192;CUENCA;CUENCA;Comunidades interiores
11;16;193;SAN PEDRO  PALMICHES;160193;CUENCA;CUENCA;Comunidades interiores
11;16;194;SANTA CRUZ DE MOYA;160194;CUENCA;CUENCA;Comunidades interiores
11;16;195;SANTA MARÍA DEL CAMPO RUS;160195;CUENCA;CUENCA;Comunidades interiores
11;16;196;SANTA MARÍA DE LOS LLANOS;160196;CUENCA;CUENCA;Comunidades interiores
11;16;197;SANTA MARÍA DEL VAL;160197;CUENCA;CUENCA;Comunidades interiores
11;16;198;SISANTE;160198;CUENCA;CUENCA;Comunidades interiores
11;16;199;SOLERA DE GABALDÓN;160199;CUENCA;CUENCA;Comunidades interiores
11;16;201;SOTOS (E.M. DE SOTORRIBAS);160201;CUENCA;CUENCA;Comunidades interiores
11;16;202;TALAYUELAS;160202;CUENCA;CUENCA;Comunidades interiores
11;16;203;TARANCÓN;160203;CUENCA;CUENCA;Comunidades interiores
11;16;204;TÉBAR;160204;CUENCA;CUENCA;Comunidades interiores
11;16;205;TEJADILLOS;160205;CUENCA;CUENCA;Comunidades interiores
11;16;206;TINAJAS;160206;CUENCA;CUENCA;Comunidades interiores
11;16;209;TORRALBA;160209;CUENCA;CUENCA;Comunidades interiores
11;16;211;TORREJONCILLO DEL REY;160211;CUENCA;CUENCA;Comunidades interiores
11;16;212;TORRUBIA DEL CAMPO;160212;CUENCA;CUENCA;Comunidades interiores
11;16;213;TORRUBIA DEL CASTILLO;160213;CUENCA;CUENCA;Comunidades interiores
11;16;215;TRAGACETE;160215;CUENCA;CUENCA;Comunidades interiores
11;16;216;TRESJUNCOS;160216;CUENCA;CUENCA;Comunidades interiores
11;16;217;TRIBALDOS;160217;CUENCA;CUENCA;Comunidades interiores
11;16;218;UCLÉS;160218;CUENCA;CUENCA;Comunidades interiores
11;16;219;UÑA;160219;CUENCA;CUENCA;Comunidades interiores
11;16;224;VALDEMECA;160224;CUENCA;CUENCA;Comunidades interiores
11;16;225;VALDEMORILLO DE LA SIERRA;160225;CUENCA;CUENCA;Comunidades interiores
11;16;227;VALDEMORO-SIERRA;160227;CUENCA;CUENCA;Comunidades interiores
11;16;228;VALDEOLIVAS;160228;CUENCA;CUENCA;Comunidades interiores
11;16;231;VALHERMOSO DE LA FUENTE;160231;CUENCA;CUENCA;Comunidades interiores
11;16;234;VALSALOBRE;160234;CUENCA;CUENCA;Comunidades interiores
11;16;236;VALVERDE DE JÚCAR;160236;CUENCA;CUENCA;Comunidades interiores
11;16;237;VALVERDEJO;160237;CUENCA;CUENCA;Comunidades interiores
11;16;238;VARA DE REY;160238;CUENCA;CUENCA;Comunidades interiores
11;16;239;VEGA DEL CODORNO;160239;CUENCA;CUENCA;Comunidades interiores
11;16;240;VELLISCA;160240;CUENCA;CUENCA;Comunidades interiores
11;16;242;VILLACONEJOS DE TRABAQUE;160242;CUENCA;CUENCA;Comunidades interiores
11;16;243;VILLAESCUSA DE HARO;160243;CUENCA;CUENCA;Comunidades interiores
11;16;244;VILLAGARCÍA DEL LLANO;160244;CUENCA;CUENCA;Comunidades interiores
11;16;245;VILLALBA DE LA SIERRA;160245;CUENCA;CUENCA;Comunidades interiores
11;16;246;VILLALBA DEL REY;160246;CUENCA;CUENCA;Comunidades interiores
11;16;247;VILLALGORDO DEL MARQUESADO;160247;CUENCA;CUENCA;Comunidades interiores
11;16;248;VILLALPARDO;160248;CUENCA;CUENCA;Comunidades interiores
11;16;249;VILLAMAYOR DE SANTIAGO;160249;CUENCA;CUENCA;Comunidades interiores
11;16;250;VILLANUEVA DE GUADAMEJUD;160250;CUENCA;CUENCA;Comunidades interiores
11;16;251;VILLANUEVA DE LA JARA;160251;CUENCA;CUENCA;Comunidades interiores
11;16;253;VILLAR DE CAÑAS;160253;CUENCA;CUENCA;Comunidades interiores
11;16;254;VILLAR DE DOMINGO GARCÍA;160254;CUENCA;CUENCA;Comunidades interiores
11;16;255;VILLAR DE LA ENCINA;160255;CUENCA;CUENCA;Comunidades interiores
11;16;258;VILLAR DEL HUMO;160258;CUENCA;CUENCA;Comunidades interiores
11;16;259;VILLAR DEL INFANTADO;160259;CUENCA;CUENCA;Comunidades interiores
11;16;260;VILLAR DE MAESTRE;160260;CUENCA;CUENCA;Comunidades interiores
11;16;263;VILLAR DE OLALLA;160263;CUENCA;CUENCA;Comunidades interiores
11;16;264;VILLAREJO DE FUENTES;160264;CUENCA;CUENCA;Comunidades interiores
11;16;265;VILLAREJO DE LA PEÑUELA;160265;CUENCA;CUENCA;Comunidades interiores
11;16;266;VILLAREJO-PERIESTEBAN;160266;CUENCA;CUENCA;Comunidades interiores
11;16;269;VILLARES DEL SAZ;160269;CUENCA;CUENCA;Comunidades interiores
11;16;270;VILLARRUBIO;160270;CUENCA;CUENCA;Comunidades interiores
11;16;271;VILLARTA;160271;CUENCA;CUENCA;Comunidades interiores
11;16;272;VILLAS DE LA VENTOSA;160272;CUENCA;CUENCA;Comunidades interiores
11;16;273;VILLAVERDE Y PASACONSOL;160273;CUENCA;CUENCA;Comunidades interiores
11;16;274;VILLORA;160274;CUENCA;CUENCA;Comunidades interiores
11;16;275;VINDEL;160275;CUENCA;CUENCA;Comunidades interiores
11;16;276;YÉMEDA;160276;CUENCA;CUENCA;Comunidades interiores
11;16;277;ZAFRA DE ZÁNCARA;160277;CUENCA;CUENCA;Comunidades interiores
11;16;278;ZAFRILLA;160278;CUENCA;CUENCA;Comunidades interiores
11;16;279;ZARZA DE TAJO;160279;CUENCA;CUENCA;Comunidades interiores
11;16;280;ZARZUELA;160280;CUENCA;CUENCA;Comunidades interiores
11;16;901;CAMPOS DEL PARAISO;160901;CUENCA;CUENCA;Comunidades interiores
11;16;902;VALDETÓRTOLA;160902;CUENCA;CUENCA;Comunidades interiores
11;16;903;VALERAS, LAS;160903;CUENCA;CUENCA;Comunidades interiores
11;16;904;FUENTENAVA DE JÁBAGA;160904;CUENCA;CUENCA;Comunidades interiores
11;16;905;ARCAS DEL VILLAR;160905;CUENCA;CUENCA;Comunidades interiores
11;16;906;VALDECOLMENAS, LOS;160906;CUENCA;CUENCA;Comunidades interiores
11;16;907;(ALMODOVAR MONTE REY);160907;CUENCA;CUENCA;Comunidades interiores
11;16;908;POZORRUBIELOS DE LA MANCHA;160908;CUENCA;CUENCA;Comunidades interiores
11;16;909;SOTORRIBAS;160909;CUENCA;CUENCA;Comunidades interiores
11;16;910;VILLAR Y VELASCO;160910;CUENCA;CUENCA;Comunidades interiores
11;16;999;OTRA PROVINCIA;160999;CUENCA;CUENCA;Comunidades interiores
11;19;0;INDETERMINADO;190000;GUADALAJARA;GUADALAJARA;Comunidades interiores
11;19;1;ABÁNADES;190001;GUADALAJARA;GUADALAJARA;Comunidades interiores
11;19;2;ABLANQUE;190002;GUADALAJARA;GUADALAJARA;Comunidades interiores
11;19;3;ADOBES;190003;GUADALAJARA;GUADALAJARA;Comunidades interiores
11;19;4;ALAMINOS;190004;GUADALAJARA;GUADALAJARA;Comunidades interiores
11;19;5;ALARILLA;190005;GUADALAJARA;GUADALAJARA;Comunidades interiores
11;19;6;ALBALATE DE ZORITA;190006;GUADALAJARA;GUADALAJARA;Comunidades interiores
11;19;7;ALBARES;190007;GUADALAJARA;GUADALAJARA;Comunidades interiores
11;19;8;ALBENDIEGO;190008;GUADALAJARA;GUADALAJARA;Comunidades interiores
11;19;9;ALCOCER;190009;GUADALAJARA;GUADALAJARA;Comunidades interiores
11;19;10;ALCOLEA DE LAS PEÑAS;190010;GUADALAJARA;GUADALAJARA;Comunidades interiores
11;19;11;ALCOLEA DEL PINAR;190011;GUADALAJARA;GUADALAJARA;Comunidades interiores
11;19;12;(ALCORLO);190012;GUADALAJARA;GUADALAJARA;Comunidades interiores
11;19;13;ALCOROCHES;190013;GUADALAJARA;GUADALAJARA;Comunidades interiores
11;19;15;ALDEANUEVA DE GUADALAJARA;190015;GUADALAJARA;GUADALAJARA;Comunidades interiores
11;19;16;ALGAR DE MESA;190016;GUADALAJARA;GUADALAJARA;Comunidades interiores
11;19;17;ALGORA;190017;GUADALAJARA;GUADALAJARA;Comunidades interiores
11;19;18;ALHÓNDIGA;190018;GUADALAJARA;GUADALAJARA;Comunidades interiores
11;19;19;ALIQUE;190019;GUADALAJARA;GUADALAJARA;Comunidades interiores
11;19;20;ALMADRONES;190020;GUADALAJARA;GUADALAJARA;Comunidades interiores
11;19;21;ALMOGUERA;190021;GUADALAJARA;GUADALAJARA;Comunidades interiores
11;19;22;ALMONACID DE ZORITA;190022;GUADALAJARA;GUADALAJARA;Comunidades interiores
11;19;23;ALOCÉN;190023;GUADALAJARA;GUADALAJARA;Comunidades interiores
11;19;24;ALOVERA;190024;GUADALAJARA;GUADALAJARA;Comunidades interiores
11;19;27;ALUSTANTE;190027;GUADALAJARA;GUADALAJARA;Comunidades interiores
11;19;31;ANGÓN;190031;GUADALAJARA;GUADALAJARA;Comunidades interiores
11;19;32;ANGUITA;190032;GUADALAJARA;GUADALAJARA;Comunidades interiores
11;19;33;ANQUELA DEL DUCADO;190033;GUADALAJARA;GUADALAJARA;Comunidades interiores
11;19;34;ANQUELA DEL PEDREGAL;190034;GUADALAJARA;GUADALAJARA;Comunidades interiores
11;19;36;ARANZUEQUE;190036;GUADALAJARA;GUADALAJARA;Comunidades interiores
11;19;37;ARBANCÓN;190037;GUADALAJARA;GUADALAJARA;Comunidades interiores
11;19;38;ARBETETA;190038;GUADALAJARA;GUADALAJARA;Comunidades interiores
11;19;39;ARGECILLA;190039;GUADALAJARA;GUADALAJARA;Comunidades interiores
11;19;40;ARMALLONES;190040;GUADALAJARA;GUADALAJARA;Comunidades interiores
11;19;41;ARMUÑA DE TAJUÑA;190041;GUADALAJARA;GUADALAJARA;Comunidades interiores
11;19;42;ARROYO DE LAS FRAGUAS;190042;GUADALAJARA;GUADALAJARA;Comunidades interiores
11;19;43;ATANZÓN;190043;GUADALAJARA;GUADALAJARA;Comunidades interiores
11;19;44;ATIENZA;190044;GUADALAJARA;GUADALAJARA;Comunidades interiores
11;19;45;AUÑÓN;190045;GUADALAJARA;GUADALAJARA;Comunidades interiores
11;19;46;AZUQUECA DE HENARES;190046;GUADALAJARA;GUADALAJARA;Comunidades interiores
11;19;47;BAIDES;190047;GUADALAJARA;GUADALAJARA;Comunidades interiores
11;19;48;BAÑOS DE TAJO;190048;GUADALAJARA;GUADALAJARA;Comunidades interiores
11;19;49;BAÑUELOS;190049;GUADALAJARA;GUADALAJARA;Comunidades interiores
11;19;50;BARRIOPEDRO;190050;GUADALAJARA;GUADALAJARA;Comunidades interiores
11;19;51;BERNINCHES;190051;GUADALAJARA;GUADALAJARA;Comunidades interiores
11;19;52;BODERA, LA;190052;GUADALAJARA;GUADALAJARA;Comunidades interiores
11;19;53;BRIHUEGA;190053;GUADALAJARA;GUADALAJARA;Comunidades interiores
11;19;54;BUDIA;190054;GUADALAJARA;GUADALAJARA;Comunidades interiores
11;19;55;BUJALARO;190055;GUADALAJARA;GUADALAJARA;Comunidades interiores
11;19;57;BUSTARES;190057;GUADALAJARA;GUADALAJARA;Comunidades interiores
11;19;58;CABANILLAS DEL CAMPO;190058;GUADALAJARA;GUADALAJARA;Comunidades interiores
11;19;59;CAMPILLO DE DUEÑAS;190059;GUADALAJARA;GUADALAJARA;Comunidades interiores
11;19;60;CAMPILLO DE RANAS;190060;GUADALAJARA;GUADALAJARA;Comunidades interiores
11;19;61;CAMPISÁBALOS;190061;GUADALAJARA;GUADALAJARA;Comunidades interiores
11;19;64;CANREDONDO;190064;GUADALAJARA;GUADALAJARA;Comunidades interiores
11;19;65;CANTALOJAS;190065;GUADALAJARA;GUADALAJARA;Comunidades interiores
11;19;66;CAÑIZAR;190066;GUADALAJARA;GUADALAJARA;Comunidades interiores
11;19;67;CARDOSO DE LA SIERRA, EL;190067;GUADALAJARA;GUADALAJARA;Comunidades interiores
11;19;70;CASA DE UCEDA;190070;GUADALAJARA;GUADALAJARA;Comunidades interiores
11;19;71;CASAR, EL;190071;GUADALAJARA;GUADALAJARA;Comunidades interiores
11;19;73;CASAS DE SAN GALINDO;190073;GUADALAJARA;GUADALAJARA;Comunidades interiores
11;19;74;CASPUEÑAS;190074;GUADALAJARA;GUADALAJARA;Comunidades interiores
11;19;75;CASTEJÓN DE HENARES;190075;GUADALAJARA;GUADALAJARA;Comunidades interiores
11;19;76;CASTELLAR DE LA MUELA;190076;GUADALAJARA;GUADALAJARA;Comunidades interiores
11;19;78;CASTILFORTE;190078;GUADALAJARA;GUADALAJARA;Comunidades interiores
11;19;79;CASTILNUEVO;190079;GUADALAJARA;GUADALAJARA;Comunidades interiores
11;19;80;CENDEJAS DE ENMEDIO;190080;GUADALAJARA;GUADALAJARA;Comunidades interiores
11;19;81;CENDEJAS DE LA TORRE;190081;GUADALAJARA;GUADALAJARA;Comunidades interiores
11;19;82;CENTENERA;190082;GUADALAJARA;GUADALAJARA;Comunidades interiores
11;19;86;CIFUENTES;190086;GUADALAJARA;GUADALAJARA;Comunidades interiores
11;19;87;CINCOVILLAS;190087;GUADALAJARA;GUADALAJARA;Comunidades interiores
11;19;88;CIRUELAS;190088;GUADALAJARA;GUADALAJARA;Comunidades interiores
11;19;89;CIRUELOS DEL PINAR;190089;GUADALAJARA;GUADALAJARA;Comunidades interiores
11;19;90;COBETA;190090;GUADALAJARA;GUADALAJARA;Comunidades interiores
11;19;91;COGOLLOR;190091;GUADALAJARA;GUADALAJARA;Comunidades interiores
11;19;92;COGOLLUDO;190092;GUADALAJARA;GUADALAJARA;Comunidades interiores
11;19;95;CONDEMIOS DE ABAJO;190095;GUADALAJARA;GUADALAJARA;Comunidades interiores
11;19;96;CONDEMIOS DE ARRIBA;190096;GUADALAJARA;GUADALAJARA;Comunidades interiores
11;19;97;CONGOSTRINA;190097;GUADALAJARA;GUADALAJARA;Comunidades interiores
11;19;98;COPERNAL;190098;GUADALAJARA;GUADALAJARA;Comunidades interiores
11;19;99;CORDUENTE;190099;GUADALAJARA;GUADALAJARA;Comunidades interiores
11;19;102;CUBILLO DE UCEDA, EL;190102;GUADALAJARA;GUADALAJARA;Comunidades interiores
11;19;103;CHECA;190103;GUADALAJARA;GUADALAJARA;Comunidades interiores
11;19;104;CHEQUILLA;190104;GUADALAJARA;GUADALAJARA;Comunidades interiores
11;19;105;CHILOECHES;190105;GUADALAJARA;GUADALAJARA;Comunidades interiores
11;19;106;CHILLARÓN DEL REY;190106;GUADALAJARA;GUADALAJARA;Comunidades interiores
11;19;107;DRIEBES;190107;GUADALAJARA;GUADALAJARA;Comunidades interiores
11;19;108;DURÓN;190108;GUADALAJARA;GUADALAJARA;Comunidades interiores
11;19;109;EMBID;190109;GUADALAJARA;GUADALAJARA;Comunidades interiores
11;19;110;ESCAMILLA;190110;GUADALAJARA;GUADALAJARA;Comunidades interiores
11;19;111;ESCARICHE;190111;GUADALAJARA;GUADALAJARA;Comunidades interiores
11;19;112;ESCOPETE;190112;GUADALAJARA;GUADALAJARA;Comunidades interiores
11;19;113;ESPINOSA DE HENARES;190113;GUADALAJARA;GUADALAJARA;Comunidades interiores
11;19;114;ESPLEGARES;190114;GUADALAJARA;GUADALAJARA;Comunidades interiores
11;19;115;ESTABLÉS;190115;GUADALAJARA;GUADALAJARA;Comunidades interiores
11;19;116;ESTRIÉGANA;190116;GUADALAJARA;GUADALAJARA;Comunidades interiores
11;19;117;FONTANAR;190117;GUADALAJARA;GUADALAJARA;Comunidades interiores
11;19;118;FUENBELLIDA;190118;GUADALAJARA;GUADALAJARA;Comunidades interiores
11;19;119;FUENCEMILLÁN;190119;GUADALAJARA;GUADALAJARA;Comunidades interiores
11;19;120;FUENTELAHIGUERA DE ALBATAGES;190120;GUADALAJARA;GUADALAJARA;Comunidades interiores
11;19;121;FUENTELENCINA;190121;GUADALAJARA;GUADALAJARA;Comunidades interiores
11;19;122;FUENTELSAZ;190122;GUADALAJARA;GUADALAJARA;Comunidades interiores
11;19;123;FUENTELVIEJO;190123;GUADALAJARA;GUADALAJARA;Comunidades interiores
11;19;124;FUENTENOVILLA;190124;GUADALAJARA;GUADALAJARA;Comunidades interiores
11;19;125;GAJANEJOS;190125;GUADALAJARA;GUADALAJARA;Comunidades interiores
11;19;126;GALÁPAGOS;190126;GUADALAJARA;GUADALAJARA;Comunidades interiores
11;19;127;GALVE DE SORBE;190127;GUADALAJARA;GUADALAJARA;Comunidades interiores
11;19;129;GASCUEÑA DE BORNOVA;190129;GUADALAJARA;GUADALAJARA;Comunidades interiores
11;19;130;GUADALAJARA;190130;GUADALAJARA;GUADALAJARA;Comunidades interiores
11;19;132;HENCHE;190132;GUADALAJARA;GUADALAJARA;Comunidades interiores
11;19;133;HERAS DE AYUSO;190133;GUADALAJARA;GUADALAJARA;Comunidades interiores
11;19;134;HERRERÍA;190134;GUADALAJARA;GUADALAJARA;Comunidades interiores
11;19;135;HIENDELAENCINA;190135;GUADALAJARA;GUADALAJARA;Comunidades interiores
11;19;136;HIJES;190136;GUADALAJARA;GUADALAJARA;Comunidades interiores
11;19;138;HITA;190138;GUADALAJARA;GUADALAJARA;Comunidades interiores
11;19;139;HOMBRADOS;190139;GUADALAJARA;GUADALAJARA;Comunidades interiores
11;19;142;HONTOBA;190142;GUADALAJARA;GUADALAJARA;Comunidades interiores
11;19;143;HORCHE;190143;GUADALAJARA;GUADALAJARA;Comunidades interiores
11;19;145;HORTEZUELA DE OCÉN;190145;GUADALAJARA;GUADALAJARA;Comunidades interiores
11;19;146;HUERCE, LA;190146;GUADALAJARA;GUADALAJARA;Comunidades interiores
11;19;147;HUÉRMECES DEL CERRO;190147;GUADALAJARA;GUADALAJARA;Comunidades interiores
11;19;148;HUERTAHERNANDO;190148;GUADALAJARA;GUADALAJARA;Comunidades interiores
11;19;150;HUEVA;190150;GUADALAJARA;GUADALAJARA;Comunidades interiores
11;19;151;HUMANES;190151;GUADALAJARA;GUADALAJARA;Comunidades interiores
11;19;152;ILLANA;190152;GUADALAJARA;GUADALAJARA;Comunidades interiores
11;19;153;INIÉSTOLA;190153;GUADALAJARA;GUADALAJARA;Comunidades interiores
11;19;154;INVIERNAS, LAS;190154;GUADALAJARA;GUADALAJARA;Comunidades interiores
11;19;155;IRUESTE;190155;GUADALAJARA;GUADALAJARA;Comunidades interiores
11;19;156;JADRAQUE;190156;GUADALAJARA;GUADALAJARA;Comunidades interiores
11;19;157;JIRUEQUE;190157;GUADALAJARA;GUADALAJARA;Comunidades interiores
11;19;159;LEDANCA;190159;GUADALAJARA;GUADALAJARA;Comunidades interiores
11;19;160;LORANCA DE TAJUÑA;190160;GUADALAJARA;GUADALAJARA;Comunidades interiores
11;19;161;LUPIANA;190161;GUADALAJARA;GUADALAJARA;Comunidades interiores
11;19;162;LUZAGA;190162;GUADALAJARA;GUADALAJARA;Comunidades interiores
11;19;163;LUZÓN;190163;GUADALAJARA;GUADALAJARA;Comunidades interiores
11;19;165;MAJAELRAYO;190165;GUADALAJARA;GUADALAJARA;Comunidades interiores
11;19;166;MÁLAGA DEL FRESNO;190166;GUADALAJARA;GUADALAJARA;Comunidades interiores
11;19;167;MALAGUILLA;190167;GUADALAJARA;GUADALAJARA;Comunidades interiores
11;19;168;MANDAYONA;190168;GUADALAJARA;GUADALAJARA;Comunidades interiores
11;19;169;MANTIEL;190169;GUADALAJARA;GUADALAJARA;Comunidades interiores
11;19;170;MARANCHÓN;190170;GUADALAJARA;GUADALAJARA;Comunidades interiores
11;19;171;MARCHAMALO;190171;GUADALAJARA;GUADALAJARA;Comunidades interiores
11;19;172;MASEGOSO DE TAJUÑA;190172;GUADALAJARA;GUADALAJARA;Comunidades interiores
11;19;173;MATARRUBIA;190173;GUADALAJARA;GUADALAJARA;Comunidades interiores
11;19;174;MATILLAS;190174;GUADALAJARA;GUADALAJARA;Comunidades interiores
11;19;175;MAZARETE;190175;GUADALAJARA;GUADALAJARA;Comunidades interiores
11;19;176;MAZUECOS;190176;GUADALAJARA;GUADALAJARA;Comunidades interiores
11;19;177;MEDRANDA;190177;GUADALAJARA;GUADALAJARA;Comunidades interiores
11;19;178;MEGINA;190178;GUADALAJARA;GUADALAJARA;Comunidades interiores
11;19;179;MEMBRILLERA;190179;GUADALAJARA;GUADALAJARA;Comunidades interiores
11;19;181;MIEDES DE ATIENZA;190181;GUADALAJARA;GUADALAJARA;Comunidades interiores
11;19;182;MIERLA, LA;190182;GUADALAJARA;GUADALAJARA;Comunidades interiores
11;19;183;MILMARCOS;190183;GUADALAJARA;GUADALAJARA;Comunidades interiores
11;19;184;MILLANA;190184;GUADALAJARA;GUADALAJARA;Comunidades interiores
11;19;185;MIÑOSA, LA;190185;GUADALAJARA;GUADALAJARA;Comunidades interiores
11;19;186;MIRABUENO;190186;GUADALAJARA;GUADALAJARA;Comunidades interiores
11;19;187;MIRALRÍO;190187;GUADALAJARA;GUADALAJARA;Comunidades interiores
11;19;188;MOCHALES;190188;GUADALAJARA;GUADALAJARA;Comunidades interiores
11;19;189;MOHERNANDO;190189;GUADALAJARA;GUADALAJARA;Comunidades interiores
11;19;190;MOLINA DE ARAGÓN;190190;GUADALAJARA;GUADALAJARA;Comunidades interiores
11;19;191;MONASTERIO;190191;GUADALAJARA;GUADALAJARA;Comunidades interiores
11;19;192;MONDÉJAR;190192;GUADALAJARA;GUADALAJARA;Comunidades interiores
11;19;193;MONTARRÓN;190193;GUADALAJARA;GUADALAJARA;Comunidades interiores
11;19;194;MORATILLA DE LOS MELEROS;190194;GUADALAJARA;GUADALAJARA;Comunidades interiores
11;19;195;MORENILLA;190195;GUADALAJARA;GUADALAJARA;Comunidades interiores
11;19;196;MUDUEX;190196;GUADALAJARA;GUADALAJARA;Comunidades interiores
11;19;197;NAVAS DE JADRAQUE, LAS;190197;GUADALAJARA;GUADALAJARA;Comunidades interiores
11;19;198;NEGREDO;190198;GUADALAJARA;GUADALAJARA;Comunidades interiores
11;19;199;OCENTEJO;190199;GUADALAJARA;GUADALAJARA;Comunidades interiores
11;19;200;OLIVAR, EL;190200;GUADALAJARA;GUADALAJARA;Comunidades interiores
11;19;201;OLMEDA DE COBETA;190201;GUADALAJARA;GUADALAJARA;Comunidades interiores
11;19;202;OLMEDA DE JADRAQUE, LA;190202;GUADALAJARA;GUADALAJARA;Comunidades interiores
11;19;203;ORDIAL, EL;190203;GUADALAJARA;GUADALAJARA;Comunidades interiores
11;19;204;OREA;190204;GUADALAJARA;GUADALAJARA;Comunidades interiores
11;19;208;PÁLMACES DE JADRAQUE;190208;GUADALAJARA;GUADALAJARA;Comunidades interiores
11;19;209;PARDOS;190209;GUADALAJARA;GUADALAJARA;Comunidades interiores
11;19;210;PAREDES DE SIGÜENZA;190210;GUADALAJARA;GUADALAJARA;Comunidades interiores
11;19;211;PAREJA;190211;GUADALAJARA;GUADALAJARA;Comunidades interiores
11;19;212;PASTRANA;190212;GUADALAJARA;GUADALAJARA;Comunidades interiores
11;19;213;PEDREGAL, EL;190213;GUADALAJARA;GUADALAJARA;Comunidades interiores
11;19;214;PEÑALÉN;190214;GUADALAJARA;GUADALAJARA;Comunidades interiores
11;19;215;PEÑALVER;190215;GUADALAJARA;GUADALAJARA;Comunidades interiores
11;19;216;PERALEJOS DE LAS TRUCHAS;190216;GUADALAJARA;GUADALAJARA;Comunidades interiores
11;19;217;PERALVECHE;190217;GUADALAJARA;GUADALAJARA;Comunidades interiores
11;19;218;PINILLA DE JADRAQUE;190218;GUADALAJARA;GUADALAJARA;Comunidades interiores
11;19;219;PINILLA DE MOLINA;190219;GUADALAJARA;GUADALAJARA;Comunidades interiores
11;19;220;PIOZ;190220;GUADALAJARA;GUADALAJARA;Comunidades interiores
11;19;221;PIQUERAS;190221;GUADALAJARA;GUADALAJARA;Comunidades interiores
11;19;222;POBO DE DUEÑAS, EL;190222;GUADALAJARA;GUADALAJARA;Comunidades interiores
11;19;223;POVEDA DE LA SIERRA;190223;GUADALAJARA;GUADALAJARA;Comunidades interiores
11;19;224;POZO DE ALMOGUERA;190224;GUADALAJARA;GUADALAJARA;Comunidades interiores
11;19;225;POZO DE GUADALAJARA;190225;GUADALAJARA;GUADALAJARA;Comunidades interiores
11;19;226;PRÁDENA DE ATIENZA;190226;GUADALAJARA;GUADALAJARA;Comunidades interiores
11;19;227;PRADOS REDONDOS;190227;GUADALAJARA;GUADALAJARA;Comunidades interiores
11;19;228;PUEBLA DE BELEÑA;190228;GUADALAJARA;GUADALAJARA;Comunidades interiores
11;19;229;PUEBLA DE VALLES;190229;GUADALAJARA;GUADALAJARA;Comunidades interiores
11;19;230;QUER;190230;GUADALAJARA;GUADALAJARA;Comunidades interiores
11;19;231;REBOLLOSA DE JADRAQUE;190231;GUADALAJARA;GUADALAJARA;Comunidades interiores
11;19;232;RECUENCO, EL;190232;GUADALAJARA;GUADALAJARA;Comunidades interiores
11;19;233;RENERA;190233;GUADALAJARA;GUADALAJARA;Comunidades interiores
11;19;234;RETIENDAS;190234;GUADALAJARA;GUADALAJARA;Comunidades interiores
11;19;235;RIBA DE SAELICES;190235;GUADALAJARA;GUADALAJARA;Comunidades interiores
11;19;237;RILLO DE GALLO;190237;GUADALAJARA;GUADALAJARA;Comunidades interiores
11;19;238;RIOFRÍO DEL LLANO;190238;GUADALAJARA;GUADALAJARA;Comunidades interiores
11;19;239;ROBLEDILLO DE MOHERNANDO;190239;GUADALAJARA;GUADALAJARA;Comunidades interiores
11;19;240;ROBLEDO DE CORPES;190240;GUADALAJARA;GUADALAJARA;Comunidades interiores
11;19;241;ROMANILLOS DE ATIENZA;190241;GUADALAJARA;GUADALAJARA;Comunidades interiores
11;19;242;ROMANONES;190242;GUADALAJARA;GUADALAJARA;Comunidades interiores
11;19;243;RUEDA DE LA SIERRA;190243;GUADALAJARA;GUADALAJARA;Comunidades interiores
11;19;244;SACECORBO;190244;GUADALAJARA;GUADALAJARA;Comunidades interiores
11;19;245;SACEDÓN;190245;GUADALAJARA;GUADALAJARA;Comunidades interiores
11;19;246;SAELICES DE LA SAL;190246;GUADALAJARA;GUADALAJARA;Comunidades interiores
11;19;247;SALMERÓN;190247;GUADALAJARA;GUADALAJARA;Comunidades interiores
11;19;248;SAN ANDRÉS DEL CONGOSTO;190248;GUADALAJARA;GUADALAJARA;Comunidades interiores
11;19;249;SAN ANDRÉS DEL REY;190249;GUADALAJARA;GUADALAJARA;Comunidades interiores
11;19;250;SANTIUSTE;190250;GUADALAJARA;GUADALAJARA;Comunidades interiores
11;19;251;SAÚCA;190251;GUADALAJARA;GUADALAJARA;Comunidades interiores
11;19;252;SAYATÓN;190252;GUADALAJARA;GUADALAJARA;Comunidades interiores
11;19;254;SELAS;190254;GUADALAJARA;GUADALAJARA;Comunidades interiores
11;19;255;SETILES;190255;GUADALAJARA;GUADALAJARA;Comunidades interiores
11;19;256;SIENES;190256;GUADALAJARA;GUADALAJARA;Comunidades interiores
11;19;257;SIGÜENZA;190257;GUADALAJARA;GUADALAJARA;Comunidades interiores
11;19;258;SOLANILLOS DEL EXTREMO;190258;GUADALAJARA;GUADALAJARA;Comunidades interiores
11;19;259;SOMOLINOS;190259;GUADALAJARA;GUADALAJARA;Comunidades interiores
11;19;260;SOTILLO, EL;190260;GUADALAJARA;GUADALAJARA;Comunidades interiores
11;19;261;SOTODOSOS;190261;GUADALAJARA;GUADALAJARA;Comunidades interiores
11;19;262;TAMAJÓN;190262;GUADALAJARA;GUADALAJARA;Comunidades interiores
11;19;263;TARAGUDO;190263;GUADALAJARA;GUADALAJARA;Comunidades interiores
11;19;264;TARAVILLA;190264;GUADALAJARA;GUADALAJARA;Comunidades interiores
11;19;265;TARTANEDO;190265;GUADALAJARA;GUADALAJARA;Comunidades interiores
11;19;266;TENDILLA;190266;GUADALAJARA;GUADALAJARA;Comunidades interiores
11;19;267;TERZAGA;190267;GUADALAJARA;GUADALAJARA;Comunidades interiores
11;19;268;TIERZO;190268;GUADALAJARA;GUADALAJARA;Comunidades interiores
11;19;269;TOBA, LA;190269;GUADALAJARA;GUADALAJARA;Comunidades interiores
11;19;270;TORDELRÁBANO;190270;GUADALAJARA;GUADALAJARA;Comunidades interiores
11;19;271;TORDELLEGO;190271;GUADALAJARA;GUADALAJARA;Comunidades interiores
11;19;272;TORDESILOS;190272;GUADALAJARA;GUADALAJARA;Comunidades interiores
11;19;274;TORIJA;190274;GUADALAJARA;GUADALAJARA;Comunidades interiores
11;19;276;TORRECILLA DUCADO;190276;GUADALAJARA;GUADALAJARA;Comunidades interiores
11;19;277;TORRECUADRADA DE MOLINA;190277;GUADALAJARA;GUADALAJARA;Comunidades interiores
11;19;278;TORRECUADRADILLA;190278;GUADALAJARA;GUADALAJARA;Comunidades interiores
11;19;279;TORRE DEL BURGO;190279;GUADALAJARA;GUADALAJARA;Comunidades interiores
11;19;280;TORREJÓN DEL REY;190280;GUADALAJARA;GUADALAJARA;Comunidades interiores
11;19;281;TORREMOCHA DE JADRAQUE;190281;GUADALAJARA;GUADALAJARA;Comunidades interiores
11;19;282;TORREMOCHA DEL CAMPO;190282;GUADALAJARA;GUADALAJARA;Comunidades interiores
11;19;283;TORREMOCHA DEL PINAR;190283;GUADALAJARA;GUADALAJARA;Comunidades interiores
11;19;284;TORREMOCHUELA;190284;GUADALAJARA;GUADALAJARA;Comunidades interiores
11;19;285;TORRUBIA;190285;GUADALAJARA;GUADALAJARA;Comunidades interiores
11;19;286;TÓRTOLA DE HENARES;190286;GUADALAJARA;GUADALAJARA;Comunidades interiores
11;19;287;TORTUERA;190287;GUADALAJARA;GUADALAJARA;Comunidades interiores
11;19;288;TORTUERO;190288;GUADALAJARA;GUADALAJARA;Comunidades interiores
11;19;289;TRAID;190289;GUADALAJARA;GUADALAJARA;Comunidades interiores
11;19;290;TRIJUEQUE;190290;GUADALAJARA;GUADALAJARA;Comunidades interiores
11;19;291;TRILLO;190291;GUADALAJARA;GUADALAJARA;Comunidades interiores
11;19;293;UCEDA;190293;GUADALAJARA;GUADALAJARA;Comunidades interiores
11;19;294;UJADOS;190294;GUADALAJARA;GUADALAJARA;Comunidades interiores
11;19;296;UTANDE;190296;GUADALAJARA;GUADALAJARA;Comunidades interiores
11;19;297;VALDARACHAS;190297;GUADALAJARA;GUADALAJARA;Comunidades interiores
11;19;298;VALDEARENAS;190298;GUADALAJARA;GUADALAJARA;Comunidades interiores
11;19;299;VALDEAVELLANO;190299;GUADALAJARA;GUADALAJARA;Comunidades interiores
11;19;300;VALDEAVERUELO;190300;GUADALAJARA;GUADALAJARA;Comunidades interiores
11;19;301;VALDECONCHA;190301;GUADALAJARA;GUADALAJARA;Comunidades interiores
11;19;302;VALDEGRUDAS;190302;GUADALAJARA;GUADALAJARA;Comunidades interiores
11;19;303;VALDELCUBO;190303;GUADALAJARA;GUADALAJARA;Comunidades interiores
11;19;304;VALDENUÑO FERNÁNDEZ;190304;GUADALAJARA;GUADALAJARA;Comunidades interiores
11;19;305;VALDEPEÑAS DE LA SIERRA;190305;GUADALAJARA;GUADALAJARA;Comunidades interiores
11;19;306;VALDERREBOLLO;190306;GUADALAJARA;GUADALAJARA;Comunidades interiores
11;19;307;VALDESOTOS;190307;GUADALAJARA;GUADALAJARA;Comunidades interiores
11;19;308;VALFERMOSO DE TAJUÑA;190308;GUADALAJARA;GUADALAJARA;Comunidades interiores
11;19;309;VALHERMOSO;190309;GUADALAJARA;GUADALAJARA;Comunidades interiores
11;19;310;VALTABLADO DEL RÍO;190310;GUADALAJARA;GUADALAJARA;Comunidades interiores
11;19;311;VALVERDE DE LOS ARROYOS;190311;GUADALAJARA;GUADALAJARA;Comunidades interiores
11;19;314;VIANA DE JADRAQUE;190314;GUADALAJARA;GUADALAJARA;Comunidades interiores
11;19;315;(VILLACADIMA);190315;GUADALAJARA;GUADALAJARA;Comunidades interiores
11;19;316;(VILLAESCUSA PALOSITO);190316;GUADALAJARA;GUADALAJARA;Comunidades interiores
11;19;317;VILLANUEVA DE ALCORÓN;190317;GUADALAJARA;GUADALAJARA;Comunidades interiores
11;19;318;VILLANUEVA DE ARGECILLA;190318;GUADALAJARA;GUADALAJARA;Comunidades interiores
11;19;319;VILLANUEVA DE LA TORRE;190319;GUADALAJARA;GUADALAJARA;Comunidades interiores
11;19;321;VILLARES DE JADRAQUE;190321;GUADALAJARA;GUADALAJARA;Comunidades interiores
11;19;322;VILLASECA DE HENARES;190322;GUADALAJARA;GUADALAJARA;Comunidades interiores
11;19;323;VILLASECA DE UCEDA;190323;GUADALAJARA;GUADALAJARA;Comunidades interiores
11;19;324;VILLEL DE MESA;190324;GUADALAJARA;GUADALAJARA;Comunidades interiores
11;19;325;VIÑUELAS;190325;GUADALAJARA;GUADALAJARA;Comunidades interiores
11;19;326;YEBES;190326;GUADALAJARA;GUADALAJARA;Comunidades interiores
11;19;327;YEBRA;190327;GUADALAJARA;GUADALAJARA;Comunidades interiores
11;19;329;YÉLAMOS DE ABAJO;190329;GUADALAJARA;GUADALAJARA;Comunidades interiores
11;19;330;YÉLAMOS DE ARRIBA;190330;GUADALAJARA;GUADALAJARA;Comunidades interiores
11;19;331;YUNQUERA DE HENARES;190331;GUADALAJARA;GUADALAJARA;Comunidades interiores
11;19;332;YUNTA, LA;190332;GUADALAJARA;GUADALAJARA;Comunidades interiores
11;19;333;ZAOREJAS;190333;GUADALAJARA;GUADALAJARA;Comunidades interiores
11;19;334;ZARZUELA DE JADRAQUE;190334;GUADALAJARA;GUADALAJARA;Comunidades interiores
11;19;335;ZORITA DE LOS CANES;190335;GUADALAJARA;GUADALAJARA;Comunidades interiores
11;19;901;SEMILLAS;190901;GUADALAJARA;GUADALAJARA;Comunidades interiores
11;19;999;OTRA PROVINCIA;190999;GUADALAJARA;GUADALAJARA;Comunidades interiores
11;45;0;INDETERMINADO;450000;TOLEDO;PROVINCIA DE TOLEDO;Comunidades interiores
11;45;1;AJOFRíN;450001;TOLEDO;PROVINCIA DE TOLEDO;Comunidades interiores
11;45;2;ALAMEDA DE LA SAGRA;450002;TOLEDO;PROVINCIA DE TOLEDO;Comunidades interiores
11;45;3;ALBARREAL DE TAJO;450003;TOLEDO;PROVINCIA DE TOLEDO;Comunidades interiores
11;45;4;ALCABÓN;450004;TOLEDO;PROVINCIA DE TOLEDO;Comunidades interiores
11;45;5;ALCAÑIZO;450005;TOLEDO;PROVINCIA DE TOLEDO;Comunidades interiores
11;45;6;ALCAUDETE DE LA JARA;450006;TOLEDO;PROVINCIA DE TOLEDO;Comunidades interiores
11;45;7;ALCOLEA DE TAJO;450007;TOLEDO;PROVINCIA DE TOLEDO;Comunidades interiores
11;45;8;ALDEA EN CABO;450008;TOLEDO;PROVINCIA DE TOLEDO;Comunidades interiores
11;45;9;ALDEANUEVA DE BARBARROYA;450009;TOLEDO;PROVINCIA DE TOLEDO;Comunidades interiores
11;45;10;ALDEANUEVA DE SAN BARTOLOMÉ;450010;TOLEDO;PROVINCIA DE TOLEDO;Comunidades interiores
11;45;11;ALMENDRAL DE LA CAÑADA;450011;TOLEDO;PROVINCIA DE TOLEDO;Comunidades interiores
11;45;12;ALMONACID DE TOLEDO;450012;TOLEDO;PROVINCIA DE TOLEDO;Comunidades interiores
11;45;13;ALMOROX;450013;TOLEDO;PROVINCIA DE TOLEDO;Comunidades interiores
11;45;14;AÑOVER DE TAJO;450014;TOLEDO;PROVINCIA DE TOLEDO;Comunidades interiores
11;45;15;ARCICÓLLAR;450015;TOLEDO;PROVINCIA DE TOLEDO;Comunidades interiores
11;45;16;ARGÉS;450016;TOLEDO;PROVINCIA DE TOLEDO;Comunidades interiores
11;45;17;AZUTÁN;450017;TOLEDO;PROVINCIA DE TOLEDO;Comunidades interiores
11;45;18;BARCIENCE;450018;TOLEDO;PROVINCIA DE TOLEDO;Comunidades interiores
11;45;19;BARGAS;450019;TOLEDO;PROVINCIA DE TOLEDO;Comunidades interiores
11;45;20;BELVÍS DE LA JARA;450020;TOLEDO;PROVINCIA DE TOLEDO;Comunidades interiores
11;45;21;BOROX;450021;TOLEDO;PROVINCIA DE TOLEDO;Comunidades interiores
11;45;22;BUENAVENTURA;450022;TOLEDO;PROVINCIA DE TOLEDO;Comunidades interiores
11;45;23;BURGUILLOS DE TOLEDO;450023;TOLEDO;PROVINCIA DE TOLEDO;Comunidades interiores
11;45;24;BURUJÓN;450024;TOLEDO;PROVINCIA DE TOLEDO;Comunidades interiores
11;45;25;CABAÑAS DE LA SAGRA;450025;TOLEDO;PROVINCIA DE TOLEDO;Comunidades interiores
11;45;26;CABAÑAS DE YEPES;450026;TOLEDO;PROVINCIA DE TOLEDO;Comunidades interiores
11;45;27;CABEZAMESADA;450027;TOLEDO;PROVINCIA DE TOLEDO;Comunidades interiores
11;45;28;CALERA Y CHOZAS;450028;TOLEDO;PROVINCIA DE TOLEDO;Comunidades interiores
11;45;29;CALERUELA;450029;TOLEDO;PROVINCIA DE TOLEDO;Comunidades interiores
11;45;30;CALZADA DE OROPESA;450030;TOLEDO;PROVINCIA DE TOLEDO;Comunidades interiores
11;45;31;CAMARENA;450031;TOLEDO;PROVINCIA DE TOLEDO;Comunidades interiores
11;45;32;CAMARENILLA;450032;TOLEDO;PROVINCIA DE TOLEDO;Comunidades interiores
11;45;33;CAMPILLO DE LA JARA, EL;450033;TOLEDO;PROVINCIA DE TOLEDO;Comunidades interiores
11;45;34;CAMUÑAS;450034;TOLEDO;PROVINCIA DE TOLEDO;Comunidades interiores
11;45;35;CARDIEL DE LOS MONTES;450035;TOLEDO;PROVINCIA DE TOLEDO;Comunidades interiores
11;45;36;CARMENA;450036;TOLEDO;PROVINCIA DE TOLEDO;Comunidades interiores
11;45;37;CARPIO DE TAJO, EL;450037;TOLEDO;PROVINCIA DE TOLEDO;Comunidades interiores
11;45;38;CARRANQUE;450038;TOLEDO;PROVINCIA DE TOLEDO;Comunidades interiores
11;45;39;CARRICHES;450039;TOLEDO;PROVINCIA DE TOLEDO;Comunidades interiores
11;45;40;CASAR DE ESCALONA, EL;450040;TOLEDO;PROVINCIA DE TOLEDO;Comunidades interiores
11;45;41;CASARRUBIOS DEL MONTE;450041;TOLEDO;PROVINCIA DE TOLEDO;Comunidades interiores
11;45;42;CASASBUENAS;450042;TOLEDO;PROVINCIA DE TOLEDO;Comunidades interiores
11;45;43;CASTILLO DE BAYUELA;450043;TOLEDO;PROVINCIA DE TOLEDO;Comunidades interiores
11;45;45;CAZALEGAS;450045;TOLEDO;PROVINCIA DE TOLEDO;Comunidades interiores
11;45;46;CEBOLLA;450046;TOLEDO;PROVINCIA DE TOLEDO;Comunidades interiores
11;45;47;CEDILLO DEL CONDADO;450047;TOLEDO;PROVINCIA DE TOLEDO;Comunidades interiores
11;45;48;CERRALBOS, LOS;450048;TOLEDO;PROVINCIA DE TOLEDO;Comunidades interiores
11;45;49;CERVERA DE LOS MONTES;450049;TOLEDO;PROVINCIA DE TOLEDO;Comunidades interiores
11;45;50;CIRUELOS;450050;TOLEDO;PROVINCIA DE TOLEDO;Comunidades interiores
11;45;51;COBEJA;450051;TOLEDO;PROVINCIA DE TOLEDO;Comunidades interiores
11;45;52;COBISA;450052;TOLEDO;PROVINCIA DE TOLEDO;Comunidades interiores
11;45;53;CONSUEGRA;450053;TOLEDO;PROVINCIA DE TOLEDO;Comunidades interiores
11;45;54;CORRAL DE ALMAGUER;450054;TOLEDO;PROVINCIA DE TOLEDO;Comunidades interiores
11;45;55;CUERVA;450055;TOLEDO;PROVINCIA DE TOLEDO;Comunidades interiores
11;45;56;CHOZAS DE CANALES;450056;TOLEDO;PROVINCIA DE TOLEDO;Comunidades interiores
11;45;57;CHUECA;450057;TOLEDO;PROVINCIA DE TOLEDO;Comunidades interiores
11;45;58;DOMINGO PÉREZ;450058;TOLEDO;PROVINCIA DE TOLEDO;Comunidades interiores
11;45;59;DOSBARRIOS;450059;TOLEDO;PROVINCIA DE TOLEDO;Comunidades interiores
11;45;60;ERUSTES;450060;TOLEDO;PROVINCIA DE TOLEDO;Comunidades interiores
11;45;61;ESCALONA;450061;TOLEDO;PROVINCIA DE TOLEDO;Comunidades interiores
11;45;62;ESCALONILLA;450062;TOLEDO;PROVINCIA DE TOLEDO;Comunidades interiores
11;45;63;ESPINOSO DEL REY;450063;TOLEDO;PROVINCIA DE TOLEDO;Comunidades interiores
11;45;64;ESQUIVIAS;450064;TOLEDO;PROVINCIA DE TOLEDO;Comunidades interiores
11;45;65;ESTRELLA, LA;450065;TOLEDO;PROVINCIA DE TOLEDO;Comunidades interiores
11;45;66;FUENSALIDA;450066;TOLEDO;PROVINCIA DE TOLEDO;Comunidades interiores
11;45;67;GÁLVEZ;450067;TOLEDO;PROVINCIA DE TOLEDO;Comunidades interiores
11;45;68;GARCIOTUM;450068;TOLEDO;PROVINCIA DE TOLEDO;Comunidades interiores
11;45;69;GERINDOTE;450069;TOLEDO;PROVINCIA DE TOLEDO;Comunidades interiores
11;45;70;GUADAMUR;450070;TOLEDO;PROVINCIA DE TOLEDO;Comunidades interiores
11;45;71;GUARDIA, LA;450071;TOLEDO;PROVINCIA DE TOLEDO;Comunidades interiores
11;45;72;HERENCIAS, LAS;450072;TOLEDO;PROVINCIA DE TOLEDO;Comunidades interiores
11;45;73;HERRERUELA DE OROPESA;450073;TOLEDO;PROVINCIA DE TOLEDO;Comunidades interiores
11;45;74;HINOJOSA DE SAN VICENTE;450074;TOLEDO;PROVINCIA DE TOLEDO;Comunidades interiores
11;45;75;HONTANAR;450075;TOLEDO;PROVINCIA DE TOLEDO;Comunidades interiores
11;45;76;HORMIGOS;450076;TOLEDO;PROVINCIA DE TOLEDO;Comunidades interiores
11;45;77;HUECAS;450077;TOLEDO;PROVINCIA DE TOLEDO;Comunidades interiores
11;45;78;HUERTA DE VALDECARÁBANOS;450078;TOLEDO;PROVINCIA DE TOLEDO;Comunidades interiores
11;45;79;IGLESUELA, LA;450079;TOLEDO;PROVINCIA DE TOLEDO;Comunidades interiores
11;45;80;ILLÁN DE VACAS;450080;TOLEDO;PROVINCIA DE TOLEDO;Comunidades interiores
11;45;81;ILLESCAS;450081;TOLEDO;PROVINCIA DE TOLEDO;Comunidades interiores
11;45;82;LAGARTERA;450082;TOLEDO;PROVINCIA DE TOLEDO;Comunidades interiores
11;45;83;LAYOS;450083;TOLEDO;PROVINCIA DE TOLEDO;Comunidades interiores
11;45;84;LILLO;450084;TOLEDO;PROVINCIA DE TOLEDO;Comunidades interiores
11;45;85;LOMINCHAR;450085;TOLEDO;PROVINCIA DE TOLEDO;Comunidades interiores
11;45;86;LUCILLOS;450086;TOLEDO;PROVINCIA DE TOLEDO;Comunidades interiores
11;45;87;MADRIDEJOS;450087;TOLEDO;PROVINCIA DE TOLEDO;Comunidades interiores
11;45;88;MAGÁN;450088;TOLEDO;PROVINCIA DE TOLEDO;Comunidades interiores
11;45;89;MALPICA DE TAJO;450089;TOLEDO;PROVINCIA DE TOLEDO;Comunidades interiores
11;45;90;MANZANEQUE;450090;TOLEDO;PROVINCIA DE TOLEDO;Comunidades interiores
11;45;91;MAQUEDA;450091;TOLEDO;PROVINCIA DE TOLEDO;Comunidades interiores
11;45;92;MARJALIZA;450092;TOLEDO;PROVINCIA DE TOLEDO;Comunidades interiores
11;45;93;MARRUPE;450093;TOLEDO;PROVINCIA DE TOLEDO;Comunidades interiores
11;45;94;MASCARAQUE;450094;TOLEDO;PROVINCIA DE TOLEDO;Comunidades interiores
11;45;95;MATA, LA;450095;TOLEDO;PROVINCIA DE TOLEDO;Comunidades interiores
11;45;96;MAZARAMBROZ;450096;TOLEDO;PROVINCIA DE TOLEDO;Comunidades interiores
11;45;97;MEJORADA;450097;TOLEDO;PROVINCIA DE TOLEDO;Comunidades interiores
11;45;98;MENASALBAS;450098;TOLEDO;PROVINCIA DE TOLEDO;Comunidades interiores
11;45;99;MÉNTRIDA;450099;TOLEDO;PROVINCIA DE TOLEDO;Comunidades interiores
11;45;100;MESEGAR DE TAJO;450100;TOLEDO;PROVINCIA DE TOLEDO;Comunidades interiores
11;45;101;MIGUEL ESTEBAN;450101;TOLEDO;PROVINCIA DE TOLEDO;Comunidades interiores
11;45;102;MOCEJÓN;450102;TOLEDO;PROVINCIA DE TOLEDO;Comunidades interiores
11;45;103;MOHEDAS DE LA JARA;450103;TOLEDO;PROVINCIA DE TOLEDO;Comunidades interiores
11;45;104;MONTEARAGÓN;450104;TOLEDO;PROVINCIA DE TOLEDO;Comunidades interiores
11;45;105;MONTESCLAROS;450105;TOLEDO;PROVINCIA DE TOLEDO;Comunidades interiores
11;45;106;MORA;450106;TOLEDO;PROVINCIA DE TOLEDO;Comunidades interiores
11;45;107;NAMBROCA;450107;TOLEDO;PROVINCIA DE TOLEDO;Comunidades interiores
11;45;108;NAVA DE RICOMALILLO, LA;450108;TOLEDO;PROVINCIA DE TOLEDO;Comunidades interiores
11;45;109;NAVAHERMOSA;450109;TOLEDO;PROVINCIA DE TOLEDO;Comunidades interiores
11;45;110;NAVALCÁN;450110;TOLEDO;PROVINCIA DE TOLEDO;Comunidades interiores
11;45;111;NAVALMORALEJO;450111;TOLEDO;PROVINCIA DE TOLEDO;Comunidades interiores
11;45;112;NAVALMORALES, LOS;450112;TOLEDO;PROVINCIA DE TOLEDO;Comunidades interiores
11;45;113;NAVALUCILLOS, LOS;450113;TOLEDO;PROVINCIA DE TOLEDO;Comunidades interiores
11;45;114;NAVAMORCUENDE;450114;TOLEDO;PROVINCIA DE TOLEDO;Comunidades interiores
11;45;115;NOBLEJAS;450115;TOLEDO;PROVINCIA DE TOLEDO;Comunidades interiores
11;45;116;NOEZ;450116;TOLEDO;PROVINCIA DE TOLEDO;Comunidades interiores
11;45;117;NOMBELA;450117;TOLEDO;PROVINCIA DE TOLEDO;Comunidades interiores
11;45;118;NOVÉS;450118;TOLEDO;PROVINCIA DE TOLEDO;Comunidades interiores
11;45;119;NUMANCIA DE LA SAGRA;450119;TOLEDO;PROVINCIA DE TOLEDO;Comunidades interiores
11;45;120;NUÑO GÓMEZ;450120;TOLEDO;PROVINCIA DE TOLEDO;Comunidades interiores
11;45;121;OCAÑA;450121;TOLEDO;PROVINCIA DE TOLEDO;Comunidades interiores
11;45;122;OLÍAS DEL REY;450122;TOLEDO;PROVINCIA DE TOLEDO;Comunidades interiores
11;45;123;ONTÍGOLA;450123;TOLEDO;PROVINCIA DE TOLEDO;Comunidades interiores
11;45;124;ORGAZ;450124;TOLEDO;PROVINCIA DE TOLEDO;Comunidades interiores
11;45;125;OROPESA;450125;TOLEDO;PROVINCIA DE TOLEDO;Comunidades interiores
11;45;126;OTERO;450126;TOLEDO;PROVINCIA DE TOLEDO;Comunidades interiores
11;45;127;PALOMEQUE;450127;TOLEDO;PROVINCIA DE TOLEDO;Comunidades interiores
11;45;128;PANTOJA;450128;TOLEDO;PROVINCIA DE TOLEDO;Comunidades interiores
11;45;129;PAREDES DE ESCALONA;450129;TOLEDO;PROVINCIA DE TOLEDO;Comunidades interiores
11;45;130;PARRILLAS;450130;TOLEDO;PROVINCIA DE TOLEDO;Comunidades interiores
11;45;131;PELAHUSTÁN;450131;TOLEDO;PROVINCIA DE TOLEDO;Comunidades interiores
11;45;132;PEPINO;450132;TOLEDO;PROVINCIA DE TOLEDO;Comunidades interiores
11;45;133;POLÁN;450133;TOLEDO;PROVINCIA DE TOLEDO;Comunidades interiores
11;45;134;PORTILLO DE TOLEDO;450134;TOLEDO;PROVINCIA DE TOLEDO;Comunidades interiores
11;45;135;PUEBLA DE ALMORADIEL, LA;450135;TOLEDO;PROVINCIA DE TOLEDO;Comunidades interiores
11;45;136;PUEBLA DE MONTALBÁN, LA;450136;TOLEDO;PROVINCIA DE TOLEDO;Comunidades interiores
11;45;137;PUEBLANUEVA, LA;450137;TOLEDO;PROVINCIA DE TOLEDO;Comunidades interiores
11;45;138;PUENTE DEL ARZOBISPO, EL;450138;TOLEDO;PROVINCIA DE TOLEDO;Comunidades interiores
11;45;139;PUERTO DE SAN VICENTE;450139;TOLEDO;PROVINCIA DE TOLEDO;Comunidades interiores
11;45;140;PULGAR;450140;TOLEDO;PROVINCIA DE TOLEDO;Comunidades interiores
11;45;141;QUERO;450141;TOLEDO;PROVINCIA DE TOLEDO;Comunidades interiores
11;45;142;QUINTANAR DE LA ORDEN;450142;TOLEDO;PROVINCIA DE TOLEDO;Comunidades interiores
11;45;143;QUISMONDO;450143;TOLEDO;PROVINCIA DE TOLEDO;Comunidades interiores
11;45;144;REAL DE SAN VICENTE, EL;450144;TOLEDO;PROVINCIA DE TOLEDO;Comunidades interiores
11;45;145;RECAS;450145;TOLEDO;PROVINCIA DE TOLEDO;Comunidades interiores
11;45;146;RETAMOSO DE LA JARA;450146;TOLEDO;PROVINCIA DE TOLEDO;Comunidades interiores
11;45;147;RIELVES;450147;TOLEDO;PROVINCIA DE TOLEDO;Comunidades interiores
11;45;148;ROBLEDO DEL MAZO;450148;TOLEDO;PROVINCIA DE TOLEDO;Comunidades interiores
11;45;149;ROMERAL, EL;450149;TOLEDO;PROVINCIA DE TOLEDO;Comunidades interiores
11;45;150;SAN BARTOLOMÉ DE LAS ABIERTAS;450150;TOLEDO;PROVINCIA DE TOLEDO;Comunidades interiores
11;45;151;SAN MARTÍN DE MONTALBÁN;450151;TOLEDO;PROVINCIA DE TOLEDO;Comunidades interiores
11;45;152;SAN MARTÍN DE PUSA;450152;TOLEDO;PROVINCIA DE TOLEDO;Comunidades interiores
11;45;153;SAN PABLO DE LOS MONTES;450153;TOLEDO;PROVINCIA DE TOLEDO;Comunidades interiores
11;45;154;SAN ROMÁN DE LOS MONTES;450154;TOLEDO;PROVINCIA DE TOLEDO;Comunidades interiores
11;45;155;SANTA ANA DE PUSA;450155;TOLEDO;PROVINCIA DE TOLEDO;Comunidades interiores
11;45;156;SANTA CRUZ DE LA ZARZA;450156;TOLEDO;PROVINCIA DE TOLEDO;Comunidades interiores
11;45;157;SANTA CRUZ DEL RETAMAR;450157;TOLEDO;PROVINCIA DE TOLEDO;Comunidades interiores
11;45;158;SANTA OLALLA;450158;TOLEDO;PROVINCIA DE TOLEDO;Comunidades interiores
11;45;159;SARTAJADA;450159;TOLEDO;PROVINCIA DE TOLEDO;Comunidades interiores
11;45;160;SEGURILLA;450160;TOLEDO;PROVINCIA DE TOLEDO;Comunidades interiores
11;45;161;SESEÑA;450161;TOLEDO;PROVINCIA DE TOLEDO;Comunidades interiores
11;45;162;SEVILLEJA DE LA JARA;450162;TOLEDO;PROVINCIA DE TOLEDO;Comunidades interiores
11;45;163;SONSECA;450163;TOLEDO;PROVINCIA DE TOLEDO;Comunidades interiores
11;45;164;SOTILLO DE LAS PALOMAS;450164;TOLEDO;PROVINCIA DE TOLEDO;Comunidades interiores
11;45;165;TALAVERA DE LA REINA;450165;TOLEDO;PROVINCIA DE TOLEDO;Comunidades interiores
11;45;166;TEMBLEQUE;450166;TOLEDO;PROVINCIA DE TOLEDO;Comunidades interiores
11;45;167;TOBOSO, EL;450167;TOLEDO;PROVINCIA DE TOLEDO;Comunidades interiores
11;45;168;TOLEDO;450168;TOLEDO;PROVINCIA DE TOLEDO;Comunidades interiores
11;45;169;TORRALBA DE OROPESA;450169;TOLEDO;PROVINCIA DE TOLEDO;Comunidades interiores
11;45;170;TORRECILLA DE LA JARA;450170;TOLEDO;PROVINCIA DE TOLEDO;Comunidades interiores
11;45;171;TORRE DE ESTEBAN HAMBRÁN, LA;450171;TOLEDO;PROVINCIA DE TOLEDO;Comunidades interiores
11;45;172;TORRICO;450172;TOLEDO;PROVINCIA DE TOLEDO;Comunidades interiores
11;45;173;TORRIJOS;450173;TOLEDO;PROVINCIA DE TOLEDO;Comunidades interiores
11;45;174;TOTANÉS;450174;TOLEDO;PROVINCIA DE TOLEDO;Comunidades interiores
11;45;175;TURLEQUE;450175;TOLEDO;PROVINCIA DE TOLEDO;Comunidades interiores
11;45;176;UGENA;450176;TOLEDO;PROVINCIA DE TOLEDO;Comunidades interiores
11;45;177;URDA;450177;TOLEDO;PROVINCIA DE TOLEDO;Comunidades interiores
11;45;179;VALDEVERDEJA;450179;TOLEDO;PROVINCIA DE TOLEDO;Comunidades interiores
11;45;180;VALMOJADO;450180;TOLEDO;PROVINCIA DE TOLEDO;Comunidades interiores
11;45;181;VELADA;450181;TOLEDO;PROVINCIA DE TOLEDO;Comunidades interiores
11;45;182;VENTAS CON PEÑA AGUILERA, LAS;450182;TOLEDO;PROVINCIA DE TOLEDO;Comunidades interiores
11;45;183;VENTAS DE RETAMOSA, LAS;450183;TOLEDO;PROVINCIA DE TOLEDO;Comunidades interiores
11;45;184;VENTAS DE SAN JULIÁN, LAS;450184;TOLEDO;PROVINCIA DE TOLEDO;Comunidades interiores
11;45;185;VILLACAÑAS;450185;TOLEDO;PROVINCIA DE TOLEDO;Comunidades interiores
11;45;186;VILLA DE DON FADRIQUE, LA;450186;TOLEDO;PROVINCIA DE TOLEDO;Comunidades interiores
11;45;187;VILLAFRANCA DE LOS CABALLEROS;450187;TOLEDO;PROVINCIA DE TOLEDO;Comunidades interiores
11;45;188;VILLALUENGA DE LA SAGRA;450188;TOLEDO;PROVINCIA DE TOLEDO;Comunidades interiores
11;45;189;VILLAMIEL DE TOLEDO;450189;TOLEDO;PROVINCIA DE TOLEDO;Comunidades interiores
11;45;190;VILLAMINAYA;450190;TOLEDO;PROVINCIA DE TOLEDO;Comunidades interiores
11;45;191;VILLAMUELAS;450191;TOLEDO;PROVINCIA DE TOLEDO;Comunidades interiores
11;45;192;VILLANUEVA DE ALCARDETE;450192;TOLEDO;PROVINCIA DE TOLEDO;Comunidades interiores
11;45;193;VILLANUEVA DE BOGAS;450193;TOLEDO;PROVINCIA DE TOLEDO;Comunidades interiores
11;45;194;VILLAREJO DE MONTALBÁN;450194;TOLEDO;PROVINCIA DE TOLEDO;Comunidades interiores
11;45;195;VILLARRUBIA DE SANTIAGO;450195;TOLEDO;PROVINCIA DE TOLEDO;Comunidades interiores
11;45;196;VILLASECA DE LA SAGRA;450196;TOLEDO;PROVINCIA DE TOLEDO;Comunidades interiores
11;45;197;VILLASEQUILLA;450197;TOLEDO;PROVINCIA DE TOLEDO;Comunidades interiores
11;45;198;VILLATOBAS;450198;TOLEDO;PROVINCIA DE TOLEDO;Comunidades interiores
11;45;199;VISO DE SAN JUAN, EL;450199;TOLEDO;PROVINCIA DE TOLEDO;Comunidades interiores
11;45;200;YEBENES, LOS;450200;TOLEDO;PROVINCIA DE TOLEDO;Comunidades interiores
11;45;201;YELES;450201;TOLEDO;PROVINCIA DE TOLEDO;Comunidades interiores
11;45;202;YEPES;450202;TOLEDO;PROVINCIA DE TOLEDO;Comunidades interiores
11;45;203;YUNCLER;450203;TOLEDO;PROVINCIA DE TOLEDO;Comunidades interiores
11;45;204;YUNCLILLOS;450204;TOLEDO;PROVINCIA DE TOLEDO;Comunidades interiores
11;45;205;YUNCOS;450205;TOLEDO;PROVINCIA DE TOLEDO;Comunidades interiores
11;45;901;SANTO DOMINGO-CAUDILLA;450901;TOLEDO;PROVINCIA DE TOLEDO;Comunidades interiores
11;45;999;OTRA PROVINCIA;450999;TOLEDO;PROVINCIA DE TOLEDO;Comunidades interiores
12;35;0;INDETERMINADO;350000;LAS PALMAS;LAS PALMAS;Canarias
12;35;1;AGAETE;350001;LAS PALMAS;LAS PALMAS;Canarias
12;35;2;AGÜIMES;350002;LAS PALMAS;LAS PALMAS;Canarias
12;35;3;ANTIGUA;350003;LAS PALMAS;LAS PALMAS;Canarias
12;35;4;ARRECIFE;350004;LAS PALMAS;LAS PALMAS;Canarias
12;35;5;ARTENARA;350005;LAS PALMAS;LAS PALMAS;Canarias
12;35;6;ARUCAS;350006;LAS PALMAS;LAS PALMAS;Canarias
12;35;7;BETANCURIA;350007;LAS PALMAS;LAS PALMAS;Canarias
12;35;8;FIRGAS;350008;LAS PALMAS;LAS PALMAS;Canarias
12;35;9;GÁLDAR;350009;LAS PALMAS;LAS PALMAS;Canarias
12;35;10;HARIA;350010;LAS PALMAS;LAS PALMAS;Canarias
12;35;11;INGENIO;350011;LAS PALMAS;LAS PALMAS;Canarias
12;35;12;MOGÁN;350012;LAS PALMAS;LAS PALMAS;Canarias
12;35;13;MOYA;350013;LAS PALMAS;LAS PALMAS;Canarias
12;35;14;OLIVA, LA;350014;LAS PALMAS;LAS PALMAS;Canarias
12;35;15;PÁJARA;350015;LAS PALMAS;LAS PALMAS;Canarias
12;35;16;PALMAS DE GRAN CANARIA, LAS;350016;LAS PALMAS;LAS PALMAS;Canarias
12;35;17;PUERTO DEL ROSARIO;350017;LAS PALMAS;LAS PALMAS;Canarias
12;35;18;SAN BARTOLOMÉ;350018;LAS PALMAS;LAS PALMAS;Canarias
12;35;19;SAN BARTOLOMÉ DE TIRAJANA;350019;LAS PALMAS;LAS PALMAS;Canarias
12;35;20;ALDEA DE SAN NICOLÁS, LA;350020;LAS PALMAS;LAS PALMAS;Canarias
12;35;21;SANTA BRÍGIDA;350021;LAS PALMAS;LAS PALMAS;Canarias
12;35;22;SANTA LUCÍA DE TIRAJANA;350022;LAS PALMAS;LAS PALMAS;Canarias
12;35;23;STA MARÍA GUIA DE GRAN CANARIA;350023;LAS PALMAS;LAS PALMAS;Canarias
12;35;24;TEGUISE;350024;LAS PALMAS;LAS PALMAS;Canarias
12;35;25;TEJEDA;350025;LAS PALMAS;LAS PALMAS;Canarias
12;35;26;TELDE;350026;LAS PALMAS;LAS PALMAS;Canarias
12;35;27;TEROR;350027;LAS PALMAS;LAS PALMAS;Canarias
12;35;28;TÍAS;350028;LAS PALMAS;LAS PALMAS;Canarias
12;35;29;TINAJO;350029;LAS PALMAS;LAS PALMAS;Canarias
12;35;30;TUINEJE;350030;LAS PALMAS;LAS PALMAS;Canarias
12;35;31;VALSEQUILLO DE GRAN CANARIA;350031;LAS PALMAS;LAS PALMAS;Canarias
12;35;32;VALLESECO;350032;LAS PALMAS;LAS PALMAS;Canarias
12;35;33;VEGA DE SAN MATEO;350033;LAS PALMAS;LAS PALMAS;Canarias
12;35;34;YAIZA;350034;LAS PALMAS;LAS PALMAS;Canarias
12;38;0;INDETERMINADO;380000;Tenerife;provincia de Tenerife;Canarias
12;38;1;ADEJE;380001;Tenerife;provincia de Tenerife;Canarias
12;38;2;AGULO;380002;Tenerife;provincia de Tenerife;Canarias
12;38;3;ALAJERÓ;380003;Tenerife;provincia de Tenerife;Canarias
12;38;4;ARAFO;380004;Tenerife;provincia de Tenerife;Canarias
12;38;5;ARICO;380005;Tenerife;provincia de Tenerife;Canarias
12;38;6;ARONA;380006;Tenerife;provincia de Tenerife;Canarias
12;38;7;BARLOVENTO;380007;Tenerife;provincia de Tenerife;Canarias
12;38;8;BREÑA ALTA;380008;Tenerife;provincia de Tenerife;Canarias
12;38;9;BREÑA BAJA;380009;Tenerife;provincia de Tenerife;Canarias
12;38;10;BUENAVISTA DEL NORTE;380010;Tenerife;provincia de Tenerife;Canarias
12;38;11;CANDELARIA;380011;Tenerife;provincia de Tenerife;Canarias
12;38;12;FASNIA;380012;Tenerife;provincia de Tenerife;Canarias
12;38;13;FRONTERA;380013;Tenerife;provincia de Tenerife;Canarias
12;38;14;FUENCALIENTE DE LA PALMA;380014;Tenerife;provincia de Tenerife;Canarias
12;38;15;GARACHICO;380015;Tenerife;provincia de Tenerife;Canarias
12;38;16;GARAFÍA;380016;Tenerife;provincia de Tenerife;Canarias
12;38;17;GRANADILLA DE ABONA;380017;Tenerife;provincia de Tenerife;Canarias
12;38;18;GUANCHA, LA;380018;Tenerife;provincia de Tenerife;Canarias
12;38;19;GUÍA DE ISORA;380019;Tenerife;provincia de Tenerife;Canarias
12;38;20;GÜÍMAR;380020;Tenerife;provincia de Tenerife;Canarias
12;38;21;HERMIGUA;380021;Tenerife;provincia de Tenerife;Canarias
12;38;22;ICOD DE LOS VINOS;380022;Tenerife;provincia de Tenerife;Canarias
12;38;23;SAN CRISTÓBAL DE LA LAGUNA;380023;Tenerife;provincia de Tenerife;Canarias
12;38;24;LLANOS DE ARIDANE, LOS;380024;Tenerife;provincia de Tenerife;Canarias
12;38;25;MATANZA DE ACENTEJO, LA;380025;Tenerife;provincia de Tenerife;Canarias
12;38;26;OROTAVA, LA;380026;Tenerife;provincia de Tenerife;Canarias
12;38;27;PASO, EL;380027;Tenerife;provincia de Tenerife;Canarias
12;38;28;PUERTO DE LA CRUZ;380028;Tenerife;provincia de Tenerife;Canarias
12;38;29;PUNTAGORDA;380029;Tenerife;provincia de Tenerife;Canarias
12;38;30;PUNTALLANA;380030;Tenerife;provincia de Tenerife;Canarias
12;38;31;REALEJOS, LOS;380031;Tenerife;provincia de Tenerife;Canarias
12;38;32;ROSARIO, EL;380032;Tenerife;provincia de Tenerife;Canarias
12;38;33;SAN ANDRÉS Y SAUCES;380033;Tenerife;provincia de Tenerife;Canarias
12;38;34;SAN JUAN DE LA RAMBLA;380034;Tenerife;provincia de Tenerife;Canarias
12;38;35;SAN MIGUEL DE ABONA;380035;Tenerife;provincia de Tenerife;Canarias
12;38;36;SAN SEBASTIÁN DE LA GOMERA;380036;Tenerife;provincia de Tenerife;Canarias
12;38;37;SANTA CRUZ DE LA PALMA;380037;Tenerife;provincia de Tenerife;Canarias
12;38;38;SANTA CRUZ DE TENERIFE;380038;Tenerife;provincia de Tenerife;Canarias
12;38;39;SANTA ÚRSULA;380039;Tenerife;provincia de Tenerife;Canarias
12;38;40;SANTIAGO DEL TEIDE;380040;Tenerife;provincia de Tenerife;Canarias
12;38;41;SAUZAL, EL;380041;Tenerife;provincia de Tenerife;Canarias
12;38;42;SILOS, LOS;380042;Tenerife;provincia de Tenerife;Canarias
12;38;43;TACORONTE;380043;Tenerife;provincia de Tenerife;Canarias
12;38;44;TANQUE, EL;380044;Tenerife;provincia de Tenerife;Canarias
12;38;45;TAZACORTE;380045;Tenerife;provincia de Tenerife;Canarias
12;38;46;TEGUESTE;380046;Tenerife;provincia de Tenerife;Canarias
12;38;47;TIJARAFE;380047;Tenerife;provincia de Tenerife;Canarias
12;38;48;VALVERDE;380048;Tenerife;provincia de Tenerife;Canarias
12;38;49;VALLE GRAN REY;380049;Tenerife;provincia de Tenerife;Canarias
12;38;50;VALLEHERMOSO;380050;Tenerife;provincia de Tenerife;Canarias
12;38;51;VICTORIA DE ACENTEJO, LA;380051;Tenerife;provincia de Tenerife;Canarias
12;38;52;VILAFLOR;380052;Tenerife;provincia de Tenerife;Canarias
12;38;53;VILLA DE MAZO;380053;Tenerife;provincia de Tenerife;Canarias
12;38;901;El Pinar de El Hierro;380901;Tenerife;provincia de Tenerife;Canarias
13;31;0;INDETERMINADO;310000;NAVARRA;NAVARRA;Comunidades interiores
13;31;1;ABÁIGAR;310001;NAVARRA;NAVARRA;Comunidades interiores
13;31;2;ABÁRZUZA;310002;NAVARRA;NAVARRA;Comunidades interiores
13;31;3;ABAURREGAINA/ABURREA ALTA;310003;NAVARRA;NAVARRA;Comunidades interiores
13;31;4;ABAURREPEA/ABURREA BAJA;310004;NAVARRA;NAVARRA;Comunidades interiores
13;31;5;ABERIN;310005;NAVARRA;NAVARRA;Comunidades interiores
13;31;6;ABLITAS;310006;NAVARRA;NAVARRA;Comunidades interiores
13;31;7;ADIÓS;310007;NAVARRA;NAVARRA;Comunidades interiores
13;31;8;AGUILAR DE CODÉS;310008;NAVARRA;NAVARRA;Comunidades interiores
13;31;9;OIBAR/AIBAR;310009;NAVARRA;NAVARRA;Comunidades interiores
13;31;10;ALTSASU/ALSASUA;310010;NAVARRA;NAVARRA;Comunidades interiores
13;31;11;ALLÍN;310011;NAVARRA;NAVARRA;Comunidades interiores
13;31;12;ALLO;310012;NAVARRA;NAVARRA;Comunidades interiores
13;31;13;AMÉSCOA BAJA;310013;NAVARRA;NAVARRA;Comunidades interiores
13;31;14;ANCÍN/ANTZIN;310014;NAVARRA;NAVARRA;Comunidades interiores
13;31;15;ANDOSILLA;310015;NAVARRA;NAVARRA;Comunidades interiores
13;31;16;ANSOÁIN/ANTSOAIN;310016;NAVARRA;NAVARRA;Comunidades interiores
13;31;17;ANUE;310017;NAVARRA;NAVARRA;Comunidades interiores
13;31;18;AÑORBE;310018;NAVARRA;NAVARRA;Comunidades interiores
13;31;19;AGOITZ/AOIZ;310019;NAVARRA;NAVARRA;Comunidades interiores
13;31;20;ARAITZ;310020;NAVARRA;NAVARRA;Comunidades interiores
13;31;21;ARANARACHE/ARANARATXE;310021;NAVARRA;NAVARRA;Comunidades interiores
13;31;22;ARANTZA;310022;NAVARRA;NAVARRA;Comunidades interiores
13;31;23;ARANGUREN;310023;NAVARRA;NAVARRA;Comunidades interiores
13;31;24;ARANO;310024;NAVARRA;NAVARRA;Comunidades interiores
13;31;25;ARAKIL;310025;NAVARRA;NAVARRA;Comunidades interiores
13;31;26;ARAS;310026;NAVARRA;NAVARRA;Comunidades interiores
13;31;27;ARBIZU;310027;NAVARRA;NAVARRA;Comunidades interiores
13;31;28;ARTZI/ARCE;310028;NAVARRA;NAVARRA;Comunidades interiores
13;31;29;ARCOS, LOS;310029;NAVARRA;NAVARRA;Comunidades interiores
13;31;30;ARELLANO;310030;NAVARRA;NAVARRA;Comunidades interiores
13;31;31;ARESO;310031;NAVARRA;NAVARRA;Comunidades interiores
13;31;32;ARGUEDAS;310032;NAVARRA;NAVARRA;Comunidades interiores
13;31;33;ARIA;310033;NAVARRA;NAVARRA;Comunidades interiores
13;31;34;ARIBE;310034;NAVARRA;NAVARRA;Comunidades interiores
13;31;35;ARMAÑANZAS;310035;NAVARRA;NAVARRA;Comunidades interiores
13;31;36;ARRÓNIZ;310036;NAVARRA;NAVARRA;Comunidades interiores
13;31;37;ARRUAZU;310037;NAVARRA;NAVARRA;Comunidades interiores
13;31;38;ARTAJONA;310038;NAVARRA;NAVARRA;Comunidades interiores
13;31;39;ARTAZU;310039;NAVARRA;NAVARRA;Comunidades interiores
13;31;40;ATEZ;310040;NAVARRA;NAVARRA;Comunidades interiores
13;31;41;AYEGUI/AIEGI;310041;NAVARRA;NAVARRA;Comunidades interiores
13;31;42;AZAGRA;310042;NAVARRA;NAVARRA;Comunidades interiores
13;31;43;AZUELO;310043;NAVARRA;NAVARRA;Comunidades interiores
13;31;44;BAKAIKU;310044;NAVARRA;NAVARRA;Comunidades interiores
13;31;45;BARÁSOAIN;310045;NAVARRA;NAVARRA;Comunidades interiores
13;31;46;BARBARIN;310046;NAVARRA;NAVARRA;Comunidades interiores
13;31;47;BARGOTA;310047;NAVARRA;NAVARRA;Comunidades interiores
13;31;48;BARILLAS;310048;NAVARRA;NAVARRA;Comunidades interiores
13;31;49;BASABURUA;310049;NAVARRA;NAVARRA;Comunidades interiores
13;31;50;BAZTAN;310050;NAVARRA;NAVARRA;Comunidades interiores
13;31;51;BEIRE;310051;NAVARRA;NAVARRA;Comunidades interiores
13;31;52;BELASCOÁIN;310052;NAVARRA;NAVARRA;Comunidades interiores
13;31;53;BERBINZANA;310053;NAVARRA;NAVARRA;Comunidades interiores
13;31;54;BERTIZARANA;310054;NAVARRA;NAVARRA;Comunidades interiores
13;31;55;BETELU;310055;NAVARRA;NAVARRA;Comunidades interiores
13;31;56;BIURRUN-OLCOZ;310056;NAVARRA;NAVARRA;Comunidades interiores
13;31;57;BUÑUEL;310057;NAVARRA;NAVARRA;Comunidades interiores
13;31;58;AURITZ/BURGUETE;310058;NAVARRA;NAVARRA;Comunidades interiores
13;31;59;BURGI/BURGUI;310059;NAVARRA;NAVARRA;Comunidades interiores
13;31;60;BURLATA/BURLADA;310060;NAVARRA;NAVARRA;Comunidades interiores
13;31;61;BUSTO, EL;310061;NAVARRA;NAVARRA;Comunidades interiores
13;31;62;CABANILLAS;310062;NAVARRA;NAVARRA;Comunidades interiores
13;31;63;CABREDO;310063;NAVARRA;NAVARRA;Comunidades interiores
13;31;64;CADREITA;310064;NAVARRA;NAVARRA;Comunidades interiores
13;31;65;CAPARROSO;310065;NAVARRA;NAVARRA;Comunidades interiores
13;31;66;CÁRCAR;310066;NAVARRA;NAVARRA;Comunidades interiores
13;31;67;CARCASTILLO;310067;NAVARRA;NAVARRA;Comunidades interiores
13;31;68;CASCANTE;310068;NAVARRA;NAVARRA;Comunidades interiores
13;31;69;CÁSEDA;310069;NAVARRA;NAVARRA;Comunidades interiores
13;31;70;CASTEJÓN;310070;NAVARRA;NAVARRA;Comunidades interiores
13;31;71;CASTILLONUEVO;310071;NAVARRA;NAVARRA;Comunidades interiores
13;31;72;CINTRUÉNIGO;310072;NAVARRA;NAVARRA;Comunidades interiores
13;31;73;ZIORDIA;310073;NAVARRA;NAVARRA;Comunidades interiores
13;31;74;CIRAUQUI/ZIRAUKI;310074;NAVARRA;NAVARRA;Comunidades interiores
13;31;75;CIRIZA;310075;NAVARRA;NAVARRA;Comunidades interiores
13;31;76;CIZUR;310076;NAVARRA;NAVARRA;Comunidades interiores
13;31;77;CORELLA;310077;NAVARRA;NAVARRA;Comunidades interiores
13;31;78;CORTES;310078;NAVARRA;NAVARRA;Comunidades interiores
13;31;79;DESOJO;310079;NAVARRA;NAVARRA;Comunidades interiores
13;31;80;DICASTILLO;310080;NAVARRA;NAVARRA;Comunidades interiores
13;31;81;DONAMARIA;310081;NAVARRA;NAVARRA;Comunidades interiores
13;31;82;ETXALAR;310082;NAVARRA;NAVARRA;Comunidades interiores
13;31;83;ECHARRI;310083;NAVARRA;NAVARRA;Comunidades interiores
13;31;84;ETXARRI-ARANATZ;310084;NAVARRA;NAVARRA;Comunidades interiores
13;31;85;ETXAURI;310085;NAVARRA;NAVARRA;Comunidades interiores
13;31;86;EGÜÉS;310086;NAVARRA;NAVARRA;Comunidades interiores
13;31;87;ELGORRIAGA;310087;NAVARRA;NAVARRA;Comunidades interiores
13;31;88;NOÁIN (ELORTZIBAR);310088;NAVARRA;NAVARRA;Comunidades interiores
13;31;89;ENÉRIZ/ENERITZ;310089;NAVARRA;NAVARRA;Comunidades interiores
13;31;90;ERATSUN;310090;NAVARRA;NAVARRA;Comunidades interiores
13;31;91;ERGOIENA;310091;NAVARRA;NAVARRA;Comunidades interiores
13;31;92;ERRO;310092;NAVARRA;NAVARRA;Comunidades interiores
13;31;93;EZKAROZE/EZCÁROZ;310093;NAVARRA;NAVARRA;Comunidades interiores
13;31;94;ESLAVA;310094;NAVARRA;NAVARRA;Comunidades interiores
13;31;95;ESPARZA DE SALAZAR;310095;NAVARRA;NAVARRA;Comunidades interiores
13;31;96;ESPRONCEDA;310096;NAVARRA;NAVARRA;Comunidades interiores
13;31;97;LIZARRA/ESTELLA;310097;NAVARRA;NAVARRA;Comunidades interiores
13;31;98;ESTERIBAR;310098;NAVARRA;NAVARRA;Comunidades interiores
13;31;99;ETAYO;310099;NAVARRA;NAVARRA;Comunidades interiores
13;31;100;EULATE;310100;NAVARRA;NAVARRA;Comunidades interiores
13;31;101;EZCABARTE;310101;NAVARRA;NAVARRA;Comunidades interiores
13;31;102;EZKURRA;310102;NAVARRA;NAVARRA;Comunidades interiores
13;31;103;EZPROGUI;310103;NAVARRA;NAVARRA;Comunidades interiores
13;31;104;FALCES;310104;NAVARRA;NAVARRA;Comunidades interiores
13;31;105;FITERO;310105;NAVARRA;NAVARRA;Comunidades interiores
13;31;106;FONTELLAS;310106;NAVARRA;NAVARRA;Comunidades interiores
13;31;107;FUNES;310107;NAVARRA;NAVARRA;Comunidades interiores
13;31;108;FUSTIÑANA;310108;NAVARRA;NAVARRA;Comunidades interiores
13;31;109;GALAR;310109;NAVARRA;NAVARRA;Comunidades interiores
13;31;110;GALLIPIENZO/GALIPENTZU;310110;NAVARRA;NAVARRA;Comunidades interiores
13;31;111;GALOZE/GALLUÉS;310111;NAVARRA;NAVARRA;Comunidades interiores
13;31;112;GARAIOA;310112;NAVARRA;NAVARRA;Comunidades interiores
13;31;113;GARDE;310113;NAVARRA;NAVARRA;Comunidades interiores
13;31;114;GARÍNOAIN;310114;NAVARRA;NAVARRA;Comunidades interiores
13;31;115;GARRALDA;310115;NAVARRA;NAVARRA;Comunidades interiores
13;31;116;GENEVILLA;310116;NAVARRA;NAVARRA;Comunidades interiores
13;31;117;GOIZUETA;310117;NAVARRA;NAVARRA;Comunidades interiores
13;31;118;GOÑI;310118;NAVARRA;NAVARRA;Comunidades interiores
13;31;119;GORZA/GÜESA;310119;NAVARRA;NAVARRA;Comunidades interiores
13;31;120;GUESÁLAZ/GESALATZ;310120;NAVARRA;NAVARRA;Comunidades interiores
13;31;121;GUIRGUILLANO;310121;NAVARRA;NAVARRA;Comunidades interiores
13;31;122;UHARTE/HUARTE;310122;NAVARRA;NAVARRA;Comunidades interiores
13;31;123;UHARTE-ARAKIL;310123;NAVARRA;NAVARRA;Comunidades interiores
13;31;124;IBARGOITI;310124;NAVARRA;NAVARRA;Comunidades interiores
13;31;125;IGÚZQUIZA;310125;NAVARRA;NAVARRA;Comunidades interiores
13;31;126;IMOTZ;310126;NAVARRA;NAVARRA;Comunidades interiores
13;31;127;IRAÑETA;310127;NAVARRA;NAVARRA;Comunidades interiores
13;31;128;IZABA/ISABA;310128;NAVARRA;NAVARRA;Comunidades interiores
13;31;129;ITUREN;310129;NAVARRA;NAVARRA;Comunidades interiores
13;31;130;ITURMENDI;310130;NAVARRA;NAVARRA;Comunidades interiores
13;31;131;IZA/ITZA;310131;NAVARRA;NAVARRA;Comunidades interiores
13;31;132;IZAGAONDOA;310132;NAVARRA;NAVARRA;Comunidades interiores
13;31;133;ITZALTZU/IZALZU;310133;NAVARRA;NAVARRA;Comunidades interiores
13;31;134;JAURRIETA;310134;NAVARRA;NAVARRA;Comunidades interiores
13;31;135;JAVIER;310135;NAVARRA;NAVARRA;Comunidades interiores
13;31;136;JUSLAPEÑA;310136;NAVARRA;NAVARRA;Comunidades interiores
13;31;137;BEINTZA-LABAIEN;310137;NAVARRA;NAVARRA;Comunidades interiores
13;31;138;LAKUNTZA;310138;NAVARRA;NAVARRA;Comunidades interiores
13;31;139;LANA;310139;NAVARRA;NAVARRA;Comunidades interiores
13;31;140;LANTZ;310140;NAVARRA;NAVARRA;Comunidades interiores
13;31;141;LAPOBLACIÓN;310141;NAVARRA;NAVARRA;Comunidades interiores
13;31;142;LARRAGA;310142;NAVARRA;NAVARRA;Comunidades interiores
13;31;143;LARRAONA;310143;NAVARRA;NAVARRA;Comunidades interiores
13;31;144;LARRAUN;310144;NAVARRA;NAVARRA;Comunidades interiores
13;31;145;LAZAGURRÍA;310145;NAVARRA;NAVARRA;Comunidades interiores
13;31;146;LEACHE;310146;NAVARRA;NAVARRA;Comunidades interiores
13;31;147;LEGARDA;310147;NAVARRA;NAVARRA;Comunidades interiores
13;31;148;LEGARIA;310148;NAVARRA;NAVARRA;Comunidades interiores
13;31;149;LEITZA;310149;NAVARRA;NAVARRA;Comunidades interiores
13;31;150;LEOZ/LEOTZ;310150;NAVARRA;NAVARRA;Comunidades interiores
13;31;151;LERGA;310151;NAVARRA;NAVARRA;Comunidades interiores
13;31;152;LERÍN;310152;NAVARRA;NAVARRA;Comunidades interiores
13;31;153;LESAKA;310153;NAVARRA;NAVARRA;Comunidades interiores
13;31;154;LEZÁUN;310154;NAVARRA;NAVARRA;Comunidades interiores
13;31;155;LIÉDANA;310155;NAVARRA;NAVARRA;Comunidades interiores
13;31;156;LIZOÁIN-ARRIASGOITI;310156;NAVARRA;NAVARRA;Comunidades interiores
13;31;157;LODOSA;310157;NAVARRA;NAVARRA;Comunidades interiores
13;31;158;LÓNGIDA/LONGUIDA;310158;NAVARRA;NAVARRA;Comunidades interiores
13;31;159;LUMBIER;310159;NAVARRA;NAVARRA;Comunidades interiores
13;31;160;LUQUIN;310160;NAVARRA;NAVARRA;Comunidades interiores
13;31;161;MAÑERU;310161;NAVARRA;NAVARRA;Comunidades interiores
13;31;162;MARAÑÓN;310162;NAVARRA;NAVARRA;Comunidades interiores
13;31;163;MARCILLA;310163;NAVARRA;NAVARRA;Comunidades interiores
13;31;164;MÉLIDA;310164;NAVARRA;NAVARRA;Comunidades interiores
13;31;165;MENDAVIA;310165;NAVARRA;NAVARRA;Comunidades interiores
13;31;166;MENDAZA;310166;NAVARRA;NAVARRA;Comunidades interiores
13;31;167;MENDIGORRÍA;310167;NAVARRA;NAVARRA;Comunidades interiores
13;31;168;METAUTEN;310168;NAVARRA;NAVARRA;Comunidades interiores
13;31;169;MILAGRO;310169;NAVARRA;NAVARRA;Comunidades interiores
13;31;170;MIRAFUENTES;310170;NAVARRA;NAVARRA;Comunidades interiores
13;31;171;MIRANDA DE ARGA;310171;NAVARRA;NAVARRA;Comunidades interiores
13;31;172;MONREAL;310172;NAVARRA;NAVARRA;Comunidades interiores
13;31;173;MONTEAGUDO;310173;NAVARRA;NAVARRA;Comunidades interiores
13;31;174;MORENTÍN;310174;NAVARRA;NAVARRA;Comunidades interiores
13;31;175;MUES;310175;NAVARRA;NAVARRA;Comunidades interiores
13;31;176;MURCHANTE;310176;NAVARRA;NAVARRA;Comunidades interiores
13;31;177;MURIETA;310177;NAVARRA;NAVARRA;Comunidades interiores
13;31;178;MURILLO EL CUENDE;310178;NAVARRA;NAVARRA;Comunidades interiores
13;31;179;MURILLO EL FRUTO;310179;NAVARRA;NAVARRA;Comunidades interiores
13;31;180;MURUZÁBAL;310180;NAVARRA;NAVARRA;Comunidades interiores
13;31;181;NAVASCUÉS;310181;NAVARRA;NAVARRA;Comunidades interiores
13;31;182;NAZAR;310182;NAVARRA;NAVARRA;Comunidades interiores
13;31;183;OBANOS;310183;NAVARRA;NAVARRA;Comunidades interiores
13;31;184;OCO;310184;NAVARRA;NAVARRA;Comunidades interiores
13;31;185;OCHAGAVÍA;310185;NAVARRA;NAVARRA;Comunidades interiores
13;31;186;ODIETA;310186;NAVARRA;NAVARRA;Comunidades interiores
13;31;187;OITZ;310187;NAVARRA;NAVARRA;Comunidades interiores
13;31;188;OLAIBAR;310188;NAVARRA;NAVARRA;Comunidades interiores
13;31;189;OLAZTI/OLAZAGUTÍA;310189;NAVARRA;NAVARRA;Comunidades interiores
13;31;190;OLEJUA;310190;NAVARRA;NAVARRA;Comunidades interiores
13;31;191;OLITE/ERRIBERI;310191;NAVARRA;NAVARRA;Comunidades interiores
13;31;192;OLÓRIZ/OLORITZ;310192;NAVARRA;NAVARRA;Comunidades interiores
13;31;193;OLZA;310193;NAVARRA;NAVARRA;Comunidades interiores
13;31;194;OLLO;310194;NAVARRA;NAVARRA;Comunidades interiores
13;31;195;ORBAITZETA;310195;NAVARRA;NAVARRA;Comunidades interiores
13;31;196;ORBARA;310196;NAVARRA;NAVARRA;Comunidades interiores
13;31;197;ORÍSOAIN;310197;NAVARRA;NAVARRA;Comunidades interiores
13;31;198;ORONZ;310198;NAVARRA;NAVARRA;Comunidades interiores
13;31;199;OROZ-BETELU/OROTZ-BETELU;310199;NAVARRA;NAVARRA;Comunidades interiores
13;31;200;OTEIZA;310200;NAVARRA;NAVARRA;Comunidades interiores
13;31;201;IRUÑA/PAMPLONA;310201;NAVARRA;NAVARRA;Comunidades interiores
13;31;202;PERALTA/AZKOIEN;310202;NAVARRA;NAVARRA;Comunidades interiores
13;31;203;PETILLA DE ARAGÓN;310203;NAVARRA;NAVARRA;Comunidades interiores
13;31;204;PIEDRAMILLERA;310204;NAVARRA;NAVARRA;Comunidades interiores
13;31;205;PITILLAS;310205;NAVARRA;NAVARRA;Comunidades interiores
13;31;206;GARES/PUENTE LA REINA;310206;NAVARRA;NAVARRA;Comunidades interiores
13;31;207;PUEYO;310207;NAVARRA;NAVARRA;Comunidades interiores
13;31;208;RIBAFORADA;310208;NAVARRA;NAVARRA;Comunidades interiores
13;31;209;ROMANZADO;310209;NAVARRA;NAVARRA;Comunidades interiores
13;31;210;ERRONKARI/RONCAL;310210;NAVARRA;NAVARRA;Comunidades interiores
13;31;211;ORREAGA/RONCESVALLES;310211;NAVARRA;NAVARRA;Comunidades interiores
13;31;212;SADA;310212;NAVARRA;NAVARRA;Comunidades interiores
13;31;213;SALDÍAS;310213;NAVARRA;NAVARRA;Comunidades interiores
13;31;214;SALINAS DE ORO/JAITZ;310214;NAVARRA;NAVARRA;Comunidades interiores
13;31;215;SAN ADRIÁN;310215;NAVARRA;NAVARRA;Comunidades interiores
13;31;216;ZANGOZA/SANGÜESA;310216;NAVARRA;NAVARRA;Comunidades interiores
13;31;217;SAN MARTÍN DE UNX;310217;NAVARRA;NAVARRA;Comunidades interiores
13;31;219;SANSOL;310219;NAVARRA;NAVARRA;Comunidades interiores
13;31;220;SANTACARA;310220;NAVARRA;NAVARRA;Comunidades interiores
13;31;221;DONEZTEBE/SANTESTEBAN;310221;NAVARRA;NAVARRA;Comunidades interiores
13;31;222;SARTZE/SARRIÉS;310222;NAVARRA;NAVARRA;Comunidades interiores
13;31;223;SARTAGUDA;310223;NAVARRA;NAVARRA;Comunidades interiores
13;31;224;SESMA;310224;NAVARRA;NAVARRA;Comunidades interiores
13;31;225;SORLADA;310225;NAVARRA;NAVARRA;Comunidades interiores
13;31;226;SUNBILLA;310226;NAVARRA;NAVARRA;Comunidades interiores
13;31;227;TAFALLA;310227;NAVARRA;NAVARRA;Comunidades interiores
13;31;228;TIEBAS-MURUARTE DE RETA;310228;NAVARRA;NAVARRA;Comunidades interiores
13;31;229;TIRAPU;310229;NAVARRA;NAVARRA;Comunidades interiores
13;31;230;TORRALBA DEL RÍO;310230;NAVARRA;NAVARRA;Comunidades interiores
13;31;231;TORRES DEL RÍO;310231;NAVARRA;NAVARRA;Comunidades interiores
13;31;232;TUDELA;310232;NAVARRA;NAVARRA;Comunidades interiores
13;31;233;TULEBRAS;310233;NAVARRA;NAVARRA;Comunidades interiores
13;31;234;UCAR;310234;NAVARRA;NAVARRA;Comunidades interiores
13;31;235;UJUÉ;310235;NAVARRA;NAVARRA;Comunidades interiores
13;31;236;ULTZAMA;310236;NAVARRA;NAVARRA;Comunidades interiores
13;31;237;UNCITI;310237;NAVARRA;NAVARRA;Comunidades interiores
13;31;238;UNZUÉ;310238;NAVARRA;NAVARRA;Comunidades interiores
13;31;239;URDAZUBI/URDAX;310239;NAVARRA;NAVARRA;Comunidades interiores
13;31;240;URDIAIN;310240;NAVARRA;NAVARRA;Comunidades interiores
13;31;241;URRAUL ALTO;310241;NAVARRA;NAVARRA;Comunidades interiores
13;31;242;URRAUL BAJO;310242;NAVARRA;NAVARRA;Comunidades interiores
13;31;243;URROZ-VILLA;310243;NAVARRA;NAVARRA;Comunidades interiores
13;31;244;URROTZ;310244;NAVARRA;NAVARRA;Comunidades interiores
13;31;245;URZAINQUI;310245;NAVARRA;NAVARRA;Comunidades interiores
13;31;246;UTERGA;310246;NAVARRA;NAVARRA;Comunidades interiores
13;31;247;UZTARROZE/UZTÁRROZ;310247;NAVARRA;NAVARRA;Comunidades interiores
13;31;248;LUZAIDE/VALCARLOS;310248;NAVARRA;NAVARRA;Comunidades interiores
13;31;249;VALTIERRA;310249;NAVARRA;NAVARRA;Comunidades interiores
13;31;250;BERA;310250;NAVARRA;NAVARRA;Comunidades interiores
13;31;251;VIANA;310251;NAVARRA;NAVARRA;Comunidades interiores
13;31;252;BIDANKOZE/VIDÁNGOZ;310252;NAVARRA;NAVARRA;Comunidades interiores
13;31;253;BIDAURRETA;310253;NAVARRA;NAVARRA;Comunidades interiores
13;31;254;VILLAFRANCA;310254;NAVARRA;NAVARRA;Comunidades interiores
13;31;255;VILLAMAYOR DE MONJARDÍN;310255;NAVARRA;NAVARRA;Comunidades interiores
13;31;256;HIRIBERRI/VILLANUEVA DE AEZKOA;310256;NAVARRA;NAVARRA;Comunidades interiores
13;31;257;VILLATUERTA;310257;NAVARRA;NAVARRA;Comunidades interiores
13;31;258;ATARRABIA/VILLAVA;310258;NAVARRA;NAVARRA;Comunidades interiores
13;31;259;IGANTZI;310259;NAVARRA;NAVARRA;Comunidades interiores
13;31;260;YERRI;310260;NAVARRA;NAVARRA;Comunidades interiores
13;31;261;YESA;310261;NAVARRA;NAVARRA;Comunidades interiores
13;31;262;ZABALZA/ZABALTZA;310262;NAVARRA;NAVARRA;Comunidades interiores
13;31;263;ZUBIETA;310263;NAVARRA;NAVARRA;Comunidades interiores
13;31;264;ZUGARRAMURDI;310264;NAVARRA;NAVARRA;Comunidades interiores
13;31;265;ZÚÑIGA;310265;NAVARRA;NAVARRA;Comunidades interiores
13;31;701;SIERRA DE LÓQUIZ;310701;NAVARRA;NAVARRA;Comunidades interiores
13;31;702;FACERÍA 2;310702;NAVARRA;NAVARRA;Comunidades interiores
13;31;704;SIERRA DE ARALAR;310704;NAVARRA;NAVARRA;Comunidades interiores
13;31;706;SIERRA DE ANDÍA;310706;NAVARRA;NAVARRA;Comunidades interiores
13;31;707;SIERRA DE URBASA;310707;NAVARRA;NAVARRA;Comunidades interiores
13;31;709;FACERÍA 9;310709;NAVARRA;NAVARRA;Comunidades interiores
13;31;710;FACERÍA 10;310710;NAVARRA;NAVARRA;Comunidades interiores
13;31;711;FACERÍA 11;310711;NAVARRA;NAVARRA;Comunidades interiores
13;31;714;FACERÍA 14;310714;NAVARRA;NAVARRA;Comunidades interiores
13;31;715;FACERÍA 15;310715;NAVARRA;NAVARRA;Comunidades interiores
13;31;716;FACERÍA 16;310716;NAVARRA;NAVARRA;Comunidades interiores
13;31;718;FACERÍA DE REMENDIA;310718;NAVARRA;NAVARRA;Comunidades interiores
13;31;721;FACERÍA 21;310721;NAVARRA;NAVARRA;Comunidades interiores
13;31;722;FACERÍA 22;310722;NAVARRA;NAVARRA;Comunidades interiores
13;31;723;MONTE COMÚN DE LAS AMESCOAS;310723;NAVARRA;NAVARRA;Comunidades interiores
13;31;724;FACERÍA 24;310724;NAVARRA;NAVARRA;Comunidades interiores
13;31;726;FACERÍA 26;310726;NAVARRA;NAVARRA;Comunidades interiores
13;31;728;FACERÍA 28;310728;NAVARRA;NAVARRA;Comunidades interiores
13;31;729;FACERO ARAMBELZA;310729;NAVARRA;NAVARRA;Comunidades interiores
13;31;730;FACERÍA 30;310730;NAVARRA;NAVARRA;Comunidades interiores
13;31;731;COMUNIDAD DE BARBARÍN Y OLEJUA;310731;NAVARRA;NAVARRA;Comunidades interiores
13;31;732;FACERÍA 32;310732;NAVARRA;NAVARRA;Comunidades interiores
13;31;735;FACERÍA 35;310735;NAVARRA;NAVARRA;Comunidades interiores
13;31;736;FACERÍA 36;310736;NAVARRA;NAVARRA;Comunidades interiores
13;31;737;FACERÍA 37;310737;NAVARRA;NAVARRA;Comunidades interiores
13;31;738;FACERÍA 38;310738;NAVARRA;NAVARRA;Comunidades interiores
13;31;739;FACERÍA 39;310739;NAVARRA;NAVARRA;Comunidades interiores
13;31;740;FACERÍA 40;310740;NAVARRA;NAVARRA;Comunidades interiores
13;31;741;FACERÍA 41;310741;NAVARRA;NAVARRA;Comunidades interiores
13;31;742;FACERÍA 42;310742;NAVARRA;NAVARRA;Comunidades interiores
13;31;743;FACERÍA 43;310743;NAVARRA;NAVARRA;Comunidades interiores
13;31;744;FACERÍA 44;310744;NAVARRA;NAVARRA;Comunidades interiores
13;31;745;FACERÍA 45;310745;NAVARRA;NAVARRA;Comunidades interiores
13;31;746;FACERÍA DE SUARBE Y BEUNTZA;310746;NAVARRA;NAVARRA;Comunidades interiores
13;31;749;FACERÍA DE ARISTREGUI Y SARASA;310749;NAVARRA;NAVARRA;Comunidades interiores
13;31;750;FACERÍA 50;310750;NAVARRA;NAVARRA;Comunidades interiores
13;31;752;FACERÍA 52;310752;NAVARRA;NAVARRA;Comunidades interiores
13;31;753;FACERO ALDAPE;310753;NAVARRA;NAVARRA;Comunidades interiores
13;31;755;FACERÍA 55;310755;NAVARRA;NAVARRA;Comunidades interiores
13;31;756;FACERÍA 56;310756;NAVARRA;NAVARRA;Comunidades interiores
13;31;761;FACERÍA DE ANEZCAR Y SARASA;310761;NAVARRA;NAVARRA;Comunidades interiores
13;31;762;FACERÍA DE BERRIOSUSO,CI.Y OR.;310762;NAVARRA;NAVARRA;Comunidades interiores
13;31;763;FACERÍA 63;310763;NAVARRA;NAVARRA;Comunidades interiores
13;31;765;FACERÍA 65;310765;NAVARRA;NAVARRA;Comunidades interiores
13;31;767;FACERO MONTEJURRA DE AZ. Y UR.;310767;NAVARRA;NAVARRA;Comunidades interiores
13;31;770;FACERÍA 70;310770;NAVARRA;NAVARRA;Comunidades interiores
13;31;771;FACERÍA 71;310771;NAVARRA;NAVARRA;Comunidades interiores
13;31;774;FACERÍA 74;310774;NAVARRA;NAVARRA;Comunidades interiores
13;31;776;FACERÍA 76;310776;NAVARRA;NAVARRA;Comunidades interiores
13;31;779;FACERÍA 79;310779;NAVARRA;NAVARRA;Comunidades interiores
13;31;781;FACERÍA 81;310781;NAVARRA;NAVARRA;Comunidades interiores
13;31;782;FACERÍA 82;310782;NAVARRA;NAVARRA;Comunidades interiores
13;31;783;FACERÍA 83;310783;NAVARRA;NAVARRA;Comunidades interiores
13;31;785;FACERÍA 85;310785;NAVARRA;NAVARRA;Comunidades interiores
13;31;786;FACERÍA 86;310786;NAVARRA;NAVARRA;Comunidades interiores
13;31;787;FACERÍA 87;310787;NAVARRA;NAVARRA;Comunidades interiores
13;31;791;FACERÍA 91;310791;NAVARRA;NAVARRA;Comunidades interiores
13;31;792;FACERÍA DE LERGA Y UJUÉ;310792;NAVARRA;NAVARRA;Comunidades interiores
13;31;800;BÁRDENAS REALES;310800;NAVARRA;NAVARRA;Comunidades interiores
13;31;803;FACERÍA 103;310803;NAVARRA;NAVARRA;Comunidades interiores
13;31;804;FACERÍA 104;310804;NAVARRA;NAVARRA;Comunidades interiores
13;31;805;FACERÍA 105;310805;NAVARRA;NAVARRA;Comunidades interiores
13;31;806;FACERÍA 106;310806;NAVARRA;NAVARRA;Comunidades interiores
13;31;817;BÁRDENAS REALES;310817;NAVARRA;NAVARRA;Comunidades interiores
13;31;891;FACERÍA 191;310891;NAVARRA;NAVARRA;Comunidades interiores
13;31;901;BARAÑAIN;310901;NAVARRA;NAVARRA;Comunidades interiores
13;31;902;BERRIOPLANO;310902;NAVARRA;NAVARRA;Comunidades interiores
13;31;903;BERRIOZAR;310903;NAVARRA;NAVARRA;Comunidades interiores
13;31;904;IRURTZUN;310904;NAVARRA;NAVARRA;Comunidades interiores
13;31;905;BERIÁIN;310905;NAVARRA;NAVARRA;Comunidades interiores
13;31;906;ORKOIEN;310906;NAVARRA;NAVARRA;Comunidades interiores
13;31;907;ZIZUR NAGUSIA/ZIZUR MAYOR;310907;NAVARRA;NAVARRA;Comunidades interiores
13;31;908;LEKUNBERRI;310908;NAVARRA;NAVARRA;Comunidades interiores
13;31;998;FRANCIA;310998;NAVARRA;NAVARRA;Comunidades interiores
13;31;999;OTRA PROVINCIA;310999;NAVARRA;NAVARRA;Comunidades interiores
14;6;0;INDETERMINADO;60000;BADAJOZ;BADAJOZ;Comunidades interiores
14;6;1;ACEDERA;60001;BADAJOZ;BADAJOZ;Comunidades interiores
14;6;2;ACEUCHAL;60002;BADAJOZ;BADAJOZ;Comunidades interiores
14;6;3;AHILLONES;60003;BADAJOZ;BADAJOZ;Comunidades interiores
14;6;4;ALANGE;60004;BADAJOZ;BADAJOZ;Comunidades interiores
14;6;5;ALBUERA, LA;60005;BADAJOZ;BADAJOZ;Comunidades interiores
14;6;6;ALBURQUERQUE;60006;BADAJOZ;BADAJOZ;Comunidades interiores
14;6;7;ALCONCHEL;60007;BADAJOZ;BADAJOZ;Comunidades interiores
14;6;8;ALCONERA;60008;BADAJOZ;BADAJOZ;Comunidades interiores
14;6;9;ALJUCÉN;60009;BADAJOZ;BADAJOZ;Comunidades interiores
14;6;10;ALMENDRAL;60010;BADAJOZ;BADAJOZ;Comunidades interiores
14;6;11;ALMENDRALEJO;60011;BADAJOZ;BADAJOZ;Comunidades interiores
14;6;12;ARROYO DE SAN SERVÁN;60012;BADAJOZ;BADAJOZ;Comunidades interiores
14;6;13;ATALAYA;60013;BADAJOZ;BADAJOZ;Comunidades interiores
14;6;14;AZUAGA;60014;BADAJOZ;BADAJOZ;Comunidades interiores
14;6;15;BADAJOZ;60015;BADAJOZ;BADAJOZ;Comunidades interiores
14;6;16;BARCARROTA;60016;BADAJOZ;BADAJOZ;Comunidades interiores
14;6;17;BATERNO;60017;BADAJOZ;BADAJOZ;Comunidades interiores
14;6;18;BENQUERENCIA DE LA SERENA;60018;BADAJOZ;BADAJOZ;Comunidades interiores
14;6;19;BERLANGA;60019;BADAJOZ;BADAJOZ;Comunidades interiores
14;6;20;BIENVENIDA;60020;BADAJOZ;BADAJOZ;Comunidades interiores
14;6;21;BODONAL DE LA SIERRA;60021;BADAJOZ;BADAJOZ;Comunidades interiores
14;6;22;BURGUILLOS DEL CERRO;60022;BADAJOZ;BADAJOZ;Comunidades interiores
14;6;23;CABEZA DEL BUEY;60023;BADAJOZ;BADAJOZ;Comunidades interiores
14;6;24;CABEZA LA VACA;60024;BADAJOZ;BADAJOZ;Comunidades interiores
14;6;25;CALAMONTE;60025;BADAJOZ;BADAJOZ;Comunidades interiores
14;6;26;CALERA DE LEóN;60026;BADAJOZ;BADAJOZ;Comunidades interiores
14;6;27;CALZADILLA DE LOS BARROS;60027;BADAJOZ;BADAJOZ;Comunidades interiores
14;6;28;CAMPANARIO;60028;BADAJOZ;BADAJOZ;Comunidades interiores
14;6;29;CAMPILLO DE LLERENA;60029;BADAJOZ;BADAJOZ;Comunidades interiores
14;6;30;CAPILLA;60030;BADAJOZ;BADAJOZ;Comunidades interiores
14;6;31;CARMONITA;60031;BADAJOZ;BADAJOZ;Comunidades interiores
14;6;32;CARRASCALEJO, EL;60032;BADAJOZ;BADAJOZ;Comunidades interiores
14;6;33;CASAS DE DON PEDRO;60033;BADAJOZ;BADAJOZ;Comunidades interiores
14;6;34;CASAS DE REINA;60034;BADAJOZ;BADAJOZ;Comunidades interiores
14;6;35;CASTILBLANCO;60035;BADAJOZ;BADAJOZ;Comunidades interiores
14;6;36;CASTUERA;60036;BADAJOZ;BADAJOZ;Comunidades interiores
14;6;37;CODOSERA, LA;60037;BADAJOZ;BADAJOZ;Comunidades interiores
14;6;38;CORDOBILLA DE LÁCARA;60038;BADAJOZ;BADAJOZ;Comunidades interiores
14;6;39;CORONADA, LA;60039;BADAJOZ;BADAJOZ;Comunidades interiores
14;6;40;CORTE DE PELEAS;60040;BADAJOZ;BADAJOZ;Comunidades interiores
14;6;41;CRISTINA;60041;BADAJOZ;BADAJOZ;Comunidades interiores
14;6;42;CHELES;60042;BADAJOZ;BADAJOZ;Comunidades interiores
14;6;43;DON ÁLVARO;60043;BADAJOZ;BADAJOZ;Comunidades interiores
14;6;44;DON BENITO;60044;BADAJOZ;BADAJOZ;Comunidades interiores
14;6;45;ENTRÍN BAJO;60045;BADAJOZ;BADAJOZ;Comunidades interiores
14;6;46;ESPARRAGALEJO;60046;BADAJOZ;BADAJOZ;Comunidades interiores
14;6;47;ESPARRAGOSA DE LA SERENA;60047;BADAJOZ;BADAJOZ;Comunidades interiores
14;6;48;ESPARRAGOSA DE LARES;60048;BADAJOZ;BADAJOZ;Comunidades interiores
14;6;49;FERIA;60049;BADAJOZ;BADAJOZ;Comunidades interiores
14;6;50;FREGENAL DE LA SIERRA;60050;BADAJOZ;BADAJOZ;Comunidades interiores
14;6;51;FUENLABRADA DE LOS MONTES;60051;BADAJOZ;BADAJOZ;Comunidades interiores
14;6;52;FUENTE DE CANTOS;60052;BADAJOZ;BADAJOZ;Comunidades interiores
14;6;53;FUENTE DEL ARCO;60053;BADAJOZ;BADAJOZ;Comunidades interiores
14;6;54;FUENTE DEL MAESTRE;60054;BADAJOZ;BADAJOZ;Comunidades interiores
14;6;55;FUENTES DE LEÓN;60055;BADAJOZ;BADAJOZ;Comunidades interiores
14;6;56;GARBAYUELA;60056;BADAJOZ;BADAJOZ;Comunidades interiores
14;6;57;GARLITOS;60057;BADAJOZ;BADAJOZ;Comunidades interiores
14;6;58;GARROVILLA, LA;60058;BADAJOZ;BADAJOZ;Comunidades interiores
14;6;59;GRANJA DE TORREHERMOSA;60059;BADAJOZ;BADAJOZ;Comunidades interiores
14;6;60;GUAREÑA;60060;BADAJOZ;BADAJOZ;Comunidades interiores
14;6;61;HABA, LA;60061;BADAJOZ;BADAJOZ;Comunidades interiores
14;6;62;HELECHOSA DE LOS MONTES;60062;BADAJOZ;BADAJOZ;Comunidades interiores
14;6;63;HERRERA DEL DUQUE;60063;BADAJOZ;BADAJOZ;Comunidades interiores
14;6;64;HIGUERA DE LA SERENA;60064;BADAJOZ;BADAJOZ;Comunidades interiores
14;6;65;HIGUERA DE LLERENA;60065;BADAJOZ;BADAJOZ;Comunidades interiores
14;6;66;HIGUERA DE VARGAS;60066;BADAJOZ;BADAJOZ;Comunidades interiores
14;6;67;HIGUERA LA REAL;60067;BADAJOZ;BADAJOZ;Comunidades interiores
14;6;68;HINOJOSA DEL VALLE;60068;BADAJOZ;BADAJOZ;Comunidades interiores
14;6;69;HORNACHOS;60069;BADAJOZ;BADAJOZ;Comunidades interiores
14;6;70;JEREZ DE LOS CABALLEROS;60070;BADAJOZ;BADAJOZ;Comunidades interiores
14;6;71;LAPA, LA;60071;BADAJOZ;BADAJOZ;Comunidades interiores
14;6;72;LOBÓN;60072;BADAJOZ;BADAJOZ;Comunidades interiores
14;6;73;LLERA;60073;BADAJOZ;BADAJOZ;Comunidades interiores
14;6;74;LLERENA;60074;BADAJOZ;BADAJOZ;Comunidades interiores
14;6;75;MAGACELA;60075;BADAJOZ;BADAJOZ;Comunidades interiores
14;6;76;MAGUILLA;60076;BADAJOZ;BADAJOZ;Comunidades interiores
14;6;77;MALCOCINADO;60077;BADAJOZ;BADAJOZ;Comunidades interiores
14;6;78;MALPARTIDA DE LA SERENA;60078;BADAJOZ;BADAJOZ;Comunidades interiores
14;6;79;MANCHITA;60079;BADAJOZ;BADAJOZ;Comunidades interiores
14;6;80;MEDELLÍN;60080;BADAJOZ;BADAJOZ;Comunidades interiores
14;6;81;MEDINA DE LAS TORRES;60081;BADAJOZ;BADAJOZ;Comunidades interiores
14;6;82;MENGABRIL;60082;BADAJOZ;BADAJOZ;Comunidades interiores
14;6;83;MÉRIDA;60083;BADAJOZ;BADAJOZ;Comunidades interiores
14;6;84;MIRANDILLA;60084;BADAJOZ;BADAJOZ;Comunidades interiores
14;6;85;MONESTERIO;60085;BADAJOZ;BADAJOZ;Comunidades interiores
14;6;86;MONTEMOLÍN;60086;BADAJOZ;BADAJOZ;Comunidades interiores
14;6;87;MONTERRUBIO DE LA SERENA;60087;BADAJOZ;BADAJOZ;Comunidades interiores
14;6;88;MONTIJO;60088;BADAJOZ;BADAJOZ;Comunidades interiores
14;6;89;MORERA, LA;60089;BADAJOZ;BADAJOZ;Comunidades interiores
14;6;90;NAVA DE SANTIAGO, LA;60090;BADAJOZ;BADAJOZ;Comunidades interiores
14;6;91;NAVALVILLAR DE PELA;60091;BADAJOZ;BADAJOZ;Comunidades interiores
14;6;92;NOGALES;60092;BADAJOZ;BADAJOZ;Comunidades interiores
14;6;93;OLIVA DE LA FRONTERA;60093;BADAJOZ;BADAJOZ;Comunidades interiores
14;6;94;OLIVA DE MÉRIDA;60094;BADAJOZ;BADAJOZ;Comunidades interiores
14;6;95;OLIVENZA;60095;BADAJOZ;BADAJOZ;Comunidades interiores
14;6;96;ORELLANA DE LA SIERRA;60096;BADAJOZ;BADAJOZ;Comunidades interiores
14;6;97;ORELLANA LA VIEJA;60097;BADAJOZ;BADAJOZ;Comunidades interiores
14;6;98;PALOMAS;60098;BADAJOZ;BADAJOZ;Comunidades interiores
14;6;99;PARRA, LA;60099;BADAJOZ;BADAJOZ;Comunidades interiores
14;6;100;PEÑALSORDO;60100;BADAJOZ;BADAJOZ;Comunidades interiores
14;6;101;PERALEDA DEL ZAUCEJO;60101;BADAJOZ;BADAJOZ;Comunidades interiores
14;6;102;PUEBLA DE ALCOCER;60102;BADAJOZ;BADAJOZ;Comunidades interiores
14;6;103;PUEBLA DE LA CALZADA;60103;BADAJOZ;BADAJOZ;Comunidades interiores
14;6;104;PUEBLA DE LA REINA;60104;BADAJOZ;BADAJOZ;Comunidades interiores
14;6;105;PUEBLA DEL MAESTRE;60105;BADAJOZ;BADAJOZ;Comunidades interiores
14;6;106;PUEBLA DEL PRIOR;60106;BADAJOZ;BADAJOZ;Comunidades interiores
14;6;107;PUEBLA DE OBANDO;60107;BADAJOZ;BADAJOZ;Comunidades interiores
14;6;108;PUEBLA DE SANCHO PÉREZ;60108;BADAJOZ;BADAJOZ;Comunidades interiores
14;6;109;QUINTANA DE LA SERENA;60109;BADAJOZ;BADAJOZ;Comunidades interiores
14;6;110;REINA;60110;BADAJOZ;BADAJOZ;Comunidades interiores
14;6;111;RENA;60111;BADAJOZ;BADAJOZ;Comunidades interiores
14;6;112;RETAMAL DE LLERENA;60112;BADAJOZ;BADAJOZ;Comunidades interiores
14;6;113;RIBERA DEL FRESNO;60113;BADAJOZ;BADAJOZ;Comunidades interiores
14;6;114;RISCO;60114;BADAJOZ;BADAJOZ;Comunidades interiores
14;6;115;ROCA DE LA SIERRA, LA;60115;BADAJOZ;BADAJOZ;Comunidades interiores
14;6;116;SALVALEÓN;60116;BADAJOZ;BADAJOZ;Comunidades interiores
14;6;117;SALVATIERRA DE LOS BARROS;60117;BADAJOZ;BADAJOZ;Comunidades interiores
14;6;118;SANCTI-SPÍRITUS;60118;BADAJOZ;BADAJOZ;Comunidades interiores
14;6;119;SAN PEDRO DE MÉRIDA;60119;BADAJOZ;BADAJOZ;Comunidades interiores
14;6;120;SANTA AMALIA;60120;BADAJOZ;BADAJOZ;Comunidades interiores
14;6;121;SANTA MARTA;60121;BADAJOZ;BADAJOZ;Comunidades interiores
14;6;122;SANTOS DE MAIMONA, LOS;60122;BADAJOZ;BADAJOZ;Comunidades interiores
14;6;123;SAN VICENTE DE ALCÁNTARA;60123;BADAJOZ;BADAJOZ;Comunidades interiores
14;6;124;SEGURA DE LEÓN;60124;BADAJOZ;BADAJOZ;Comunidades interiores
14;6;125;SIRUELA;60125;BADAJOZ;BADAJOZ;Comunidades interiores
14;6;126;SOLANA DE LOS BARROS;60126;BADAJOZ;BADAJOZ;Comunidades interiores
14;6;127;TALARRUBIAS;60127;BADAJOZ;BADAJOZ;Comunidades interiores
14;6;128;TALAVERA LA REAL;60128;BADAJOZ;BADAJOZ;Comunidades interiores
14;6;129;TÁLIGA;60129;BADAJOZ;BADAJOZ;Comunidades interiores
14;6;130;TAMUREJO;60130;BADAJOZ;BADAJOZ;Comunidades interiores
14;6;131;TORRE DE MIGUEL SESMERO;60131;BADAJOZ;BADAJOZ;Comunidades interiores
14;6;132;TORREMAYOR;60132;BADAJOZ;BADAJOZ;Comunidades interiores
14;6;133;TORREMEJÍA;60133;BADAJOZ;BADAJOZ;Comunidades interiores
14;6;134;TRASIERRA;60134;BADAJOZ;BADAJOZ;Comunidades interiores
14;6;135;TRUJILLANOS;60135;BADAJOZ;BADAJOZ;Comunidades interiores
14;6;136;USAGRE;60136;BADAJOZ;BADAJOZ;Comunidades interiores
14;6;137;VALDECABALLEROS;60137;BADAJOZ;BADAJOZ;Comunidades interiores
14;6;138;VALDETORRES;60138;BADAJOZ;BADAJOZ;Comunidades interiores
14;6;139;VALENCIA DE LAS TORRES;60139;BADAJOZ;BADAJOZ;Comunidades interiores
14;6;140;VALENCIA DEL MOMBUEY;60140;BADAJOZ;BADAJOZ;Comunidades interiores
14;6;141;VALENCIA DEL VENTOSO;60141;BADAJOZ;BADAJOZ;Comunidades interiores
14;6;142;VALVERDE DE BURGUILLOS;60142;BADAJOZ;BADAJOZ;Comunidades interiores
14;6;143;VALVERDE DE LEGANÉS;60143;BADAJOZ;BADAJOZ;Comunidades interiores
14;6;144;VALVERDE DE LLERENA;60144;BADAJOZ;BADAJOZ;Comunidades interiores
14;6;145;VALVERDE DE MÉRIDA;60145;BADAJOZ;BADAJOZ;Comunidades interiores
14;6;146;VALLE DE LA SERENA;60146;BADAJOZ;BADAJOZ;Comunidades interiores
14;6;147;VALLE DE MATAMOROS;60147;BADAJOZ;BADAJOZ;Comunidades interiores
14;6;148;VALLE DE SANTA ANA;60148;BADAJOZ;BADAJOZ;Comunidades interiores
14;6;149;VILLAFRANCA DE LOS BARROS;60149;BADAJOZ;BADAJOZ;Comunidades interiores
14;6;150;VILLAGARCÍA DE LA TORRE;60150;BADAJOZ;BADAJOZ;Comunidades interiores
14;6;151;VILLAGONZALO;60151;BADAJOZ;BADAJOZ;Comunidades interiores
14;6;152;VILLALBA DE LOS BARROS;60152;BADAJOZ;BADAJOZ;Comunidades interiores
14;6;153;VILLANUEVA DE LA SERENA;60153;BADAJOZ;BADAJOZ;Comunidades interiores
14;6;154;VILLANUEVA DEL FRESNO;60154;BADAJOZ;BADAJOZ;Comunidades interiores
14;6;155;VILLAR DEL REY;60155;BADAJOZ;BADAJOZ;Comunidades interiores
14;6;156;VILLAR DE RENA;60156;BADAJOZ;BADAJOZ;Comunidades interiores
14;6;157;VILLARTA DE LOS MONTES;60157;BADAJOZ;BADAJOZ;Comunidades interiores
14;6;158;ZAFRA;60158;BADAJOZ;BADAJOZ;Comunidades interiores
14;6;159;ZAHÍNOS;60159;BADAJOZ;BADAJOZ;Comunidades interiores
14;6;160;ZALAMEA DE LA SERENA;60160;BADAJOZ;BADAJOZ;Comunidades interiores
14;6;161;ZARZA-CAPILLA;60161;BADAJOZ;BADAJOZ;Comunidades interiores
14;6;162;ZARZA, LA;60162;BADAJOZ;BADAJOZ;Comunidades interiores
14;6;901;VALDELACALZADA;60901;BADAJOZ;BADAJOZ;Comunidades interiores
14;6;902;PUEBLONUEVO DEL GUADIANA;60902;BADAJOZ;BADAJOZ;Comunidades interiores
14;6;998;PORTUGAL;60998;BADAJOZ;BADAJOZ;Comunidades interiores
14;6;999;OTRA PROVINCIA;60999;BADAJOZ;BADAJOZ;Comunidades interiores
14;10;0;INDETERMINADO;100000;CáCERES;CACERES;Comunidades interiores
14;10;1;ABADÍA;100001;CáCERES;CACERES;Comunidades interiores
14;10;2;ABERTURA;100002;CáCERES;CACERES;Comunidades interiores
14;10;3;ACEBO;100003;CáCERES;CACERES;Comunidades interiores
14;10;4;ACEHÚCHE;100004;CáCERES;CACERES;Comunidades interiores
14;10;5;ACEITUNA;100005;CáCERES;CACERES;Comunidades interiores
14;10;6;AHIGAL;100006;CáCERES;CACERES;Comunidades interiores
14;10;7;ALBALÁ;100007;CáCERES;CACERES;Comunidades interiores
14;10;8;ALCÁNTARA;100008;CáCERES;CACERES;Comunidades interiores
14;10;9;ALCOLLARÍN;100009;CáCERES;CACERES;Comunidades interiores
14;10;10;ALCUÉSCAR;100010;CáCERES;CACERES;Comunidades interiores
14;10;11;ALDEACENTENERA;100011;CáCERES;CACERES;Comunidades interiores
14;10;12;ALDEA DEL CANO;100012;CáCERES;CACERES;Comunidades interiores
14;10;13;ALDEA DEL OBISPO, LA;100013;CáCERES;CACERES;Comunidades interiores
14;10;14;ALDEANUEVA DE LA VERA;100014;CáCERES;CACERES;Comunidades interiores
14;10;15;ALDEANUEVA DEL CAMINO;100015;CáCERES;CACERES;Comunidades interiores
14;10;16;ALDEHUELA DE JERTE;100016;CáCERES;CACERES;Comunidades interiores
14;10;17;ALÍA;100017;CáCERES;CACERES;Comunidades interiores
14;10;18;ALISEDA;100018;CáCERES;CACERES;Comunidades interiores
14;10;19;ALMARAZ;100019;CáCERES;CACERES;Comunidades interiores
14;10;20;ALMOHARÍN;100020;CáCERES;CACERES;Comunidades interiores
14;10;21;ARROYO DE LA LUZ;100021;CáCERES;CACERES;Comunidades interiores
14;10;22;ARROYOMOLINOS DE LA VERA ;100022;CáCERES;CACERES;Comunidades interiores
14;10;23;ARROYOMOLINOS;100023;CáCERES;CACERES;Comunidades interiores
14;10;24;BAÑOS DE MONTEMAYOR;100024;CáCERES;CACERES;Comunidades interiores
14;10;25;BARRADO;100025;CáCERES;CACERES;Comunidades interiores
14;10;26;BELVÍS DE MONROY;100026;CáCERES;CACERES;Comunidades interiores
14;10;27;BENQUERENCIA;100027;CáCERES;CACERES;Comunidades interiores
14;10;28;BERROCALEJO;100028;CáCERES;CACERES;Comunidades interiores
14;10;29;BERZOCANA;100029;CáCERES;CACERES;Comunidades interiores
14;10;30;BOHONAL DE IBOR;100030;CáCERES;CACERES;Comunidades interiores
14;10;31;BOTIJA;100031;CáCERES;CACERES;Comunidades interiores
14;10;32;BROZAS;100032;CáCERES;CACERES;Comunidades interiores
14;10;33;CABAÑAS DEL CASTILLO;100033;CáCERES;CACERES;Comunidades interiores
14;10;34;CABEZABELLOSA;100034;CáCERES;CACERES;Comunidades interiores
14;10;35;CABEZUELA DEL VALLE;100035;CáCERES;CACERES;Comunidades interiores
14;10;36;CABRERO;100036;CáCERES;CACERES;Comunidades interiores
14;10;37;CÁCERES;100037;CáCERES;CACERES;Comunidades interiores
14;10;38;CACHORRILLA;100038;CáCERES;CACERES;Comunidades interiores
14;10;39;CADALSO;100039;CáCERES;CACERES;Comunidades interiores
14;10;40;CALZADILLA;100040;CáCERES;CACERES;Comunidades interiores
14;10;41;CAMINOMORISCO;100041;CáCERES;CACERES;Comunidades interiores
14;10;42;CAMPILLO DE DELEITOSA;100042;CáCERES;CACERES;Comunidades interiores
14;10;43;CAMPO LUGAR;100043;CáCERES;CACERES;Comunidades interiores
14;10;44;CAÑAMERO;100044;CáCERES;CACERES;Comunidades interiores
14;10;45;CAÑAVERAL;100045;CáCERES;CACERES;Comunidades interiores
14;10;46;CARBAJO;100046;CáCERES;CACERES;Comunidades interiores
14;10;47;CARCABOSO;100047;CáCERES;CACERES;Comunidades interiores
14;10;48;CARRASCALEJO;100048;CáCERES;CACERES;Comunidades interiores
14;10;49;CASAR DE CÁCERES;100049;CáCERES;CACERES;Comunidades interiores
14;10;50;CASAR DE PALOMERO;100050;CáCERES;CACERES;Comunidades interiores
14;10;51;CASARES DE LAS HURDES;100051;CáCERES;CACERES;Comunidades interiores
14;10;52;CASAS DE DON ANTONIO;100052;CáCERES;CACERES;Comunidades interiores
14;10;53;CASAS DE DON GÓMEZ;100053;CáCERES;CACERES;Comunidades interiores
14;10;54;CASAS DEL CASTAÑAR;100054;CáCERES;CACERES;Comunidades interiores
14;10;55;CASAS DEL MONTE;100055;CáCERES;CACERES;Comunidades interiores
14;10;56;CASAS DE MILLÁN;100056;CáCERES;CACERES;Comunidades interiores
14;10;57;CASAS DE MIRAVETE;100057;CáCERES;CACERES;Comunidades interiores
14;10;58;CASATEJADA;100058;CáCERES;CACERES;Comunidades interiores
14;10;59;CASILLAS DE CORIA;100059;CáCERES;CACERES;Comunidades interiores
14;10;60;CASTAÑAR DE IBOR;100060;CáCERES;CACERES;Comunidades interiores
14;10;61;CECLAVÍN;100061;CáCERES;CACERES;Comunidades interiores
14;10;62;CEDILLO;100062;CáCERES;CACERES;Comunidades interiores
14;10;63;CEREZO;100063;CáCERES;CACERES;Comunidades interiores
14;10;64;CILLEROS;100064;CáCERES;CACERES;Comunidades interiores
14;10;65;COLLADO;100065;CáCERES;CACERES;Comunidades interiores
14;10;66;CONQUISTA DE LA SIERRA;100066;CáCERES;CACERES;Comunidades interiores
14;10;67;CORIA;100067;CáCERES;CACERES;Comunidades interiores
14;10;68;CUACOS DE YUSTE;100068;CáCERES;CACERES;Comunidades interiores
14;10;69;CUMBRE, LA;100069;CáCERES;CACERES;Comunidades interiores
14;10;70;DELEITOSA;100070;CáCERES;CACERES;Comunidades interiores
14;10;71;DESCARGAMARIA;100071;CáCERES;CACERES;Comunidades interiores
14;10;72;ELJAS;100072;CáCERES;CACERES;Comunidades interiores
14;10;73;ESCURIAL;100073;CáCERES;CACERES;Comunidades interiores
14;10;74;ESTORNINOS;100074;CáCERES;CACERES;Comunidades interiores
14;10;75;FRESNEDOSO DE IBOR;100075;CáCERES;CACERES;Comunidades interiores
14;10;76;GALISTEO;100076;CáCERES;CACERES;Comunidades interiores
14;10;77;GARCIAZ;100077;CáCERES;CACERES;Comunidades interiores
14;10;78;GARGANTA, LA;100078;CáCERES;CACERES;Comunidades interiores
14;10;79;GARGANTA LA OLLA;100079;CáCERES;CACERES;Comunidades interiores
14;10;80;GARGANTILLA;100080;CáCERES;CACERES;Comunidades interiores
14;10;81;GARGÜERA;100081;CáCERES;CACERES;Comunidades interiores
14;10;82;GARROVILLAS DE ALCONÉTAR;100082;CáCERES;CACERES;Comunidades interiores
14;10;83;GARVÍN;100083;CáCERES;CACERES;Comunidades interiores
14;10;84;GATA;100084;CáCERES;CACERES;Comunidades interiores
14;10;85;GORDO, EL;100085;CáCERES;CACERES;Comunidades interiores
14;10;86;GRANJA, LA;100086;CáCERES;CACERES;Comunidades interiores
14;10;87;GUADALUPE;100087;CáCERES;CACERES;Comunidades interiores
14;10;88;GUIJO DE CORIA;100088;CáCERES;CACERES;Comunidades interiores
14;10;89;GUIJO DE GALISTEO;100089;CáCERES;CACERES;Comunidades interiores
14;10;90;GUIJO DE GRANADILLA;100090;CáCERES;CACERES;Comunidades interiores
14;10;91;GUIJO DE SANTA BÁRBARA;100091;CáCERES;CACERES;Comunidades interiores
14;10;92;HERGUIJUELA;100092;CáCERES;CACERES;Comunidades interiores
14;10;93;HERNÁN-PÉREZ;100093;CáCERES;CACERES;Comunidades interiores
14;10;94;HERRERA DE ALCÁNTARA;100094;CáCERES;CACERES;Comunidades interiores
14;10;95;HERRERUELA;100095;CáCERES;CACERES;Comunidades interiores
14;10;96;HERVÁS;100096;CáCERES;CACERES;Comunidades interiores
14;10;97;HIGUERA;100097;CáCERES;CACERES;Comunidades interiores
14;10;98;HINOJAL;100098;CáCERES;CACERES;Comunidades interiores
14;10;99;HOLGUERA;100099;CáCERES;CACERES;Comunidades interiores
14;10;100;HOYOS;100100;CáCERES;CACERES;Comunidades interiores
14;10;101;HUÉLAGA;100101;CáCERES;CACERES;Comunidades interiores
14;10;102;IBAHERNANDO;100102;CáCERES;CACERES;Comunidades interiores
14;10;103;JARAICEJO;100103;CáCERES;CACERES;Comunidades interiores
14;10;104;JARAÍZ DE LA VERA;100104;CáCERES;CACERES;Comunidades interiores
14;10;105;JARANDILLA DE LA VERA;100105;CáCERES;CACERES;Comunidades interiores
14;10;106;JARILLA;100106;CáCERES;CACERES;Comunidades interiores
14;10;107;JERTE;100107;CáCERES;CACERES;Comunidades interiores
14;10;108;LADRILLAR;100108;CáCERES;CACERES;Comunidades interiores
14;10;109;LOGROSÁN;100109;CáCERES;CACERES;Comunidades interiores
14;10;110;LOSAR DE LA VERA;100110;CáCERES;CACERES;Comunidades interiores
14;10;111;MADRIGAL DE LA VERA;100111;CáCERES;CACERES;Comunidades interiores
14;10;112;MADRIGALEJO;100112;CáCERES;CACERES;Comunidades interiores
14;10;113;MADROÑERA;100113;CáCERES;CACERES;Comunidades interiores
14;10;114;MAJADAS;100114;CáCERES;CACERES;Comunidades interiores
14;10;115;MALPARTIDA DE CÁCERES;100115;CáCERES;CACERES;Comunidades interiores
14;10;116;MALPARTIDA DE PLASENCIA;100116;CáCERES;CACERES;Comunidades interiores
14;10;117;MARCHAGAZ;100117;CáCERES;CACERES;Comunidades interiores
14;10;118;MATA DE ALCÁNTARA;100118;CáCERES;CACERES;Comunidades interiores
14;10;119;MEMBRÍO;100119;CáCERES;CACERES;Comunidades interiores
14;10;120;MESAS DE IBOR;100120;CáCERES;CACERES;Comunidades interiores
14;10;121;MIAJADAS;100121;CáCERES;CACERES;Comunidades interiores
14;10;122;MILLANES;100122;CáCERES;CACERES;Comunidades interiores
14;10;123;MIRABEL;100123;CáCERES;CACERES;Comunidades interiores
14;10;124;MOHEDAS DE GRANADILLA;100124;CáCERES;CACERES;Comunidades interiores
14;10;125;MONROY;100125;CáCERES;CACERES;Comunidades interiores
14;10;126;MONTÁNCHEZ;100126;CáCERES;CACERES;Comunidades interiores
14;10;127;MONTEHERMOSO;100127;CáCERES;CACERES;Comunidades interiores
14;10;128;MORALEJA;100128;CáCERES;CACERES;Comunidades interiores
14;10;129;MORCILLO;100129;CáCERES;CACERES;Comunidades interiores
14;10;130;NAVACONCEJO;100130;CáCERES;CACERES;Comunidades interiores
14;10;131;NAVALMORAL DE LA MATA;100131;CáCERES;CACERES;Comunidades interiores
14;10;132;NAVALVILLAR DE IBOR;100132;CáCERES;CACERES;Comunidades interiores
14;10;133;NAVAS DEL MADROÑO;100133;CáCERES;CACERES;Comunidades interiores
14;10;134;NAVEZUELAS;100134;CáCERES;CACERES;Comunidades interiores
14;10;135;NUÑOMORAL;100135;CáCERES;CACERES;Comunidades interiores
14;10;136;OLIVA DE PLASENCIA;100136;CáCERES;CACERES;Comunidades interiores
14;10;137;PALOMERO;100137;CáCERES;CACERES;Comunidades interiores
14;10;138;PASARÓN DE LA VERA;100138;CáCERES;CACERES;Comunidades interiores
14;10;139;PEDROSO DE ACIM;100139;CáCERES;CACERES;Comunidades interiores
14;10;140;PERALEDA DE LA MATA;100140;CáCERES;CACERES;Comunidades interiores
14;10;141;PERALEDA DE SAN ROMÁN;100141;CáCERES;CACERES;Comunidades interiores
14;10;142;PERALES DEL PUERTO;100142;CáCERES;CACERES;Comunidades interiores
14;10;143;PESCUEZA;100143;CáCERES;CACERES;Comunidades interiores
14;10;144;PESGA, LA;100144;CáCERES;CACERES;Comunidades interiores
14;10;145;PIEDRAS ALBAS;100145;CáCERES;CACERES;Comunidades interiores
14;10;146;PINOFRANQUEADO;100146;CáCERES;CACERES;Comunidades interiores
14;10;147;PIORNAL;100147;CáCERES;CACERES;Comunidades interiores
14;10;148;PLASENCIA;100148;CáCERES;CACERES;Comunidades interiores
14;10;149;PLASENZUELA;100149;CáCERES;CACERES;Comunidades interiores
14;10;150;PORTAJE;100150;CáCERES;CACERES;Comunidades interiores
14;10;151;PORTEZUELO;100151;CáCERES;CACERES;Comunidades interiores
14;10;152;POZUELO DE ZARZÓN;100152;CáCERES;CACERES;Comunidades interiores
14;10;153;PUERTO DE SANTA CRUZ;100153;CáCERES;CACERES;Comunidades interiores
14;10;154;REBOLLAR;100154;CáCERES;CACERES;Comunidades interiores
14;10;155;RIOLOBOS;100155;CáCERES;CACERES;Comunidades interiores
14;10;156;ROBLEDILLO DE GATA;100156;CáCERES;CACERES;Comunidades interiores
14;10;157;ROBLEDILLO DE LA VERA;100157;CáCERES;CACERES;Comunidades interiores
14;10;158;ROBLEDILLO DE TRUJILLO;100158;CáCERES;CACERES;Comunidades interiores
14;10;159;ROBLEDOLLANO;100159;CáCERES;CACERES;Comunidades interiores
14;10;160;ROMANGORDO;100160;CáCERES;CACERES;Comunidades interiores
14;10;161;RUANES;100161;CáCERES;CACERES;Comunidades interiores
14;10;162;SALORINO;100162;CáCERES;CACERES;Comunidades interiores
14;10;163;SALVATIERRA DE SANTIAGO;100163;CáCERES;CACERES;Comunidades interiores
14;10;164;SAN MARTÍN DE TREVEJO;100164;CáCERES;CACERES;Comunidades interiores
14;10;165;SANTA ANA;100165;CáCERES;CACERES;Comunidades interiores
14;10;166;SANTA CRUZ DE LA SIERRA;100166;CáCERES;CACERES;Comunidades interiores
14;10;167;SANTA CRUZ DE PANIAGUA;100167;CáCERES;CACERES;Comunidades interiores
14;10;168;SANTA MARTA DE MAGASCA;100168;CáCERES;CACERES;Comunidades interiores
14;10;169;SANTIAGO DE ALCÁNTARA;100169;CáCERES;CACERES;Comunidades interiores
14;10;170;SANTIAGO DEL CAMPO;100170;CáCERES;CACERES;Comunidades interiores
14;10;171;SANTIBÁÑEZ EL ALTO;100171;CáCERES;CACERES;Comunidades interiores
14;10;172;SANTIBÁÑEZ EL BAJO;100172;CáCERES;CACERES;Comunidades interiores
14;10;173;SAUCEDILLA;100173;CáCERES;CACERES;Comunidades interiores
14;10;174;SEGURA DE TORO;100174;CáCERES;CACERES;Comunidades interiores
14;10;175;SERRADILLA;100175;CáCERES;CACERES;Comunidades interiores
14;10;176;SERREJÓN;100176;CáCERES;CACERES;Comunidades interiores
14;10;177;SIERRA DE FUENTES;100177;CáCERES;CACERES;Comunidades interiores
14;10;178;TALAVÁN;100178;CáCERES;CACERES;Comunidades interiores
14;10;179;TALAVERUELA DE LA VERA;100179;CáCERES;CACERES;Comunidades interiores
14;10;180;TALAYUELA;100180;CáCERES;CACERES;Comunidades interiores
14;10;181;TEJEDA DE TIÉTAR;100181;CáCERES;CACERES;Comunidades interiores
14;10;182;TORIL;100182;CáCERES;CACERES;Comunidades interiores
14;10;183;TORNAVACAS;100183;CáCERES;CACERES;Comunidades interiores
14;10;184;TORNO, EL;100184;CáCERES;CACERES;Comunidades interiores
14;10;185;TORRECILLA  DE LOS ÁNGELES;100185;CáCERES;CACERES;Comunidades interiores
14;10;186;TORRECILLAS DE LA TIESA;100186;CáCERES;CACERES;Comunidades interiores
14;10;187;TORRE DE DON MIGUEL;100187;CáCERES;CACERES;Comunidades interiores
14;10;188;TORRE DE SANTA MARÍA;100188;CáCERES;CACERES;Comunidades interiores
14;10;189;TORREJONCILLO;100189;CáCERES;CACERES;Comunidades interiores
14;10;190;TORREJÓN EL RUBIO;100190;CáCERES;CACERES;Comunidades interiores
14;10;191;TORREMENGA;100191;CáCERES;CACERES;Comunidades interiores
14;10;192;TORREMOCHA;100192;CáCERES;CACERES;Comunidades interiores
14;10;193;TORREORGAZ;100193;CáCERES;CACERES;Comunidades interiores
14;10;194;TORREQUEMADA;100194;CáCERES;CACERES;Comunidades interiores
14;10;195;TRUJILLO;100195;CáCERES;CACERES;Comunidades interiores
14;10;196;VALDASTILLAS;100196;CáCERES;CACERES;Comunidades interiores
14;10;197;VALDECAÑAS DE TAJO;100197;CáCERES;CACERES;Comunidades interiores
14;10;198;VALDEFUENTES;100198;CáCERES;CACERES;Comunidades interiores
14;10;199;VALDEHÚNCAR;100199;CáCERES;CACERES;Comunidades interiores
14;10;200;VALDELACASA DE TAJO;100200;CáCERES;CACERES;Comunidades interiores
14;10;201;VALDEMORALES;100201;CáCERES;CACERES;Comunidades interiores
14;10;202;VALDEOBISPO;100202;CáCERES;CACERES;Comunidades interiores
14;10;203;VALENCIA DE ALCÁNTARA;100203;CáCERES;CACERES;Comunidades interiores
14;10;204;VALVERDE DE LA VERA;100204;CáCERES;CACERES;Comunidades interiores
14;10;205;VALVERDE DEL FRESNO;100205;CáCERES;CACERES;Comunidades interiores
14;10;206;VIANDAR DE LA VERA;100206;CáCERES;CACERES;Comunidades interiores
14;10;207;VILLA DEL CAMPO;100207;CáCERES;CACERES;Comunidades interiores
14;10;208;VILLA DEL REY;100208;CáCERES;CACERES;Comunidades interiores
14;10;209;VILLAMESÍAS;100209;CáCERES;CACERES;Comunidades interiores
14;10;210;VILLAMIEL;100210;CáCERES;CACERES;Comunidades interiores
14;10;211;VILLANUEVA DE LA SIERRA;100211;CáCERES;CACERES;Comunidades interiores
14;10;212;VILLANUEVA DE LA VERA;100212;CáCERES;CACERES;Comunidades interiores
14;10;213;VILLAR DEL PEDROSO;100213;CáCERES;CACERES;Comunidades interiores
14;10;214;VILLAR DE PLASENCIA;100214;CáCERES;CACERES;Comunidades interiores
14;10;215;VILLASBUENAS DE GATA;100215;CáCERES;CACERES;Comunidades interiores
14;10;216;ZARZA DE GRANADILLA;100216;CáCERES;CACERES;Comunidades interiores
14;10;217;ZARZA DE MONTÁNCHEZ;100217;CáCERES;CACERES;Comunidades interiores
14;10;218;ZARZA LA MAYOR;100218;CáCERES;CACERES;Comunidades interiores
14;10;219;ZORITA;100219;CáCERES;CACERES;Comunidades interiores
14;10;901;ROSALEJO;100901;CáCERES;CACERES;Comunidades interiores
14;10;902;VEGAVIANA;100902;CáCERES;CACERES;Comunidades interiores
14;10;903;ALAGÓN DEL RÍO;100903;CáCERES;CACERES;Comunidades interiores
14;10;998;PORTUGAL;100998;CáCERES;CACERES;Comunidades interiores
14;10;999;OTRA PROVINCIA;100999;CáCERES;CACERES;Comunidades interiores
15;7;0;INDETERMINADO;70000;ILLES BALEARS;ILLES BALEARS;Mediterráneo
15;7;1;ALARÓ;70001;ILLES BALEARS;ILLES BALEARS;Mediterráneo
15;7;2;ALAIOR;70002;ILLES BALEARS;ILLES BALEARS;Mediterráneo
15;7;3;ALCÚDIA;70003;ILLES BALEARS;ILLES BALEARS;Mediterráneo
15;7;4;ALGAIDA;70004;ILLES BALEARS;ILLES BALEARS;Mediterráneo
15;7;5;ANDRATX;70005;ILLES BALEARS;ILLES BALEARS;Mediterráneo
15;7;6;ARTÀ;70006;ILLES BALEARS;ILLES BALEARS;Mediterráneo
15;7;7;BANYALBUFAR;70007;ILLES BALEARS;ILLES BALEARS;Mediterráneo
15;7;8;BINISSALEM;70008;ILLES BALEARS;ILLES BALEARS;Mediterráneo
15;7;9;BÚGER;70009;ILLES BALEARS;ILLES BALEARS;Mediterráneo
15;7;10;BUNYOLA;70010;ILLES BALEARS;ILLES BALEARS;Mediterráneo
15;7;11;CALVIÀ;70011;ILLES BALEARS;ILLES BALEARS;Mediterráneo
15;7;12;CAMPANET;70012;ILLES BALEARS;ILLES BALEARS;Mediterráneo
15;7;13;CAMPOS;70013;ILLES BALEARS;ILLES BALEARS;Mediterráneo
15;7;14;CAPDEPERA;70014;ILLES BALEARS;ILLES BALEARS;Mediterráneo
15;7;15;CIUTADELLA DE MENORCA;70015;ILLES BALEARS;ILLES BALEARS;Mediterráneo
15;7;16;CONSELL;70016;ILLES BALEARS;ILLES BALEARS;Mediterráneo
15;7;17;COSTITX;70017;ILLES BALEARS;ILLES BALEARS;Mediterráneo
15;7;18;DEYÁ;70018;ILLES BALEARS;ILLES BALEARS;Mediterráneo
15;7;19;ESCORCA;70019;ILLES BALEARS;ILLES BALEARS;Mediterráneo
15;7;20;ESPORLES;70020;ILLES BALEARS;ILLES BALEARS;Mediterráneo
15;7;21;ESTELLENCS;70021;ILLES BALEARS;ILLES BALEARS;Mediterráneo
15;7;22;FELANITX;70022;ILLES BALEARS;ILLES BALEARS;Mediterráneo
15;7;23;FERRERIES;70023;ILLES BALEARS;ILLES BALEARS;Mediterráneo
15;7;24;FORMENTERA;70024;ILLES BALEARS;ILLES BALEARS;Mediterráneo
15;7;25;FORNALUTX;70025;ILLES BALEARS;ILLES BALEARS;Mediterráneo
15;7;26;EIVISSA;70026;ILLES BALEARS;ILLES BALEARS;Mediterráneo
15;7;27;INCA;70027;ILLES BALEARS;ILLES BALEARS;Mediterráneo
15;7;28;LLORET DE VISTALEGRE;70028;ILLES BALEARS;ILLES BALEARS;Mediterráneo
15;7;29;LLOSETA;70029;ILLES BALEARS;ILLES BALEARS;Mediterráneo
15;7;30;LLUBÍ;70030;ILLES BALEARS;ILLES BALEARS;Mediterráneo
15;7;31;LLUCMAJOR;70031;ILLES BALEARS;ILLES BALEARS;Mediterráneo
15;7;32;MAHÓN;70032;ILLES BALEARS;ILLES BALEARS;Mediterráneo
15;7;33;MANACOR;70033;ILLES BALEARS;ILLES BALEARS;Mediterráneo
15;7;34;MANCOR DE LA VALL;70034;ILLES BALEARS;ILLES BALEARS;Mediterráneo
15;7;35;MARIA DE LA SALUT;70035;ILLES BALEARS;ILLES BALEARS;Mediterráneo
15;7;36;MARRATXÍ;70036;ILLES BALEARS;ILLES BALEARS;Mediterráneo
15;7;37;MERCADAL, ES;70037;ILLES BALEARS;ILLES BALEARS;Mediterráneo
15;7;38;MONTUÏRI;70038;ILLES BALEARS;ILLES BALEARS;Mediterráneo
15;7;39;MURO;70039;ILLES BALEARS;ILLES BALEARS;Mediterráneo
15;7;40;PALMA;70040;ILLES BALEARS;ILLES BALEARS;Mediterráneo
15;7;41;PETRA;70041;ILLES BALEARS;ILLES BALEARS;Mediterráneo
15;7;42;POLLENÇA;70042;ILLES BALEARS;ILLES BALEARS;Mediterráneo
15;7;43;PORRERES;70043;ILLES BALEARS;ILLES BALEARS;Mediterráneo
15;7;44;POBLA, SA;70044;ILLES BALEARS;ILLES BALEARS;Mediterráneo
15;7;45;PUIGPUNYENT;70045;ILLES BALEARS;ILLES BALEARS;Mediterráneo
15;7;46;SANT ANTONI DE PORTMANY;70046;ILLES BALEARS;ILLES BALEARS;Mediterráneo
15;7;47;SENCELLES;70047;ILLES BALEARS;ILLES BALEARS;Mediterráneo
15;7;48;SANT JOSEP DE SA TALAIA;70048;ILLES BALEARS;ILLES BALEARS;Mediterráneo
15;7;49;SANT JOAN;70049;ILLES BALEARS;ILLES BALEARS;Mediterráneo
15;7;50;SANT JOAN DE LABRITJA;70050;ILLES BALEARS;ILLES BALEARS;Mediterráneo
15;7;51;SANT LLORENÇ DES CARDASSAR;70051;ILLES BALEARS;ILLES BALEARS;Mediterráneo
15;7;52;SANT LLUÍS;70052;ILLES BALEARS;ILLES BALEARS;Mediterráneo
15;7;53;SANTA EUGÈNIA;70053;ILLES BALEARS;ILLES BALEARS;Mediterráneo
15;7;54;SANTA EULALIA DEL RÍO;70054;ILLES BALEARS;ILLES BALEARS;Mediterráneo
15;7;55;SANTA MARGALIDA;70055;ILLES BALEARS;ILLES BALEARS;Mediterráneo
15;7;56;SANTA MARÍA DEL CAMÍ;70056;ILLES BALEARS;ILLES BALEARS;Mediterráneo
15;7;57;SANTANYÍ;70057;ILLES BALEARS;ILLES BALEARS;Mediterráneo
15;7;58;SELVA;70058;ILLES BALEARS;ILLES BALEARS;Mediterráneo
15;7;59;SALINES, SES;70059;ILLES BALEARS;ILLES BALEARS;Mediterráneo
15;7;60;SINEU;70060;ILLES BALEARS;ILLES BALEARS;Mediterráneo
15;7;61;SÓLLER;70061;ILLES BALEARS;ILLES BALEARS;Mediterráneo
15;7;62;SON SERVERA;70062;ILLES BALEARS;ILLES BALEARS;Mediterráneo
15;7;63;VALLDEMOSSA;70063;ILLES BALEARS;ILLES BALEARS;Mediterráneo
15;7;64;CASTELL, ES;70064;ILLES BALEARS;ILLES BALEARS;Mediterráneo
15;7;65;VILAFRANCA DE BONANY;70065;ILLES BALEARS;ILLES BALEARS;Mediterráneo
15;7;901;ARIANY;70901;ILLES BALEARS;ILLES BALEARS;Mediterráneo
15;7;902;MIGJORN GRAN, ES;70902;ILLES BALEARS;ILLES BALEARS;Mediterráneo
16;28;0;INDETERMINADO;280000;MADRID;MADRID;Comunidades interiores
16;28;1;ACEBEDA, LA;280001;MADRID;MADRID;Comunidades interiores
16;28;2;AJALVIR;280002;MADRID;MADRID;Comunidades interiores
16;28;3;ALAMEDA DEL VALLE;280003;MADRID;MADRID;Comunidades interiores
16;28;4;ÁLAMO, EL;280004;MADRID;MADRID;Comunidades interiores
16;28;5;ALCALÁ DE HENARES;280005;MADRID;MADRID;Comunidades interiores
16;28;6;ALCOBENDAS;280006;MADRID;MADRID;Comunidades interiores
16;28;7;ALCORCÓN;280007;MADRID;MADRID;Comunidades interiores
16;28;8;ALDEA DEL FRESNO;280008;MADRID;MADRID;Comunidades interiores
16;28;9;ALGETE;280009;MADRID;MADRID;Comunidades interiores
16;28;10;ALPEDRETE;280010;MADRID;MADRID;Comunidades interiores
16;28;11;AMBITE;280011;MADRID;MADRID;Comunidades interiores
16;28;12;ANCHUELO;280012;MADRID;MADRID;Comunidades interiores
16;28;13;ARANJUEZ;280013;MADRID;MADRID;Comunidades interiores
16;28;14;ARGANDA DEL REY;280014;MADRID;MADRID;Comunidades interiores
16;28;15;ARROYOMOLINOS;280015;MADRID;MADRID;Comunidades interiores
16;28;16;ATAZAR, EL;280016;MADRID;MADRID;Comunidades interiores
16;28;17;BATRES;280017;MADRID;MADRID;Comunidades interiores
16;28;18;BECERRIL DE LA SIERRA;280018;MADRID;MADRID;Comunidades interiores
16;28;19;BELMONTE DE TAJO;280019;MADRID;MADRID;Comunidades interiores
16;28;20;BERZOSA DEL LOZOYA;280020;MADRID;MADRID;Comunidades interiores
16;28;21;BERRUECO, EL;280021;MADRID;MADRID;Comunidades interiores
16;28;22;BOADILLA DEL MONTE;280022;MADRID;MADRID;Comunidades interiores
16;28;23;BOALO, EL;280023;MADRID;MADRID;Comunidades interiores
16;28;24;BRAOJOS;280024;MADRID;MADRID;Comunidades interiores
16;28;25;BREA DE TAJO;280025;MADRID;MADRID;Comunidades interiores
16;28;26;BRUNETE;280026;MADRID;MADRID;Comunidades interiores
16;28;27;BUITRAGO DEL LOZOYA;280027;MADRID;MADRID;Comunidades interiores
16;28;28;BUSTARVIEJO;280028;MADRID;MADRID;Comunidades interiores
16;28;29;CABANILLAS DE LA SIERRA;280029;MADRID;MADRID;Comunidades interiores
16;28;30;CABRERA, LA;280030;MADRID;MADRID;Comunidades interiores
16;28;31;CADALSO DE LOS VIDRIOS;280031;MADRID;MADRID;Comunidades interiores
16;28;32;CAMARMA DE ESTERUELAS;280032;MADRID;MADRID;Comunidades interiores
16;28;33;CAMPO REAL;280033;MADRID;MADRID;Comunidades interiores
16;28;34;CANENCIA;280034;MADRID;MADRID;Comunidades interiores
16;28;35;CARABAÑA;280035;MADRID;MADRID;Comunidades interiores
16;28;36;CASARRUBUELOS;280036;MADRID;MADRID;Comunidades interiores
16;28;37;CENICIENTOS;280037;MADRID;MADRID;Comunidades interiores
16;28;38;CERCEDILLA;280038;MADRID;MADRID;Comunidades interiores
16;28;39;CERVERA DE BUITRAGO;280039;MADRID;MADRID;Comunidades interiores
16;28;40;CIEMPOZUELOS;280040;MADRID;MADRID;Comunidades interiores
16;28;41;COBEÑA;280041;MADRID;MADRID;Comunidades interiores
16;28;42;COLMENAR DEL ARROYO;280042;MADRID;MADRID;Comunidades interiores
16;28;43;COLMENAR DE OREJA;280043;MADRID;MADRID;Comunidades interiores
16;28;44;COLMENAREJO;280044;MADRID;MADRID;Comunidades interiores
16;28;45;COLMENAR VIEJO;280045;MADRID;MADRID;Comunidades interiores
16;28;46;COLLADO MEDIANO;280046;MADRID;MADRID;Comunidades interiores
16;28;47;COLLADO VILLALBA;280047;MADRID;MADRID;Comunidades interiores
16;28;48;CORPA;280048;MADRID;MADRID;Comunidades interiores
16;28;49;COSLADA;280049;MADRID;MADRID;Comunidades interiores
16;28;50;CUBAS DE LA SAGRA;280050;MADRID;MADRID;Comunidades interiores
16;28;51;CHAPINERÍA;280051;MADRID;MADRID;Comunidades interiores
16;28;52;CHINCHÓN;280052;MADRID;MADRID;Comunidades interiores
16;28;53;DAGANZO DE ARRIBA;280053;MADRID;MADRID;Comunidades interiores
16;28;54;ESCORIAL, EL;280054;MADRID;MADRID;Comunidades interiores
16;28;55;ESTREMERA;280055;MADRID;MADRID;Comunidades interiores
16;28;56;FRESNEDILLA DE LA OLIVA;280056;MADRID;MADRID;Comunidades interiores
16;28;57;FRESNO DE TOROTE;280057;MADRID;MADRID;Comunidades interiores
16;28;58;FUENLABRADA;280058;MADRID;MADRID;Comunidades interiores
16;28;59;FUENTE EL SAZ DE JARAMA;280059;MADRID;MADRID;Comunidades interiores
16;28;60;FUENTIDUEÑA DE TAJO;280060;MADRID;MADRID;Comunidades interiores
16;28;61;GALAPAGAR;280061;MADRID;MADRID;Comunidades interiores
16;28;62;GARGANTA DE LOS MONTES;280062;MADRID;MADRID;Comunidades interiores
16;28;63;GARGANTILLA DEL LOZOYA;280063;MADRID;MADRID;Comunidades interiores
16;28;64;GASCONES;280064;MADRID;MADRID;Comunidades interiores
16;28;65;GETAFE;280065;MADRID;MADRID;Comunidades interiores
16;28;66;GRIÑÓN;280066;MADRID;MADRID;Comunidades interiores
16;28;67;GUADALIX DE LA SIERRA;280067;MADRID;MADRID;Comunidades interiores
16;28;68;GUADARRAMA;280068;MADRID;MADRID;Comunidades interiores
16;28;69;HIRUELA, LA;280069;MADRID;MADRID;Comunidades interiores
16;28;70;HORCAJO DE LA SIERRA-AOSLOS;280070;MADRID;MADRID;Comunidades interiores
16;28;71;HORCAJUELO DE LA SIERRA;280071;MADRID;MADRID;Comunidades interiores
16;28;72;HOYO DE MANZANARES;280072;MADRID;MADRID;Comunidades interiores
16;28;73;HUMANES DE MADRID;280073;MADRID;MADRID;Comunidades interiores
16;28;74;LEGANÉS;280074;MADRID;MADRID;Comunidades interiores
16;28;75;LOECHES;280075;MADRID;MADRID;Comunidades interiores
16;28;76;LOZOYA;280076;MADRID;MADRID;Comunidades interiores
16;28;78;MADARCOS;280078;MADRID;MADRID;Comunidades interiores
16;28;79;MADRID;280079;MADRID;MADRID;Comunidades interiores
16;28;80;MAJADAHONDA;280080;MADRID;MADRID;Comunidades interiores
16;28;82;MANZANARES EL REAL;280082;MADRID;MADRID;Comunidades interiores
16;28;83;MECO;280083;MADRID;MADRID;Comunidades interiores
16;28;84;MEJORADA DEL CAMPO;280084;MADRID;MADRID;Comunidades interiores
16;28;85;MIRAFLORES DE LA SIERRA;280085;MADRID;MADRID;Comunidades interiores
16;28;86;MOLAR, EL;280086;MADRID;MADRID;Comunidades interiores
16;28;87;MOLINOS, LOS;280087;MADRID;MADRID;Comunidades interiores
16;28;88;MONTEJO DE LA SIERRA;280088;MADRID;MADRID;Comunidades interiores
16;28;89;MORALEJA DE ENMEDIO;280089;MADRID;MADRID;Comunidades interiores
16;28;90;MORALZARZAL;280090;MADRID;MADRID;Comunidades interiores
16;28;91;MORATA DE TAJUÑA;280091;MADRID;MADRID;Comunidades interiores
16;28;92;MÓSTOLES;280092;MADRID;MADRID;Comunidades interiores
16;28;93;NAVACERRADA;280093;MADRID;MADRID;Comunidades interiores
16;28;94;NAVALAFUENTE;280094;MADRID;MADRID;Comunidades interiores
16;28;95;NAVALAGAMELLA;280095;MADRID;MADRID;Comunidades interiores
16;28;96;NAVALCARNERO;280096;MADRID;MADRID;Comunidades interiores
16;28;97;NAVARREDONDA Y SAN MAMÉS;280097;MADRID;MADRID;Comunidades interiores
16;28;99;NAVAS DEL REY;280099;MADRID;MADRID;Comunidades interiores
16;28;100;NUEVO BAZTÁN;280100;MADRID;MADRID;Comunidades interiores
16;28;101;OLMEDA DE LAS FUENTES;280101;MADRID;MADRID;Comunidades interiores
16;28;102;ORUSCO DE TAJUÑA;280102;MADRID;MADRID;Comunidades interiores
16;28;104;PARACUELLOS DE JARAMA;280104;MADRID;MADRID;Comunidades interiores
16;28;106;PARLA;280106;MADRID;MADRID;Comunidades interiores
16;28;107;PATONES;280107;MADRID;MADRID;Comunidades interiores
16;28;108;PEDREZUELA;280108;MADRID;MADRID;Comunidades interiores
16;28;109;PELAYOS DE LA PRESA;280109;MADRID;MADRID;Comunidades interiores
16;28;110;PERALES DE TAJUÑA;280110;MADRID;MADRID;Comunidades interiores
16;28;111;PEZUELA DE LAS TORRES;280111;MADRID;MADRID;Comunidades interiores
16;28;112;PINILLA DEL VALLE;280112;MADRID;MADRID;Comunidades interiores
16;28;113;PINTO;280113;MADRID;MADRID;Comunidades interiores
16;28;114;PIÑUÉCAR-GANDULLAS;280114;MADRID;MADRID;Comunidades interiores
16;28;115;POZUELO DE ALARCÓN;280115;MADRID;MADRID;Comunidades interiores
16;28;116;POZUELO DEL REY;280116;MADRID;MADRID;Comunidades interiores
16;28;117;PRÁDENA DEL RINCON;280117;MADRID;MADRID;Comunidades interiores
16;28;118;PUEBLA DE LA SIERRA;280118;MADRID;MADRID;Comunidades interiores
16;28;119;QUIJORNA;280119;MADRID;MADRID;Comunidades interiores
16;28;120;RASCAFRÍA;280120;MADRID;MADRID;Comunidades interiores
16;28;121;REDUEÑA;280121;MADRID;MADRID;Comunidades interiores
16;28;122;RIBATEJADA;280122;MADRID;MADRID;Comunidades interiores
16;28;123;RIVAS-VACIAMADRID;280123;MADRID;MADRID;Comunidades interiores
16;28;124;ROBLEDILLO DE LA JARA;280124;MADRID;MADRID;Comunidades interiores
16;28;125;ROBLEDO DE CHAVELA;280125;MADRID;MADRID;Comunidades interiores
16;28;126;ROBREGORDO;280126;MADRID;MADRID;Comunidades interiores
16;28;127;ROZAS DE MADRID, LAS;280127;MADRID;MADRID;Comunidades interiores
16;28;128;ROZAS DE PUERTO REAL;280128;MADRID;MADRID;Comunidades interiores
16;28;129;SAN AGUSTIN DEL GUADALIX;280129;MADRID;MADRID;Comunidades interiores
16;28;130;SAN FERNANDO DE HENARES;280130;MADRID;MADRID;Comunidades interiores
16;28;131;SAN LORENZO DE EL ESCORIAL;280131;MADRID;MADRID;Comunidades interiores
16;28;132;SAN MARTÍN DE LA VEGA;280132;MADRID;MADRID;Comunidades interiores
16;28;133;SAN MARTIN DE VALDEIGLESIAS;280133;MADRID;MADRID;Comunidades interiores
16;28;134;SAN SEBASTIÁN DE LOS REYES;280134;MADRID;MADRID;Comunidades interiores
16;28;135;SANTA MARÍA DE LA ALAMEDA;280135;MADRID;MADRID;Comunidades interiores
16;28;136;SANTORCAZ;280136;MADRID;MADRID;Comunidades interiores
16;28;137;SANTOS DE LA HUMOSA, LOS;280137;MADRID;MADRID;Comunidades interiores
16;28;138;SERNA DEL MONTE, LA;280138;MADRID;MADRID;Comunidades interiores
16;28;140;SERRANILLOS DEL VALLE;280140;MADRID;MADRID;Comunidades interiores
16;28;141;SEVILLA LA NUEVA;280141;MADRID;MADRID;Comunidades interiores
16;28;143;SOMOSIERRA;280143;MADRID;MADRID;Comunidades interiores
16;28;144;SOTO DEL REAL;280144;MADRID;MADRID;Comunidades interiores
16;28;145;TALAMANCA DE JARAMA;280145;MADRID;MADRID;Comunidades interiores
16;28;146;TIELMES;280146;MADRID;MADRID;Comunidades interiores
16;28;147;TITULCIA;280147;MADRID;MADRID;Comunidades interiores
16;28;148;TORREJÓN DE ARDOZ;280148;MADRID;MADRID;Comunidades interiores
16;28;149;TORREJÓN DE LA CALZADA;280149;MADRID;MADRID;Comunidades interiores
16;28;150;TORREJÓN DE VELASCO;280150;MADRID;MADRID;Comunidades interiores
16;28;151;TORRELAGUNA;280151;MADRID;MADRID;Comunidades interiores
16;28;152;TORRELODONES;280152;MADRID;MADRID;Comunidades interiores
16;28;153;TORREMOCHA DE JARAMA;280153;MADRID;MADRID;Comunidades interiores
16;28;154;TORRES DE LA ALAMEDA;280154;MADRID;MADRID;Comunidades interiores
16;28;155;VALDARACETE;280155;MADRID;MADRID;Comunidades interiores
16;28;156;VALDEAVERO;280156;MADRID;MADRID;Comunidades interiores
16;28;157;VALDELAGUNA;280157;MADRID;MADRID;Comunidades interiores
16;28;158;VALDEMANCO;280158;MADRID;MADRID;Comunidades interiores
16;28;159;VALDEMAQUEDA;280159;MADRID;MADRID;Comunidades interiores
16;28;160;VALDEMORILLO;280160;MADRID;MADRID;Comunidades interiores
16;28;161;VALDEMORO;280161;MADRID;MADRID;Comunidades interiores
16;28;162;VALDEOLMOS-ALALPARDO;280162;MADRID;MADRID;Comunidades interiores
16;28;163;VALDEPIÉLAGOS;280163;MADRID;MADRID;Comunidades interiores
16;28;164;VALDETORRES DE JARAMA;280164;MADRID;MADRID;Comunidades interiores
16;28;165;VALDILECHA;280165;MADRID;MADRID;Comunidades interiores
16;28;166;VALVERDE DE ALCALÁ;280166;MADRID;MADRID;Comunidades interiores
16;28;167;VELILLA DE SAN ANTONIO;280167;MADRID;MADRID;Comunidades interiores
16;28;168;VELLÓN, EL;280168;MADRID;MADRID;Comunidades interiores
16;28;169;VENTURADA;280169;MADRID;MADRID;Comunidades interiores
16;28;170;VILLACONEJOS;280170;MADRID;MADRID;Comunidades interiores
16;28;171;VILLA DEL PRADO;280171;MADRID;MADRID;Comunidades interiores
16;28;172;VILLALBILLA;280172;MADRID;MADRID;Comunidades interiores
16;28;173;VILLAMANRIQUE DE TAJO;280173;MADRID;MADRID;Comunidades interiores
16;28;174;VILLAMANTA;280174;MADRID;MADRID;Comunidades interiores
16;28;175;VILLAMANTILLA;280175;MADRID;MADRID;Comunidades interiores
16;28;176;VILLANUEVA DE LA CAÑADA;280176;MADRID;MADRID;Comunidades interiores
16;28;177;VILLANUEVA DEL PARDILLO;280177;MADRID;MADRID;Comunidades interiores
16;28;178;VILLANUEVA DE PERALES;280178;MADRID;MADRID;Comunidades interiores
16;28;179;VILLAR DEL OLMO;280179;MADRID;MADRID;Comunidades interiores
16;28;180;VILLAREJO DE SALVANÉS;280180;MADRID;MADRID;Comunidades interiores
16;28;181;VILLAVICIOSA DE ODÓN;280181;MADRID;MADRID;Comunidades interiores
16;28;182;VILLAVIEJA DEL LOZOYA;280182;MADRID;MADRID;Comunidades interiores
16;28;183;ZARZALEJO;280183;MADRID;MADRID;Comunidades interiores
16;28;901;LOZOYUELA-NAVAS-SIETEIGLESIAS;280901;MADRID;MADRID;Comunidades interiores
16;28;902;PUENTES VIEJAS;280902;MADRID;MADRID;Comunidades interiores
16;28;903;TRES CANTOS;280903;MADRID;MADRID;Comunidades interiores
16;28;999;OTRA PROVINCIA;280999;MADRID;MADRID;Comunidades interiores
17;5;0;INDETERMINADO;50000;áVILA;AVILA;Comunidades interiores
17;5;1;ADANERO;50001;áVILA;AVILA;Comunidades interiores
17;5;2;ADRADA LA;50002;áVILA;AVILA;Comunidades interiores
17;5;5;ALBORNOS;50005;áVILA;AVILA;Comunidades interiores
17;5;7;ALDEANUEVA DE SANTA CRUZ;50007;áVILA;AVILA;Comunidades interiores
17;5;8;ALDEASECA;50008;áVILA;AVILA;Comunidades interiores
17;5;10;ALDEHUELA LA;50010;áVILA;AVILA;Comunidades interiores
17;5;12;AMAVIDA;50012;áVILA;AVILA;Comunidades interiores
17;5;13;ARENAL EL;50013;áVILA;AVILA;Comunidades interiores
17;5;14;ARENAS DE SAN PEDRO;50014;áVILA;AVILA;Comunidades interiores
17;5;15;AREVALILLO;50015;áVILA;AVILA;Comunidades interiores
17;5;16;AREVALO;50016;áVILA;AVILA;Comunidades interiores
17;5;17;AVEINTE;50017;áVILA;AVILA;Comunidades interiores
17;5;18;AVELLANEDA;50018;áVILA;AVILA;Comunidades interiores
17;5;19;AVILA;50019;áVILA;AVILA;Comunidades interiores
17;5;21;BARCO DE AVILA EL;50021;áVILA;AVILA;Comunidades interiores
17;5;22;BARRACO EL;50022;áVILA;AVILA;Comunidades interiores
17;5;23;BARROMAN;50023;áVILA;AVILA;Comunidades interiores
17;5;24;BECEDAS;50024;áVILA;AVILA;Comunidades interiores
17;5;25;BECEDILLAS;50025;áVILA;AVILA;Comunidades interiores
17;5;26;BERCIAL DE ZAPARDIEL;50026;áVILA;AVILA;Comunidades interiores
17;5;27;BERLANAS LAS;50027;áVILA;AVILA;Comunidades interiores
17;5;29;BERNUY-ZAPARDIEL;50029;áVILA;AVILA;Comunidades interiores
17;5;30;BERROCALEJO DE ARAGONA;50030;áVILA;AVILA;Comunidades interiores
17;5;33;BLASCOMILLAN;50033;áVILA;AVILA;Comunidades interiores
17;5;34;BLASCONUÑO DE MATACABRA;50034;áVILA;AVILA;Comunidades interiores
17;5;35;BLASCOSANCHO;50035;áVILA;AVILA;Comunidades interiores
17;5;36;BOHODON EL;50036;áVILA;AVILA;Comunidades interiores
17;5;37;BOHOYO;50037;áVILA;AVILA;Comunidades interiores
17;5;38;BONILLA DE LA SIERRA;50038;áVILA;AVILA;Comunidades interiores
17;5;39;BRABOS;50039;áVILA;AVILA;Comunidades interiores
17;5;40;BULARROS;50040;áVILA;AVILA;Comunidades interiores
17;5;41;BURGOHONDO;50041;áVILA;AVILA;Comunidades interiores
17;5;42;CABEZAS DE ALAMBRE;50042;áVILA;AVILA;Comunidades interiores
17;5;43;CABEZAS DEL POZO;50043;áVILA;AVILA;Comunidades interiores
17;5;44;CABEZAS DEL VILLAR;50044;áVILA;AVILA;Comunidades interiores
17;5;45;CABIZUELA;50045;áVILA;AVILA;Comunidades interiores
17;5;46;CANALES;50046;áVILA;AVILA;Comunidades interiores
17;5;47;CANDELEDA;50047;áVILA;AVILA;Comunidades interiores
17;5;48;CANTIVEROS;50048;áVILA;AVILA;Comunidades interiores
17;5;49;CARDEÑOSA;50049;áVILA;AVILA;Comunidades interiores
17;5;51;CARRERA LA;50051;áVILA;AVILA;Comunidades interiores
17;5;52;CASAS DEL PUERTO;50052;áVILA;AVILA;Comunidades interiores
17;5;53;CASASOLA;50053;áVILA;AVILA;Comunidades interiores
17;5;54;CASAVIEJA;50054;áVILA;AVILA;Comunidades interiores
17;5;55;CASILLAS;50055;áVILA;AVILA;Comunidades interiores
17;5;56;CASTELLANOS DE ZAPARDIEL;50056;áVILA;AVILA;Comunidades interiores
17;5;57;CEBREROS;50057;áVILA;AVILA;Comunidades interiores
17;5;58;CEPEDA LA MORA;50058;áVILA;AVILA;Comunidades interiores
17;5;59;CILLAN;50059;áVILA;AVILA;Comunidades interiores
17;5;60;CISLA;50060;áVILA;AVILA;Comunidades interiores
17;5;61;COLILLA LA;50061;áVILA;AVILA;Comunidades interiores
17;5;62;COLLADO DE CONTRERAS;50062;áVILA;AVILA;Comunidades interiores
17;5;63;COLLADO DEL MIRON;50063;áVILA;AVILA;Comunidades interiores
17;5;64;CONSTANZANA;50064;áVILA;AVILA;Comunidades interiores
17;5;65;CRESPOS;50065;áVILA;AVILA;Comunidades interiores
17;5;66;CUEVAS DEL VALLE;50066;áVILA;AVILA;Comunidades interiores
17;5;67;CHAMARTIN;50067;áVILA;AVILA;Comunidades interiores
17;5;69;DONJIMENO;50069;áVILA;AVILA;Comunidades interiores
17;5;70;DONVIDAS;50070;áVILA;AVILA;Comunidades interiores
17;5;72;ESPINOSA DE LOS CABALLEROS;50072;áVILA;AVILA;Comunidades interiores
17;5;73;FLORES DE AVILA;50073;áVILA;AVILA;Comunidades interiores
17;5;74;FONTIVEROS;50074;áVILA;AVILA;Comunidades interiores
17;5;75;FRESNEDILLA;50075;áVILA;AVILA;Comunidades interiores
17;5;76;FRESNO EL;50076;áVILA;AVILA;Comunidades interiores
17;5;77;FUENTE EL SAUZ;50077;áVILA;AVILA;Comunidades interiores
17;5;78;FUENTES DE AÑO;50078;áVILA;AVILA;Comunidades interiores
17;5;79;GALLEGOS DE ALTAMIROS;50079;áVILA;AVILA;Comunidades interiores
17;5;80;GALLEGOS DE SOBRINOS;50080;áVILA;AVILA;Comunidades interiores
17;5;81;GARGANTA DEL VILLAR;50081;áVILA;AVILA;Comunidades interiores
17;5;82;GAVILANES;50082;áVILA;AVILA;Comunidades interiores
17;5;83;GEMUÑO;50083;áVILA;AVILA;Comunidades interiores
17;5;84;GILBUENA;50084;áVILA;AVILA;Comunidades interiores
17;5;85;GIL GARCIA;50085;áVILA;AVILA;Comunidades interiores
17;5;86;GIMIALCON;50086;áVILA;AVILA;Comunidades interiores
17;5;87;GOTARRENDURA;50087;áVILA;AVILA;Comunidades interiores
17;5;88;GRANDES Y SAN MARTIN;50088;áVILA;AVILA;Comunidades interiores
17;5;89;GUISANDO;50089;áVILA;AVILA;Comunidades interiores
17;5;90;GUTIERRE-MUÑOZ;50090;áVILA;AVILA;Comunidades interiores
17;5;92;HERNANSANCHO;50092;áVILA;AVILA;Comunidades interiores
17;5;93;HERRADON DE PINARES;50093;áVILA;AVILA;Comunidades interiores
17;5;94;HERREROS DE SUSO;50094;áVILA;AVILA;Comunidades interiores
17;5;95;HIGUERA DE LAS DUEÑAS;50095;áVILA;AVILA;Comunidades interiores
17;5;96;HIJA DE DIOS LA;50096;áVILA;AVILA;Comunidades interiores
17;5;97;HORCAJADA LA;50097;áVILA;AVILA;Comunidades interiores
17;5;99;HORCAJO DE LAS TORRES;50099;áVILA;AVILA;Comunidades interiores
17;5;100;HORNILLO EL;50100;áVILA;AVILA;Comunidades interiores
17;5;101;HOYOCASERO;50101;áVILA;AVILA;Comunidades interiores
17;5;102;HOYO DE PINARES EL;50102;áVILA;AVILA;Comunidades interiores
17;5;103;HOYORREDONDO;50103;áVILA;AVILA;Comunidades interiores
17;5;104;HOYOS DEL COLLADO;50104;áVILA;AVILA;Comunidades interiores
17;5;105;HOYOS DEL ESPINO;50105;áVILA;AVILA;Comunidades interiores
17;5;106;HOYOS DE MIGUEL MUÑOZ;50106;áVILA;AVILA;Comunidades interiores
17;5;107;HURTUMPASCUAL;50107;áVILA;AVILA;Comunidades interiores
17;5;108;JUNCIANA;50108;áVILA;AVILA;Comunidades interiores
17;5;109;LANGA;50109;áVILA;AVILA;Comunidades interiores
17;5;110;LANZAHITA;50110;áVILA;AVILA;Comunidades interiores
17;5;112;LOSAR DEL BARCO EL;50112;áVILA;AVILA;Comunidades interiores
17;5;113;LLANOS DE TORMES LOS;50113;áVILA;AVILA;Comunidades interiores
17;5;114;MADRIGAL DE LAS ALTAS TORRES;50114;áVILA;AVILA;Comunidades interiores
17;5;115;MAELLO;50115;áVILA;AVILA;Comunidades interiores
17;5;116;MALPARTIDA DE CORNEJA;50116;áVILA;AVILA;Comunidades interiores
17;5;117;MAMBLAS;50117;áVILA;AVILA;Comunidades interiores
17;5;118;MANCERA DE ARRIBA;50118;áVILA;AVILA;Comunidades interiores
17;5;119;MANJABALAGO;50119;áVILA;AVILA;Comunidades interiores
17;5;120;MARLIN;50120;áVILA;AVILA;Comunidades interiores
17;5;121;MARTIHERRERO;50121;áVILA;AVILA;Comunidades interiores
17;5;122;MARTINEZ;50122;áVILA;AVILA;Comunidades interiores
17;5;123;MEDIANA DE VOLTOYA;50123;áVILA;AVILA;Comunidades interiores
17;5;124;MEDINILLA;50124;áVILA;AVILA;Comunidades interiores
17;5;125;MENGAMUÑOZ;50125;áVILA;AVILA;Comunidades interiores
17;5;126;MESEGAR DE CORNEJA;50126;áVILA;AVILA;Comunidades interiores
17;5;127;MIJARES;50127;áVILA;AVILA;Comunidades interiores
17;5;128;MINGORRIA;50128;áVILA;AVILA;Comunidades interiores
17;5;129;MIRON EL;50129;áVILA;AVILA;Comunidades interiores
17;5;130;MIRONCILLO;50130;áVILA;AVILA;Comunidades interiores
17;5;131;MIRUEÑA DE LOS INFANZONES;50131;áVILA;AVILA;Comunidades interiores
17;5;132;MOMBELTRAN;50132;áVILA;AVILA;Comunidades interiores
17;5;133;MONSALUPE;50133;áVILA;AVILA;Comunidades interiores
17;5;134;MORALEJA DE MATACABRAS;50134;áVILA;AVILA;Comunidades interiores
17;5;135;MUÑANA;50135;áVILA;AVILA;Comunidades interiores
17;5;136;MUÑICO;50136;áVILA;AVILA;Comunidades interiores
17;5;138;MUÑOGALINDO;50138;áVILA;AVILA;Comunidades interiores
17;5;139;MUÑOGRANDE;50139;áVILA;AVILA;Comunidades interiores
17;5;140;MUÑOMER DEL PECO;50140;áVILA;AVILA;Comunidades interiores
17;5;141;MUÑOPEPE;50141;áVILA;AVILA;Comunidades interiores
17;5;142;MUÑOSANCHO;50142;áVILA;AVILA;Comunidades interiores
17;5;143;MUÑOTELLO;50143;áVILA;AVILA;Comunidades interiores
17;5;144;NARRILLOS DEL ALAMO;50144;áVILA;AVILA;Comunidades interiores
17;5;145;NARRILLOS DEL REBOLLAR;50145;áVILA;AVILA;Comunidades interiores
17;5;147;NARROS DEL CASTILLO;50147;áVILA;AVILA;Comunidades interiores
17;5;148;NARROS DEL PUERTO;50148;áVILA;AVILA;Comunidades interiores
17;5;149;NARROS DE SALDUEÑA;50149;áVILA;AVILA;Comunidades interiores
17;5;151;NAVACEPEDILLA DE CORNEJA;50151;áVILA;AVILA;Comunidades interiores
17;5;152;NAVA DE AREVALO;50152;áVILA;AVILA;Comunidades interiores
17;5;153;NAVA DEL BARCO;50153;áVILA;AVILA;Comunidades interiores
17;5;154;NAVADIJOS;50154;áVILA;AVILA;Comunidades interiores
17;5;155;NAVAESCURIAL;50155;áVILA;AVILA;Comunidades interiores
17;5;156;NAVAHONDILLA;50156;áVILA;AVILA;Comunidades interiores
17;5;157;NAVALACRUZ;50157;áVILA;AVILA;Comunidades interiores
17;5;158;NAVALMORAL;50158;áVILA;AVILA;Comunidades interiores
17;5;159;NAVALONGUILLA;50159;áVILA;AVILA;Comunidades interiores
17;5;160;NAVALOSA;50160;áVILA;AVILA;Comunidades interiores
17;5;161;NAVALPERAL DE PINARES;50161;áVILA;AVILA;Comunidades interiores
17;5;162;NAVALPERAL DE TORMES;50162;áVILA;AVILA;Comunidades interiores
17;5;163;NAVALUENGA;50163;áVILA;AVILA;Comunidades interiores
17;5;164;NAVAQUESERA;50164;áVILA;AVILA;Comunidades interiores
17;5;165;NAVARREDONDA DE GREDOS;50165;áVILA;AVILA;Comunidades interiores
17;5;166;NAVARREDONDILLA;50166;áVILA;AVILA;Comunidades interiores
17;5;167;NAVARREVISCA;50167;áVILA;AVILA;Comunidades interiores
17;5;168;NAVAS DEL MARQUES LAS;50168;áVILA;AVILA;Comunidades interiores
17;5;169;NAVATALGORDO;50169;áVILA;AVILA;Comunidades interiores
17;5;170;NAVATEJARES;50170;áVILA;AVILA;Comunidades interiores
17;5;171;NEILA DE SAN MIGUEL;50171;áVILA;AVILA;Comunidades interiores
17;5;172;NIHARRA;50172;áVILA;AVILA;Comunidades interiores
17;5;173;OJOS-ALBOS;50173;áVILA;AVILA;Comunidades interiores
17;5;174;ORBITA;50174;áVILA;AVILA;Comunidades interiores
17;5;175;OSO EL;50175;áVILA;AVILA;Comunidades interiores
17;5;176;PADIERNOS;50176;áVILA;AVILA;Comunidades interiores
17;5;177;PAJARES DE ADAJA;50177;áVILA;AVILA;Comunidades interiores
17;5;178;PALACIOS DE GODA;50178;áVILA;AVILA;Comunidades interiores
17;5;179;PAPATRIGO;50179;áVILA;AVILA;Comunidades interiores
17;5;180;PARRAL EL;50180;áVILA;AVILA;Comunidades interiores
17;5;181;PASCUALCOBO;50181;áVILA;AVILA;Comunidades interiores
17;5;182;PEDRO BERNARDO;50182;áVILA;AVILA;Comunidades interiores
17;5;183;PEDRO-RODRIGUEZ;50183;áVILA;AVILA;Comunidades interiores
17;5;184;PEGUERINOS;50184;áVILA;AVILA;Comunidades interiores
17;5;185;PEÑALBA DE AVILA;50185;áVILA;AVILA;Comunidades interiores
17;5;186;PIEDRAHITA;50186;áVILA;AVILA;Comunidades interiores
17;5;187;PIEDRALAVES;50187;áVILA;AVILA;Comunidades interiores
17;5;188;POVEDA;50188;áVILA;AVILA;Comunidades interiores
17;5;189;POYALES DEL HOYO;50189;áVILA;AVILA;Comunidades interiores
17;5;190;POZANCO;50190;áVILA;AVILA;Comunidades interiores
17;5;191;PRADOSEGAR;50191;áVILA;AVILA;Comunidades interiores
17;5;192;PUERTO CASTILLA;50192;áVILA;AVILA;Comunidades interiores
17;5;193;RASUEROS;50193;áVILA;AVILA;Comunidades interiores
17;5;194;RIOCABADO;50194;áVILA;AVILA;Comunidades interiores
17;5;195;RIOFRIO;50195;áVILA;AVILA;Comunidades interiores
17;5;196;RIVILLA DE BARAJAS;50196;áVILA;AVILA;Comunidades interiores
17;5;197;SALOBRAL;50197;áVILA;AVILA;Comunidades interiores
17;5;198;SALVADIOS;50198;áVILA;AVILA;Comunidades interiores
17;5;199;S BARTOLOME DE BEJAR;50199;áVILA;AVILA;Comunidades interiores
17;5;200;S BARTOLOME DE CORNEJA;50200;áVILA;AVILA;Comunidades interiores
17;5;201;S BARTOLOME DE PINARES;50201;áVILA;AVILA;Comunidades interiores
17;5;204;SANCHINDRIAN;50204;áVILA;AVILA;Comunidades interiores
17;5;205;SANCHORREJA;50205;áVILA;AVILA;Comunidades interiores
17;5;206;S ESTEBAN DE LOS PATOS;50206;áVILA;AVILA;Comunidades interiores
17;5;207;S ESTEBAN DEL VALLE;50207;áVILA;AVILA;Comunidades interiores
17;5;208;S ESTEBAN DE ZAPARDIEL;50208;áVILA;AVILA;Comunidades interiores
17;5;209;S GARCIA DE INGELMOS;50209;áVILA;AVILA;Comunidades interiores
17;5;210;S JUAN DE LA ENCINILLA;50210;áVILA;AVILA;Comunidades interiores
17;5;211;S JUAN DE LA NAVA;50211;áVILA;AVILA;Comunidades interiores
17;5;212;S JUAN DEL MOLINILLO;50212;áVILA;AVILA;Comunidades interiores
17;5;213;S JUAN DEL OLMO;50213;áVILA;AVILA;Comunidades interiores
17;5;214;S LORENZO DE TORMES;50214;áVILA;AVILA;Comunidades interiores
17;5;215;S MARTIN DE LA VEGA;50215;áVILA;AVILA;Comunidades interiores
17;5;216;S MARTIN DEL PIMPOLLAR;50216;áVILA;AVILA;Comunidades interiores
17;5;217;S MIGUEL DE CORNEJA;50217;áVILA;AVILA;Comunidades interiores
17;5;218;S MIGUEL DE SERREZUELA;50218;áVILA;AVILA;Comunidades interiores
17;5;219;S PASCUAL;50219;áVILA;AVILA;Comunidades interiores
17;5;220;S PEDRO DEL ARROYO;50220;áVILA;AVILA;Comunidades interiores
17;5;221;STA CRUZ DEL VALLE;50221;áVILA;AVILA;Comunidades interiores
17;5;222;STA CRUZ DE PINARES;50222;áVILA;AVILA;Comunidades interiores
17;5;224;STA MARIA DEL ARROYO;50224;áVILA;AVILA;Comunidades interiores
17;5;225;STA MARIA DEL BERROCAL;50225;áVILA;AVILA;Comunidades interiores
17;5;226;STA MARIA DE LOS CABALLEROS;50226;áVILA;AVILA;Comunidades interiores
17;5;227;STA MARIA DEL TIETAR;50227;áVILA;AVILA;Comunidades interiores
17;5;228;SANTIAGO DEL COLLADO;50228;áVILA;AVILA;Comunidades interiores
17;5;229;STO DOMINGO DE LAS POSADAS;50229;áVILA;AVILA;Comunidades interiores
17;5;230;STO TOME DE ZABARCOS;50230;áVILA;AVILA;Comunidades interiores
17;5;231;S VICENTE DE AREVALO;50231;áVILA;AVILA;Comunidades interiores
17;5;232;SERRADA LA;50232;áVILA;AVILA;Comunidades interiores
17;5;233;SERRANILLOS;50233;áVILA;AVILA;Comunidades interiores
17;5;234;SIGERES;50234;áVILA;AVILA;Comunidades interiores
17;5;235;SINLABAJOS;50235;áVILA;AVILA;Comunidades interiores
17;5;236;SOLANA DE ÁVILA;50236;áVILA;AVILA;Comunidades interiores
17;5;237;SOLANA DE RIOALMAR;50237;áVILA;AVILA;Comunidades interiores
17;5;238;SOLOSANCHO;50238;áVILA;AVILA;Comunidades interiores
17;5;239;SOTALVO;50239;áVILA;AVILA;Comunidades interiores
17;5;240;SOTILLO DE LA ADRADA;50240;áVILA;AVILA;Comunidades interiores
17;5;241;TIEMBLO EL;50241;áVILA;AVILA;Comunidades interiores
17;5;242;TIÑOSILLOS;50242;áVILA;AVILA;Comunidades interiores
17;5;243;TOLBAÑOS;50243;áVILA;AVILA;Comunidades interiores
17;5;244;TORMELLAS;50244;áVILA;AVILA;Comunidades interiores
17;5;245;TORNADIZOS DE AVILA;50245;áVILA;AVILA;Comunidades interiores
17;5;246;TORTOLES;50246;áVILA;AVILA;Comunidades interiores
17;5;247;TORRE LA;50247;áVILA;AVILA;Comunidades interiores
17;5;249;UMBRIAS;50249;áVILA;AVILA;Comunidades interiores
17;5;251;VADILLO DE LA SIERRA;50251;áVILA;AVILA;Comunidades interiores
17;5;252;VALDECASA;50252;áVILA;AVILA;Comunidades interiores
17;5;253;VEGA DE SANTA MARIA;50253;áVILA;AVILA;Comunidades interiores
17;5;254;VELAYOS;50254;áVILA;AVILA;Comunidades interiores
17;5;256;VILLAFLOR;50256;áVILA;AVILA;Comunidades interiores
17;5;257;VILLAFRANCA DE LA SIERRA;50257;áVILA;AVILA;Comunidades interiores
17;5;258;VILLANUEVA DE GOMEZ;50258;áVILA;AVILA;Comunidades interiores
17;5;259;VILLANUEVA DEL ACERAL;50259;áVILA;AVILA;Comunidades interiores
17;5;260;VILLANUEVA DEL CAMPILLO;50260;áVILA;AVILA;Comunidades interiores
17;5;261;VILLAR DE CORNEJA;50261;áVILA;AVILA;Comunidades interiores
17;5;262;VILLAREJO DEL VALLE;50262;áVILA;AVILA;Comunidades interiores
17;5;263;VILLATORO;50263;áVILA;AVILA;Comunidades interiores
17;5;264;VIÑEGRA DE MORAÑA;50264;áVILA;AVILA;Comunidades interiores
17;5;265;VITA;50265;áVILA;AVILA;Comunidades interiores
17;5;266;ZAPARDIEL DE LA CAÑADA;50266;áVILA;AVILA;Comunidades interiores
17;5;267;ZARPADIEL DE LA RIBERA;50267;áVILA;AVILA;Comunidades interiores
17;5;901;S JUAN DE GREDOS;50901;áVILA;AVILA;Comunidades interiores
17;5;902;STA MARIA DEL CUBILLO;50902;áVILA;AVILA;Comunidades interiores
17;5;903;DIEGO DEL CARPIO;50903;áVILA;AVILA;Comunidades interiores
17;5;904;SANTIAGO DEL TORMES;50904;áVILA;AVILA;Comunidades interiores
17;5;905;VILLANUEVA DE AVILA;50905;áVILA;AVILA;Comunidades interiores
17;5;999;OTRA PROVINCIA;50999;áVILA;AVILA;Comunidades interiores
17;9;0;INDETERMINADO;90000;BURGOS;BURGOS;Comunidades interiores
17;9;1;ABAJAS;90001;BURGOS;BURGOS;Comunidades interiores
17;9;3;ADRADA DE HAZA;90003;BURGOS;BURGOS;Comunidades interiores
17;9;6;AGUAS CANDIDAS;90006;BURGOS;BURGOS;Comunidades interiores
17;9;7;AGUILAR DE BUREBA;90007;BURGOS;BURGOS;Comunidades interiores
17;9;9;ALBILLOS;90009;BURGOS;BURGOS;Comunidades interiores
17;9;10;ALCOCERO DE MOLA;90010;BURGOS;BURGOS;Comunidades interiores
17;9;11;ALFOZ DE BRICIA;90011;BURGOS;BURGOS;Comunidades interiores
17;9;12;ALFOZ DE SANTA GADEA;90012;BURGOS;BURGOS;Comunidades interiores
17;9;13;ALTABLE;90013;BURGOS;BURGOS;Comunidades interiores
17;9;14;ALTOS LOS;90014;BURGOS;BURGOS;Comunidades interiores
17;9;16;AMEYUGO;90016;BURGOS;BURGOS;Comunidades interiores
17;9;17;ANGUIX;90017;BURGOS;BURGOS;Comunidades interiores
17;9;18;ARANDA DE DUERO;90018;BURGOS;BURGOS;Comunidades interiores
17;9;19;ARANDILLA;90019;BURGOS;BURGOS;Comunidades interiores
17;9;20;ARAUZO DE MIEL;90020;BURGOS;BURGOS;Comunidades interiores
17;9;21;ARAUZO DE SALCE;90021;BURGOS;BURGOS;Comunidades interiores
17;9;22;ARAUZO DE TORRE;90022;BURGOS;BURGOS;Comunidades interiores
17;9;23;ARCOS;90023;BURGOS;BURGOS;Comunidades interiores
17;9;24;ARENILLAS DE RIOPISUERGA;90024;BURGOS;BURGOS;Comunidades interiores
17;9;25;ARIJA;90025;BURGOS;BURGOS;Comunidades interiores
17;9;26;ARLANZON;90026;BURGOS;BURGOS;Comunidades interiores
17;9;27;ARRAYA DE OCA;90027;BURGOS;BURGOS;Comunidades interiores
17;9;29;ATAPUERCA;90029;BURGOS;BURGOS;Comunidades interiores
17;9;30;AUSINES LOS;90030;BURGOS;BURGOS;Comunidades interiores
17;9;32;AVELLANOSA DE MUÑO;90032;BURGOS;BURGOS;Comunidades interiores
17;9;33;BAHABON DE ESGUEVA;90033;BURGOS;BURGOS;Comunidades interiores
17;9;34;BALBASES LOS;90034;BURGOS;BURGOS;Comunidades interiores
17;9;35;BAÑOS DE VALDEARADOS;90035;BURGOS;BURGOS;Comunidades interiores
17;9;36;BAÑUELOS DE BUREBA;90036;BURGOS;BURGOS;Comunidades interiores
17;9;37;BARBADILLO DE HERREROS;90037;BURGOS;BURGOS;Comunidades interiores
17;9;38;BARBADILLO DEL MERCADO;90038;BURGOS;BURGOS;Comunidades interiores
17;9;39;BARBADILLO DEL PEZ;90039;BURGOS;BURGOS;Comunidades interiores
17;9;41;BARRIO DE MUÑO;90041;BURGOS;BURGOS;Comunidades interiores
17;9;43;BARRIOS DE BUREBA LOS;90043;BURGOS;BURGOS;Comunidades interiores
17;9;44;BARRIOS DE COLINA;90044;BURGOS;BURGOS;Comunidades interiores
17;9;45;BASCONCILLOS DEL TOZO;90045;BURGOS;BURGOS;Comunidades interiores
17;9;46;BASCUÑANA;90046;BURGOS;BURGOS;Comunidades interiores
17;9;47;BELBIMBRE;90047;BURGOS;BURGOS;Comunidades interiores
17;9;48;BELORADO;90048;BURGOS;BURGOS;Comunidades interiores
17;9;50;BERBERANA;90050;BURGOS;BURGOS;Comunidades interiores
17;9;51;BERLANGAS DE ROA;90051;BURGOS;BURGOS;Comunidades interiores
17;9;52;BERZOSA DE BUREBA;90052;BURGOS;BURGOS;Comunidades interiores
17;9;54;BOZOO;90054;BURGOS;BURGOS;Comunidades interiores
17;9;55;BRAZACORTA;90055;BURGOS;BURGOS;Comunidades interiores
17;9;56;BRIVIESCA;90056;BURGOS;BURGOS;Comunidades interiores
17;9;57;BUGEDO;90057;BURGOS;BURGOS;Comunidades interiores
17;9;58;BUNIEL;90058;BURGOS;BURGOS;Comunidades interiores
17;9;59;BURGOS;90059;BURGOS;BURGOS;Comunidades interiores
17;9;60;BUSTO DE BUREBA;90060;BURGOS;BURGOS;Comunidades interiores
17;9;61;CABAÑES DE ESGUEVA;90061;BURGOS;BURGOS;Comunidades interiores
17;9;62;CABEZON DE LA SIERRA;90062;BURGOS;BURGOS;Comunidades interiores
17;9;63;CAVIA;90063;BURGOS;BURGOS;Comunidades interiores
17;9;64;CALERUEGA;90064;BURGOS;BURGOS;Comunidades interiores
17;9;65;CAMPILLO DE ARANDA;90065;BURGOS;BURGOS;Comunidades interiores
17;9;66;CAMPOLARA;90066;BURGOS;BURGOS;Comunidades interiores
17;9;67;CANICOSA DE LA SIERRA;90067;BURGOS;BURGOS;Comunidades interiores
17;9;68;CANTABRANA;90068;BURGOS;BURGOS;Comunidades interiores
17;9;70;CARAZO;90070;BURGOS;BURGOS;Comunidades interiores
17;9;71;CARCEDO DE BUREBA;90071;BURGOS;BURGOS;Comunidades interiores
17;9;72;CARCEDO DE BURGOS;90072;BURGOS;BURGOS;Comunidades interiores
17;9;73;CARDEÑADIJO;90073;BURGOS;BURGOS;Comunidades interiores
17;9;74;CARDEÑAJIMENO;90074;BURGOS;BURGOS;Comunidades interiores
17;9;75;CARDEÑUELA RIOPICO;90075;BURGOS;BURGOS;Comunidades interiores
17;9;76;CARRIAS;90076;BURGOS;BURGOS;Comunidades interiores
17;9;77;CASCAJARES DE BUREBA;90077;BURGOS;BURGOS;Comunidades interiores
17;9;78;CASCAJARES DE LA SIERRA;90078;BURGOS;BURGOS;Comunidades interiores
17;9;79;CASTELLANOS DE CASTRO;90079;BURGOS;BURGOS;Comunidades interiores
17;9;82;CASTILDELGADO;90082;BURGOS;BURGOS;Comunidades interiores
17;9;83;CASTIL DE PEONES;90083;BURGOS;BURGOS;Comunidades interiores
17;9;84;CASTRILLO DE LA REINA;90084;BURGOS;BURGOS;Comunidades interiores
17;9;85;CASTRILLO DE LA VEGA;90085;BURGOS;BURGOS;Comunidades interiores
17;9;86;CASTRILLO DEL VAL;90086;BURGOS;BURGOS;Comunidades interiores
17;9;88;CASTRILLO DE RIOPISUERGA;90088;BURGOS;BURGOS;Comunidades interiores
17;9;90;CASTRILLO MATAJUDIOS;90090;BURGOS;BURGOS;Comunidades interiores
17;9;91;CASTROJERIZ;90091;BURGOS;BURGOS;Comunidades interiores
17;9;93;CAYUELA;90093;BURGOS;BURGOS;Comunidades interiores
17;9;94;CEBRECOS;90094;BURGOS;BURGOS;Comunidades interiores
17;9;95;CELADA DEL CAMINO;90095;BURGOS;BURGOS;Comunidades interiores
17;9;98;CEREZO DE RIO TIRON;90098;BURGOS;BURGOS;Comunidades interiores
17;9;100;CERRATON DE JUARROS;90100;BURGOS;BURGOS;Comunidades interiores
17;9;101;CIADONCHA;90101;BURGOS;BURGOS;Comunidades interiores
17;9;102;CILLAPERLATA;90102;BURGOS;BURGOS;Comunidades interiores
17;9;103;CILLERUELO DE ABAJO;90103;BURGOS;BURGOS;Comunidades interiores
17;9;104;CILLERUELO DE ARRIBA;90104;BURGOS;BURGOS;Comunidades interiores
17;9;105;CIRUELOS DE CERVERA;90105;BURGOS;BURGOS;Comunidades interiores
17;9;108;COGOLLOS;90108;BURGOS;BURGOS;Comunidades interiores
17;9;109;CONDADO DE TREVIÑO;90109;BURGOS;BURGOS;Comunidades interiores
17;9;110;CONTRERAS;90110;BURGOS;BURGOS;Comunidades interiores
17;9;112;CORUÑA DEL CONDE;90112;BURGOS;BURGOS;Comunidades interiores
17;9;113;COVARRUBIAS;90113;BURGOS;BURGOS;Comunidades interiores
17;9;114;CUBILLO DEL CAMPO;90114;BURGOS;BURGOS;Comunidades interiores
17;9;115;CUBO DE BUREBA;90115;BURGOS;BURGOS;Comunidades interiores
17;9;117;CUEVA DE ROA LA;90117;BURGOS;BURGOS;Comunidades interiores
17;9;119;CUEVAS DE SAN CLEMENTE;90119;BURGOS;BURGOS;Comunidades interiores
17;9;120;ENCIO;90120;BURGOS;BURGOS;Comunidades interiores
17;9;122;ESPINOSA DE CERVERA;90122;BURGOS;BURGOS;Comunidades interiores
17;9;123;ESPINOSA DEL CAMINO;90123;BURGOS;BURGOS;Comunidades interiores
17;9;124;ESPINOSA DE LOS MONTEROS;90124;BURGOS;BURGOS;Comunidades interiores
17;9;125;ESTEPAR;90125;BURGOS;BURGOS;Comunidades interiores
17;9;127;FONTIOSO;90127;BURGOS;BURGOS;Comunidades interiores
17;9;128;FRANDOVINEZ;90128;BURGOS;BURGOS;Comunidades interiores
17;9;129;FRESNEDA DE LA SIERRA TIRON;90129;BURGOS;BURGOS;Comunidades interiores
17;9;130;FRESNEÑA;90130;BURGOS;BURGOS;Comunidades interiores
17;9;131;FRESNILLO DE LAS DUEÑAS;90131;BURGOS;BURGOS;Comunidades interiores
17;9;132;FRESNO DE RIO TIRON;90132;BURGOS;BURGOS;Comunidades interiores
17;9;133;FRESNO DE RODILLA;90133;BURGOS;BURGOS;Comunidades interiores
17;9;134;FRIAS;90134;BURGOS;BURGOS;Comunidades interiores
17;9;135;FUENTEBUREBA;90135;BURGOS;BURGOS;Comunidades interiores
17;9;136;FUENTECEN;90136;BURGOS;BURGOS;Comunidades interiores
17;9;137;FUENTELCESPED;90137;BURGOS;BURGOS;Comunidades interiores
17;9;138;FUENTELISENDO;90138;BURGOS;BURGOS;Comunidades interiores
17;9;139;FUENTEMOLINOS;90139;BURGOS;BURGOS;Comunidades interiores
17;9;140;FUENTENEBRO;90140;BURGOS;BURGOS;Comunidades interiores
17;9;141;FUENTESPINA;90141;BURGOS;BURGOS;Comunidades interiores
17;9;143;GALBARROS;90143;BURGOS;BURGOS;Comunidades interiores
17;9;144;GALLEGA LA;90144;BURGOS;BURGOS;Comunidades interiores
17;9;148;GRIJALBA;90148;BURGOS;BURGOS;Comunidades interiores
17;9;149;GRISALEÑA;90149;BURGOS;BURGOS;Comunidades interiores
17;9;151;GUMIEL DE IZAN;90151;BURGOS;BURGOS;Comunidades interiores
17;9;152;GUMIEL DE MERCADO;90152;BURGOS;BURGOS;Comunidades interiores
17;9;154;HACINAS;90154;BURGOS;BURGOS;Comunidades interiores
17;9;155;HAZA;90155;BURGOS;BURGOS;Comunidades interiores
17;9;159;HONTANAS;90159;BURGOS;BURGOS;Comunidades interiores
17;9;160;HONTANGAS;90160;BURGOS;BURGOS;Comunidades interiores
17;9;162;HONTORIA DE LA CANTERA;90162;BURGOS;BURGOS;Comunidades interiores
17;9;163;HONTORIA DEL PINAR;90163;BURGOS;BURGOS;Comunidades interiores
17;9;164;HONTORIA DE VALDEARADOS;90164;BURGOS;BURGOS;Comunidades interiores
17;9;166;HORMAZAS LAS;90166;BURGOS;BURGOS;Comunidades interiores
17;9;167;HORNILLOS DEL CAMINO;90167;BURGOS;BURGOS;Comunidades interiores
17;9;168;HORRA LA;90168;BURGOS;BURGOS;Comunidades interiores
17;9;169;HORTIGUELA;90169;BURGOS;BURGOS;Comunidades interiores
17;9;170;HOYALES DE ROA;90170;BURGOS;BURGOS;Comunidades interiores
17;9;172;HUERMECES;90172;BURGOS;BURGOS;Comunidades interiores
17;9;173;HUERTA DE ARRIBA;90173;BURGOS;BURGOS;Comunidades interiores
17;9;174;HUERTA DE REY;90174;BURGOS;BURGOS;Comunidades interiores
17;9;175;HUMADA;90175;BURGOS;BURGOS;Comunidades interiores
17;9;176;HURONES;90176;BURGOS;BURGOS;Comunidades interiores
17;9;177;IBEAS DE JUARROS;90177;BURGOS;BURGOS;Comunidades interiores
17;9;178;IBRILLOS;90178;BURGOS;BURGOS;Comunidades interiores
17;9;179;IGLESIARRUBIA;90179;BURGOS;BURGOS;Comunidades interiores
17;9;180;IGLESIAS;90180;BURGOS;BURGOS;Comunidades interiores
17;9;181;ISAR;90181;BURGOS;BURGOS;Comunidades interiores
17;9;182;ITERO DEL CASTILLO;90182;BURGOS;BURGOS;Comunidades interiores
17;9;183;JARAMILLO DE LA FUENTE;90183;BURGOS;BURGOS;Comunidades interiores
17;9;184;JARAMILLO QUEMADO;90184;BURGOS;BURGOS;Comunidades interiores
17;9;189;JUNTA DE TRASLALOMA;90189;BURGOS;BURGOS;Comunidades interiores
17;9;190;JUNTA DE VILLALBA DE LOSA;90190;BURGOS;BURGOS;Comunidades interiores
17;9;191;JURISDICCION DE LARA;90191;BURGOS;BURGOS;Comunidades interiores
17;9;192;JURISDICCION DE SAN ZADORNIL;90192;BURGOS;BURGOS;Comunidades interiores
17;9;194;LERMA;90194;BURGOS;BURGOS;Comunidades interiores
17;9;195;LLANO DE BUREBA;90195;BURGOS;BURGOS;Comunidades interiores
17;9;196;MADRIGAL DEL MONTE;90196;BURGOS;BURGOS;Comunidades interiores
17;9;197;MADRIGALEJO DEL MONTE;90197;BURGOS;BURGOS;Comunidades interiores
17;9;198;MAHAMUD;90198;BURGOS;BURGOS;Comunidades interiores
17;9;199;MAMBRILLA DE CASTREJON;90199;BURGOS;BURGOS;Comunidades interiores
17;9;200;MAMBRILLAS DE LARA;90200;BURGOS;BURGOS;Comunidades interiores
17;9;201;MAMOLAR;90201;BURGOS;BURGOS;Comunidades interiores
17;9;202;MANCILES;90202;BURGOS;BURGOS;Comunidades interiores
17;9;206;MAZUELA;90206;BURGOS;BURGOS;Comunidades interiores
17;9;208;MECERREYES;90208;BURGOS;BURGOS;Comunidades interiores
17;9;209;MEDINA DE POMAR;90209;BURGOS;BURGOS;Comunidades interiores
17;9;211;MELGAR DE FERNAMENTAL;90211;BURGOS;BURGOS;Comunidades interiores
17;9;213;MERINDAD DE CUESTA-URRIA;90213;BURGOS;BURGOS;Comunidades interiores
17;9;214;MERINDAD DE MONTIJA;90214;BURGOS;BURGOS;Comunidades interiores
17;9;215;MERINDAD DE SOTOSCUEVA;90215;BURGOS;BURGOS;Comunidades interiores
17;9;216;MERINDAD DE VALDEPORRES;90216;BURGOS;BURGOS;Comunidades interiores
17;9;217;MERINDAD DE VALDIVIELSO;90217;BURGOS;BURGOS;Comunidades interiores
17;9;218;MILAGROS;90218;BURGOS;BURGOS;Comunidades interiores
17;9;219;MIRANDA DE EBRO;90219;BURGOS;BURGOS;Comunidades interiores
17;9;220;MIRAVECHE;90220;BURGOS;BURGOS;Comunidades interiores
17;9;221;MODUBAR DE LA EMPAREDADA;90221;BURGOS;BURGOS;Comunidades interiores
17;9;223;MONASTERIO DE LA SIERRA;90223;BURGOS;BURGOS;Comunidades interiores
17;9;224;MONASTERIO DE RODILLA;90224;BURGOS;BURGOS;Comunidades interiores
17;9;225;MONCALVILLO;90225;BURGOS;BURGOS;Comunidades interiores
17;9;226;MONTERRUBIO DE LA DEMANDA;90226;BURGOS;BURGOS;Comunidades interiores
17;9;227;MONTORIO;90227;BURGOS;BURGOS;Comunidades interiores
17;9;228;MORADILLO DE ROA;90228;BURGOS;BURGOS;Comunidades interiores
17;9;229;NAVA DE ROA;90229;BURGOS;BURGOS;Comunidades interiores
17;9;230;NAVAS DE BUREBA;90230;BURGOS;BURGOS;Comunidades interiores
17;9;231;NEBREDA;90231;BURGOS;BURGOS;Comunidades interiores
17;9;232;NEILA;90232;BURGOS;BURGOS;Comunidades interiores
17;9;235;OLMEDILLO DE ROA;90235;BURGOS;BURGOS;Comunidades interiores
17;9;236;OLMILLOS DE MUÑO;90236;BURGOS;BURGOS;Comunidades interiores
17;9;238;OÑA;90238;BURGOS;BURGOS;Comunidades interiores
17;9;239;OQUILLAS;90239;BURGOS;BURGOS;Comunidades interiores
17;9;241;ORBANEJA RIOPICO;90241;BURGOS;BURGOS;Comunidades interiores
17;9;242;PADILLA DE ABAJO;90242;BURGOS;BURGOS;Comunidades interiores
17;9;243;PADILLA DE ARRIBA;90243;BURGOS;BURGOS;Comunidades interiores
17;9;244;PADRONES DE BUREBA;90244;BURGOS;BURGOS;Comunidades interiores
17;9;246;PALACIOS DE LA SIERRA;90246;BURGOS;BURGOS;Comunidades interiores
17;9;247;PALACIOS DE RIOPISUERGA;90247;BURGOS;BURGOS;Comunidades interiores
17;9;248;PALAZUELOS DE LA SIERRA;90248;BURGOS;BURGOS;Comunidades interiores
17;9;249;PALAZUELOS DE MUÑO;90249;BURGOS;BURGOS;Comunidades interiores
17;9;250;PAMPLIEGA;90250;BURGOS;BURGOS;Comunidades interiores
17;9;251;PANCORBO;90251;BURGOS;BURGOS;Comunidades interiores
17;9;253;PARDILLA;90253;BURGOS;BURGOS;Comunidades interiores
17;9;255;PARTIDO DE LA SIERRA TOBALINA;90255;BURGOS;BURGOS;Comunidades interiores
17;9;256;PEDROSA DE DUERO;90256;BURGOS;BURGOS;Comunidades interiores
17;9;257;PEDROSA DEL PARAMO;90257;BURGOS;BURGOS;Comunidades interiores
17;9;258;PEDROSA DEL PRINCIPE;90258;BURGOS;BURGOS;Comunidades interiores
17;9;259;PEDROSA DE RIO URBEL;90259;BURGOS;BURGOS;Comunidades interiores
17;9;261;PEÑARANDA DE DUERO;90261;BURGOS;BURGOS;Comunidades interiores
17;9;262;PERAL DE ARLANZA;90262;BURGOS;BURGOS;Comunidades interiores
17;9;265;PIERNIGAS;90265;BURGOS;BURGOS;Comunidades interiores
17;9;266;PINEDA DE LA SIERRA;90266;BURGOS;BURGOS;Comunidades interiores
17;9;267;PINEDA TRASMONTE;90267;BURGOS;BURGOS;Comunidades interiores
17;9;268;PINILLA DE LOS BARRUECOS;90268;BURGOS;BURGOS;Comunidades interiores
17;9;269;PINILLA DE LOS MOROS;90269;BURGOS;BURGOS;Comunidades interiores
17;9;270;PINILLA TRASMONTE;90270;BURGOS;BURGOS;Comunidades interiores
17;9;272;POZA DE LA SAL;90272;BURGOS;BURGOS;Comunidades interiores
17;9;273;PRADANOS DE BUREBA;90273;BURGOS;BURGOS;Comunidades interiores
17;9;274;PRADOLUENGO;90274;BURGOS;BURGOS;Comunidades interiores
17;9;275;PRESENCIO;90275;BURGOS;BURGOS;Comunidades interiores
17;9;276;PUEBLA DE ARGANZON LA;90276;BURGOS;BURGOS;Comunidades interiores
17;9;277;PUENTEDURA;90277;BURGOS;BURGOS;Comunidades interiores
17;9;279;QUEMADA;90279;BURGOS;BURGOS;Comunidades interiores
17;9;280;QUINTANABUREBA;90280;BURGOS;BURGOS;Comunidades interiores
17;9;281;QUINTANA DEL PIDIO;90281;BURGOS;BURGOS;Comunidades interiores
17;9;283;QUINTANAELEZ;90283;BURGOS;BURGOS;Comunidades interiores
17;9;287;QUINTANAORTUÑO;90287;BURGOS;BURGOS;Comunidades interiores
17;9;288;QUINTANAPALLA;90288;BURGOS;BURGOS;Comunidades interiores
17;9;289;QUINTANAR DE LA SIERRA;90289;BURGOS;BURGOS;Comunidades interiores
17;9;292;QUINTANAVIDES;90292;BURGOS;BURGOS;Comunidades interiores
17;9;294;QUINTANILLA DE LA MATA;90294;BURGOS;BURGOS;Comunidades interiores
17;9;295;QUINTANILLA DEL COCO;90295;BURGOS;BURGOS;Comunidades interiores
17;9;297;QUINTANILLAS LAS;90297;BURGOS;BURGOS;Comunidades interiores
17;9;298;QUINTANILLA SAN GARCIA;90298;BURGOS;BURGOS;Comunidades interiores
17;9;301;QUINTANILLA VIVAR;90301;BURGOS;BURGOS;Comunidades interiores
17;9;302;RABANERA DEL PINAR;90302;BURGOS;BURGOS;Comunidades interiores
17;9;303;RABANOS;90303;BURGOS;BURGOS;Comunidades interiores
17;9;304;RABE DE LAS CALZADAS;90304;BURGOS;BURGOS;Comunidades interiores
17;9;306;REBOLLEDO DE LA TORRE;90306;BURGOS;BURGOS;Comunidades interiores
17;9;307;REDECILLA DEL CAMINO;90307;BURGOS;BURGOS;Comunidades interiores
17;9;308;REDECILLA DEL CAMPO;90308;BURGOS;BURGOS;Comunidades interiores
17;9;309;REGUMIEL DE LA SIERRA;90309;BURGOS;BURGOS;Comunidades interiores
17;9;310;REINOSO;90310;BURGOS;BURGOS;Comunidades interiores
17;9;311;RETUERTA;90311;BURGOS;BURGOS;Comunidades interiores
17;9;312;REVILLA Y AHEDO LA;90312;BURGOS;BURGOS;Comunidades interiores
17;9;314;REVILLA DEL CAMPO;90314;BURGOS;BURGOS;Comunidades interiores
17;9;315;REVILLARRUZ;90315;BURGOS;BURGOS;Comunidades interiores
17;9;316;REVILLA VALLEJERA;90316;BURGOS;BURGOS;Comunidades interiores
17;9;317;REZMONDO;90317;BURGOS;BURGOS;Comunidades interiores
17;9;318;RIOCAVADO DE LA SIERRA;90318;BURGOS;BURGOS;Comunidades interiores
17;9;321;ROA;90321;BURGOS;BURGOS;Comunidades interiores
17;9;323;ROJAS;90323;BURGOS;BURGOS;Comunidades interiores
17;9;325;ROYUELA DE RIO FRANCO;90325;BURGOS;BURGOS;Comunidades interiores
17;9;326;RUBENA;90326;BURGOS;BURGOS;Comunidades interiores
17;9;327;RUBLACEDO DE ABAJO;90327;BURGOS;BURGOS;Comunidades interiores
17;9;328;RUCANDIO;90328;BURGOS;BURGOS;Comunidades interiores
17;9;329;SALAS DE BUREBA;90329;BURGOS;BURGOS;Comunidades interiores
17;9;330;SALAS DE LOS INFANTES;90330;BURGOS;BURGOS;Comunidades interiores
17;9;332;SALDAÑA DE BURGOS;90332;BURGOS;BURGOS;Comunidades interiores
17;9;334;SALINILLAS DE BUREBA;90334;BURGOS;BURGOS;Comunidades interiores
17;9;335;S ADRIAN DE JUARROS;90335;BURGOS;BURGOS;Comunidades interiores
17;9;337;S JUAN DEL MONTE;90337;BURGOS;BURGOS;Comunidades interiores
17;9;338;S MAMES DE BURGOS;90338;BURGOS;BURGOS;Comunidades interiores
17;9;339;S MARTIN DE RUBIALES;90339;BURGOS;BURGOS;Comunidades interiores
17;9;340;S MILLAN DE LARA;90340;BURGOS;BURGOS;Comunidades interiores
17;9;343;STA CECILIA;90343;BURGOS;BURGOS;Comunidades interiores
17;9;345;STA CRUZ DE LA SALCEDA;90345;BURGOS;BURGOS;Comunidades interiores
17;9;346;STA CRUZ DEL VALLE URBION;90346;BURGOS;BURGOS;Comunidades interiores
17;9;347;STA GADEA DEL CID;90347;BURGOS;BURGOS;Comunidades interiores
17;9;348;STA INES;90348;BURGOS;BURGOS;Comunidades interiores
17;9;350;STA MARIA DEL CAMPO;90350;BURGOS;BURGOS;Comunidades interiores
17;9;351;STA MARIA DEL INVIERNO;90351;BURGOS;BURGOS;Comunidades interiores
17;9;352;STA MARIA DEL MERCADILLO;90352;BURGOS;BURGOS;Comunidades interiores
17;9;353;STA MARIA RIVARREDONDA;90353;BURGOS;BURGOS;Comunidades interiores
17;9;354;STA OLALLA DE BUREBA;90354;BURGOS;BURGOS;Comunidades interiores
17;9;355;SANTIBAÑEZ DE ESGUEVA;90355;BURGOS;BURGOS;Comunidades interiores
17;9;356;SANTIBAÑEZ DEL VALLE;90356;BURGOS;BURGOS;Comunidades interiores
17;9;358;STO DOMINGO DE SILOS;90358;BURGOS;BURGOS;Comunidades interiores
17;9;360;S VICENTE DEL VALLE;90360;BURGOS;BURGOS;Comunidades interiores
17;9;361;SARGENTES DE LA LORA;90361;BURGOS;BURGOS;Comunidades interiores
17;9;362;SARRACIN;90362;BURGOS;BURGOS;Comunidades interiores
17;9;363;SASAMON;90363;BURGOS;BURGOS;Comunidades interiores
17;9;365;SEQUERA DE HAZA LA;90365;BURGOS;BURGOS;Comunidades interiores
17;9;366;SOLARANA;90366;BURGOS;BURGOS;Comunidades interiores
17;9;368;SORDILLOS;90368;BURGOS;BURGOS;Comunidades interiores
17;9;369;SOTILLO DE LA RIBERA;90369;BURGOS;BURGOS;Comunidades interiores
17;9;372;SOTRAGERO;90372;BURGOS;BURGOS;Comunidades interiores
17;9;373;SOTRESGUDO;90373;BURGOS;BURGOS;Comunidades interiores
17;9;374;SUSINOS DEL PARAMO;90374;BURGOS;BURGOS;Comunidades interiores
17;9;375;TAMARON;90375;BURGOS;BURGOS;Comunidades interiores
17;9;377;TARDAJOS;90377;BURGOS;BURGOS;Comunidades interiores
17;9;378;TEJADA;90378;BURGOS;BURGOS;Comunidades interiores
17;9;380;TERRADILLOS DE ESGUEVA;90380;BURGOS;BURGOS;Comunidades interiores
17;9;381;TINIEBLAS DE LA SIERRA;90381;BURGOS;BURGOS;Comunidades interiores
17;9;382;TOBAR;90382;BURGOS;BURGOS;Comunidades interiores
17;9;384;TORDOMAR;90384;BURGOS;BURGOS;Comunidades interiores
17;9;386;TORRECILLA DEL MONTE;90386;BURGOS;BURGOS;Comunidades interiores
17;9;387;TORREGALINDO;90387;BURGOS;BURGOS;Comunidades interiores
17;9;388;TORRELARA;90388;BURGOS;BURGOS;Comunidades interiores
17;9;389;TORREPADRE;90389;BURGOS;BURGOS;Comunidades interiores
17;9;390;TORRESANDINO;90390;BURGOS;BURGOS;Comunidades interiores
17;9;391;TORTOLES DE ESGUEVA;90391;BURGOS;BURGOS;Comunidades interiores
17;9;392;TOSANTOS;90392;BURGOS;BURGOS;Comunidades interiores
17;9;394;TRESPADERNE;90394;BURGOS;BURGOS;Comunidades interiores
17;9;395;TUBILLA DEL AGUA;90395;BURGOS;BURGOS;Comunidades interiores
17;9;396;TUBILLA DEL LAGO;90396;BURGOS;BURGOS;Comunidades interiores
17;9;398;URBEL DEL CASTILLO;90398;BURGOS;BURGOS;Comunidades interiores
17;9;400;VADOCONDES;90400;BURGOS;BURGOS;Comunidades interiores
17;9;403;VALDEANDE;90403;BURGOS;BURGOS;Comunidades interiores
17;9;405;VALDEZATE;90405;BURGOS;BURGOS;Comunidades interiores
17;9;406;VALDORROS;90406;BURGOS;BURGOS;Comunidades interiores
17;9;407;VALMALA;90407;BURGOS;BURGOS;Comunidades interiores
17;9;408;VALLARTA DE BUREBA;90408;BURGOS;BURGOS;Comunidades interiores
17;9;409;VALLE DE MANZANEDO;90409;BURGOS;BURGOS;Comunidades interiores
17;9;410;VALLE DE MENA;90410;BURGOS;BURGOS;Comunidades interiores
17;9;411;VALLE DE OCA;90411;BURGOS;BURGOS;Comunidades interiores
17;9;412;VALLE DE TOBALINA;90412;BURGOS;BURGOS;Comunidades interiores
17;9;413;VALLE DE VALDEBEZANA;90413;BURGOS;BURGOS;Comunidades interiores
17;9;414;VALLE DE VALDELAGUNA;90414;BURGOS;BURGOS;Comunidades interiores
17;9;415;VALLE DE VALDELUCIO;90415;BURGOS;BURGOS;Comunidades interiores
17;9;416;VALLE DE ZAMANZAS;90416;BURGOS;BURGOS;Comunidades interiores
17;9;417;VALLEJERA;90417;BURGOS;BURGOS;Comunidades interiores
17;9;418;VALLES DE PALENZUELA;90418;BURGOS;BURGOS;Comunidades interiores
17;9;419;VALLUERCANES;90419;BURGOS;BURGOS;Comunidades interiores
17;9;421;VID Y BARRIOS LA;90421;BURGOS;BURGOS;Comunidades interiores
17;9;422;VID DE BUREBA LA;90422;BURGOS;BURGOS;Comunidades interiores
17;9;423;VILEÑA;90423;BURGOS;BURGOS;Comunidades interiores
17;9;424;VILORIA DE RIOJA;90424;BURGOS;BURGOS;Comunidades interiores
17;9;425;VILVIESTRE DEL PINAR;90425;BURGOS;BURGOS;Comunidades interiores
17;9;427;VILLADIEGO;90427;BURGOS;BURGOS;Comunidades interiores
17;9;428;VILLAESCUSA DE ROA;90428;BURGOS;BURGOS;Comunidades interiores
17;9;429;VILLAESCUSA LA SOMBRIA;90429;BURGOS;BURGOS;Comunidades interiores
17;9;430;VILLAESPASA;90430;BURGOS;BURGOS;Comunidades interiores
17;9;431;VILLAFRANCA MONTES DE OCA;90431;BURGOS;BURGOS;Comunidades interiores
17;9;432;VILLAFRUELA;90432;BURGOS;BURGOS;Comunidades interiores
17;9;433;VILLAGALIJO;90433;BURGOS;BURGOS;Comunidades interiores
17;9;434;VILLAGONZALO PEDERNALES;90434;BURGOS;BURGOS;Comunidades interiores
17;9;437;VILLAHOZ;90437;BURGOS;BURGOS;Comunidades interiores
17;9;438;VILLALBA DE DUERO;90438;BURGOS;BURGOS;Comunidades interiores
17;9;439;VILLALBILLA DE BURGOS;90439;BURGOS;BURGOS;Comunidades interiores
17;9;440;VILLALBILLA DE GUMIEL;90440;BURGOS;BURGOS;Comunidades interiores
17;9;441;VILLALDEMIRO;90441;BURGOS;BURGOS;Comunidades interiores
17;9;442;VILLALMANZO;90442;BURGOS;BURGOS;Comunidades interiores
17;9;443;VILLAMAYOR DE LOS MONTES;90443;BURGOS;BURGOS;Comunidades interiores
17;9;444;VILLAMAYOR DE TREVIÑO;90444;BURGOS;BURGOS;Comunidades interiores
17;9;445;VILLAMBISTIA;90445;BURGOS;BURGOS;Comunidades interiores
17;9;446;VILLAMEDIANILLA;90446;BURGOS;BURGOS;Comunidades interiores
17;9;447;VILLAMIEL DE LA SIERRA;90447;BURGOS;BURGOS;Comunidades interiores
17;9;448;VILLANGOMEZ;90448;BURGOS;BURGOS;Comunidades interiores
17;9;449;VILLANUEVA DE ARGAÑO;90449;BURGOS;BURGOS;Comunidades interiores
17;9;450;VILLANUEVA DE CARAZO;90450;BURGOS;BURGOS;Comunidades interiores
17;9;451;VILLANUEVA DE GUMIEL;90451;BURGOS;BURGOS;Comunidades interiores
17;9;454;VILLANUEVA DE TEBA;90454;BURGOS;BURGOS;Comunidades interiores
17;9;455;VILLAQUIRAN DE LA PUEBLA;90455;BURGOS;BURGOS;Comunidades interiores
17;9;456;VILLAQUIRAN DE LOS INFANTES;90456;BURGOS;BURGOS;Comunidades interiores
17;9;458;VILLARIEZO;90458;BURGOS;BURGOS;Comunidades interiores
17;9;460;VILLASANDINO;90460;BURGOS;BURGOS;Comunidades interiores
17;9;463;VILLASUR DE HERREROS;90463;BURGOS;BURGOS;Comunidades interiores
17;9;464;VILLATUELDA;90464;BURGOS;BURGOS;Comunidades interiores
17;9;466;VILLAVERDE DEL MONTE;90466;BURGOS;BURGOS;Comunidades interiores
17;9;467;VILLAVERDE-MOGINA;90467;BURGOS;BURGOS;Comunidades interiores
17;9;471;VILLAYERNO MORQUILLAS;90471;BURGOS;BURGOS;Comunidades interiores
17;9;472;VILLAZOPEQUE;90472;BURGOS;BURGOS;Comunidades interiores
17;9;473;VILLEGAS;90473;BURGOS;BURGOS;Comunidades interiores
17;9;476;VILLORUEBO;90476;BURGOS;BURGOS;Comunidades interiores
17;9;478;VIZCAINOS;90478;BURGOS;BURGOS;Comunidades interiores
17;9;480;ZAEL;90480;BURGOS;BURGOS;Comunidades interiores
17;9;482;ZARZOSA DE RIO PISUERGA;90482;BURGOS;BURGOS;Comunidades interiores
17;9;483;ZAZUAR;90483;BURGOS;BURGOS;Comunidades interiores
17;9;485;ZUÑEDA;90485;BURGOS;BURGOS;Comunidades interiores
17;9;808;COM.DE ARAUZO MIEL-HUERTA REY;90808;BURGOS;BURGOS;Comunidades interiores
17;9;901;QUINTANILLA DEL AGUA TORDUELES;90901;BURGOS;BURGOS;Comunidades interiores
17;9;902;VALLE DE SANTIBAÑEZ;90902;BURGOS;BURGOS;Comunidades interiores
17;9;903;VILLARCAYO DE MERINDAD;90903;BURGOS;BURGOS;Comunidades interiores
17;9;904;VALLE DE LAS NAVAS;90904;BURGOS;BURGOS;Comunidades interiores
17;9;905;VALLE DE SEDANO;90905;BURGOS;BURGOS;Comunidades interiores
17;9;906;MERINDAD DE RIO UBIERNA;90906;BURGOS;BURGOS;Comunidades interiores
17;9;907;ALFOZ DE QUINTANADUEÑAS;90907;BURGOS;BURGOS;Comunidades interiores
17;9;908;VALLE DE LOSA;90908;BURGOS;BURGOS;Comunidades interiores
17;9;915;MEDINA DE POMAR;90915;BURGOS;BURGOS;Comunidades interiores
17;9;999;OTRA PROVINCIA;90999;BURGOS;BURGOS;Comunidades interiores
17;24;0;INDETERMINADO;240000;Léon;Provincia de Léon;Nororeste
17;24;1;ACEBEDO;240001;Léon;Provincia de Léon;Nororeste
17;24;2;ALGADEFE;240002;Léon;Provincia de Léon;Nororeste
17;24;3;ALIJA DEL INFANTADO;240003;Léon;Provincia de Léon;Nororeste
17;24;4;ALMANZA;240004;Léon;Provincia de Léon;Nororeste
17;24;5;ANTIGUA LA;240005;Léon;Provincia de Léon;Nororeste
17;24;6;ARDON;240006;Léon;Provincia de Léon;Nororeste
17;24;7;ARGANZA;240007;Léon;Provincia de Léon;Nororeste
17;24;8;ASTORGA;240008;Léon;Provincia de Léon;Nororeste
17;24;9;BALBOA;240009;Léon;Provincia de Léon;Nororeste
17;24;10;BAÑEZA LA;240010;Léon;Provincia de Léon;Nororeste
17;24;11;BARJAS;240011;Léon;Provincia de Léon;Nororeste
17;24;12;BARRIOS DE LUNA LOS;240012;Léon;Provincia de Léon;Nororeste
17;24;14;BEMBIBRE;240014;Léon;Provincia de Léon;Nororeste
17;24;15;BENAVIDES;240015;Léon;Provincia de Léon;Nororeste
17;24;16;BENUZA;240016;Léon;Provincia de Léon;Nororeste
17;24;17;BERCIANOS DEL PARAMO;240017;Léon;Provincia de Léon;Nororeste
17;24;18;BERCIANOS DEL REAL CAMINO;240018;Léon;Provincia de Léon;Nororeste
17;24;19;BERLANGA DEL BIERZO;240019;Léon;Provincia de Léon;Nororeste
17;24;20;BOCA DE HUERGANO;240020;Léon;Provincia de Léon;Nororeste
17;24;21;BOÑAR;240021;Léon;Provincia de Léon;Nororeste
17;24;22;BORRENES;240022;Léon;Provincia de Léon;Nororeste
17;24;23;BRAZUELO;240023;Léon;Provincia de Léon;Nororeste
17;24;24;BURGO RANERO EL;240024;Léon;Provincia de Léon;Nororeste
17;24;25;BURON;240025;Léon;Provincia de Léon;Nororeste
17;24;26;BUSTILLO DEL PARAMO;240026;Léon;Provincia de Léon;Nororeste
17;24;27;CABAÑAS RARAS;240027;Léon;Provincia de Léon;Nororeste
17;24;28;CABREROS DEL RIO;240028;Léon;Provincia de Léon;Nororeste
17;24;29;CABRILLANES;240029;Léon;Provincia de Léon;Nororeste
17;24;30;CACABELOS;240030;Léon;Provincia de Léon;Nororeste
17;24;31;CALZADA DEL COTO;240031;Léon;Provincia de Léon;Nororeste
17;24;32;CAMPAZAS;240032;Léon;Provincia de Léon;Nororeste
17;24;33;CAMPO DE VILLAVIDEL;240033;Léon;Provincia de Léon;Nororeste
17;24;34;CAMPONARAYA;240034;Léon;Provincia de Léon;Nororeste
17;24;36;CANDIN;240036;Léon;Provincia de Léon;Nororeste
17;24;37;CARMENES;240037;Léon;Provincia de Léon;Nororeste
17;24;38;CARRACEDELO;240038;Léon;Provincia de Léon;Nororeste
17;24;39;CARRIZO;240039;Léon;Provincia de Léon;Nororeste
17;24;40;CARROCERA;240040;Léon;Provincia de Léon;Nororeste
17;24;41;CARUCEDO;240041;Léon;Provincia de Léon;Nororeste
17;24;42;CASTILFALE;240042;Léon;Provincia de Léon;Nororeste
17;24;43;CASTRILLO DE CABRERA;240043;Léon;Provincia de Léon;Nororeste
17;24;44;CASTRILLO DE LA VALDUERNA;240044;Léon;Provincia de Léon;Nororeste
17;24;46;CASTROCALBON;240046;Léon;Provincia de Léon;Nororeste
17;24;47;CASTROCONTRIGO;240047;Léon;Provincia de Léon;Nororeste
17;24;49;CASTROPODAME;240049;Léon;Provincia de Léon;Nororeste
17;24;50;CASTROTIERRA DE VALMADRIGAL;240050;Léon;Provincia de Léon;Nororeste
17;24;51;CEA;240051;Léon;Provincia de Léon;Nororeste
17;24;52;CEBANICO;240052;Léon;Provincia de Léon;Nororeste
17;24;53;CEBRONES DEL RIO;240053;Léon;Provincia de Léon;Nororeste
17;24;54;CIMANES DE LA VEGA;240054;Léon;Provincia de Léon;Nororeste
17;24;55;CIMANES DEL TEJAR;240055;Léon;Provincia de Léon;Nororeste
17;24;56;CISTIERNA;240056;Léon;Provincia de Léon;Nororeste
17;24;57;CONGOSTO;240057;Léon;Provincia de Léon;Nororeste
17;24;58;CORBILLOS DE LOS OTEROS;240058;Léon;Provincia de Léon;Nororeste
17;24;59;CORULLON;240059;Léon;Provincia de Léon;Nororeste
17;24;60;CREMENES;240060;Léon;Provincia de Léon;Nororeste
17;24;61;CUADROS;240061;Léon;Provincia de Léon;Nororeste
17;24;62;CUBILLAS DE LOS OTEROS;240062;Léon;Provincia de Léon;Nororeste
17;24;63;CUBILLAS DE RUEDA;240063;Léon;Provincia de Léon;Nororeste
17;24;64;CUBILLOS DEL SIL;240064;Léon;Provincia de Léon;Nororeste
17;24;65;CHOZAS DE ABAJO;240065;Léon;Provincia de Léon;Nororeste
17;24;66;DESTRIANA;240066;Léon;Provincia de Léon;Nororeste
17;24;67;ENCINEDO;240067;Léon;Provincia de Léon;Nororeste
17;24;68;ERCINA LA;240068;Léon;Provincia de Léon;Nororeste
17;24;69;ESCOBAR DE CAMPOS;240069;Léon;Provincia de Léon;Nororeste
17;24;70;FABERO;240070;Léon;Provincia de Léon;Nororeste
17;24;71;FOLGOSO DE LA RIBERA;240071;Léon;Provincia de Léon;Nororeste
17;24;73;FRESNO DE LA VEGA;240073;Léon;Provincia de Léon;Nororeste
17;24;74;FUENTES DE CARBAJAL;240074;Léon;Provincia de Léon;Nororeste
17;24;76;GARRAFE DE TORIO;240076;Léon;Provincia de Léon;Nororeste
17;24;77;GORDALIZA DEL PINO;240077;Léon;Provincia de Léon;Nororeste
17;24;78;GORDONCILLO;240078;Léon;Provincia de Léon;Nororeste
17;24;79;GRADEFES;240079;Léon;Provincia de Léon;Nororeste
17;24;80;GRAJAL DE CAMPOS;240080;Léon;Provincia de Léon;Nororeste
17;24;81;GUSENDOS DE LOS OTEROS;240081;Léon;Provincia de Léon;Nororeste
17;24;82;HOSPITAL DE ORBIGO;240082;Léon;Provincia de Léon;Nororeste
17;24;83;IGUEÑA;240083;Léon;Provincia de Léon;Nororeste
17;24;84;IZAGRE;240084;Léon;Provincia de Léon;Nororeste
17;24;86;JOARILLA DE LAS MATAS;240086;Léon;Provincia de Léon;Nororeste
17;24;87;LAGUNA DALGA;240087;Léon;Provincia de Léon;Nororeste
17;24;88;LAGUNA DE NEGRILLOS;240088;Léon;Provincia de Léon;Nororeste
17;24;89;LEON;240089;Léon;Provincia de Léon;Nororeste
17;24;90;LUCILLO;240090;Léon;Provincia de Léon;Nororeste
17;24;91;LUYEGO;240091;Léon;Provincia de Léon;Nororeste
17;24;92;LLAMAS DE LA RIBERA;240092;Léon;Provincia de Léon;Nororeste
17;24;93;MAGAZ DE CEPEDA;240093;Léon;Provincia de Léon;Nororeste
17;24;94;MANSILLA DE LAS MULAS;240094;Léon;Provincia de Léon;Nororeste
17;24;95;MANSILLA MAYOR;240095;Léon;Provincia de Léon;Nororeste
17;24;96;MARAÑA;240096;Léon;Provincia de Léon;Nororeste
17;24;97;MATADEON DE LOS OTEROS;240097;Léon;Provincia de Léon;Nororeste
17;24;98;MATALLANA DE TORIO;240098;Léon;Provincia de Léon;Nororeste
17;24;99;MATANZA;240099;Léon;Provincia de Léon;Nororeste
17;24;100;MOLINASECA;240100;Léon;Provincia de Léon;Nororeste
17;24;101;MURIAS DE PAREDES;240101;Léon;Provincia de Léon;Nororeste
17;24;102;NOCEDA DEL BIERZO;240102;Léon;Provincia de Léon;Nororeste
17;24;103;OENCIA;240103;Léon;Provincia de Léon;Nororeste
17;24;104;OMAÑAS LAS;240104;Léon;Provincia de Léon;Nororeste
17;24;105;ONZONILLA;240105;Léon;Provincia de Léon;Nororeste
17;24;106;OSEJA DE SAJAMBRE;240106;Léon;Provincia de Léon;Nororeste
17;24;107;PAJARES DE LOS OTEROS;240107;Léon;Provincia de Léon;Nororeste
17;24;108;PALACIOS DE LA VALDUERNA;240108;Léon;Provincia de Léon;Nororeste
17;24;109;PALACIOS DEL SIL;240109;Léon;Provincia de Léon;Nororeste
17;24;110;PARAMO DEL SIL;240110;Léon;Provincia de Léon;Nororeste
17;24;112;PERANZANES;240112;Léon;Provincia de Léon;Nororeste
17;24;113;POBLADURA DE PELAYO GARCIA;240113;Léon;Provincia de Léon;Nororeste
17;24;114;POLA DE GORDON LA;240114;Léon;Provincia de Léon;Nororeste
17;24;115;PONFERRADA;240115;Léon;Provincia de Léon;Nororeste
17;24;116;POSADA DE VALDEON;240116;Léon;Provincia de Léon;Nororeste
17;24;117;POZUELO DEL PARAMO;240117;Léon;Provincia de Léon;Nororeste
17;24;118;PRADO DE LA GUZPEÑA;240118;Léon;Provincia de Léon;Nororeste
17;24;119;PRIARANZA DEL BIERZO;240119;Léon;Provincia de Léon;Nororeste
17;24;120;PRIORO;240120;Léon;Provincia de Léon;Nororeste
17;24;121;PUEBLA DE LILLO;240121;Léon;Provincia de Léon;Nororeste
17;24;122;PUENTE DE DOMINGO FLOREZ;240122;Léon;Provincia de Léon;Nororeste
17;24;123;QUINTANA DEL CASTILLO;240123;Léon;Provincia de Léon;Nororeste
17;24;124;QUINTANA DEL MARCO;240124;Léon;Provincia de Léon;Nororeste
17;24;125;QUINTANA Y CONGOSTO;240125;Léon;Provincia de Léon;Nororeste
17;24;127;REGUERAS DE ARRIBA;240127;Léon;Provincia de Léon;Nororeste
17;24;129;REYERO;240129;Léon;Provincia de Léon;Nororeste
17;24;130;RIAÑO;240130;Léon;Provincia de Léon;Nororeste
17;24;131;RIEGO DE LA VEGA;240131;Léon;Provincia de Léon;Nororeste
17;24;132;RIELLO;240132;Léon;Provincia de Léon;Nororeste
17;24;133;RIOSECO DE TAPIA;240133;Léon;Provincia de Léon;Nororeste
17;24;134;ROBLA LA;240134;Léon;Provincia de Léon;Nororeste
17;24;136;ROPERUELOS DEL PARAMO;240136;Léon;Provincia de Léon;Nororeste
17;24;137;SABERO;240137;Léon;Provincia de Léon;Nororeste
17;24;139;SAHAGUN;240139;Léon;Provincia de Léon;Nororeste
17;24;141;S ADRIAN DEL VALLE;240141;Léon;Provincia de Léon;Nororeste
17;24;142;S ANDRES DEL RABANEDO;240142;Léon;Provincia de Léon;Nororeste
17;24;143;SANCEDO;240143;Léon;Provincia de Léon;Nororeste
17;24;144;S CRISTOBAL DE LA POLANTERA;240144;Léon;Provincia de Léon;Nororeste
17;24;145;S EMILIANO;240145;Léon;Provincia de Léon;Nororeste
17;24;146;S ESTEBAN DE NOGALES;240146;Léon;Provincia de Léon;Nororeste
17;24;148;S JUSTO DE LA VEGA;240148;Léon;Provincia de Léon;Nororeste
17;24;149;S MILLAN DE LOS CABALLEROS;240149;Léon;Provincia de Léon;Nororeste
17;24;150;S PEDRO BERCIANOS;240150;Léon;Provincia de Léon;Nororeste
17;24;151;STA COLOMBA DE CURUEÑO;240151;Léon;Provincia de Léon;Nororeste
17;24;152;STA COLOMBA DE SOMOZA;240152;Léon;Provincia de Léon;Nororeste
17;24;153;STA CRISTINA DE VALMADRIGAL;240153;Léon;Provincia de Léon;Nororeste
17;24;154;STA ELENA DE JAMUZ;240154;Léon;Provincia de Léon;Nororeste
17;24;155;STA MARIA DE LA ISLA;240155;Léon;Provincia de Léon;Nororeste
17;24;156;STA MARIA DEL MONTE DE CEA;240156;Léon;Provincia de Léon;Nororeste
17;24;157;STA MARIA DEL PARAMO;240157;Léon;Provincia de Léon;Nororeste
17;24;158;STA MARIA DE ORDAS;240158;Léon;Provincia de Léon;Nororeste
17;24;159;STA MARINA DEL REY;240159;Léon;Provincia de Léon;Nororeste
17;24;160;SANTAS MARTAS;240160;Léon;Provincia de Léon;Nororeste
17;24;161;SANTIAGO MILLAS;240161;Léon;Provincia de Léon;Nororeste
17;24;162;SANTOVENIA DE LA VALDONCINA;240162;Léon;Provincia de Léon;Nororeste
17;24;163;SARIEGOS;240163;Léon;Provincia de Léon;Nororeste
17;24;164;SENA DE LUNA;240164;Léon;Provincia de Léon;Nororeste
17;24;165;SOBRADO;240165;Léon;Provincia de Léon;Nororeste
17;24;166;SOTO DE LA VEGA;240166;Léon;Provincia de Léon;Nororeste
17;24;167;SOTO Y AMIO;240167;Léon;Provincia de Léon;Nororeste
17;24;168;TORAL DE LOS GUZMANES;240168;Léon;Provincia de Léon;Nororeste
17;24;169;TORENO;240169;Léon;Provincia de Léon;Nororeste
17;24;170;TORRE DEL BIERZO;240170;Léon;Provincia de Léon;Nororeste
17;24;171;TRABADELO;240171;Léon;Provincia de Léon;Nororeste
17;24;172;TRUCHAS;240172;Léon;Provincia de Léon;Nororeste
17;24;173;TURCIA;240173;Léon;Provincia de Léon;Nororeste
17;24;174;URDIALES DEL PARAMO;240174;Léon;Provincia de Léon;Nororeste
17;24;175;VALDEFRESNO;240175;Léon;Provincia de Léon;Nororeste
17;24;176;VALDEFUENTES DEL PARAMO;240176;Léon;Provincia de Léon;Nororeste
17;24;177;VALDELUGUEROS;240177;Léon;Provincia de Léon;Nororeste
17;24;178;VALDEMORA;240178;Léon;Provincia de Léon;Nororeste
17;24;179;VALDEPIELAGO;240179;Léon;Provincia de Léon;Nororeste
17;24;180;VALDEPOLO;240180;Léon;Provincia de Léon;Nororeste
17;24;181;VALDERAS;240181;Léon;Provincia de Léon;Nororeste
17;24;182;VALDERREY;240182;Léon;Provincia de Léon;Nororeste
17;24;183;VALDERRUEDA;240183;Léon;Provincia de Léon;Nororeste
17;24;184;VALDESAMARIO;240184;Léon;Provincia de Léon;Nororeste
17;24;185;VAL DE SAN LORENZO;240185;Léon;Provincia de Léon;Nororeste
17;24;187;VALDEVIMBRE;240187;Léon;Provincia de Léon;Nororeste
17;24;188;VALENCIA DE DON JUAN;240188;Léon;Provincia de Léon;Nororeste
17;24;189;VALVERDE DE LA VIRGEN;240189;Léon;Provincia de Léon;Nororeste
17;24;190;VALVERDE-ENRIQUE;240190;Léon;Provincia de Léon;Nororeste
17;24;191;VALLECILLO;240191;Léon;Provincia de Léon;Nororeste
17;24;193;VECILLA LA;240193;Léon;Provincia de Léon;Nororeste
17;24;194;VEGACERVERA;240194;Léon;Provincia de Léon;Nororeste
17;24;196;VEGA DE ESPINAREDA;240196;Léon;Provincia de Léon;Nororeste
17;24;197;VEGA DE INFANZONES;240197;Léon;Provincia de Léon;Nororeste
17;24;198;VEGA DE VALCARCE;240198;Léon;Provincia de Léon;Nororeste
17;24;199;VEGAQUEMADA;240199;Léon;Provincia de Léon;Nororeste
17;24;201;VEGAS DEL CONDADO;240201;Léon;Provincia de Léon;Nororeste
17;24;202;VILLABLINO;240202;Léon;Provincia de Léon;Nororeste
17;24;203;VILLABRAZ;240203;Léon;Provincia de Léon;Nororeste
17;24;205;VILLADANGOS DEL PARAMO;240205;Léon;Provincia de Léon;Nororeste
17;24;206;TORAL DE LOS VADOS;240206;Léon;Provincia de Léon;Nororeste
17;24;207;VILLADEMOR DE LA VEGA;240207;Léon;Provincia de Léon;Nororeste
17;24;209;VILLAFRANCA DEL BIERZO;240209;Léon;Provincia de Léon;Nororeste
17;24;210;VILLAGATON;240210;Léon;Provincia de Léon;Nororeste
17;24;211;VILLAMANDOS;240211;Léon;Provincia de Léon;Nororeste
17;24;212;VILLAMAÑAN;240212;Léon;Provincia de Léon;Nororeste
17;24;213;VILLAMARTIN DE DON SANCHO;240213;Léon;Provincia de Léon;Nororeste
17;24;214;VILLAMEJIL;240214;Léon;Provincia de Léon;Nororeste
17;24;215;VILLAMOL;240215;Léon;Provincia de Léon;Nororeste
17;24;216;VILLAMONTAN DE LA VALDUERNA;240216;Léon;Provincia de Léon;Nororeste
17;24;217;VILLAMORATIEL DE LAS MATAS;240217;Léon;Provincia de Léon;Nororeste
17;24;218;VILLANUEVA DE LAS MANZANAS;240218;Léon;Provincia de Léon;Nororeste
17;24;219;VILLAOBISPO DE OTERO;240219;Léon;Provincia de Léon;Nororeste
17;24;221;VILLAQUEJIDA;240221;Léon;Provincia de Léon;Nororeste
17;24;222;VILLAQUILAMBRE;240222;Léon;Provincia de Léon;Nororeste
17;24;223;VILLAREJO DE ORBIGO;240223;Léon;Provincia de Léon;Nororeste
17;24;224;VILLARES DE ORBIGO;240224;Léon;Provincia de Léon;Nororeste
17;24;225;VILLASABARIEGO;240225;Léon;Provincia de Léon;Nororeste
17;24;226;VILLASELAN;240226;Léon;Provincia de Léon;Nororeste
17;24;227;VILLATURIEL;240227;Léon;Provincia de Léon;Nororeste
17;24;228;VILLAZALA;240228;Léon;Provincia de Léon;Nororeste
17;24;229;VILLAZANZO DE VALDERADUEY;240229;Léon;Provincia de Léon;Nororeste
17;24;230;ZOTES DEL PARAMO;240230;Léon;Provincia de Léon;Nororeste
17;24;901;VILLAMANÍN;240901;Léon;Provincia de Léon;Nororeste
17;24;902;VILLAORNATE Y CASTRO;240902;Léon;Provincia de Léon;Nororeste
17;24;999;OTRA PROVINCIA;240999;Léon;Provincia de Léon;Nororeste
17;34;0;INDETERMINADO;340000;PALENCIA;PALENCIA;Comunidades interiores
17;34;1;ABARCA DE CAMPOS;340001;PALENCIA;PALENCIA;Comunidades interiores
17;34;3;ABIA DE LAS TORRES;340003;PALENCIA;PALENCIA;Comunidades interiores
17;34;4;AGUILAR DE CAMPOO;340004;PALENCIA;PALENCIA;Comunidades interiores
17;34;5;ALAR DEL REY;340005;PALENCIA;PALENCIA;Comunidades interiores
17;34;6;ALBA DE CERRATO;340006;PALENCIA;PALENCIA;Comunidades interiores
17;34;9;AMAYUELAS DE ARRIBA;340009;PALENCIA;PALENCIA;Comunidades interiores
17;34;10;AMPUDIA;340010;PALENCIA;PALENCIA;Comunidades interiores
17;34;11;AMUSCO;340011;PALENCIA;PALENCIA;Comunidades interiores
17;34;12;ANTIGUEDAD;340012;PALENCIA;PALENCIA;Comunidades interiores
17;34;15;ARCONADA;340015;PALENCIA;PALENCIA;Comunidades interiores
17;34;17;ASTUDILLO;340017;PALENCIA;PALENCIA;Comunidades interiores
17;34;18;AUTILLA DEL PINO;340018;PALENCIA;PALENCIA;Comunidades interiores
17;34;19;AUTILLO DE CAMPOS;340019;PALENCIA;PALENCIA;Comunidades interiores
17;34;20;AYUELA;340020;PALENCIA;PALENCIA;Comunidades interiores
17;34;22;BALTANAS;340022;PALENCIA;PALENCIA;Comunidades interiores
17;34;23;VENTA DE BAÑOS;340023;PALENCIA;PALENCIA;Comunidades interiores
17;34;24;BAQUERIN DE CAMPOS;340024;PALENCIA;PALENCIA;Comunidades interiores
17;34;25;BARCENA DE CAMPOS;340025;PALENCIA;PALENCIA;Comunidades interiores
17;34;27;BARRUELO DE SANTULLAN;340027;PALENCIA;PALENCIA;Comunidades interiores
17;34;28;BASCONES DE OJEDA;340028;PALENCIA;PALENCIA;Comunidades interiores
17;34;29;BECERRIL DE CAMPOS;340029;PALENCIA;PALENCIA;Comunidades interiores
17;34;31;BELMONTE DE CAMPOS;340031;PALENCIA;PALENCIA;Comunidades interiores
17;34;32;BERZOSILLA;340032;PALENCIA;PALENCIA;Comunidades interiores
17;34;33;BOADA DE CAMPOS;340033;PALENCIA;PALENCIA;Comunidades interiores
17;34;34;BOADILLA DEL CAMINO;340034;PALENCIA;PALENCIA;Comunidades interiores
17;34;35;BOADILLA DE RIOSECO;340035;PALENCIA;PALENCIA;Comunidades interiores
17;34;36;BRAÑOSERA;340036;PALENCIA;PALENCIA;Comunidades interiores
17;34;37;BUENAVISTA DE VALDAVIA;340037;PALENCIA;PALENCIA;Comunidades interiores
17;34;38;BUSTILLO DE LA VEGA;340038;PALENCIA;PALENCIA;Comunidades interiores
17;34;39;BUSTILLO DEL PARAMO DE CARRION;340039;PALENCIA;PALENCIA;Comunidades interiores
17;34;41;CALAHORRA DE BOEDO;340041;PALENCIA;PALENCIA;Comunidades interiores
17;34;42;CALZADA DE LOS MOLINOS;340042;PALENCIA;PALENCIA;Comunidades interiores
17;34;45;CAPILLAS;340045;PALENCIA;PALENCIA;Comunidades interiores
17;34;46;CARDEÑOSA DE VOLPEJERA;340046;PALENCIA;PALENCIA;Comunidades interiores
17;34;47;CARRION DE LOS CONDES;340047;PALENCIA;PALENCIA;Comunidades interiores
17;34;48;CASTIL DE VELA;340048;PALENCIA;PALENCIA;Comunidades interiores
17;34;49;CASTREJON DE LA PEÑA;340049;PALENCIA;PALENCIA;Comunidades interiores
17;34;50;CASTRILLO DE DON JUAN;340050;PALENCIA;PALENCIA;Comunidades interiores
17;34;51;CASTRILLO DE ONIELO;340051;PALENCIA;PALENCIA;Comunidades interiores
17;34;52;CASTRILLO DE VILLAVEGA;340052;PALENCIA;PALENCIA;Comunidades interiores
17;34;53;CASTROMOCHO;340053;PALENCIA;PALENCIA;Comunidades interiores
17;34;55;CERVATOS DE LA CUEZA;340055;PALENCIA;PALENCIA;Comunidades interiores
17;34;56;CERVERA DE PISUERGA;340056;PALENCIA;PALENCIA;Comunidades interiores
17;34;57;CEVICO DE LA TORRE;340057;PALENCIA;PALENCIA;Comunidades interiores
17;34;58;CEVICO NAVERO;340058;PALENCIA;PALENCIA;Comunidades interiores
17;34;59;CISNEROS;340059;PALENCIA;PALENCIA;Comunidades interiores
17;34;60;COBOS DE CERRATO;340060;PALENCIA;PALENCIA;Comunidades interiores
17;34;61;COLLAZOS DE BOEDO;340061;PALENCIA;PALENCIA;Comunidades interiores
17;34;62;CONGOSTO DE VALDAVIA;340062;PALENCIA;PALENCIA;Comunidades interiores
17;34;63;CORDOVILLA LA REAL;340063;PALENCIA;PALENCIA;Comunidades interiores
17;34;66;CUBILLAS DE CERRATO;340066;PALENCIA;PALENCIA;Comunidades interiores
17;34;67;DEHESA DE MONTEJO;340067;PALENCIA;PALENCIA;Comunidades interiores
17;34;68;DEHESA DE ROMANOS;340068;PALENCIA;PALENCIA;Comunidades interiores
17;34;69;DUEÑAS;340069;PALENCIA;PALENCIA;Comunidades interiores
17;34;70;ESPINOSA DE CERRATO;340070;PALENCIA;PALENCIA;Comunidades interiores
17;34;71;ESPINOSA DE VILLAGONZALO;340071;PALENCIA;PALENCIA;Comunidades interiores
17;34;72;FRECHILLA;340072;PALENCIA;PALENCIA;Comunidades interiores
17;34;73;FRESNO DEL RIO;340073;PALENCIA;PALENCIA;Comunidades interiores
17;34;74;FROMISTA;340074;PALENCIA;PALENCIA;Comunidades interiores
17;34;76;FUENTES DE NAVA;340076;PALENCIA;PALENCIA;Comunidades interiores
17;34;77;FUENTES DE VALDEPERO;340077;PALENCIA;PALENCIA;Comunidades interiores
17;34;79;GRIJOTA;340079;PALENCIA;PALENCIA;Comunidades interiores
17;34;80;GUARDO;340080;PALENCIA;PALENCIA;Comunidades interiores
17;34;81;GUAZA DE CAMPOS;340081;PALENCIA;PALENCIA;Comunidades interiores
17;34;82;HERMEDES DE CERRATO;340082;PALENCIA;PALENCIA;Comunidades interiores
17;34;83;HERRERA DE PISUERGA;340083;PALENCIA;PALENCIA;Comunidades interiores
17;34;84;HERRERA DE VALDECAÑAS;340084;PALENCIA;PALENCIA;Comunidades interiores
17;34;86;HONTORIA DE CERRATO;340086;PALENCIA;PALENCIA;Comunidades interiores
17;34;87;HORNILLOS DE CERRATO;340087;PALENCIA;PALENCIA;Comunidades interiores
17;34;88;HUSILLOS;340088;PALENCIA;PALENCIA;Comunidades interiores
17;34;89;ITERO DE LA VEGA;340089;PALENCIA;PALENCIA;Comunidades interiores
17;34;91;LAGARTOS;340091;PALENCIA;PALENCIA;Comunidades interiores
17;34;92;LANTADILLA;340092;PALENCIA;PALENCIA;Comunidades interiores
17;34;93;VID DE OJEDA LA;340093;PALENCIA;PALENCIA;Comunidades interiores
17;34;94;LEDIGOS;340094;PALENCIA;PALENCIA;Comunidades interiores
17;34;96;LOMAS;340096;PALENCIA;PALENCIA;Comunidades interiores
17;34;98;MAGAZ DE PISUERGA;340098;PALENCIA;PALENCIA;Comunidades interiores
17;34;99;MANQUILLOS;340099;PALENCIA;PALENCIA;Comunidades interiores
17;34;100;MANTINOS;340100;PALENCIA;PALENCIA;Comunidades interiores
17;34;101;MARCILLA DE CAMPOS;340101;PALENCIA;PALENCIA;Comunidades interiores
17;34;102;MAZARIEROS;340102;PALENCIA;PALENCIA;Comunidades interiores
17;34;103;MAZUECOS DE VALDEGINATE;340103;PALENCIA;PALENCIA;Comunidades interiores
17;34;104;MELGAR DE YUSO;340104;PALENCIA;PALENCIA;Comunidades interiores
17;34;106;MENESES DE CAMPOS;340106;PALENCIA;PALENCIA;Comunidades interiores
17;34;107;MICIECES DE OJEDA;340107;PALENCIA;PALENCIA;Comunidades interiores
17;34;108;MONZON DE CAMPOS;340108;PALENCIA;PALENCIA;Comunidades interiores
17;34;109;MORATINOS;340109;PALENCIA;PALENCIA;Comunidades interiores
17;34;110;MUDA;340110;PALENCIA;PALENCIA;Comunidades interiores
17;34;112;NOGAL DE LAS HUERTAS;340112;PALENCIA;PALENCIA;Comunidades interiores
17;34;113;OLEA DE BOEDO;340113;PALENCIA;PALENCIA;Comunidades interiores
17;34;114;OLMOS DE OJEDA;340114;PALENCIA;PALENCIA;Comunidades interiores
17;34;116;OSORNILLO;340116;PALENCIA;PALENCIA;Comunidades interiores
17;34;120;PALENCIA;340120;PALENCIA;PALENCIA;Comunidades interiores
17;34;121;PALENZUELA;340121;PALENCIA;PALENCIA;Comunidades interiores
17;34;122;PARAMO DE BOEDO;340122;PALENCIA;PALENCIA;Comunidades interiores
17;34;123;PAREDES DE NAVA;340123;PALENCIA;PALENCIA;Comunidades interiores
17;34;124;PAYO DE OJEDA;340124;PALENCIA;PALENCIA;Comunidades interiores
17;34;125;PEDRAZA DE CAMPOS;340125;PALENCIA;PALENCIA;Comunidades interiores
17;34;126;PEDROSA DE LA VEGA;340126;PALENCIA;PALENCIA;Comunidades interiores
17;34;127;PERALES;340127;PALENCIA;PALENCIA;Comunidades interiores
17;34;129;PINO DEL RIO;340129;PALENCIA;PALENCIA;Comunidades interiores
17;34;130;PIÑA DE CAMPOS;340130;PALENCIA;PALENCIA;Comunidades interiores
17;34;131;POBLACION DE ARROYO;340131;PALENCIA;PALENCIA;Comunidades interiores
17;34;132;POBLACION DE CAMPOS;340132;PALENCIA;PALENCIA;Comunidades interiores
17;34;133;POBLACION DE CERRATO;340133;PALENCIA;PALENCIA;Comunidades interiores
17;34;134;POLENTINOS;340134;PALENCIA;PALENCIA;Comunidades interiores
17;34;135;POMAR DE VALDIVIA;340135;PALENCIA;PALENCIA;Comunidades interiores
17;34;136;POZA DE LA VEGA;340136;PALENCIA;PALENCIA;Comunidades interiores
17;34;137;POZO DE URAMA;340137;PALENCIA;PALENCIA;Comunidades interiores
17;34;139;PRADANOS DE OJEDA;340139;PALENCIA;PALENCIA;Comunidades interiores
17;34;140;PUEBLA DE VALDAVIA LA;340140;PALENCIA;PALENCIA;Comunidades interiores
17;34;141;QUINTANA DEL PUENTE;340141;PALENCIA;PALENCIA;Comunidades interiores
17;34;143;QUINTANILLA DE ONSOÑA;340143;PALENCIA;PALENCIA;Comunidades interiores
17;34;146;REINOSO DE CERRATO;340146;PALENCIA;PALENCIA;Comunidades interiores
17;34;147;RENEDO DE LA VEGA;340147;PALENCIA;PALENCIA;Comunidades interiores
17;34;149;REQUENA DE CAMPOS;340149;PALENCIA;PALENCIA;Comunidades interiores
17;34;151;RESPENDA DE LA PEÑA;340151;PALENCIA;PALENCIA;Comunidades interiores
17;34;152;REVENGA DE CAMPOS;340152;PALENCIA;PALENCIA;Comunidades interiores
17;34;154;REVILLA DE COLLAZOS;340154;PALENCIA;PALENCIA;Comunidades interiores
17;34;155;RIBAS DE CAMPOS;340155;PALENCIA;PALENCIA;Comunidades interiores
17;34;156;RIBEROS DE LA CUEZA;340156;PALENCIA;PALENCIA;Comunidades interiores
17;34;157;SALDAÑA;340157;PALENCIA;PALENCIA;Comunidades interiores
17;34;158;SALINAS DE PISUERGA;340158;PALENCIA;PALENCIA;Comunidades interiores
17;34;159;S CEBRIAN DE CAMPOS;340159;PALENCIA;PALENCIA;Comunidades interiores
17;34;160;S CEBRIAN DE MUDA;340160;PALENCIA;PALENCIA;Comunidades interiores
17;34;161;S CRISTOBAL DE BOEDO;340161;PALENCIA;PALENCIA;Comunidades interiores
17;34;163;S MAMES DE CAMPOS;340163;PALENCIA;PALENCIA;Comunidades interiores
17;34;165;S ROMAN DE LA CUBA;340165;PALENCIA;PALENCIA;Comunidades interiores
17;34;167;STA CECILIA DEL ALCOR;340167;PALENCIA;PALENCIA;Comunidades interiores
17;34;168;STA CRUZ DE BOEDO;340168;PALENCIA;PALENCIA;Comunidades interiores
17;34;169;SANTERVAS DE LA VEGA;340169;PALENCIA;PALENCIA;Comunidades interiores
17;34;170;SANTIBAÑEZ DE ECLA;340170;PALENCIA;PALENCIA;Comunidades interiores
17;34;171;SANTIBAÑEZ DE LA PEÑA;340171;PALENCIA;PALENCIA;Comunidades interiores
17;34;174;SANTOYO;340174;PALENCIA;PALENCIA;Comunidades interiores
17;34;175;SERNA LA;340175;PALENCIA;PALENCIA;Comunidades interiores
17;34;176;SOTOBAÑADO Y PRIORATO;340176;PALENCIA;PALENCIA;Comunidades interiores
17;34;177;SOTO DE CERRATO;340177;PALENCIA;PALENCIA;Comunidades interiores
17;34;178;TABANERA DE CERRATO;340178;PALENCIA;PALENCIA;Comunidades interiores
17;34;179;TABANERA DE VALDAVIA;340179;PALENCIA;PALENCIA;Comunidades interiores
17;34;180;TAMARA DE CAMPOS;340180;PALENCIA;PALENCIA;Comunidades interiores
17;34;181;TARIEGO DE CERRATO;340181;PALENCIA;PALENCIA;Comunidades interiores
17;34;182;TORQUEMADA;340182;PALENCIA;PALENCIA;Comunidades interiores
17;34;184;TORREMORMOJON;340184;PALENCIA;PALENCIA;Comunidades interiores
17;34;185;TRIOLLO;340185;PALENCIA;PALENCIA;Comunidades interiores
17;34;186;VALBUENA DE PISUERGA;340186;PALENCIA;PALENCIA;Comunidades interiores
17;34;189;VALDEOLMILLOS;340189;PALENCIA;PALENCIA;Comunidades interiores
17;34;190;VALDERRABANO;340190;PALENCIA;PALENCIA;Comunidades interiores
17;34;192;VALDE-UCIEZA;340192;PALENCIA;PALENCIA;Comunidades interiores
17;34;196;VALLE DE CERRATO;340196;PALENCIA;PALENCIA;Comunidades interiores
17;34;199;VELILLA DEL RIO CARRION;340199;PALENCIA;PALENCIA;Comunidades interiores
17;34;201;VERTAVILLO;340201;PALENCIA;PALENCIA;Comunidades interiores
17;34;202;VILLABASTA DE VALDAVIA;340202;PALENCIA;PALENCIA;Comunidades interiores
17;34;204;VILLACIDALER;340204;PALENCIA;PALENCIA;Comunidades interiores
17;34;205;VILLACONANCIO;340205;PALENCIA;PALENCIA;Comunidades interiores
17;34;206;VILLADA;340206;PALENCIA;PALENCIA;Comunidades interiores
17;34;208;VILLAELES DE VALDAVIA;340208;PALENCIA;PALENCIA;Comunidades interiores
17;34;210;VILLAHAN;340210;PALENCIA;PALENCIA;Comunidades interiores
17;34;211;VILLAHERREROS;340211;PALENCIA;PALENCIA;Comunidades interiores
17;34;213;VILLALACO;340213;PALENCIA;PALENCIA;Comunidades interiores
17;34;214;VILLALBA DE GUARDO;340214;PALENCIA;PALENCIA;Comunidades interiores
17;34;215;VILLALCAZAR DE SIRGA;340215;PALENCIA;PALENCIA;Comunidades interiores
17;34;216;VILLALCON;340216;PALENCIA;PALENCIA;Comunidades interiores
17;34;217;VILLALOBON;340217;PALENCIA;PALENCIA;Comunidades interiores
17;34;218;VILLALUENGA DE LA VEGA;340218;PALENCIA;PALENCIA;Comunidades interiores
17;34;220;VILLAMARTIN DE CAMPOS;340220;PALENCIA;PALENCIA;Comunidades interiores
17;34;221;VILLAMEDIANA;340221;PALENCIA;PALENCIA;Comunidades interiores
17;34;222;VILLAMERIEL;340222;PALENCIA;PALENCIA;Comunidades interiores
17;34;223;VILLAMORONTA;340223;PALENCIA;PALENCIA;Comunidades interiores
17;34;224;VILLAMUERA DE LA CUEZA;340224;PALENCIA;PALENCIA;Comunidades interiores
17;34;225;VILLAMURIEL DE CERRATO;340225;PALENCIA;PALENCIA;Comunidades interiores
17;34;227;VILLANUEVA DEL REBOLLAR;340227;PALENCIA;PALENCIA;Comunidades interiores
17;34;228;VILLANUÑO DE VALDAVIA;340228;PALENCIA;PALENCIA;Comunidades interiores
17;34;229;VILLAPROVEDO;340229;PALENCIA;PALENCIA;Comunidades interiores
17;34;230;VILLARMENTERO DE CAMPOS;340230;PALENCIA;PALENCIA;Comunidades interiores
17;34;231;VILLARRABE;340231;PALENCIA;PALENCIA;Comunidades interiores
17;34;232;VILLARRAMIEL;340232;PALENCIA;PALENCIA;Comunidades interiores
17;34;233;VILLASARRACINO;340233;PALENCIA;PALENCIA;Comunidades interiores
17;34;234;VILLASILA DE VALDAVIA;340234;PALENCIA;PALENCIA;Comunidades interiores
17;34;236;VILLATURDE;340236;PALENCIA;PALENCIA;Comunidades interiores
17;34;237;VILLAUMBRALES;340237;PALENCIA;PALENCIA;Comunidades interiores
17;34;238;VILLAVIUDAS;340238;PALENCIA;PALENCIA;Comunidades interiores
17;34;240;VILLERIAS DE CAMPOS;340240;PALENCIA;PALENCIA;Comunidades interiores
17;34;241;VILLODRE;340241;PALENCIA;PALENCIA;Comunidades interiores
17;34;242;VILLODRIGO;340242;PALENCIA;PALENCIA;Comunidades interiores
17;34;243;VILLOLDO;340243;PALENCIA;PALENCIA;Comunidades interiores
17;34;245;VILLOTA DEL PARAMO;340245;PALENCIA;PALENCIA;Comunidades interiores
17;34;246;VILLOVIECO;340246;PALENCIA;PALENCIA;Comunidades interiores
17;34;901;OSORNO LA MAYOR;340901;PALENCIA;PALENCIA;Comunidades interiores
17;34;902;VALLE DEL RETORTILLO;340902;PALENCIA;PALENCIA;Comunidades interiores
17;34;903;LOMA DE UCIEZA;340903;PALENCIA;PALENCIA;Comunidades interiores
17;34;904;PERNIA LA;340904;PALENCIA;PALENCIA;Comunidades interiores
17;34;999;OTRA PROVINCIA;340999;PALENCIA;PALENCIA;Comunidades interiores
17;37;0;INDETERMINADO;370000;SALAMANCA;SALAMANCA;Comunidades interiores
17;37;1;ABUSEJO;370001;SALAMANCA;SALAMANCA;Comunidades interiores
17;37;2;AGALLAS;370002;SALAMANCA;SALAMANCA;Comunidades interiores
17;37;3;AHIGAL DE LOS ACEITEROS;370003;SALAMANCA;SALAMANCA;Comunidades interiores
17;37;4;AHIGAL DE VILLARINO;370004;SALAMANCA;SALAMANCA;Comunidades interiores
17;37;5;ALAMEDA DE GARDON LA;370005;SALAMANCA;SALAMANCA;Comunidades interiores
17;37;6;ALAMEDILLA LA;370006;SALAMANCA;SALAMANCA;Comunidades interiores
17;37;7;ALARAZ;370007;SALAMANCA;SALAMANCA;Comunidades interiores
17;37;8;ALBA DE TORMES;370008;SALAMANCA;SALAMANCA;Comunidades interiores
17;37;9;ALBA DE YELTES;370009;SALAMANCA;SALAMANCA;Comunidades interiores
17;37;10;ALBERCA LA;370010;SALAMANCA;SALAMANCA;Comunidades interiores
17;37;11;ALBERGUERIA DE ARGAÑAN LA;370011;SALAMANCA;SALAMANCA;Comunidades interiores
17;37;12;ALCONADA;370012;SALAMANCA;SALAMANCA;Comunidades interiores
17;37;13;ALDEACIPRESTE;370013;SALAMANCA;SALAMANCA;Comunidades interiores
17;37;14;ALDEADAVILA DE LA RIBERA;370014;SALAMANCA;SALAMANCA;Comunidades interiores
17;37;15;ALDEA DEL OBISPO;370015;SALAMANCA;SALAMANCA;Comunidades interiores
17;37;16;ALDEALENGUA;370016;SALAMANCA;SALAMANCA;Comunidades interiores
17;37;17;ALDEANUEVA DE FIGUEROA;370017;SALAMANCA;SALAMANCA;Comunidades interiores
17;37;18;ALDEANUEVA DE LA SIERRA;370018;SALAMANCA;SALAMANCA;Comunidades interiores
17;37;19;ALDEARRODRIGO;370019;SALAMANCA;SALAMANCA;Comunidades interiores
17;37;20;ALDEARRUBIA;370020;SALAMANCA;SALAMANCA;Comunidades interiores
17;37;21;ALDEASECA DE ALBA;370021;SALAMANCA;SALAMANCA;Comunidades interiores
17;37;22;ALDEASECA DE LA FRONTERA;370022;SALAMANCA;SALAMANCA;Comunidades interiores
17;37;23;ALDEATEJADA;370023;SALAMANCA;SALAMANCA;Comunidades interiores
17;37;24;ALDEAVIEJA DE TORMES;370024;SALAMANCA;SALAMANCA;Comunidades interiores
17;37;25;ALDEHUELA DE LA BOVEDA;370025;SALAMANCA;SALAMANCA;Comunidades interiores
17;37;26;ALDEHUELA DE YELTES;370026;SALAMANCA;SALAMANCA;Comunidades interiores
17;37;27;ALMENARA DE TORMES;370027;SALAMANCA;SALAMANCA;Comunidades interiores
17;37;28;ALMENDRA;370028;SALAMANCA;SALAMANCA;Comunidades interiores
17;37;29;ANAYA DE ALBA;370029;SALAMANCA;SALAMANCA;Comunidades interiores
17;37;30;AÑOVER DE TORMES;370030;SALAMANCA;SALAMANCA;Comunidades interiores
17;37;31;ARABAYONA DE MOGICA;370031;SALAMANCA;SALAMANCA;Comunidades interiores
17;37;32;ARAPILES;370032;SALAMANCA;SALAMANCA;Comunidades interiores
17;37;33;ARCEDIANO;370033;SALAMANCA;SALAMANCA;Comunidades interiores
17;37;34;ARCO EL;370034;SALAMANCA;SALAMANCA;Comunidades interiores
17;37;35;ARMENTEROS;370035;SALAMANCA;SALAMANCA;Comunidades interiores
17;37;36;S MIGUEL DEL ROBLEDO;370036;SALAMANCA;SALAMANCA;Comunidades interiores
17;37;37;ATALAYA LA;370037;SALAMANCA;SALAMANCA;Comunidades interiores
17;37;38;BABILAFUENTE;370038;SALAMANCA;SALAMANCA;Comunidades interiores
17;37;39;BAÑOBAREZ;370039;SALAMANCA;SALAMANCA;Comunidades interiores
17;37;40;BARBADILLO;370040;SALAMANCA;SALAMANCA;Comunidades interiores
17;37;41;BARBALOS;370041;SALAMANCA;SALAMANCA;Comunidades interiores
17;37;42;BARCEO;370042;SALAMANCA;SALAMANCA;Comunidades interiores
17;37;44;BARRUECOPARDO;370044;SALAMANCA;SALAMANCA;Comunidades interiores
17;37;45;BASTIDA LA;370045;SALAMANCA;SALAMANCA;Comunidades interiores
17;37;46;BEJAR;370046;SALAMANCA;SALAMANCA;Comunidades interiores
17;37;47;BELEÑA;370047;SALAMANCA;SALAMANCA;Comunidades interiores
17;37;49;BERMELLAR;370049;SALAMANCA;SALAMANCA;Comunidades interiores
17;37;50;BERROCAL DE HUEBRA;370050;SALAMANCA;SALAMANCA;Comunidades interiores
17;37;51;BERROCAL DE SALVATIERRA;370051;SALAMANCA;SALAMANCA;Comunidades interiores
17;37;52;BOADA;370052;SALAMANCA;SALAMANCA;Comunidades interiores
17;37;54;BODON EL;370054;SALAMANCA;SALAMANCA;Comunidades interiores
17;37;55;BOGAJO;370055;SALAMANCA;SALAMANCA;Comunidades interiores
17;37;56;BOUZA LA;370056;SALAMANCA;SALAMANCA;Comunidades interiores
17;37;57;BOVEDA DEL RIO ALMAR;370057;SALAMANCA;SALAMANCA;Comunidades interiores
17;37;58;BRINCONES;370058;SALAMANCA;SALAMANCA;Comunidades interiores
17;37;59;BUENAMADRE;370059;SALAMANCA;SALAMANCA;Comunidades interiores
17;37;60;BUENAVISTA;370060;SALAMANCA;SALAMANCA;Comunidades interiores
17;37;61;CABACO EL;370061;SALAMANCA;SALAMANCA;Comunidades interiores
17;37;62;CABEZABELLOSA DE LA CALZADA;370062;SALAMANCA;SALAMANCA;Comunidades interiores
17;37;63;CABEZA DE BEJAR LA;370063;SALAMANCA;SALAMANCA;Comunidades interiores
17;37;65;CABEZA DEL CABALLO;370065;SALAMANCA;SALAMANCA;Comunidades interiores
17;37;67;CABRERIZOS;370067;SALAMANCA;SALAMANCA;Comunidades interiores
17;37;68;CABRILLAS;370068;SALAMANCA;SALAMANCA;Comunidades interiores
17;37;69;CALVARRASA DE ABAJO;370069;SALAMANCA;SALAMANCA;Comunidades interiores
17;37;70;CALVARRASA DE ARRIBA;370070;SALAMANCA;SALAMANCA;Comunidades interiores
17;37;71;CALZADA DE BEJAR LA;370071;SALAMANCA;SALAMANCA;Comunidades interiores
17;37;72;CALZADA DE DON DIEGO;370072;SALAMANCA;SALAMANCA;Comunidades interiores
17;37;73;CALZADA DE VALDUNCIEL;370073;SALAMANCA;SALAMANCA;Comunidades interiores
17;37;74;CAMPILLO DE AZABA;370074;SALAMANCA;SALAMANCA;Comunidades interiores
17;37;77;CAMPO DE PEÑARANDA EL;370077;SALAMANCA;SALAMANCA;Comunidades interiores
17;37;78;CANDELARIO;370078;SALAMANCA;SALAMANCA;Comunidades interiores
17;37;79;CANILLAS DE ABAJO;370079;SALAMANCA;SALAMANCA;Comunidades interiores
17;37;80;CANTAGALLO;370080;SALAMANCA;SALAMANCA;Comunidades interiores
17;37;81;CANTALAPIEDRA;370081;SALAMANCA;SALAMANCA;Comunidades interiores
17;37;82;CANTALPINO;370082;SALAMANCA;SALAMANCA;Comunidades interiores
17;37;83;CANTARACILLO;370083;SALAMANCA;SALAMANCA;Comunidades interiores
17;37;85;CARBAJOSA DE LA SAGRADA;370085;SALAMANCA;SALAMANCA;Comunidades interiores
17;37;86;CARPIO DE AZABA;370086;SALAMANCA;SALAMANCA;Comunidades interiores
17;37;87;CARRASCAL DE BARREGAS;370087;SALAMANCA;SALAMANCA;Comunidades interiores
17;37;88;CARRASCAL DEL OBISPO;370088;SALAMANCA;SALAMANCA;Comunidades interiores
17;37;89;CASAFRANCA;370089;SALAMANCA;SALAMANCA;Comunidades interiores
17;37;90;CASAS DEL CONDE LAS;370090;SALAMANCA;SALAMANCA;Comunidades interiores
17;37;91;CASILLAS DE FLORES;370091;SALAMANCA;SALAMANCA;Comunidades interiores
17;37;92;CASTELLANOS DE MORISCOS;370092;SALAMANCA;SALAMANCA;Comunidades interiores
17;37;96;CASTILLEJO DE MARTIN VIEJO;370096;SALAMANCA;SALAMANCA;Comunidades interiores
17;37;97;CASTRAZ;370097;SALAMANCA;SALAMANCA;Comunidades interiores
17;37;98;CEPEDA;370098;SALAMANCA;SALAMANCA;Comunidades interiores
17;37;99;CERECEDA DE LA SIERRA;370099;SALAMANCA;SALAMANCA;Comunidades interiores
17;37;100;CEREZAL DE PEÑAHORCADA;370100;SALAMANCA;SALAMANCA;Comunidades interiores
17;37;101;CERRALBO;370101;SALAMANCA;SALAMANCA;Comunidades interiores
17;37;102;CERRO EL;370102;SALAMANCA;SALAMANCA;Comunidades interiores
17;37;103;CESPEDOSA DE TORMES;370103;SALAMANCA;SALAMANCA;Comunidades interiores
17;37;104;CILLEROS DE LA BASTIDA;370104;SALAMANCA;SALAMANCA;Comunidades interiores
17;37;106;CIPEREZ;370106;SALAMANCA;SALAMANCA;Comunidades interiores
17;37;107;CIUDAD RODRIGO;370107;SALAMANCA;SALAMANCA;Comunidades interiores
17;37;108;COCA DE ALBA;370108;SALAMANCA;SALAMANCA;Comunidades interiores
17;37;109;COLMENAR DE MONTEMAYOR;370109;SALAMANCA;SALAMANCA;Comunidades interiores
17;37;110;CORDOVILLA;370110;SALAMANCA;SALAMANCA;Comunidades interiores
17;37;112;CRISTOBAL;370112;SALAMANCA;SALAMANCA;Comunidades interiores
17;37;113;CUBO DE DON SANCHO EL;370113;SALAMANCA;SALAMANCA;Comunidades interiores
17;37;114;CHAGARCIA MEDIANERO;370114;SALAMANCA;SALAMANCA;Comunidades interiores
17;37;115;DIOS LE GUARDE;370115;SALAMANCA;SALAMANCA;Comunidades interiores
17;37;116;DOÑINOS DE LEDESMA;370116;SALAMANCA;SALAMANCA;Comunidades interiores
17;37;117;DOÑINOS DE SALAMANCA;370117;SALAMANCA;SALAMANCA;Comunidades interiores
17;37;118;EJEME;370118;SALAMANCA;SALAMANCA;Comunidades interiores
17;37;119;ENCINA LA;370119;SALAMANCA;SALAMANCA;Comunidades interiores
17;37;120;ENCINA DE SAN SILVESTRE;370120;SALAMANCA;SALAMANCA;Comunidades interiores
17;37;121;ENCINAS DE ABAJO;370121;SALAMANCA;SALAMANCA;Comunidades interiores
17;37;122;ENCINAS DE ARRIBA;370122;SALAMANCA;SALAMANCA;Comunidades interiores
17;37;123;ENCINASOLA DE LOS COMENDADORES;370123;SALAMANCA;SALAMANCA;Comunidades interiores
17;37;124;ENDRINAL;370124;SALAMANCA;SALAMANCA;Comunidades interiores
17;37;125;ESCURIAL DE LA SIERRA;370125;SALAMANCA;SALAMANCA;Comunidades interiores
17;37;126;ESPADAÑA;370126;SALAMANCA;SALAMANCA;Comunidades interiores
17;37;127;ESPEJA;370127;SALAMANCA;SALAMANCA;Comunidades interiores
17;37;128;ESPINO DE LA ORBADA;370128;SALAMANCA;SALAMANCA;Comunidades interiores
17;37;129;FLORIDA DE LIEBANA;370129;SALAMANCA;SALAMANCA;Comunidades interiores
17;37;130;FORFOLEDA;370130;SALAMANCA;SALAMANCA;Comunidades interiores
17;37;131;FRADES DE LA SIERRA;370131;SALAMANCA;SALAMANCA;Comunidades interiores
17;37;132;FREGENEDA LA;370132;SALAMANCA;SALAMANCA;Comunidades interiores
17;37;133;FRESNEDOSO;370133;SALAMANCA;SALAMANCA;Comunidades interiores
17;37;134;FRESNO ALHANDIGA;370134;SALAMANCA;SALAMANCA;Comunidades interiores
17;37;135;FUENTE DE SAN ESTEBAN LA;370135;SALAMANCA;SALAMANCA;Comunidades interiores
17;37;136;FUENTEGUINALDO;370136;SALAMANCA;SALAMANCA;Comunidades interiores
17;37;137;FUENTELIANTE;370137;SALAMANCA;SALAMANCA;Comunidades interiores
17;37;138;FUENTERROBLE DE SALVATIERRA;370138;SALAMANCA;SALAMANCA;Comunidades interiores
17;37;139;FUENTES DE BEJAR;370139;SALAMANCA;SALAMANCA;Comunidades interiores
17;37;140;FUENTES DE OÑORO;370140;SALAMANCA;SALAMANCA;Comunidades interiores
17;37;141;GAJATES;370141;SALAMANCA;SALAMANCA;Comunidades interiores
17;37;142;GALINDO Y PERAHUY;370142;SALAMANCA;SALAMANCA;Comunidades interiores
17;37;143;GALINDUSTE;370143;SALAMANCA;SALAMANCA;Comunidades interiores
17;37;144;GALISANCHO;370144;SALAMANCA;SALAMANCA;Comunidades interiores
17;37;145;GALLEGOS DE ARGAÑAN;370145;SALAMANCA;SALAMANCA;Comunidades interiores
17;37;146;GALLEGOS DE SOLMIRON;370146;SALAMANCA;SALAMANCA;Comunidades interiores
17;37;147;GARCIBUEY;370147;SALAMANCA;SALAMANCA;Comunidades interiores
17;37;148;GARCIHERNANDEZ;370148;SALAMANCA;SALAMANCA;Comunidades interiores
17;37;149;GARCIRREY;370149;SALAMANCA;SALAMANCA;Comunidades interiores
17;37;150;GEJUELO DEL BARRO;370150;SALAMANCA;SALAMANCA;Comunidades interiores
17;37;151;GOLPEJAS;370151;SALAMANCA;SALAMANCA;Comunidades interiores
17;37;152;GOMECELLO;370152;SALAMANCA;SALAMANCA;Comunidades interiores
17;37;154;GUADRAMIRO;370154;SALAMANCA;SALAMANCA;Comunidades interiores
17;37;155;GUIJO DE AVILA;370155;SALAMANCA;SALAMANCA;Comunidades interiores
17;37;156;GUIJUELO;370156;SALAMANCA;SALAMANCA;Comunidades interiores
17;37;157;HERGUIJUELA DE CIUDAD RODRIGO;370157;SALAMANCA;SALAMANCA;Comunidades interiores
17;37;158;HERGUIJUELA DE LA SIERRA;370158;SALAMANCA;SALAMANCA;Comunidades interiores
17;37;159;HERGUIJUELA DEL CAMPO;370159;SALAMANCA;SALAMANCA;Comunidades interiores
17;37;160;HINOJOSA DE DUERO;370160;SALAMANCA;SALAMANCA;Comunidades interiores
17;37;161;HORCAJO DE MONTEMAYOR;370161;SALAMANCA;SALAMANCA;Comunidades interiores
17;37;162;HORCAJO MEDIANERO;370162;SALAMANCA;SALAMANCA;Comunidades interiores
17;37;163;HOYA LA;370163;SALAMANCA;SALAMANCA;Comunidades interiores
17;37;164;HUERTA;370164;SALAMANCA;SALAMANCA;Comunidades interiores
17;37;165;IRUELOS;370165;SALAMANCA;SALAMANCA;Comunidades interiores
17;37;166;ITUERO DE AZABA;370166;SALAMANCA;SALAMANCA;Comunidades interiores
17;37;167;JUZBADO;370167;SALAMANCA;SALAMANCA;Comunidades interiores
17;37;168;LAGUNILLA;370168;SALAMANCA;SALAMANCA;Comunidades interiores
17;37;169;LARRODRIGO;370169;SALAMANCA;SALAMANCA;Comunidades interiores
17;37;170;LEDESMA;370170;SALAMANCA;SALAMANCA;Comunidades interiores
17;37;171;LEDRADA;370171;SALAMANCA;SALAMANCA;Comunidades interiores
17;37;172;LINARES DE RIOFRIO;370172;SALAMANCA;SALAMANCA;Comunidades interiores
17;37;173;LUMBRALES;370173;SALAMANCA;SALAMANCA;Comunidades interiores
17;37;174;MACOTERA;370174;SALAMANCA;SALAMANCA;Comunidades interiores
17;37;175;MACHACON;370175;SALAMANCA;SALAMANCA;Comunidades interiores
17;37;176;MADROÑAL;370176;SALAMANCA;SALAMANCA;Comunidades interiores
17;37;177;MAILLO EL;370177;SALAMANCA;SALAMANCA;Comunidades interiores
17;37;178;MALPARTIDA;370178;SALAMANCA;SALAMANCA;Comunidades interiores
17;37;179;MANCERA DE ABAJO;370179;SALAMANCA;SALAMANCA;Comunidades interiores
17;37;180;MANZANO EL;370180;SALAMANCA;SALAMANCA;Comunidades interiores
17;37;181;MARTIAGO;370181;SALAMANCA;SALAMANCA;Comunidades interiores
17;37;182;MARTINAMOR;370182;SALAMANCA;SALAMANCA;Comunidades interiores
17;37;183;MARTIN DE YELTES;370183;SALAMANCA;SALAMANCA;Comunidades interiores
17;37;184;MASUECO;370184;SALAMANCA;SALAMANCA;Comunidades interiores
17;37;185;CASTELLANOS DE VILLIQUERA;370185;SALAMANCA;SALAMANCA;Comunidades interiores
17;37;186;MATA DE LEDESMA LA;370186;SALAMANCA;SALAMANCA;Comunidades interiores
17;37;187;MATILLA DE LOS CAÑOS DEL RIO;370187;SALAMANCA;SALAMANCA;Comunidades interiores
17;37;188;MAYA LA;370188;SALAMANCA;SALAMANCA;Comunidades interiores
17;37;189;MEMBRIBE DE LA SIERRA;370189;SALAMANCA;SALAMANCA;Comunidades interiores
17;37;190;MIEZA;370190;SALAMANCA;SALAMANCA;Comunidades interiores
17;37;191;MILANO EL;370191;SALAMANCA;SALAMANCA;Comunidades interiores
17;37;192;MIRANDA DE AZAN;370192;SALAMANCA;SALAMANCA;Comunidades interiores
17;37;193;MIRANDA DEL CASTAÑAR;370193;SALAMANCA;SALAMANCA;Comunidades interiores
17;37;194;MOGARRAZ;370194;SALAMANCA;SALAMANCA;Comunidades interiores
17;37;195;MOLINILLO;370195;SALAMANCA;SALAMANCA;Comunidades interiores
17;37;196;MONFORTE DE LA SIERRA;370196;SALAMANCA;SALAMANCA;Comunidades interiores
17;37;197;MONLEON;370197;SALAMANCA;SALAMANCA;Comunidades interiores
17;37;198;MONLERAS;370198;SALAMANCA;SALAMANCA;Comunidades interiores
17;37;199;MONSAGRO;370199;SALAMANCA;SALAMANCA;Comunidades interiores
17;37;200;MONTEJO;370200;SALAMANCA;SALAMANCA;Comunidades interiores
17;37;201;MONTEMAYOR DEL RIO;370201;SALAMANCA;SALAMANCA;Comunidades interiores
17;37;202;MONTERRUBIO DE ARMUÑA;370202;SALAMANCA;SALAMANCA;Comunidades interiores
17;37;203;MONTERRUBIO DE LA SIERRA;370203;SALAMANCA;SALAMANCA;Comunidades interiores
17;37;204;MORASVERDES;370204;SALAMANCA;SALAMANCA;Comunidades interiores
17;37;205;MORILLE;370205;SALAMANCA;SALAMANCA;Comunidades interiores
17;37;206;MORIÑIGO;370206;SALAMANCA;SALAMANCA;Comunidades interiores
17;37;207;MORISCOS;370207;SALAMANCA;SALAMANCA;Comunidades interiores
17;37;208;MORONTA;370208;SALAMANCA;SALAMANCA;Comunidades interiores
17;37;209;MOZARBEZ;370209;SALAMANCA;SALAMANCA;Comunidades interiores
17;37;211;NARROS DE MATALAYEGUA;370211;SALAMANCA;SALAMANCA;Comunidades interiores
17;37;212;NAVACARROS;370212;SALAMANCA;SALAMANCA;Comunidades interiores
17;37;213;NAVA DE BEJAR;370213;SALAMANCA;SALAMANCA;Comunidades interiores
17;37;214;NAVA DE FRANCIA;370214;SALAMANCA;SALAMANCA;Comunidades interiores
17;37;215;NAVA DE SOTROBAL;370215;SALAMANCA;SALAMANCA;Comunidades interiores
17;37;216;NAVALES;370216;SALAMANCA;SALAMANCA;Comunidades interiores
17;37;217;NAVALMORAL DE BEJAR;370217;SALAMANCA;SALAMANCA;Comunidades interiores
17;37;218;NAVAMORALES;370218;SALAMANCA;SALAMANCA;Comunidades interiores
17;37;219;NAVARREDONDA DE LA RINCONADA;370219;SALAMANCA;SALAMANCA;Comunidades interiores
17;37;221;NAVASFRIAS;370221;SALAMANCA;SALAMANCA;Comunidades interiores
17;37;222;NEGRILLA DE PALENCIA;370222;SALAMANCA;SALAMANCA;Comunidades interiores
17;37;223;OLMEDO DE CAMACES;370223;SALAMANCA;SALAMANCA;Comunidades interiores
17;37;224;ORBADA LA;370224;SALAMANCA;SALAMANCA;Comunidades interiores
17;37;225;PAJARES DE LA LAGUNA;370225;SALAMANCA;SALAMANCA;Comunidades interiores
17;37;226;PALACIOS DEL ARZOBISPO;370226;SALAMANCA;SALAMANCA;Comunidades interiores
17;37;228;PALACIOSRUBIOS;370228;SALAMANCA;SALAMANCA;Comunidades interiores
17;37;229;PALENCIA DE NEGRILLA;370229;SALAMANCA;SALAMANCA;Comunidades interiores
17;37;230;PARADA DE ARRIBA;370230;SALAMANCA;SALAMANCA;Comunidades interiores
17;37;231;PARADA DE RUBIALES;370231;SALAMANCA;SALAMANCA;Comunidades interiores
17;37;232;PARADINAS DE SAN JUAN;370232;SALAMANCA;SALAMANCA;Comunidades interiores
17;37;233;PASTORES;370233;SALAMANCA;SALAMANCA;Comunidades interiores
17;37;234;PAYO EL;370234;SALAMANCA;SALAMANCA;Comunidades interiores
17;37;235;PEDRAZA DE ALBA;370235;SALAMANCA;SALAMANCA;Comunidades interiores
17;37;236;PEDROSILLO DE ALBA;370236;SALAMANCA;SALAMANCA;Comunidades interiores
17;37;237;PEDROSILLO DE LOS AIRES;370237;SALAMANCA;SALAMANCA;Comunidades interiores
17;37;238;PEDROSILLO EL RALO;370238;SALAMANCA;SALAMANCA;Comunidades interiores
17;37;239;PEDROSO DE LA ARMUÑA EL;370239;SALAMANCA;SALAMANCA;Comunidades interiores
17;37;240;PELABRAVO;370240;SALAMANCA;SALAMANCA;Comunidades interiores
17;37;241;PELARRODRIGUEZ;370241;SALAMANCA;SALAMANCA;Comunidades interiores
17;37;242;PELAYOS;370242;SALAMANCA;SALAMANCA;Comunidades interiores
17;37;243;PEÑA LA;370243;SALAMANCA;SALAMANCA;Comunidades interiores
17;37;244;PEÑACABALLERA;370244;SALAMANCA;SALAMANCA;Comunidades interiores
17;37;245;PEÑAPARDA;370245;SALAMANCA;SALAMANCA;Comunidades interiores
17;37;246;PEÑARANDA DE BRACAMONTE;370246;SALAMANCA;SALAMANCA;Comunidades interiores
17;37;247;PEÑARANDILLA;370247;SALAMANCA;SALAMANCA;Comunidades interiores
17;37;248;PERALEJOS DE ABAJO;370248;SALAMANCA;SALAMANCA;Comunidades interiores
17;37;249;PERALEJOS DE ARRIBA;370249;SALAMANCA;SALAMANCA;Comunidades interiores
17;37;250;PEREÑA DE LA RIBERA;370250;SALAMANCA;SALAMANCA;Comunidades interiores
17;37;251;PEROMINGO;370251;SALAMANCA;SALAMANCA;Comunidades interiores
17;37;252;PINEDAS;370252;SALAMANCA;SALAMANCA;Comunidades interiores
17;37;253;PINO DE TORMES EL;370253;SALAMANCA;SALAMANCA;Comunidades interiores
17;37;254;PITIEGUA;370254;SALAMANCA;SALAMANCA;Comunidades interiores
17;37;255;PIZARRAL;370255;SALAMANCA;SALAMANCA;Comunidades interiores
17;37;256;POVEDA DE LAS CINTAS;370256;SALAMANCA;SALAMANCA;Comunidades interiores
17;37;257;POZOS DE HINOJO;370257;SALAMANCA;SALAMANCA;Comunidades interiores
17;37;258;PUEBLA DE AZABA;370258;SALAMANCA;SALAMANCA;Comunidades interiores
17;37;259;PUEBLA DE SAN MEDEL;370259;SALAMANCA;SALAMANCA;Comunidades interiores
17;37;260;PUEBLA DE YELTES;370260;SALAMANCA;SALAMANCA;Comunidades interiores
17;37;261;PUENTE DEL CONGOSTO;370261;SALAMANCA;SALAMANCA;Comunidades interiores
17;37;262;PUERTAS;370262;SALAMANCA;SALAMANCA;Comunidades interiores
17;37;263;PUERTO DE BEJAR;370263;SALAMANCA;SALAMANCA;Comunidades interiores
17;37;264;PUERTO SEGURO;370264;SALAMANCA;SALAMANCA;Comunidades interiores
17;37;265;RAGAMA;370265;SALAMANCA;SALAMANCA;Comunidades interiores
17;37;266;REDONDA LA;370266;SALAMANCA;SALAMANCA;Comunidades interiores
17;37;267;RETORTILLO;370267;SALAMANCA;SALAMANCA;Comunidades interiores
17;37;268;RINCONADA DE LA SIERRA LA;370268;SALAMANCA;SALAMANCA;Comunidades interiores
17;37;269;ROBLEDA;370269;SALAMANCA;SALAMANCA;Comunidades interiores
17;37;270;ROBLIZA DE COJOS;370270;SALAMANCA;SALAMANCA;Comunidades interiores
17;37;271;ROLLAN;370271;SALAMANCA;SALAMANCA;Comunidades interiores
17;37;272;SAELICES EL CHICO;370272;SALAMANCA;SALAMANCA;Comunidades interiores
17;37;273;SAGRADA LA;370273;SALAMANCA;SALAMANCA;Comunidades interiores
17;37;274;SALAMANCA;370274;SALAMANCA;SALAMANCA;Comunidades interiores
17;37;275;SALDEANA;370275;SALAMANCA;SALAMANCA;Comunidades interiores
17;37;276;SALMORAL;370276;SALAMANCA;SALAMANCA;Comunidades interiores
17;37;277;SALVATIERRA DE TORMES;370277;SALAMANCA;SALAMANCA;Comunidades interiores
17;37;278;S CRISTOBAL DE LA CUESTA;370278;SALAMANCA;SALAMANCA;Comunidades interiores
17;37;279;SANCTI-SPIRITUS;370279;SALAMANCA;SALAMANCA;Comunidades interiores
17;37;280;SANCHON DE LA RIBERA;370280;SALAMANCA;SALAMANCA;Comunidades interiores
17;37;281;SANCHON DE LA SAGRADA;370281;SALAMANCA;SALAMANCA;Comunidades interiores
17;37;282;SANCHOTELLO;370282;SALAMANCA;SALAMANCA;Comunidades interiores
17;37;283;SANDO;370283;SALAMANCA;SALAMANCA;Comunidades interiores
17;37;284;S ESTEBAN DE LA SIERRA;370284;SALAMANCA;SALAMANCA;Comunidades interiores
17;37;285;S FELICES DE LOS GALLEGOS;370285;SALAMANCA;SALAMANCA;Comunidades interiores
17;37;286;S MARTIN DEL CASTAÑAR;370286;SALAMANCA;SALAMANCA;Comunidades interiores
17;37;287;S MIGUEL DE VALERO;370287;SALAMANCA;SALAMANCA;Comunidades interiores
17;37;288;S MORALES;370288;SALAMANCA;SALAMANCA;Comunidades interiores
17;37;289;S MUÑOZ;370289;SALAMANCA;SALAMANCA;Comunidades interiores
17;37;290;S PEDRO DEL VALLE;370290;SALAMANCA;SALAMANCA;Comunidades interiores
17;37;291;S PEDRO DE ROZADOS;370291;SALAMANCA;SALAMANCA;Comunidades interiores
17;37;292;S PELAYO DE GUAREÑA;370292;SALAMANCA;SALAMANCA;Comunidades interiores
17;37;293;STA MARIA DE SANDO;370293;SALAMANCA;SALAMANCA;Comunidades interiores
17;37;294;STA MARTA DE TORMES;370294;SALAMANCA;SALAMANCA;Comunidades interiores
17;37;296;SANTIAGO DE LA PUEBLA;370296;SALAMANCA;SALAMANCA;Comunidades interiores
17;37;297;SANTIBAÑEZ DE BEJAR;370297;SALAMANCA;SALAMANCA;Comunidades interiores
17;37;298;SANTIBAÑEZ DE LA SIERRA;370298;SALAMANCA;SALAMANCA;Comunidades interiores
17;37;299;SANTIZ;370299;SALAMANCA;SALAMANCA;Comunidades interiores
17;37;300;SANTOS LOS;370300;SALAMANCA;SALAMANCA;Comunidades interiores
17;37;301;SARDON DE LOS FRAILES;370301;SALAMANCA;SALAMANCA;Comunidades interiores
17;37;302;SAUCELLE;370302;SALAMANCA;SALAMANCA;Comunidades interiores
17;37;303;SAHUGO EL;370303;SALAMANCA;SALAMANCA;Comunidades interiores
17;37;304;SEPULCRO-HILARIO;370304;SALAMANCA;SALAMANCA;Comunidades interiores
17;37;305;SEQUEROS;370305;SALAMANCA;SALAMANCA;Comunidades interiores
17;37;306;SERRADILLA DEL ARROYO;370306;SALAMANCA;SALAMANCA;Comunidades interiores
17;37;307;SERRADILLA DEL LLANO;370307;SALAMANCA;SALAMANCA;Comunidades interiores
17;37;309;SIERPE LA;370309;SALAMANCA;SALAMANCA;Comunidades interiores
17;37;310;SIETEIGLESIAS DE TORMES;370310;SALAMANCA;SALAMANCA;Comunidades interiores
17;37;311;SOBRADILLO;370311;SALAMANCA;SALAMANCA;Comunidades interiores
17;37;312;SORIHUELA;370312;SALAMANCA;SALAMANCA;Comunidades interiores
17;37;313;SOTOSERRANO;370313;SALAMANCA;SALAMANCA;Comunidades interiores
17;37;314;TABERA DE ABAJO;370314;SALAMANCA;SALAMANCA;Comunidades interiores
17;37;315;TALA LA;370315;SALAMANCA;SALAMANCA;Comunidades interiores
17;37;316;TAMAMES;370316;SALAMANCA;SALAMANCA;Comunidades interiores
17;37;317;TARAZONA DE GUAREÑA;370317;SALAMANCA;SALAMANCA;Comunidades interiores
17;37;318;TARDAGUILA;370318;SALAMANCA;SALAMANCA;Comunidades interiores
17;37;319;TEJADO EL;370319;SALAMANCA;SALAMANCA;Comunidades interiores
17;37;320;TEJEDA Y SEGOYUELA;370320;SALAMANCA;SALAMANCA;Comunidades interiores
17;37;321;TENEBRON;370321;SALAMANCA;SALAMANCA;Comunidades interiores
17;37;322;TERRADILLOS;370322;SALAMANCA;SALAMANCA;Comunidades interiores
17;37;323;TOPAS;370323;SALAMANCA;SALAMANCA;Comunidades interiores
17;37;324;TORDILLOS;370324;SALAMANCA;SALAMANCA;Comunidades interiores
17;37;325;TORNADIZO EL;370325;SALAMANCA;SALAMANCA;Comunidades interiores
17;37;327;TORRESMENUDAS;370327;SALAMANCA;SALAMANCA;Comunidades interiores
17;37;328;TRABANCA;370328;SALAMANCA;SALAMANCA;Comunidades interiores
17;37;329;TREMEDAL DE TORMES;370329;SALAMANCA;SALAMANCA;Comunidades interiores
17;37;330;VALDECARROS;370330;SALAMANCA;SALAMANCA;Comunidades interiores
17;37;331;VALDEFUENTES DE SANGUSIN;370331;SALAMANCA;SALAMANCA;Comunidades interiores
17;37;332;VALDEHIJADEROS;370332;SALAMANCA;SALAMANCA;Comunidades interiores
17;37;333;VALDELACASA;370333;SALAMANCA;SALAMANCA;Comunidades interiores
17;37;334;VALDELAGEVE;370334;SALAMANCA;SALAMANCA;Comunidades interiores
17;37;335;VALDELOSA;370335;SALAMANCA;SALAMANCA;Comunidades interiores
17;37;336;VALDEMIERQUE;370336;SALAMANCA;SALAMANCA;Comunidades interiores
17;37;337;VALDERRODRIGO;370337;SALAMANCA;SALAMANCA;Comunidades interiores
17;37;338;VALDUNCIEL;370338;SALAMANCA;SALAMANCA;Comunidades interiores
17;37;339;VALERO;370339;SALAMANCA;SALAMANCA;Comunidades interiores
17;37;340;VALSALABROSO;370340;SALAMANCA;SALAMANCA;Comunidades interiores
17;37;341;VALVERDE DE VALDELACASA;370341;SALAMANCA;SALAMANCA;Comunidades interiores
17;37;342;VALVERDON;370342;SALAMANCA;SALAMANCA;Comunidades interiores
17;37;343;VALLEJERA DE RIOFRIO;370343;SALAMANCA;SALAMANCA;Comunidades interiores
17;37;344;VECINOS;370344;SALAMANCA;SALAMANCA;Comunidades interiores
17;37;345;VEGA DE TIRADOS;370345;SALAMANCA;SALAMANCA;Comunidades interiores
17;37;346;VEGUILLAS LAS;370346;SALAMANCA;SALAMANCA;Comunidades interiores
17;37;347;VELLES LA;370347;SALAMANCA;SALAMANCA;Comunidades interiores
17;37;348;VENTOSA DEL RIO ALMAR;370348;SALAMANCA;SALAMANCA;Comunidades interiores
17;37;349;VIDOLA LA;370349;SALAMANCA;SALAMANCA;Comunidades interiores
17;37;350;VILVESTRE;370350;SALAMANCA;SALAMANCA;Comunidades interiores
17;37;351;VILLAFLORES;370351;SALAMANCA;SALAMANCA;Comunidades interiores
17;37;352;VILLAGONZALO DE TORMES;370352;SALAMANCA;SALAMANCA;Comunidades interiores
17;37;353;VILLALBA DE LOS LLANOS;370353;SALAMANCA;SALAMANCA;Comunidades interiores
17;37;354;VILLAMAYOR;370354;SALAMANCA;SALAMANCA;Comunidades interiores
17;37;355;VILLANUEVA DEL CONDE;370355;SALAMANCA;SALAMANCA;Comunidades interiores
17;37;356;VILLAR DE ARGAÑAN;370356;SALAMANCA;SALAMANCA;Comunidades interiores
17;37;357;VILLAR DE CIERVO;370357;SALAMANCA;SALAMANCA;Comunidades interiores
17;37;358;VILLAR DE GALLIMAZO;370358;SALAMANCA;SALAMANCA;Comunidades interiores
17;37;359;VILLAR DE LA YEGUA;370359;SALAMANCA;SALAMANCA;Comunidades interiores
17;37;360;VILLAR DE PERALONSO;370360;SALAMANCA;SALAMANCA;Comunidades interiores
17;37;361;VILLAR DE SAMANIEGO;370361;SALAMANCA;SALAMANCA;Comunidades interiores
17;37;362;VILLARES DE LA REINA;370362;SALAMANCA;SALAMANCA;Comunidades interiores
17;37;363;VILLARES DE YELTES;370363;SALAMANCA;SALAMANCA;Comunidades interiores
17;37;364;VILLARINO DE LOS AIRES;370364;SALAMANCA;SALAMANCA;Comunidades interiores
17;37;365;VILLARMAYOR;370365;SALAMANCA;SALAMANCA;Comunidades interiores
17;37;366;VILLARMUERTO;370366;SALAMANCA;SALAMANCA;Comunidades interiores
17;37;367;VILLASBUENAS;370367;SALAMANCA;SALAMANCA;Comunidades interiores
17;37;368;VILLASDARDO;370368;SALAMANCA;SALAMANCA;Comunidades interiores
17;37;369;VILLASECO DE LOS GAMITOS;370369;SALAMANCA;SALAMANCA;Comunidades interiores
17;37;370;VILLASECO DE LOS REYES;370370;SALAMANCA;SALAMANCA;Comunidades interiores
17;37;371;VILLASRUBIAS;370371;SALAMANCA;SALAMANCA;Comunidades interiores
17;37;372;VILLAVERDE DE GUAREÑA;370372;SALAMANCA;SALAMANCA;Comunidades interiores
17;37;373;VILLAVIEJA DE YELTES;370373;SALAMANCA;SALAMANCA;Comunidades interiores
17;37;374;VILLORIA;370374;SALAMANCA;SALAMANCA;Comunidades interiores
17;37;375;VILLORUELA;370375;SALAMANCA;SALAMANCA;Comunidades interiores
17;37;376;VITIGUDINO;370376;SALAMANCA;SALAMANCA;Comunidades interiores
17;37;377;YECLA DE YELTES;370377;SALAMANCA;SALAMANCA;Comunidades interiores
17;37;378;ZAMARRA;370378;SALAMANCA;SALAMANCA;Comunidades interiores
17;37;379;ZAMAYON;370379;SALAMANCA;SALAMANCA;Comunidades interiores
17;37;380;ZARAPICOS;370380;SALAMANCA;SALAMANCA;Comunidades interiores
17;37;381;ZARZA DE PUMAREDA LA;370381;SALAMANCA;SALAMANCA;Comunidades interiores
17;37;382;ZORITA DE LA FRONTERA;370382;SALAMANCA;SALAMANCA;Comunidades interiores
17;37;998;PORTUGAL;370998;SALAMANCA;SALAMANCA;Comunidades interiores
17;37;999;OTRA PROVINCIA;370999;SALAMANCA;SALAMANCA;Comunidades interiores
17;40;0;INDETERMINADO;400000;SEGOVIA;SEGOVIA;Comunidades interiores
17;40;1;ABADES;400001;SEGOVIA;SEGOVIA;Comunidades interiores
17;40;2;ADRADA DE PIRON;400002;SEGOVIA;SEGOVIA;Comunidades interiores
17;40;3;ADRADOS;400003;SEGOVIA;SEGOVIA;Comunidades interiores
17;40;4;AGUILAFUENTE;400004;SEGOVIA;SEGOVIA;Comunidades interiores
17;40;5;ALCONADA DE MADERUELO;400005;SEGOVIA;SEGOVIA;Comunidades interiores
17;40;6;ALDEALCORVO;400006;SEGOVIA;SEGOVIA;Comunidades interiores
17;40;7;ALDEALENGUA DE PEDRAZA;400007;SEGOVIA;SEGOVIA;Comunidades interiores
17;40;8;ALDEALENGUA DE SANTA MARIA;400008;SEGOVIA;SEGOVIA;Comunidades interiores
17;40;9;ALDEANUEVA DE LA SERREZUELA;400009;SEGOVIA;SEGOVIA;Comunidades interiores
17;40;10;ALDEANUEVA DEL CODONAL;400010;SEGOVIA;SEGOVIA;Comunidades interiores
17;40;12;ALDEA REAL;400012;SEGOVIA;SEGOVIA;Comunidades interiores
17;40;13;ALDEASOÑA;400013;SEGOVIA;SEGOVIA;Comunidades interiores
17;40;14;ALDEHORNO;400014;SEGOVIA;SEGOVIA;Comunidades interiores
17;40;15;ALDEHUELA DEL CODONAL;400015;SEGOVIA;SEGOVIA;Comunidades interiores
17;40;16;ALDEONTE;400016;SEGOVIA;SEGOVIA;Comunidades interiores
17;40;17;ANAYA;400017;SEGOVIA;SEGOVIA;Comunidades interiores
17;40;18;AÑE;400018;SEGOVIA;SEGOVIA;Comunidades interiores
17;40;19;ARAHUETES;400019;SEGOVIA;SEGOVIA;Comunidades interiores
17;40;20;ARCONES;400020;SEGOVIA;SEGOVIA;Comunidades interiores
17;40;21;AREVALILLO DE CEGA;400021;SEGOVIA;SEGOVIA;Comunidades interiores
17;40;22;ARMUÑA;400022;SEGOVIA;SEGOVIA;Comunidades interiores
17;40;24;AYLLON;400024;SEGOVIA;SEGOVIA;Comunidades interiores
17;40;25;BARBOLLA;400025;SEGOVIA;SEGOVIA;Comunidades interiores
17;40;26;BASARDILLA;400026;SEGOVIA;SEGOVIA;Comunidades interiores
17;40;28;BERCIAL;400028;SEGOVIA;SEGOVIA;Comunidades interiores
17;40;29;BERCIMUEL;400029;SEGOVIA;SEGOVIA;Comunidades interiores
17;40;30;BERNARDOS;400030;SEGOVIA;SEGOVIA;Comunidades interiores
17;40;31;BERNUY DE PORREROS;400031;SEGOVIA;SEGOVIA;Comunidades interiores
17;40;32;BOCEGUILLAS;400032;SEGOVIA;SEGOVIA;Comunidades interiores
17;40;33;BRIEVA;400033;SEGOVIA;SEGOVIA;Comunidades interiores
17;40;34;CABALLAR;400034;SEGOVIA;SEGOVIA;Comunidades interiores
17;40;35;CABAÑAS DE POLENDOS;400035;SEGOVIA;SEGOVIA;Comunidades interiores
17;40;36;CABEZUELA;400036;SEGOVIA;SEGOVIA;Comunidades interiores
17;40;37;CALABAZAS DE FUENTIDUEÑA;400037;SEGOVIA;SEGOVIA;Comunidades interiores
17;40;39;CAMPO DE SAN PEDRO;400039;SEGOVIA;SEGOVIA;Comunidades interiores
17;40;40;CANTALEJO;400040;SEGOVIA;SEGOVIA;Comunidades interiores
17;40;41;CANTIMPALOS;400041;SEGOVIA;SEGOVIA;Comunidades interiores
17;40;43;CARBONERO EL MAYOR;400043;SEGOVIA;SEGOVIA;Comunidades interiores
17;40;44;CARRASCAL DEL RIO;400044;SEGOVIA;SEGOVIA;Comunidades interiores
17;40;45;CASLA;400045;SEGOVIA;SEGOVIA;Comunidades interiores
17;40;46;CASTILLEJO DE MESLEON;400046;SEGOVIA;SEGOVIA;Comunidades interiores
17;40;47;CASTRO DE FUENTIDUEÑA;400047;SEGOVIA;SEGOVIA;Comunidades interiores
17;40;48;CASTROJIMENO;400048;SEGOVIA;SEGOVIA;Comunidades interiores
17;40;49;CASTROSERNA DE ABAJO;400049;SEGOVIA;SEGOVIA;Comunidades interiores
17;40;51;CASTROSERRACIN;400051;SEGOVIA;SEGOVIA;Comunidades interiores
17;40;52;CEDILLO DE LA TORRE;400052;SEGOVIA;SEGOVIA;Comunidades interiores
17;40;53;CEREZO DE ABAJO;400053;SEGOVIA;SEGOVIA;Comunidades interiores
17;40;54;CEREZO DE ARRIBA;400054;SEGOVIA;SEGOVIA;Comunidades interiores
17;40;55;CILLERUELO DE SAN MAMES;400055;SEGOVIA;SEGOVIA;Comunidades interiores
17;40;56;COBOS DE FUENTIDUEÑA;400056;SEGOVIA;SEGOVIA;Comunidades interiores
17;40;57;COCA;400057;SEGOVIA;SEGOVIA;Comunidades interiores
17;40;58;CODORNIZ;400058;SEGOVIA;SEGOVIA;Comunidades interiores
17;40;59;COLLADO HERMOSO;400059;SEGOVIA;SEGOVIA;Comunidades interiores
17;40;60;CONDADO DE CASTILNOVO;400060;SEGOVIA;SEGOVIA;Comunidades interiores
17;40;61;CORRAL DE AYLLON;400061;SEGOVIA;SEGOVIA;Comunidades interiores
17;40;62;CUBILLO;400062;SEGOVIA;SEGOVIA;Comunidades interiores
17;40;63;CUELLAR;400063;SEGOVIA;SEGOVIA;Comunidades interiores
17;40;65;CHAÑE;400065;SEGOVIA;SEGOVIA;Comunidades interiores
17;40;68;DOMINGO GARCIA;400068;SEGOVIA;SEGOVIA;Comunidades interiores
17;40;69;DONHIERRO;400069;SEGOVIA;SEGOVIA;Comunidades interiores
17;40;70;DURUELO;400070;SEGOVIA;SEGOVIA;Comunidades interiores
17;40;71;ENCINAS;400071;SEGOVIA;SEGOVIA;Comunidades interiores
17;40;72;ENCINILLAS;400072;SEGOVIA;SEGOVIA;Comunidades interiores
17;40;73;ESCALONA DEL PRADO;400073;SEGOVIA;SEGOVIA;Comunidades interiores
17;40;74;ESCARABAJOSA DE CABEZAS;400074;SEGOVIA;SEGOVIA;Comunidades interiores
17;40;75;ESCOBAR DE POLENDOS;400075;SEGOVIA;SEGOVIA;Comunidades interiores
17;40;76;ESPINAR EL;400076;SEGOVIA;SEGOVIA;Comunidades interiores
17;40;77;ESPIRDO;400077;SEGOVIA;SEGOVIA;Comunidades interiores
17;40;78;FRESNEDA DE CUELLAR;400078;SEGOVIA;SEGOVIA;Comunidades interiores
17;40;79;FRESNO DE CANTESPINO;400079;SEGOVIA;SEGOVIA;Comunidades interiores
17;40;80;FRESNO DE LA FUENTE;400080;SEGOVIA;SEGOVIA;Comunidades interiores
17;40;81;FRUMALES;400081;SEGOVIA;SEGOVIA;Comunidades interiores
17;40;82;FUENTE DE SANTA CRUZ;400082;SEGOVIA;SEGOVIA;Comunidades interiores
17;40;83;FUENTE EL OLMO DE FUENTIDUEÑA;400083;SEGOVIA;SEGOVIA;Comunidades interiores
17;40;84;FUENTE EL OLMO DE ISCAR;400084;SEGOVIA;SEGOVIA;Comunidades interiores
17;40;86;FUENTEPELAYO;400086;SEGOVIA;SEGOVIA;Comunidades interiores
17;40;87;FUENTEPIÑEL;400087;SEGOVIA;SEGOVIA;Comunidades interiores
17;40;88;FUENTERREBOLLO;400088;SEGOVIA;SEGOVIA;Comunidades interiores
17;40;89;FUENTESAUCO DE FUENTIDUEÑA;400089;SEGOVIA;SEGOVIA;Comunidades interiores
17;40;91;FUENTESOTO;400091;SEGOVIA;SEGOVIA;Comunidades interiores
17;40;92;FUENTIDUEÑA;400092;SEGOVIA;SEGOVIA;Comunidades interiores
17;40;93;GALLEGOS;400093;SEGOVIA;SEGOVIA;Comunidades interiores
17;40;94;GARCILLAN;400094;SEGOVIA;SEGOVIA;Comunidades interiores
17;40;95;GOMEZSERRACIN;400095;SEGOVIA;SEGOVIA;Comunidades interiores
17;40;97;GRAJERA;400097;SEGOVIA;SEGOVIA;Comunidades interiores
17;40;99;HONRUBIA DE LA CUESTA;400099;SEGOVIA;SEGOVIA;Comunidades interiores
17;40;100;HONTALBILLA;400100;SEGOVIA;SEGOVIA;Comunidades interiores
17;40;101;HONTANARES DE ERESMA;400101;SEGOVIA;SEGOVIA;Comunidades interiores
17;40;103;HUERTOS LOS;400103;SEGOVIA;SEGOVIA;Comunidades interiores
17;40;104;ITUERO Y LAMA;400104;SEGOVIA;SEGOVIA;Comunidades interiores
17;40;105;JUARROS DE RIOMOROS;400105;SEGOVIA;SEGOVIA;Comunidades interiores
17;40;106;JUARROS DE VOLTOYA;400106;SEGOVIA;SEGOVIA;Comunidades interiores
17;40;107;LABAJOS;400107;SEGOVIA;SEGOVIA;Comunidades interiores
17;40;108;LAGUNA DE CONTRERAS;400108;SEGOVIA;SEGOVIA;Comunidades interiores
17;40;109;LANGUILLA;400109;SEGOVIA;SEGOVIA;Comunidades interiores
17;40;110;LASTRAS DE CUELLAR;400110;SEGOVIA;SEGOVIA;Comunidades interiores
17;40;111;LASTRAS DEL POZO;400111;SEGOVIA;SEGOVIA;Comunidades interiores
17;40;112;LASTRILLA LA;400112;SEGOVIA;SEGOVIA;Comunidades interiores
17;40;113;LOSA LA;400113;SEGOVIA;SEGOVIA;Comunidades interiores
17;40;115;MADERUELO;400115;SEGOVIA;SEGOVIA;Comunidades interiores
17;40;118;MARAZUELA;400118;SEGOVIA;SEGOVIA;Comunidades interiores
17;40;119;MARTIN MIGUEL;400119;SEGOVIA;SEGOVIA;Comunidades interiores
17;40;120;MARTIN MUÑOZ DE LA DEHESA;400120;SEGOVIA;SEGOVIA;Comunidades interiores
17;40;121;MARTIN MUÑOZ DE LAS POSADAS;400121;SEGOVIA;SEGOVIA;Comunidades interiores
17;40;122;MARUGAN;400122;SEGOVIA;SEGOVIA;Comunidades interiores
17;40;123;MATABUENA;400123;SEGOVIA;SEGOVIA;Comunidades interiores
17;40;124;MATA DE CUELLAR;400124;SEGOVIA;SEGOVIA;Comunidades interiores
17;40;125;MATILLA LA;400125;SEGOVIA;SEGOVIA;Comunidades interiores
17;40;126;MELQUE DE CERCOS;400126;SEGOVIA;SEGOVIA;Comunidades interiores
17;40;127;MEMBRIBE DE LA HOZ;400127;SEGOVIA;SEGOVIA;Comunidades interiores
17;40;128;MIGUELAÑEZ;400128;SEGOVIA;SEGOVIA;Comunidades interiores
17;40;129;MONTEJO DE AREVALO;400129;SEGOVIA;SEGOVIA;Comunidades interiores
17;40;130;MONTEJO DE LA VEGA SERREZUELA;400130;SEGOVIA;SEGOVIA;Comunidades interiores
17;40;131;MONTERRUBIO;400131;SEGOVIA;SEGOVIA;Comunidades interiores
17;40;132;MORAL DE HORNUEZ;400132;SEGOVIA;SEGOVIA;Comunidades interiores
17;40;134;MOZONCILLO;400134;SEGOVIA;SEGOVIA;Comunidades interiores
17;40;135;MUÑOPEDRO;400135;SEGOVIA;SEGOVIA;Comunidades interiores
17;40;136;MUÑOVEROS;400136;SEGOVIA;SEGOVIA;Comunidades interiores
17;40;138;NAVA DE LA ASUNCION;400138;SEGOVIA;SEGOVIA;Comunidades interiores
17;40;139;NAVAFRIA;400139;SEGOVIA;SEGOVIA;Comunidades interiores
17;40;140;NAVALILLA;400140;SEGOVIA;SEGOVIA;Comunidades interiores
17;40;141;NAVALMANZANO;400141;SEGOVIA;SEGOVIA;Comunidades interiores
17;40;142;NAVARES DE AYUSO;400142;SEGOVIA;SEGOVIA;Comunidades interiores
17;40;143;NAVARES DE ENMEDIO;400143;SEGOVIA;SEGOVIA;Comunidades interiores
17;40;144;NAVARES DE LAS CUEVAS;400144;SEGOVIA;SEGOVIA;Comunidades interiores
17;40;145;NAVAS DE ORO;400145;SEGOVIA;SEGOVIA;Comunidades interiores
17;40;146;NAVAS DE SAN ANTONIO;400146;SEGOVIA;SEGOVIA;Comunidades interiores
17;40;148;NIEVA;400148;SEGOVIA;SEGOVIA;Comunidades interiores
17;40;149;OLOMBRADA;400149;SEGOVIA;SEGOVIA;Comunidades interiores
17;40;150;OREJANA;400150;SEGOVIA;SEGOVIA;Comunidades interiores
17;40;151;ORTIGOSA DE PESTAÑO;400151;SEGOVIA;SEGOVIA;Comunidades interiores
17;40;152;OTERO DE HERREROS;400152;SEGOVIA;SEGOVIA;Comunidades interiores
17;40;154;PAJAREJOS;400154;SEGOVIA;SEGOVIA;Comunidades interiores
17;40;155;PALAZUELOS DE ERESMA;400155;SEGOVIA;SEGOVIA;Comunidades interiores
17;40;156;PEDRAZA;400156;SEGOVIA;SEGOVIA;Comunidades interiores
17;40;157;PELAYOS DEL ARROYO;400157;SEGOVIA;SEGOVIA;Comunidades interiores
17;40;158;PEROSILLO;400158;SEGOVIA;SEGOVIA;Comunidades interiores
17;40;159;PINAREJOS;400159;SEGOVIA;SEGOVIA;Comunidades interiores
17;40;160;PINARNEGRILLO;400160;SEGOVIA;SEGOVIA;Comunidades interiores
17;40;161;PRADALES;400161;SEGOVIA;SEGOVIA;Comunidades interiores
17;40;162;PRADENA;400162;SEGOVIA;SEGOVIA;Comunidades interiores
17;40;163;PUEBLA DE PEDRAZA;400163;SEGOVIA;SEGOVIA;Comunidades interiores
17;40;164;RAPARIEGOS;400164;SEGOVIA;SEGOVIA;Comunidades interiores
17;40;165;REBOLLO;400165;SEGOVIA;SEGOVIA;Comunidades interiores
17;40;166;REMONDO;400166;SEGOVIA;SEGOVIA;Comunidades interiores
17;40;168;RIAGUAS DE SAN BARTOLOME;400168;SEGOVIA;SEGOVIA;Comunidades interiores
17;40;170;RIAZA;400170;SEGOVIA;SEGOVIA;Comunidades interiores
17;40;171;RIBOTA;400171;SEGOVIA;SEGOVIA;Comunidades interiores
17;40;172;RIOFRIO DE RIAZA;400172;SEGOVIA;SEGOVIA;Comunidades interiores
17;40;173;RODA DE ERESMA;400173;SEGOVIA;SEGOVIA;Comunidades interiores
17;40;174;SACRAMENIA;400174;SEGOVIA;SEGOVIA;Comunidades interiores
17;40;176;SAMBOAL;400176;SEGOVIA;SEGOVIA;Comunidades interiores
17;40;177;S CRISTOBAL DE CUELLAR;400177;SEGOVIA;SEGOVIA;Comunidades interiores
17;40;178;S CRISTOBAL DE LA VEGA;400178;SEGOVIA;SEGOVIA;Comunidades interiores
17;40;179;SANCHONUÑO;400179;SEGOVIA;SEGOVIA;Comunidades interiores
17;40;180;SANGARCIA;400180;SEGOVIA;SEGOVIA;Comunidades interiores
17;40;181;REAL SITIO DE SAN ILDEFONSO;400181;SEGOVIA;SEGOVIA;Comunidades interiores
17;40;182;S MARTIN Y MUDRIAN;400182;SEGOVIA;SEGOVIA;Comunidades interiores
17;40;183;S MIGUEL DE BERNUY;400183;SEGOVIA;SEGOVIA;Comunidades interiores
17;40;184;S PEDRO DE GAILLOS;400184;SEGOVIA;SEGOVIA;Comunidades interiores
17;40;185;STA MARIA LA REAL DE NIEVA;400185;SEGOVIA;SEGOVIA;Comunidades interiores
17;40;186;STA MARTA DEL CERRO;400186;SEGOVIA;SEGOVIA;Comunidades interiores
17;40;188;SANTIUSTE DE PEDRAZA;400188;SEGOVIA;SEGOVIA;Comunidades interiores
17;40;189;SANTIUSTE DE SAN JUAN BAUTISTA;400189;SEGOVIA;SEGOVIA;Comunidades interiores
17;40;190;STO DOMINGO DE PIRON;400190;SEGOVIA;SEGOVIA;Comunidades interiores
17;40;191;STO TOME DEL PUERTO;400191;SEGOVIA;SEGOVIA;Comunidades interiores
17;40;192;SAUQUILLO DE CABEZAS;400192;SEGOVIA;SEGOVIA;Comunidades interiores
17;40;193;SEBULCOR;400193;SEGOVIA;SEGOVIA;Comunidades interiores
17;40;194;SEGOVIA;400194;SEGOVIA;SEGOVIA;Comunidades interiores
17;40;195;SEPULVEDA;400195;SEGOVIA;SEGOVIA;Comunidades interiores
17;40;196;SEQUERA DE FRESNO;400196;SEGOVIA;SEGOVIA;Comunidades interiores
17;40;198;SOTILLO;400198;SEGOVIA;SEGOVIA;Comunidades interiores
17;40;199;SOTOSALBOS;400199;SEGOVIA;SEGOVIA;Comunidades interiores
17;40;200;TABANERA LA LUENGA;400200;SEGOVIA;SEGOVIA;Comunidades interiores
17;40;201;TOLOCIRIO;400201;SEGOVIA;SEGOVIA;Comunidades interiores
17;40;202;TORREADRADA;400202;SEGOVIA;SEGOVIA;Comunidades interiores
17;40;203;TORRECABALLEROS;400203;SEGOVIA;SEGOVIA;Comunidades interiores
17;40;204;TORRECILLA DEL PINAR;400204;SEGOVIA;SEGOVIA;Comunidades interiores
17;40;205;TORREIGLESIAS;400205;SEGOVIA;SEGOVIA;Comunidades interiores
17;40;206;TORRE DE VAL SAN PEDRO;400206;SEGOVIA;SEGOVIA;Comunidades interiores
17;40;207;TRESCASAS;400207;SEGOVIA;SEGOVIA;Comunidades interiores
17;40;208;TUREGANO;400208;SEGOVIA;SEGOVIA;Comunidades interiores
17;40;210;URUEÑAS;400210;SEGOVIA;SEGOVIA;Comunidades interiores
17;40;211;VALDEPRADOS;400211;SEGOVIA;SEGOVIA;Comunidades interiores
17;40;212;VALDEVACAS DE MONTEJO;400212;SEGOVIA;SEGOVIA;Comunidades interiores
17;40;213;VALDEVACAS Y GUIJAR;400213;SEGOVIA;SEGOVIA;Comunidades interiores
17;40;214;VALSECA;400214;SEGOVIA;SEGOVIA;Comunidades interiores
17;40;215;VALTIENDAS;400215;SEGOVIA;SEGOVIA;Comunidades interiores
17;40;216;VALVERDE DEL MAJANO;400216;SEGOVIA;SEGOVIA;Comunidades interiores
17;40;218;VALLE DE TABLADILLO;400218;SEGOVIA;SEGOVIA;Comunidades interiores
17;40;219;VALLELADO;400219;SEGOVIA;SEGOVIA;Comunidades interiores
17;40;220;VALLERUELA DE PEDRAZA;400220;SEGOVIA;SEGOVIA;Comunidades interiores
17;40;221;VALLERUELA DE SEPULVEDA;400221;SEGOVIA;SEGOVIA;Comunidades interiores
17;40;222;VEGANZONES;400222;SEGOVIA;SEGOVIA;Comunidades interiores
17;40;223;VEGAS DE MATUTE;400223;SEGOVIA;SEGOVIA;Comunidades interiores
17;40;224;VENTOSILLA Y TEJADILLA;400224;SEGOVIA;SEGOVIA;Comunidades interiores
17;40;225;VILLACASTIN;400225;SEGOVIA;SEGOVIA;Comunidades interiores
17;40;228;VILLAVERDE DE ISCAR;400228;SEGOVIA;SEGOVIA;Comunidades interiores
17;40;229;VILLAVERDE DE MONTEJO;400229;SEGOVIA;SEGOVIA;Comunidades interiores
17;40;230;VILLEGUILLO;400230;SEGOVIA;SEGOVIA;Comunidades interiores
17;40;231;YANGUAS DE ERESMA;400231;SEGOVIA;SEGOVIA;Comunidades interiores
17;40;233;ZARZUELA DEL MONTE;400233;SEGOVIA;SEGOVIA;Comunidades interiores
17;40;234;ZARZUELA DEL PINAR;400234;SEGOVIA;SEGOVIA;Comunidades interiores
17;40;901;ORTIGOSA DEL MONTE;400901;SEGOVIA;SEGOVIA;Comunidades interiores
17;40;902;COZUELOS DE FUENTIDUEÑA;400902;SEGOVIA;SEGOVIA;Comunidades interiores
17;40;903;MARAZOLEJA;400903;SEGOVIA;SEGOVIA;Comunidades interiores
17;40;904;NAVAS DE RIOFRIO;400904;SEGOVIA;SEGOVIA;Comunidades interiores
17;40;905;CUEVAS DE PROVANCO;400905;SEGOVIA;SEGOVIA;Comunidades interiores
17;40;906;S CRISTOBAL DE SEGOVIA;400906;SEGOVIA;SEGOVIA;Comunidades interiores
17;40;999;OTRA PROVINCIA;400999;SEGOVIA;SEGOVIA;Comunidades interiores
17;42;0;INDETERMINADO;420000;SORIA;SORIA;Comunidades interiores
17;42;1;ABEJAR;420001;SORIA;SORIA;Comunidades interiores
17;42;3;ADRADAS;420003;SORIA;SORIA;Comunidades interiores
17;42;4;AGREDA;420004;SORIA;SORIA;Comunidades interiores
17;42;6;ALCONABA;420006;SORIA;SORIA;Comunidades interiores
17;42;7;ALCUBILLA DE AVELLANEDA;420007;SORIA;SORIA;Comunidades interiores
17;42;8;ALCUBILLA DE LAS PEÑAS;420008;SORIA;SORIA;Comunidades interiores
17;42;9;ALDEALAFUENTE;420009;SORIA;SORIA;Comunidades interiores
17;42;10;ALDEALICES;420010;SORIA;SORIA;Comunidades interiores
17;42;11;ALDEALPOZO;420011;SORIA;SORIA;Comunidades interiores
17;42;12;ALDEALSEÑOR;420012;SORIA;SORIA;Comunidades interiores
17;42;13;ALDEHUELA DE PERIAÑEZ;420013;SORIA;SORIA;Comunidades interiores
17;42;14;ALDEHUELAS LAS;420014;SORIA;SORIA;Comunidades interiores
17;42;15;ALENTISQUE;420015;SORIA;SORIA;Comunidades interiores
17;42;16;ALIUD;420016;SORIA;SORIA;Comunidades interiores
17;42;17;ALMAJANO;420017;SORIA;SORIA;Comunidades interiores
17;42;18;ALMALUEZ;420018;SORIA;SORIA;Comunidades interiores
17;42;19;ALMARZA;420019;SORIA;SORIA;Comunidades interiores
17;42;20;ALMAZAN;420020;SORIA;SORIA;Comunidades interiores
17;42;21;ALMAZUL;420021;SORIA;SORIA;Comunidades interiores
17;42;22;ALMENAR DE SORIA;420022;SORIA;SORIA;Comunidades interiores
17;42;23;ALPANSEQUE;420023;SORIA;SORIA;Comunidades interiores
17;42;24;ARANCON;420024;SORIA;SORIA;Comunidades interiores
17;42;25;ARCOS DE JALON;420025;SORIA;SORIA;Comunidades interiores
17;42;26;ARENILLAS;420026;SORIA;SORIA;Comunidades interiores
17;42;27;AREVALO DE LA SIERRA;420027;SORIA;SORIA;Comunidades interiores
17;42;28;AUSEJO DE LA SIERRA;420028;SORIA;SORIA;Comunidades interiores
17;42;29;BARAONA;420029;SORIA;SORIA;Comunidades interiores
17;42;30;BARCA;420030;SORIA;SORIA;Comunidades interiores
17;42;31;BARCONES;420031;SORIA;SORIA;Comunidades interiores
17;42;32;BAYUBAS DE ABAJO;420032;SORIA;SORIA;Comunidades interiores
17;42;33;BAYUBAS DE ARRIBA;420033;SORIA;SORIA;Comunidades interiores
17;42;34;BERATON;420034;SORIA;SORIA;Comunidades interiores
17;42;35;BERLANGA DE DUERO;420035;SORIA;SORIA;Comunidades interiores
17;42;36;BLACOS;420036;SORIA;SORIA;Comunidades interiores
17;42;37;BLIECOS;420037;SORIA;SORIA;Comunidades interiores
17;42;38;BORJABAD;420038;SORIA;SORIA;Comunidades interiores
17;42;39;BOROBIA;420039;SORIA;SORIA;Comunidades interiores
17;42;41;BUBEROS;420041;SORIA;SORIA;Comunidades interiores
17;42;42;BUITRAGO;420042;SORIA;SORIA;Comunidades interiores
17;42;43;BURGO DE OSMA-CIUDAD DE OSMA;420043;SORIA;SORIA;Comunidades interiores
17;42;44;CABREJAS DEL CAMPO;420044;SORIA;SORIA;Comunidades interiores
17;42;45;CABREJAS DEL PINAR;420045;SORIA;SORIA;Comunidades interiores
17;42;46;CALATAÑAZOR;420046;SORIA;SORIA;Comunidades interiores
17;42;48;CALTOJAR;420048;SORIA;SORIA;Comunidades interiores
17;42;49;CANDILICHERA;420049;SORIA;SORIA;Comunidades interiores
17;42;50;CAÑAMAQUE;420050;SORIA;SORIA;Comunidades interiores
17;42;51;CARABANTES;420051;SORIA;SORIA;Comunidades interiores
17;42;52;CARACENA;420052;SORIA;SORIA;Comunidades interiores
17;42;53;CARRASCOSA DE ABAJO;420053;SORIA;SORIA;Comunidades interiores
17;42;54;CARRASCOSA DE LA SIERRA;420054;SORIA;SORIA;Comunidades interiores
17;42;55;CASAREJOS;420055;SORIA;SORIA;Comunidades interiores
17;42;56;CASTILFRIO DE LA SIERRA;420056;SORIA;SORIA;Comunidades interiores
17;42;57;CASTILRUIZ;420057;SORIA;SORIA;Comunidades interiores
17;42;58;CASTILLEJO DE ROBLEDO;420058;SORIA;SORIA;Comunidades interiores
17;42;59;CENTENERA DE ANDALUZ;420059;SORIA;SORIA;Comunidades interiores
17;42;60;CERBON;420060;SORIA;SORIA;Comunidades interiores
17;42;61;CIDONES;420061;SORIA;SORIA;Comunidades interiores
17;42;62;CIGUDOSA;420062;SORIA;SORIA;Comunidades interiores
17;42;63;CIHUELA;420063;SORIA;SORIA;Comunidades interiores
17;42;64;CIRIA;420064;SORIA;SORIA;Comunidades interiores
17;42;65;CIRUJALES DEL RIO;420065;SORIA;SORIA;Comunidades interiores
17;42;68;COSCURITA;420068;SORIA;SORIA;Comunidades interiores
17;42;69;COVALEDA;420069;SORIA;SORIA;Comunidades interiores
17;42;70;CUBILLA;420070;SORIA;SORIA;Comunidades interiores
17;42;71;CUBO DE LA SOLANA;420071;SORIA;SORIA;Comunidades interiores
17;42;73;CUEVA DE AGREDA;420073;SORIA;SORIA;Comunidades interiores
17;42;75;DEVANOS;420075;SORIA;SORIA;Comunidades interiores
17;42;76;DEZA;420076;SORIA;SORIA;Comunidades interiores
17;42;78;DURUELO DE LA SIERRA;420078;SORIA;SORIA;Comunidades interiores
17;42;79;ESCOBOSA DE ALMAZAN;420079;SORIA;SORIA;Comunidades interiores
17;42;80;ESPEJA DE SAN MARCELINO;420080;SORIA;SORIA;Comunidades interiores
17;42;81;ESPEJON;420081;SORIA;SORIA;Comunidades interiores
17;42;82;ESTEPA DE SAN JUAN;420082;SORIA;SORIA;Comunidades interiores
17;42;83;FRECHILLA DE ALMANZAN;420083;SORIA;SORIA;Comunidades interiores
17;42;84;FRESNO DE CARACENA;420084;SORIA;SORIA;Comunidades interiores
17;42;85;FUENTEARMEGIL;420085;SORIA;SORIA;Comunidades interiores
17;42;86;FUENTECAMBRON;420086;SORIA;SORIA;Comunidades interiores
17;42;87;FUENTECANTOS;420087;SORIA;SORIA;Comunidades interiores
17;42;88;FUENTELMONGE;420088;SORIA;SORIA;Comunidades interiores
17;42;89;FUENTELSAZ DE SORIA;420089;SORIA;SORIA;Comunidades interiores
17;42;90;FUENTEPINILLA;420090;SORIA;SORIA;Comunidades interiores
17;42;92;FUENTES DE MAGAÑA;420092;SORIA;SORIA;Comunidades interiores
17;42;93;FUENTESTRUN;420093;SORIA;SORIA;Comunidades interiores
17;42;94;GARRAY;420094;SORIA;SORIA;Comunidades interiores
17;42;95;GOLMAYO;420095;SORIA;SORIA;Comunidades interiores
17;42;96;GOMARA;420096;SORIA;SORIA;Comunidades interiores
17;42;97;GORMAZ;420097;SORIA;SORIA;Comunidades interiores
17;42;98;HERRERA DE SORIA;420098;SORIA;SORIA;Comunidades interiores
17;42;100;HINOJOSA DEL CAMPO;420100;SORIA;SORIA;Comunidades interiores
17;42;103;LANGA DE DUERO;420103;SORIA;SORIA;Comunidades interiores
17;42;105;LICERAS;420105;SORIA;SORIA;Comunidades interiores
17;42;106;LOSILLA LA;420106;SORIA;SORIA;Comunidades interiores
17;42;107;MAGAÑA;420107;SORIA;SORIA;Comunidades interiores
17;42;108;MAJAN;420108;SORIA;SORIA;Comunidades interiores
17;42;110;MATALEBRERAS;420110;SORIA;SORIA;Comunidades interiores
17;42;111;MATAMALA DE ALMAZAN;420111;SORIA;SORIA;Comunidades interiores
17;42;113;MEDINACELI;420113;SORIA;SORIA;Comunidades interiores
17;42;115;MIÑO DE MEDINACELI;420115;SORIA;SORIA;Comunidades interiores
17;42;116;MIÑO DE SAN ESTEBAN;420116;SORIA;SORIA;Comunidades interiores
17;42;117;MOLINOS DE DUERO;420117;SORIA;SORIA;Comunidades interiores
17;42;118;MOMBLONA;420118;SORIA;SORIA;Comunidades interiores
17;42;119;MONTEAGUDO DE LAS VICARIAS;420119;SORIA;SORIA;Comunidades interiores
17;42;120;MONTEJO DE TIERMES;420120;SORIA;SORIA;Comunidades interiores
17;42;121;MONTENEGRO DE CAMEROS;420121;SORIA;SORIA;Comunidades interiores
17;42;123;MORON DE ALMAZAN;420123;SORIA;SORIA;Comunidades interiores
17;42;124;MURIEL DE LA FUENTE;420124;SORIA;SORIA;Comunidades interiores
17;42;125;MURIEL VIEJO;420125;SORIA;SORIA;Comunidades interiores
17;42;127;NAFRIA DE UCERO;420127;SORIA;SORIA;Comunidades interiores
17;42;128;NARROS;420128;SORIA;SORIA;Comunidades interiores
17;42;129;NAVALENO;420129;SORIA;SORIA;Comunidades interiores
17;42;130;NEPAS;420130;SORIA;SORIA;Comunidades interiores
17;42;131;NOLAY;420131;SORIA;SORIA;Comunidades interiores
17;42;132;NOVIERCAS;420132;SORIA;SORIA;Comunidades interiores
17;42;134;OLVEGA;420134;SORIA;SORIA;Comunidades interiores
17;42;135;ONCALA;420135;SORIA;SORIA;Comunidades interiores
17;42;139;PINILLA DEL CAMPO;420139;SORIA;SORIA;Comunidades interiores
17;42;140;PORTILLO DE SORIA;420140;SORIA;SORIA;Comunidades interiores
17;42;141;POVEDA DE SORIA LA;420141;SORIA;SORIA;Comunidades interiores
17;42;142;POZALMURO;420142;SORIA;SORIA;Comunidades interiores
17;42;144;QUINTANA REDONDA;420144;SORIA;SORIA;Comunidades interiores
17;42;145;QUINTANAS DE GORMAZ;420145;SORIA;SORIA;Comunidades interiores
17;42;148;QUIÑONERIA;420148;SORIA;SORIA;Comunidades interiores
17;42;149;RABANOS LOS;420149;SORIA;SORIA;Comunidades interiores
17;42;151;REBOLLAR;420151;SORIA;SORIA;Comunidades interiores
17;42;152;RECUERDA;420152;SORIA;SORIA;Comunidades interiores
17;42;153;RELLO;420153;SORIA;SORIA;Comunidades interiores
17;42;154;RENIEBLAS;420154;SORIA;SORIA;Comunidades interiores
17;42;155;RETORTILLO DE SORIA;420155;SORIA;SORIA;Comunidades interiores
17;42;156;REZNOS;420156;SORIA;SORIA;Comunidades interiores
17;42;157;RIBA DE ESCALOTE LA;420157;SORIA;SORIA;Comunidades interiores
17;42;158;RIOSECO DE SORIA;420158;SORIA;SORIA;Comunidades interiores
17;42;159;ROLLAMIENTA;420159;SORIA;SORIA;Comunidades interiores
17;42;160;ROYO EL;420160;SORIA;SORIA;Comunidades interiores
17;42;161;SALDUERO;420161;SORIA;SORIA;Comunidades interiores
17;42;162;S ESTEBAN DE GORMAZ;420162;SORIA;SORIA;Comunidades interiores
17;42;163;S FELICES;420163;SORIA;SORIA;Comunidades interiores
17;42;164;S LEONARDO DE YAGUE;420164;SORIA;SORIA;Comunidades interiores
17;42;165;S PEDRO MANRIQUE;420165;SORIA;SORIA;Comunidades interiores
17;42;166;STA CRUZ DE YANGUAS;420166;SORIA;SORIA;Comunidades interiores
17;42;167;STA MARIA DE HUERTA;420167;SORIA;SORIA;Comunidades interiores
17;42;168;STA MARIA DE LAS HOYAS;420168;SORIA;SORIA;Comunidades interiores
17;42;171;SERON DE NAGIMA;420171;SORIA;SORIA;Comunidades interiores
17;42;172;SOLIEDRA;420172;SORIA;SORIA;Comunidades interiores
17;42;173;SORIA;420173;SORIA;SORIA;Comunidades interiores
17;42;174;SOTILLO DEL RINCON;420174;SORIA;SORIA;Comunidades interiores
17;42;175;SUELLACABRAS;420175;SORIA;SORIA;Comunidades interiores
17;42;176;TAJAHUERCE;420176;SORIA;SORIA;Comunidades interiores
17;42;177;TAJUECO;420177;SORIA;SORIA;Comunidades interiores
17;42;178;TALVEILA;420178;SORIA;SORIA;Comunidades interiores
17;42;181;TARDELCUENDE;420181;SORIA;SORIA;Comunidades interiores
17;42;182;TARODA;420182;SORIA;SORIA;Comunidades interiores
17;42;183;TEJADO;420183;SORIA;SORIA;Comunidades interiores
17;42;184;TORLENGUA;420184;SORIA;SORIA;Comunidades interiores
17;42;185;TORREBLACOS;420185;SORIA;SORIA;Comunidades interiores
17;42;187;TORRUBIA DE SORIA;420187;SORIA;SORIA;Comunidades interiores
17;42;188;TREVAGO;420188;SORIA;SORIA;Comunidades interiores
17;42;189;UCERO;420189;SORIA;SORIA;Comunidades interiores
17;42;190;VADILLO;420190;SORIA;SORIA;Comunidades interiores
17;42;191;VALDEAVELLANO DE TERA;420191;SORIA;SORIA;Comunidades interiores
17;42;192;VALDEGEÑA;420192;SORIA;SORIA;Comunidades interiores
17;42;193;VALDELAGUA DEL CERRO;420193;SORIA;SORIA;Comunidades interiores
17;42;194;VALDEMALUQUE;420194;SORIA;SORIA;Comunidades interiores
17;42;195;VALDENEBRO;420195;SORIA;SORIA;Comunidades interiores
17;42;196;VALDEPRADO;420196;SORIA;SORIA;Comunidades interiores
17;42;197;VALDERRODILLA;420197;SORIA;SORIA;Comunidades interiores
17;42;198;VALTAJEROS;420198;SORIA;SORIA;Comunidades interiores
17;42;200;VELAMAZAN;420200;SORIA;SORIA;Comunidades interiores
17;42;201;VELILLA DE LA SIERRA;420201;SORIA;SORIA;Comunidades interiores
17;42;202;VELILLA DE LOS AJOS;420202;SORIA;SORIA;Comunidades interiores
17;42;204;VIANA DE DUERO;420204;SORIA;SORIA;Comunidades interiores
17;42;205;VILLACIERVOS;420205;SORIA;SORIA;Comunidades interiores
17;42;206;VILLANUEVA DE GORMAZ;420206;SORIA;SORIA;Comunidades interiores
17;42;207;VILLAR DEL ALA;420207;SORIA;SORIA;Comunidades interiores
17;42;208;VILLAR DEL CAMPO;420208;SORIA;SORIA;Comunidades interiores
17;42;209;VILLAR DEL RIO;420209;SORIA;SORIA;Comunidades interiores
17;42;211;VILLARES DE SORIA LOS;420211;SORIA;SORIA;Comunidades interiores
17;42;212;VILLASAYAS;420212;SORIA;SORIA;Comunidades interiores
17;42;213;VILLASECA DE ARCIEL;420213;SORIA;SORIA;Comunidades interiores
17;42;215;VINUESA;420215;SORIA;SORIA;Comunidades interiores
17;42;216;VIZMANOS;420216;SORIA;SORIA;Comunidades interiores
17;42;217;VOZMEDIANO;420217;SORIA;SORIA;Comunidades interiores
17;42;218;YANGUAS;420218;SORIA;SORIA;Comunidades interiores
17;42;219;YELO;420219;SORIA;SORIA;Comunidades interiores
17;42;999;OTRA PROVINCIA;420999;SORIA;SORIA;Comunidades interiores
17;47;0;INDETERMINADO;470000;VALLADOLID;VALLADOLID;Comunidades interiores
17;47;1;ADALIA;470001;VALLADOLID;VALLADOLID;Comunidades interiores
17;47;2;AGUASAL;470002;VALLADOLID;VALLADOLID;Comunidades interiores
17;47;3;AGUILAR DE CAMPOS;470003;VALLADOLID;VALLADOLID;Comunidades interiores
17;47;4;ALAEJOS;470004;VALLADOLID;VALLADOLID;Comunidades interiores
17;47;5;ALCAZAREN;470005;VALLADOLID;VALLADOLID;Comunidades interiores
17;47;6;ALDEA DE SAN MIGUEL;470006;VALLADOLID;VALLADOLID;Comunidades interiores
17;47;7;ALDEAMAYOR DE SAN MARTIN;470007;VALLADOLID;VALLADOLID;Comunidades interiores
17;47;8;ALMENARA DE ADAJA;470008;VALLADOLID;VALLADOLID;Comunidades interiores
17;47;9;AMUSQUILLO;470009;VALLADOLID;VALLADOLID;Comunidades interiores
17;47;10;ARROYO DE LA ENCOMIENDA;470010;VALLADOLID;VALLADOLID;Comunidades interiores
17;47;11;ATAQUINES;470011;VALLADOLID;VALLADOLID;Comunidades interiores
17;47;12;BAHABON;470012;VALLADOLID;VALLADOLID;Comunidades interiores
17;47;13;BARCIAL DE LA LOMA;470013;VALLADOLID;VALLADOLID;Comunidades interiores
17;47;14;BARRUELO DEL VALLE;470014;VALLADOLID;VALLADOLID;Comunidades interiores
17;47;15;BECILLA DE VALDERADUEY;470015;VALLADOLID;VALLADOLID;Comunidades interiores
17;47;16;BENAFARCES;470016;VALLADOLID;VALLADOLID;Comunidades interiores
17;47;17;BERCERO;470017;VALLADOLID;VALLADOLID;Comunidades interiores
17;47;18;BERCERUELO;470018;VALLADOLID;VALLADOLID;Comunidades interiores
17;47;19;BERRUECES;470019;VALLADOLID;VALLADOLID;Comunidades interiores
17;47;20;BOBADILLA DEL CAMPO;470020;VALLADOLID;VALLADOLID;Comunidades interiores
17;47;21;BOCIGAS;470021;VALLADOLID;VALLADOLID;Comunidades interiores
17;47;22;BOCOS DE DUERO;470022;VALLADOLID;VALLADOLID;Comunidades interiores
17;47;23;BOECILLO;470023;VALLADOLID;VALLADOLID;Comunidades interiores
17;47;24;BOLAÑOS DE CAMPOS;470024;VALLADOLID;VALLADOLID;Comunidades interiores
17;47;25;BRAHOJOS DE MEDINA;470025;VALLADOLID;VALLADOLID;Comunidades interiores
17;47;26;BUSTILLO DE CHAVES;470026;VALLADOLID;VALLADOLID;Comunidades interiores
17;47;27;CABEZON DE PISUERGA;470027;VALLADOLID;VALLADOLID;Comunidades interiores
17;47;28;CABEZON DE VALDERADUEY;470028;VALLADOLID;VALLADOLID;Comunidades interiores
17;47;29;CABREROS DEL MONTE;470029;VALLADOLID;VALLADOLID;Comunidades interiores
17;47;30;CAMPASPERO;470030;VALLADOLID;VALLADOLID;Comunidades interiores
17;47;31;CAMPILLO EL;470031;VALLADOLID;VALLADOLID;Comunidades interiores
17;47;32;CAMPORREDONDO;470032;VALLADOLID;VALLADOLID;Comunidades interiores
17;47;33;CANALEJAS DE PEÑAFIEL;470033;VALLADOLID;VALLADOLID;Comunidades interiores
17;47;34;CANILLAS DE ESGUEVA;470034;VALLADOLID;VALLADOLID;Comunidades interiores
17;47;35;CARPIO;470035;VALLADOLID;VALLADOLID;Comunidades interiores
17;47;36;CASASOLA DE ARION;470036;VALLADOLID;VALLADOLID;Comunidades interiores
17;47;37;CASTREJON DE TRABANCOS;470037;VALLADOLID;VALLADOLID;Comunidades interiores
17;47;38;CASTRILLO DE DUERO;470038;VALLADOLID;VALLADOLID;Comunidades interiores
17;47;39;CASTRILLO-TEJERIEGO;470039;VALLADOLID;VALLADOLID;Comunidades interiores
17;47;40;CASTROBOL;470040;VALLADOLID;VALLADOLID;Comunidades interiores
17;47;41;CASTRODEZA;470041;VALLADOLID;VALLADOLID;Comunidades interiores
17;47;42;CASTROMEMBIBRE;470042;VALLADOLID;VALLADOLID;Comunidades interiores
17;47;43;CASTROMONTE;470043;VALLADOLID;VALLADOLID;Comunidades interiores
17;47;44;CASTRONUEVO DE ESGUEVA;470044;VALLADOLID;VALLADOLID;Comunidades interiores
17;47;45;CASTRONUÑO;470045;VALLADOLID;VALLADOLID;Comunidades interiores
17;47;46;CASTROPONCE;470046;VALLADOLID;VALLADOLID;Comunidades interiores
17;47;47;CASTROVERDE DE CERRATO;470047;VALLADOLID;VALLADOLID;Comunidades interiores
17;47;48;CEINOS DE CAMPOS;470048;VALLADOLID;VALLADOLID;Comunidades interiores
17;47;49;CERVILLEGO DE LA CRUZ;470049;VALLADOLID;VALLADOLID;Comunidades interiores
17;47;50;CIGALES;470050;VALLADOLID;VALLADOLID;Comunidades interiores
17;47;51;CIGUÑUELA;470051;VALLADOLID;VALLADOLID;Comunidades interiores
17;47;52;CISTERNIGA;470052;VALLADOLID;VALLADOLID;Comunidades interiores
17;47;53;COGECES DE ISCAR;470053;VALLADOLID;VALLADOLID;Comunidades interiores
17;47;54;COGECES DEL MONTE;470054;VALLADOLID;VALLADOLID;Comunidades interiores
17;47;55;CORCOS;470055;VALLADOLID;VALLADOLID;Comunidades interiores
17;47;56;CORRALES DE DUERO;470056;VALLADOLID;VALLADOLID;Comunidades interiores
17;47;57;CUBILLAS DE SANTA MARTA;470057;VALLADOLID;VALLADOLID;Comunidades interiores
17;47;58;CUENCA DE CAMPOS;470058;VALLADOLID;VALLADOLID;Comunidades interiores
17;47;59;CURIEL DE DUERO;470059;VALLADOLID;VALLADOLID;Comunidades interiores
17;47;60;ENCINAS DE ESGUEVA;470060;VALLADOLID;VALLADOLID;Comunidades interiores
17;47;61;ESGUEVILLAS DE ESGUEVA;470061;VALLADOLID;VALLADOLID;Comunidades interiores
17;47;62;FOMBELLIDA;470062;VALLADOLID;VALLADOLID;Comunidades interiores
17;47;63;FOMPEDRAZA;470063;VALLADOLID;VALLADOLID;Comunidades interiores
17;47;64;FONTIHOYUELO;470064;VALLADOLID;VALLADOLID;Comunidades interiores
17;47;65;FRESNO EL VIEJO;470065;VALLADOLID;VALLADOLID;Comunidades interiores
17;47;66;FUENSALDAÑA;470066;VALLADOLID;VALLADOLID;Comunidades interiores
17;47;67;FUENTE EL SOL;470067;VALLADOLID;VALLADOLID;Comunidades interiores
17;47;68;FUENTE-OLMEDO;470068;VALLADOLID;VALLADOLID;Comunidades interiores
17;47;69;GALLEGOS DE HORNIJA;470069;VALLADOLID;VALLADOLID;Comunidades interiores
17;47;70;GATON DE CAMPOS;470070;VALLADOLID;VALLADOLID;Comunidades interiores
17;47;71;GERIA;470071;VALLADOLID;VALLADOLID;Comunidades interiores
17;47;73;HERRIN DE CAMPOS;470073;VALLADOLID;VALLADOLID;Comunidades interiores
17;47;74;HORNILLOS DE ERESMA;470074;VALLADOLID;VALLADOLID;Comunidades interiores
17;47;75;ISCAR;470075;VALLADOLID;VALLADOLID;Comunidades interiores
17;47;76;LAGUNA DE DUERO;470076;VALLADOLID;VALLADOLID;Comunidades interiores
17;47;77;LANGAYO;470077;VALLADOLID;VALLADOLID;Comunidades interiores
17;47;78;LOMOVIEJO;470078;VALLADOLID;VALLADOLID;Comunidades interiores
17;47;79;LLANO DE OLMEDO;470079;VALLADOLID;VALLADOLID;Comunidades interiores
17;47;80;MANZANILLO;470080;VALLADOLID;VALLADOLID;Comunidades interiores
17;47;81;MARZALES;470081;VALLADOLID;VALLADOLID;Comunidades interiores
17;47;82;MATAPOZUELOS;470082;VALLADOLID;VALLADOLID;Comunidades interiores
17;47;83;MATILLA DE LOS CAÑOS;470083;VALLADOLID;VALLADOLID;Comunidades interiores
17;47;84;MAYORGA;470084;VALLADOLID;VALLADOLID;Comunidades interiores
17;47;85;MEDINA DEL CAMPO;470085;VALLADOLID;VALLADOLID;Comunidades interiores
17;47;86;MEDINA DE RIOSECO;470086;VALLADOLID;VALLADOLID;Comunidades interiores
17;47;87;MEGECES;470087;VALLADOLID;VALLADOLID;Comunidades interiores
17;47;88;MELGAR DE ABAJO;470088;VALLADOLID;VALLADOLID;Comunidades interiores
17;47;89;MELGAR DE ARRIBA;470089;VALLADOLID;VALLADOLID;Comunidades interiores
17;47;90;MOJADOS;470090;VALLADOLID;VALLADOLID;Comunidades interiores
17;47;91;MONASTERIO DE VEGA;470091;VALLADOLID;VALLADOLID;Comunidades interiores
17;47;92;MONTEALEGRE DE CAMPOS;470092;VALLADOLID;VALLADOLID;Comunidades interiores
17;47;93;MONTEMAYOR DE PILILLA;470093;VALLADOLID;VALLADOLID;Comunidades interiores
17;47;94;MORAL DE LA REINA;470094;VALLADOLID;VALLADOLID;Comunidades interiores
17;47;95;MORALEJA DE LAS PANADERAS;470095;VALLADOLID;VALLADOLID;Comunidades interiores
17;47;96;MORALES DE CAMPOS;470096;VALLADOLID;VALLADOLID;Comunidades interiores
17;47;97;MOTA DEL MARQUES;470097;VALLADOLID;VALLADOLID;Comunidades interiores
17;47;98;MUCIENTES;470098;VALLADOLID;VALLADOLID;Comunidades interiores
17;47;99;MUDARRA LA;470099;VALLADOLID;VALLADOLID;Comunidades interiores
17;47;100;MURIEL;470100;VALLADOLID;VALLADOLID;Comunidades interiores
17;47;101;NAVA DEL REY;470101;VALLADOLID;VALLADOLID;Comunidades interiores
17;47;102;NUEVA VILLA DE LAS TORRES;470102;VALLADOLID;VALLADOLID;Comunidades interiores
17;47;103;OLIVARES DE DUERO;470103;VALLADOLID;VALLADOLID;Comunidades interiores
17;47;104;OLMEDO;470104;VALLADOLID;VALLADOLID;Comunidades interiores
17;47;105;OLMOS DE ESGUEVA;470105;VALLADOLID;VALLADOLID;Comunidades interiores
17;47;106;OLMOS DE PEÑAFIEL;470106;VALLADOLID;VALLADOLID;Comunidades interiores
17;47;109;PALAZUELO DE VEDIJA;470109;VALLADOLID;VALLADOLID;Comunidades interiores
17;47;110;PARRILLA LA;470110;VALLADOLID;VALLADOLID;Comunidades interiores
17;47;111;PEDRAJA DE PORTILLO LA;470111;VALLADOLID;VALLADOLID;Comunidades interiores
17;47;112;PEDRAJAS DE SAN ESTEBAN;470112;VALLADOLID;VALLADOLID;Comunidades interiores
17;47;113;PEDROSA DEL REY;470113;VALLADOLID;VALLADOLID;Comunidades interiores
17;47;114;PEÑAFIEL;470114;VALLADOLID;VALLADOLID;Comunidades interiores
17;47;115;PEÑAFLOR DE HORNIJA;470115;VALLADOLID;VALLADOLID;Comunidades interiores
17;47;116;PESQUERA DE DUERO;470116;VALLADOLID;VALLADOLID;Comunidades interiores
17;47;117;PIÑA DE ESGUEVA;470117;VALLADOLID;VALLADOLID;Comunidades interiores
17;47;118;PIÑEL DE ABAJO;470118;VALLADOLID;VALLADOLID;Comunidades interiores
17;47;119;PIÑEL DE ARRIBA;470119;VALLADOLID;VALLADOLID;Comunidades interiores
17;47;121;POLLOS;470121;VALLADOLID;VALLADOLID;Comunidades interiores
17;47;122;PORTILLO;470122;VALLADOLID;VALLADOLID;Comunidades interiores
17;47;123;POZAL DE GALLINAS;470123;VALLADOLID;VALLADOLID;Comunidades interiores
17;47;124;POZALDEZ;470124;VALLADOLID;VALLADOLID;Comunidades interiores
17;47;125;POZUELO DE LA ORDEN;470125;VALLADOLID;VALLADOLID;Comunidades interiores
17;47;126;PURAS;470126;VALLADOLID;VALLADOLID;Comunidades interiores
17;47;127;QUINTANILLA DE ARRIBA;470127;VALLADOLID;VALLADOLID;Comunidades interiores
17;47;128;QUINTANILLA DEL MOLAR;470128;VALLADOLID;VALLADOLID;Comunidades interiores
17;47;129;QUINTANILLA DE ONESIMO;470129;VALLADOLID;VALLADOLID;Comunidades interiores
17;47;130;QUINTANILLA DE TRIGUEROS;470130;VALLADOLID;VALLADOLID;Comunidades interiores
17;47;131;RABANO;470131;VALLADOLID;VALLADOLID;Comunidades interiores
17;47;132;RAMIRO;470132;VALLADOLID;VALLADOLID;Comunidades interiores
17;47;133;RENEDO DE ESGUEVA;470133;VALLADOLID;VALLADOLID;Comunidades interiores
17;47;134;ROALES DE CAMPOS;470134;VALLADOLID;VALLADOLID;Comunidades interiores
17;47;135;ROBLADILLO;470135;VALLADOLID;VALLADOLID;Comunidades interiores
17;47;137;ROTURAS;470137;VALLADOLID;VALLADOLID;Comunidades interiores
17;47;138;RUBI DE BRACAMONTE;470138;VALLADOLID;VALLADOLID;Comunidades interiores
17;47;139;RUEDA;470139;VALLADOLID;VALLADOLID;Comunidades interiores
17;47;140;SAELICES DE MAYORGA;470140;VALLADOLID;VALLADOLID;Comunidades interiores
17;47;141;SALVADOR DE ZAPARDIEL;470141;VALLADOLID;VALLADOLID;Comunidades interiores
17;47;142;S CEBRIAN DE MAZOTE;470142;VALLADOLID;VALLADOLID;Comunidades interiores
17;47;143;S LLORENTE;470143;VALLADOLID;VALLADOLID;Comunidades interiores
17;47;144;S MARTIN DE VALVENI;470144;VALLADOLID;VALLADOLID;Comunidades interiores
17;47;145;S MIGUEL DEL ARROYO;470145;VALLADOLID;VALLADOLID;Comunidades interiores
17;47;146;S MIGUEL DEL PINO;470146;VALLADOLID;VALLADOLID;Comunidades interiores
17;47;147;S PABLO DE LA MORALEJA;470147;VALLADOLID;VALLADOLID;Comunidades interiores
17;47;148;S PEDRO DE LATARCE;470148;VALLADOLID;VALLADOLID;Comunidades interiores
17;47;149;S PELAYO;470149;VALLADOLID;VALLADOLID;Comunidades interiores
17;47;150;S ROMAN DE HORNIJA;470150;VALLADOLID;VALLADOLID;Comunidades interiores
17;47;151;S SALVADOR;470151;VALLADOLID;VALLADOLID;Comunidades interiores
17;47;152;STA EUFEMIA DEL ARROYO;470152;VALLADOLID;VALLADOLID;Comunidades interiores
17;47;153;SANTERVAS DE CAMPOS;470153;VALLADOLID;VALLADOLID;Comunidades interiores
17;47;154;SANTIBAÑEZ DE VALCORBA;470154;VALLADOLID;VALLADOLID;Comunidades interiores
17;47;155;SANTOVENIA DE PISUERGA;470155;VALLADOLID;VALLADOLID;Comunidades interiores
17;47;156;S VICENTE DEL PALACIO;470156;VALLADOLID;VALLADOLID;Comunidades interiores
17;47;157;SARDON DE DUERO;470157;VALLADOLID;VALLADOLID;Comunidades interiores
17;47;158;SECA LA;470158;VALLADOLID;VALLADOLID;Comunidades interiores
17;47;159;SERRADA;470159;VALLADOLID;VALLADOLID;Comunidades interiores
17;47;160;SIETE IGLESIAS DE TRABANCOS;470160;VALLADOLID;VALLADOLID;Comunidades interiores
17;47;161;SIMANCAS;470161;VALLADOLID;VALLADOLID;Comunidades interiores
17;47;162;TAMARIZ DE CAMPOS;470162;VALLADOLID;VALLADOLID;Comunidades interiores
17;47;163;TIEDRA;470163;VALLADOLID;VALLADOLID;Comunidades interiores
17;47;164;TORDEHUMOS;470164;VALLADOLID;VALLADOLID;Comunidades interiores
17;47;165;TORDESILLAS;470165;VALLADOLID;VALLADOLID;Comunidades interiores
17;47;166;TORRECILLA DE LA ABADESA;470166;VALLADOLID;VALLADOLID;Comunidades interiores
17;47;167;TORRECILLA DE LA ORDEN;470167;VALLADOLID;VALLADOLID;Comunidades interiores
17;47;168;TORRECILLA DE LA TORRE;470168;VALLADOLID;VALLADOLID;Comunidades interiores
17;47;169;TORRE DE ESGUEVA;470169;VALLADOLID;VALLADOLID;Comunidades interiores
17;47;170;TORRE DE PEÑAFIEL;470170;VALLADOLID;VALLADOLID;Comunidades interiores
17;47;171;TORRELOBATON;470171;VALLADOLID;VALLADOLID;Comunidades interiores
17;47;172;TORRESCARCELA;470172;VALLADOLID;VALLADOLID;Comunidades interiores
17;47;173;TRASPINEDO;470173;VALLADOLID;VALLADOLID;Comunidades interiores
17;47;174;TRIGUEROS DEL VALLE;470174;VALLADOLID;VALLADOLID;Comunidades interiores
17;47;175;TUDELA DE DUERO;470175;VALLADOLID;VALLADOLID;Comunidades interiores
17;47;176;UNION DE CAMPOS LA;470176;VALLADOLID;VALLADOLID;Comunidades interiores
17;47;177;URONES DE CASTROPONCE;470177;VALLADOLID;VALLADOLID;Comunidades interiores
17;47;178;URUEÑA;470178;VALLADOLID;VALLADOLID;Comunidades interiores
17;47;179;VALBUENA DE DUERO;470179;VALLADOLID;VALLADOLID;Comunidades interiores
17;47;180;VALDEARCOS DE LA VEGA;470180;VALLADOLID;VALLADOLID;Comunidades interiores
17;47;181;VALDENEBRO DE LOS VALLES;470181;VALLADOLID;VALLADOLID;Comunidades interiores
17;47;182;VALDESTILLAS;470182;VALLADOLID;VALLADOLID;Comunidades interiores
17;47;183;VALDUNQUILLO;470183;VALLADOLID;VALLADOLID;Comunidades interiores
17;47;184;VALORIA LA BUENA;470184;VALLADOLID;VALLADOLID;Comunidades interiores
17;47;185;VALVERDE DE CAMPOS;470185;VALLADOLID;VALLADOLID;Comunidades interiores
17;47;186;VALLADOLID;470186;VALLADOLID;VALLADOLID;Comunidades interiores
17;47;187;VEGA DE RUIPONCE;470187;VALLADOLID;VALLADOLID;Comunidades interiores
17;47;188;VEGA DE VALDETRONCO;470188;VALLADOLID;VALLADOLID;Comunidades interiores
17;47;189;VELASCALVARO;470189;VALLADOLID;VALLADOLID;Comunidades interiores
17;47;190;VELILLA;470190;VALLADOLID;VALLADOLID;Comunidades interiores
17;47;191;VELLIZA;470191;VALLADOLID;VALLADOLID;Comunidades interiores
17;47;192;VENTOSA DE LA CUESTA;470192;VALLADOLID;VALLADOLID;Comunidades interiores
17;47;193;VIANA DE CEGA;470193;VALLADOLID;VALLADOLID;Comunidades interiores
17;47;194;VILORIA;470194;VALLADOLID;VALLADOLID;Comunidades interiores
17;47;195;VILLABAÑEZ;470195;VALLADOLID;VALLADOLID;Comunidades interiores
17;47;196;VILLABARUZ DE CAMPOS;470196;VALLADOLID;VALLADOLID;Comunidades interiores
17;47;197;VILLABRAGIMA;470197;VALLADOLID;VALLADOLID;Comunidades interiores
17;47;198;VILLACARRALON;470198;VALLADOLID;VALLADOLID;Comunidades interiores
17;47;199;VILLACID DE CAMPOS;470199;VALLADOLID;VALLADOLID;Comunidades interiores
17;47;200;VILLACO;470200;VALLADOLID;VALLADOLID;Comunidades interiores
17;47;203;VILLAFRADES DE CAMPOS;470203;VALLADOLID;VALLADOLID;Comunidades interiores
17;47;204;VILLAFRANCA DE DUERO;470204;VALLADOLID;VALLADOLID;Comunidades interiores
17;47;205;VILLAFRECHOS;470205;VALLADOLID;VALLADOLID;Comunidades interiores
17;47;206;VILLAFUERTE;470206;VALLADOLID;VALLADOLID;Comunidades interiores
17;47;207;VILLAGARCIA DE CAMPOS;470207;VALLADOLID;VALLADOLID;Comunidades interiores
17;47;208;VILLAGOMEZ LA NUEVA;470208;VALLADOLID;VALLADOLID;Comunidades interiores
17;47;209;VILLALAN DE CAMPOS;470209;VALLADOLID;VALLADOLID;Comunidades interiores
17;47;210;VILLALAR DE LOS COMUNEROS;470210;VALLADOLID;VALLADOLID;Comunidades interiores
17;47;211;VILLALBA DE LA LOMA;470211;VALLADOLID;VALLADOLID;Comunidades interiores
17;47;212;VILLALBA DE LOS ALCORES;470212;VALLADOLID;VALLADOLID;Comunidades interiores
17;47;213;VILLALBARBA;470213;VALLADOLID;VALLADOLID;Comunidades interiores
17;47;214;VILLALON DE CAMPOS;470214;VALLADOLID;VALLADOLID;Comunidades interiores
17;47;215;VILLAMURIEL DE CAMPOS;470215;VALLADOLID;VALLADOLID;Comunidades interiores
17;47;216;VILLAN DE TORDESILLAS;470216;VALLADOLID;VALLADOLID;Comunidades interiores
17;47;217;VILLANUBLA;470217;VALLADOLID;VALLADOLID;Comunidades interiores
17;47;218;VILLANUEVA DE DUERO;470218;VALLADOLID;VALLADOLID;Comunidades interiores
17;47;219;VILLANUEVA DE  LA CONDESA;470219;VALLADOLID;VALLADOLID;Comunidades interiores
17;47;220;VILLANUEVA DE LOS CABALLEROS;470220;VALLADOLID;VALLADOLID;Comunidades interiores
17;47;221;VILLANUEVA DE LOS INFANTES;470221;VALLADOLID;VALLADOLID;Comunidades interiores
17;47;222;VILLANUEVA DE SAN MANCIO;470222;VALLADOLID;VALLADOLID;Comunidades interiores
17;47;223;VILLARDEFRADES;470223;VALLADOLID;VALLADOLID;Comunidades interiores
17;47;224;VILLARMENTERO DE ESGUEVA;470224;VALLADOLID;VALLADOLID;Comunidades interiores
17;47;225;VILLASEXMIR;470225;VALLADOLID;VALLADOLID;Comunidades interiores
17;47;226;VILLAVAQUERIN;470226;VALLADOLID;VALLADOLID;Comunidades interiores
17;47;227;VILLAVELLID;470227;VALLADOLID;VALLADOLID;Comunidades interiores
17;47;228;VILLAVERDE DE MEDINA;470228;VALLADOLID;VALLADOLID;Comunidades interiores
17;47;229;VILLAVICENCIO LOS CABALLEROS;470229;VALLADOLID;VALLADOLID;Comunidades interiores
17;47;230;WAMBA;470230;VALLADOLID;VALLADOLID;Comunidades interiores
17;47;231;ZARATAN;470231;VALLADOLID;VALLADOLID;Comunidades interiores
17;47;232;ZARZA LA;470232;VALLADOLID;VALLADOLID;Comunidades interiores
17;47;999;OTRA PROVINCIA;470999;VALLADOLID;VALLADOLID;Comunidades interiores
17;49;0;INDETERMINADO;490000;ZAMORA;ZAMORA;Nororeste
17;49;2;ABEZAMES;490002;ZAMORA;ZAMORA;Nororeste
17;49;3;ALCAÑICES;490003;ZAMORA;ZAMORA;Nororeste
17;49;4;ALCUBILLA DE NOGALES;490004;ZAMORA;ZAMORA;Nororeste
17;49;5;ALFARAZ DE SAYAGO;490005;ZAMORA;ZAMORA;Nororeste
17;49;6;ALGODRE;490006;ZAMORA;ZAMORA;Nororeste
17;49;7;ALMARAZ DE DUERO;490007;ZAMORA;ZAMORA;Nororeste
17;49;8;ALMEIDA DE SAYAGO;490008;ZAMORA;ZAMORA;Nororeste
17;49;9;ANDAVIAS;490009;ZAMORA;ZAMORA;Nororeste
17;49;10;ARCENILLAS;490010;ZAMORA;ZAMORA;Nororeste
17;49;11;ARCOS DE LA POLVOROSA;490011;ZAMORA;ZAMORA;Nororeste
17;49;12;ARGAÑIN;490012;ZAMORA;ZAMORA;Nororeste
17;49;13;ARGUJILLO;490013;ZAMORA;ZAMORA;Nororeste
17;49;14;ARQUILLINOS;490014;ZAMORA;ZAMORA;Nororeste
17;49;15;ARRABALDE;490015;ZAMORA;ZAMORA;Nororeste
17;49;16;ASPARIEGOS;490016;ZAMORA;ZAMORA;Nororeste
17;49;17;ASTURIANOS;490017;ZAMORA;ZAMORA;Nororeste
17;49;18;AYOO DE VIDRIALES;490018;ZAMORA;ZAMORA;Nororeste
17;49;19;BARCIAL DEL BARCO;490019;ZAMORA;ZAMORA;Nororeste
17;49;20;BELVER DE LOS MONTES;490020;ZAMORA;ZAMORA;Nororeste
17;49;21;BENAVENTE;490021;ZAMORA;ZAMORA;Nororeste
17;49;22;BENEGILES;490022;ZAMORA;ZAMORA;Nororeste
17;49;23;BERMILLO DE SAYAGO;490023;ZAMORA;ZAMORA;Nororeste
17;49;24;BOVEDA DE TORO LA;490024;ZAMORA;ZAMORA;Nororeste
17;49;25;BRETO;490025;ZAMORA;ZAMORA;Nororeste
17;49;26;BRETOCINO;490026;ZAMORA;ZAMORA;Nororeste
17;49;27;BRIME DE SOG;490027;ZAMORA;ZAMORA;Nororeste
17;49;28;BRIME DE URZ;490028;ZAMORA;ZAMORA;Nororeste
17;49;29;BURGANES DE VALVERDE;490029;ZAMORA;ZAMORA;Nororeste
17;49;30;BUSTILLO DEL ORO;490030;ZAMORA;ZAMORA;Nororeste
17;49;31;CABAÑAS DE SAYAGO;490031;ZAMORA;ZAMORA;Nororeste
17;49;32;CALZADILLA DE TERA;490032;ZAMORA;ZAMORA;Nororeste
17;49;33;CAMARZANA DE TERA;490033;ZAMORA;ZAMORA;Nororeste
17;49;34;CAÑIZAL;490034;ZAMORA;ZAMORA;Nororeste
17;49;35;CAÑIZO;490035;ZAMORA;ZAMORA;Nororeste
17;49;36;CARBAJALES DE ALBA;490036;ZAMORA;ZAMORA;Nororeste
17;49;37;CARBELLINO;490037;ZAMORA;ZAMORA;Nororeste
17;49;38;CASASECA DE CAMPEAN;490038;ZAMORA;ZAMORA;Nororeste
17;49;39;CASASECA DE LAS CHANAS;490039;ZAMORA;ZAMORA;Nororeste
17;49;40;CASTRILLO DE LA GUAREÑA;490040;ZAMORA;ZAMORA;Nororeste
17;49;41;CASTROGONZALO;490041;ZAMORA;ZAMORA;Nororeste
17;49;42;CASTRONUEVO;490042;ZAMORA;ZAMORA;Nororeste
17;49;43;CASTROVERDE DE CAMPOS;490043;ZAMORA;ZAMORA;Nororeste
17;49;44;CAZURRA;490044;ZAMORA;ZAMORA;Nororeste
17;49;46;CERECINOS DE CAMPOS;490046;ZAMORA;ZAMORA;Nororeste
17;49;47;CERECINOS DEL CARRIZAL;490047;ZAMORA;ZAMORA;Nororeste
17;49;48;CERNADILLA;490048;ZAMORA;ZAMORA;Nororeste
17;49;50;COBREROS;490050;ZAMORA;ZAMORA;Nororeste
17;49;52;COOMONTE;490052;ZAMORA;ZAMORA;Nororeste
17;49;53;CORESES;490053;ZAMORA;ZAMORA;Nororeste
17;49;54;CORRALES DEL VINO;490054;ZAMORA;ZAMORA;Nororeste
17;49;55;COTANES DEL MONTE;490055;ZAMORA;ZAMORA;Nororeste
17;49;56;CUBILLOS;490056;ZAMORA;ZAMORA;Nororeste
17;49;57;CUBO DE BENAVENTE;490057;ZAMORA;ZAMORA;Nororeste
17;49;58;CUBO DE TIERRA DEL VINO EL;490058;ZAMORA;ZAMORA;Nororeste
17;49;59;CUELGAMURES;490059;ZAMORA;ZAMORA;Nororeste
17;49;61;ENTRALA;490061;ZAMORA;ZAMORA;Nororeste
17;49;62;ESPADAÑEDO;490062;ZAMORA;ZAMORA;Nororeste
17;49;63;FARAMONTANOS DE TABARA;490063;ZAMORA;ZAMORA;Nororeste
17;49;64;FARIZA;490064;ZAMORA;ZAMORA;Nororeste
17;49;65;FERMOSELLE;490065;ZAMORA;ZAMORA;Nororeste
17;49;66;FERRERAS DE ABAJO;490066;ZAMORA;ZAMORA;Nororeste
17;49;67;FERRERAS DE ARRIBA;490067;ZAMORA;ZAMORA;Nororeste
17;49;68;FERRERUELA;490068;ZAMORA;ZAMORA;Nororeste
17;49;69;FIGUERUELA DE ARRIBA;490069;ZAMORA;ZAMORA;Nororeste
17;49;71;FONFRIA;490071;ZAMORA;ZAMORA;Nororeste
17;49;75;FRESNO DE LA POLVOROSA;490075;ZAMORA;ZAMORA;Nororeste
17;49;76;FRESNO DE LA RIBERA;490076;ZAMORA;ZAMORA;Nororeste
17;49;77;FRESNO DE SAYAGO;490077;ZAMORA;ZAMORA;Nororeste
17;49;78;FRIERA DE VALVERDE;490078;ZAMORA;ZAMORA;Nororeste
17;49;79;FUENTE ENCALADA;490079;ZAMORA;ZAMORA;Nororeste
17;49;80;FUENTELAPEÑA;490080;ZAMORA;ZAMORA;Nororeste
17;49;81;FUENTESAUCO;490081;ZAMORA;ZAMORA;Nororeste
17;49;82;FUENTES DE ROPEL;490082;ZAMORA;ZAMORA;Nororeste
17;49;83;FUENTESECAS;490083;ZAMORA;ZAMORA;Nororeste
17;49;84;FUENTESPREADAS;490084;ZAMORA;ZAMORA;Nororeste
17;49;85;GALENDE;490085;ZAMORA;ZAMORA;Nororeste
17;49;86;GALLEGOS DEL PAN;490086;ZAMORA;ZAMORA;Nororeste
17;49;87;GALLEGOS DEL RIO;490087;ZAMORA;ZAMORA;Nororeste
17;49;88;GAMONES;490088;ZAMORA;ZAMORA;Nororeste
17;49;90;GEMA;490090;ZAMORA;ZAMORA;Nororeste
17;49;91;GRANJA DE MORERUELA;490091;ZAMORA;ZAMORA;Nororeste
17;49;92;GRANUCILLO;490092;ZAMORA;ZAMORA;Nororeste
17;49;93;GUARRATE;490093;ZAMORA;ZAMORA;Nororeste
17;49;94;HERMISENDE;490094;ZAMORA;ZAMORA;Nororeste
17;49;95;HINIESTA LA;490095;ZAMORA;ZAMORA;Nororeste
17;49;96;JAMBRINA;490096;ZAMORA;ZAMORA;Nororeste
17;49;97;JUSTEL;490097;ZAMORA;ZAMORA;Nororeste
17;49;98;LOSACINO;490098;ZAMORA;ZAMORA;Nororeste
17;49;99;LOSACIO;490099;ZAMORA;ZAMORA;Nororeste
17;49;100;LUBIAN;490100;ZAMORA;ZAMORA;Nororeste
17;49;101;LUELMO;490101;ZAMORA;ZAMORA;Nororeste
17;49;102;MADERAL EL;490102;ZAMORA;ZAMORA;Nororeste
17;49;103;MADRIDANOS;490103;ZAMORA;ZAMORA;Nororeste
17;49;104;MAHIDE;490104;ZAMORA;ZAMORA;Nororeste
17;49;105;MAIRE DE CASTROPONCE;490105;ZAMORA;ZAMORA;Nororeste
17;49;107;MALVA;490107;ZAMORA;ZAMORA;Nororeste
17;49;108;MANGANESES DE LA LAMPREANA;490108;ZAMORA;ZAMORA;Nororeste
17;49;109;MANGANESES DE LA POLVOROSA;490109;ZAMORA;ZAMORA;Nororeste
17;49;110;MANZANAL DE ARRIBA;490110;ZAMORA;ZAMORA;Nororeste
17;49;111;MANZANAL DEL BARCO;490111;ZAMORA;ZAMORA;Nororeste
17;49;112;MANZANAL DE LOS INFANTES;490112;ZAMORA;ZAMORA;Nororeste
17;49;113;MATILLA DE ARZON;490113;ZAMORA;ZAMORA;Nororeste
17;49;114;MATILLA LA SECA;490114;ZAMORA;ZAMORA;Nororeste
17;49;115;MAYALDE;490115;ZAMORA;ZAMORA;Nororeste
17;49;116;MELGAR DE TERA;490116;ZAMORA;ZAMORA;Nororeste
17;49;117;MICERECES DE TERA;490117;ZAMORA;ZAMORA;Nororeste
17;49;118;MILLES DE LA POLVOROSA;490118;ZAMORA;ZAMORA;Nororeste
17;49;119;MOLACILLOS;490119;ZAMORA;ZAMORA;Nororeste
17;49;120;MOLEZUELAS DE LA CARBALLEDA;490120;ZAMORA;ZAMORA;Nororeste
17;49;121;MOMBUEY;490121;ZAMORA;ZAMORA;Nororeste
17;49;122;MONFARRACINOS;490122;ZAMORA;ZAMORA;Nororeste
17;49;123;MONTAMARTA;490123;ZAMORA;ZAMORA;Nororeste
17;49;124;MORAL DE SAYAGO;490124;ZAMORA;ZAMORA;Nororeste
17;49;125;MORALEJA DEL VINO;490125;ZAMORA;ZAMORA;Nororeste
17;49;126;MORALEJA DE SAYAGO;490126;ZAMORA;ZAMORA;Nororeste
17;49;127;MORALES DEL VINO;490127;ZAMORA;ZAMORA;Nororeste
17;49;128;MORALES DE REY;490128;ZAMORA;ZAMORA;Nororeste
17;49;129;MORALES DE TORO;490129;ZAMORA;ZAMORA;Nororeste
17;49;130;MORALES DE VALVERDE;490130;ZAMORA;ZAMORA;Nororeste
17;49;131;MORALINA;490131;ZAMORA;ZAMORA;Nororeste
17;49;132;MORERUELA DE LOS INFANZONES;490132;ZAMORA;ZAMORA;Nororeste
17;49;133;MORERUELA DE TABARA;490133;ZAMORA;ZAMORA;Nororeste
17;49;134;MUELAS DE LOS CABALLEROS;490134;ZAMORA;ZAMORA;Nororeste
17;49;135;MUELAS DEL PAN;490135;ZAMORA;ZAMORA;Nororeste
17;49;136;MUGA DE SAYAGO;490136;ZAMORA;ZAMORA;Nororeste
17;49;137;NAVIANOS DE VALVERDE;490137;ZAMORA;ZAMORA;Nororeste
17;49;138;OLMILLOS DE CASTRO;490138;ZAMORA;ZAMORA;Nororeste
17;49;139;OTERO DE BODAS;490139;ZAMORA;ZAMORA;Nororeste
17;49;141;PAJARES DE LA LAMPREANA;490141;ZAMORA;ZAMORA;Nororeste
17;49;142;PALACIOS DEL PAN;490142;ZAMORA;ZAMORA;Nororeste
17;49;143;PALACIOS DE SANABRIA;490143;ZAMORA;ZAMORA;Nororeste
17;49;145;PEDRALBA DE LA PRADERIA;490145;ZAMORA;ZAMORA;Nororeste
17;49;146;PEGO EL;490146;ZAMORA;ZAMORA;Nororeste
17;49;147;PELEAGONZALO;490147;ZAMORA;ZAMORA;Nororeste
17;49;148;PELEAS DE ABAJO;490148;ZAMORA;ZAMORA;Nororeste
17;49;149;PEÑAUSENDE;490149;ZAMORA;ZAMORA;Nororeste
17;49;150;PEQUE;490150;ZAMORA;ZAMORA;Nororeste
17;49;151;PERDIGON EL;490151;ZAMORA;ZAMORA;Nororeste
17;49;152;PERERUELA;490152;ZAMORA;ZAMORA;Nororeste
17;49;153;PERILLA DE CASTRO;490153;ZAMORA;ZAMORA;Nororeste
17;49;154;PÍAS;490154;ZAMORA;ZAMORA;Nororeste
17;49;155;PIEDRAHITA DE CASTRO;490155;ZAMORA;ZAMORA;Nororeste
17;49;156;PINILLA DE TORO;490156;ZAMORA;ZAMORA;Nororeste
17;49;157;PINO DEL ORO;490157;ZAMORA;ZAMORA;Nororeste
17;49;158;PIÑERO EL;490158;ZAMORA;ZAMORA;Nororeste
17;49;159;POBLADURA DEL VALLE;490159;ZAMORA;ZAMORA;Nororeste
17;49;160;POBLADURA DE VALDERADUEY;490160;ZAMORA;ZAMORA;Nororeste
17;49;162;PORTO;490162;ZAMORA;ZAMORA;Nororeste
17;49;163;POZOANTIGUO;490163;ZAMORA;ZAMORA;Nororeste
17;49;164;POZUELO DE TABARA;490164;ZAMORA;ZAMORA;Nororeste
17;49;165;PRADO;490165;ZAMORA;ZAMORA;Nororeste
17;49;166;PUEBLA DE SANABRIA;490166;ZAMORA;ZAMORA;Nororeste
17;49;167;PUEBLICA DE VALVERDE;490167;ZAMORA;ZAMORA;Nororeste
17;49;168;QUINTANILLA DEL MONTE;490168;ZAMORA;ZAMORA;Nororeste
17;49;169;QUINTANILLA DEL OLMO;490169;ZAMORA;ZAMORA;Nororeste
17;49;170;QUINTANILLA DE URZ;490170;ZAMORA;ZAMORA;Nororeste
17;49;171;QUIRUELAS DE VIDRIALES;490171;ZAMORA;ZAMORA;Nororeste
17;49;172;RABANALES;490172;ZAMORA;ZAMORA;Nororeste
17;49;173;RÁBANO DE ALISTE;490173;ZAMORA;ZAMORA;Nororeste
17;49;174;REQUEJO;490174;ZAMORA;ZAMORA;Nororeste
17;49;175;REVELLINOS;490175;ZAMORA;ZAMORA;Nororeste
17;49;176;RIOFRIO DE ALISTE;490176;ZAMORA;ZAMORA;Nororeste
17;49;177;RIONEGRO DEL PUENTE;490177;ZAMORA;ZAMORA;Nororeste
17;49;178;ROALES;490178;ZAMORA;ZAMORA;Nororeste
17;49;179;ROBLEDA-CERVANTES;490179;ZAMORA;ZAMORA;Nororeste
17;49;180;ROELOS DE SAYAGO;490180;ZAMORA;ZAMORA;Nororeste
17;49;181;ROSINOS DE LA REQUEJADA;490181;ZAMORA;ZAMORA;Nororeste
17;49;183;SALCE;490183;ZAMORA;ZAMORA;Nororeste
17;49;184;SAMIR DE LOS CAÑOS;490184;ZAMORA;ZAMORA;Nororeste
17;49;185;S AGUSTIN DEL POZO;490185;ZAMORA;ZAMORA;Nororeste
17;49;186;S CEBRIAN DE CASTRO;490186;ZAMORA;ZAMORA;Nororeste
17;49;187;S CRISTOBAL DE ENTREVIÑAS;490187;ZAMORA;ZAMORA;Nororeste
17;49;188;S ESTEBAN DEL MOLAR;490188;ZAMORA;ZAMORA;Nororeste
17;49;189;S JUSTO;490189;ZAMORA;ZAMORA;Nororeste
17;49;190;S MARTIN DE VALDERADUEY;490190;ZAMORA;ZAMORA;Nororeste
17;49;191;S MIGUEL DE LA RIBERA;490191;ZAMORA;ZAMORA;Nororeste
17;49;192;S MIGUEL DEL VALLE;490192;ZAMORA;ZAMORA;Nororeste
17;49;193;S PEDRO DE CEQUE;490193;ZAMORA;ZAMORA;Nororeste
17;49;194;S PEDRO DE LA NAVE-ALMENDRA;490194;ZAMORA;ZAMORA;Nororeste
17;49;197;STA CLARA DE AVEDILLO;490197;ZAMORA;ZAMORA;Nororeste
17;49;199;STA COLOMBA DE LAS MONJAS;490199;ZAMORA;ZAMORA;Nororeste
17;49;200;STA CRISTINA DE LA POLVOROSA;490200;ZAMORA;ZAMORA;Nororeste
17;49;201;STA CROYA DE TERA;490201;ZAMORA;ZAMORA;Nororeste
17;49;202;STA EUFEMIA DEL BARCO;490202;ZAMORA;ZAMORA;Nororeste
17;49;203;STA MARIA DE LA VEGA;490203;ZAMORA;ZAMORA;Nororeste
17;49;204;STA MARIA DE VALVERDE;490204;ZAMORA;ZAMORA;Nororeste
17;49;205;SANTIBAÑEZ DE TERA;490205;ZAMORA;ZAMORA;Nororeste
17;49;206;SANTIBAÑEZ DE VIDRIALES;490206;ZAMORA;ZAMORA;Nororeste
17;49;207;SANTOVENIA;490207;ZAMORA;ZAMORA;Nororeste
17;49;208;S VICENTE DE LA CABEZA;490208;ZAMORA;ZAMORA;Nororeste
17;49;209;S VITERO;490209;ZAMORA;ZAMORA;Nororeste
17;49;210;SANZOLES;490210;ZAMORA;ZAMORA;Nororeste
17;49;214;TABARA;490214;ZAMORA;ZAMORA;Nororeste
17;49;216;TAPIOLES;490216;ZAMORA;ZAMORA;Nororeste
17;49;219;TORO;490219;ZAMORA;ZAMORA;Nororeste
17;49;220;TORRE DEL VALLE LA;490220;ZAMORA;ZAMORA;Nororeste
17;49;221;TORREGAMONES;490221;ZAMORA;ZAMORA;Nororeste
17;49;222;TORRES DEL CARRIZAL;490222;ZAMORA;ZAMORA;Nororeste
17;49;223;TRABAZOS;490223;ZAMORA;ZAMORA;Nororeste
17;49;224;TREFACIO;490224;ZAMORA;ZAMORA;Nororeste
17;49;225;UÑA DE QUINTANA;490225;ZAMORA;ZAMORA;Nororeste
17;49;226;VADILLO DE LA GUAREÑA;490226;ZAMORA;ZAMORA;Nororeste
17;49;227;VALCABADO;490227;ZAMORA;ZAMORA;Nororeste
17;49;228;VALDEFINJAS;490228;ZAMORA;ZAMORA;Nororeste
17;49;229;VALDESCORRIEL;490229;ZAMORA;ZAMORA;Nororeste
17;49;230;VALLESA DE LA GUAREÑA;490230;ZAMORA;ZAMORA;Nororeste
17;49;231;VEGA DE TERA;490231;ZAMORA;ZAMORA;Nororeste
17;49;232;VEGA DE VILLALOBOS;490232;ZAMORA;ZAMORA;Nororeste
17;49;233;VEGALATRAVE;490233;ZAMORA;ZAMORA;Nororeste
17;49;234;VENIALBO;490234;ZAMORA;ZAMORA;Nororeste
17;49;235;VEZDEMARBAN;490235;ZAMORA;ZAMORA;Nororeste
17;49;236;VIDAYANES;490236;ZAMORA;ZAMORA;Nororeste
17;49;237;VIDEMALA;490237;ZAMORA;ZAMORA;Nororeste
17;49;238;VILLABRAZARO;490238;ZAMORA;ZAMORA;Nororeste
17;49;239;VILLABUENA DEL PUENTE;490239;ZAMORA;ZAMORA;Nororeste
17;49;240;VILLADEPERA;490240;ZAMORA;ZAMORA;Nororeste
17;49;241;VILLAESCUSA;490241;ZAMORA;ZAMORA;Nororeste
17;49;242;VILLAFAFILA;490242;ZAMORA;ZAMORA;Nororeste
17;49;243;VILLAFERRUEÑA;490243;ZAMORA;ZAMORA;Nororeste
17;49;244;VILLAGERIZ;490244;ZAMORA;ZAMORA;Nororeste
17;49;245;VILLALAZAN;490245;ZAMORA;ZAMORA;Nororeste
17;49;246;VILLALBA DE LA LAMPREANA;490246;ZAMORA;ZAMORA;Nororeste
17;49;247;VILLALCAMPO;490247;ZAMORA;ZAMORA;Nororeste
17;49;248;VILLALOBOS;490248;ZAMORA;ZAMORA;Nororeste
17;49;249;VILLALONSO;490249;ZAMORA;ZAMORA;Nororeste
17;49;250;VILLALPANDO;490250;ZAMORA;ZAMORA;Nororeste
17;49;251;VILLALUBE;490251;ZAMORA;ZAMORA;Nororeste
17;49;252;VILLAMAYOR DE CAMPOS;490252;ZAMORA;ZAMORA;Nororeste
17;49;255;VILLAMOR DE LOS ESCUDEROS;490255;ZAMORA;ZAMORA;Nororeste
17;49;256;VILLANAZAR;490256;ZAMORA;ZAMORA;Nororeste
17;49;257;VILLANUEVA DE AZOAGUE;490257;ZAMORA;ZAMORA;Nororeste
17;49;258;VILLANUEVA DE CAMPEAN;490258;ZAMORA;ZAMORA;Nororeste
17;49;259;VILLANUEVA DE LAS PERAS;490259;ZAMORA;ZAMORA;Nororeste
17;49;260;VILLANUEVA DEL CAMPO;490260;ZAMORA;ZAMORA;Nororeste
17;49;261;VILLARALBO;490261;ZAMORA;ZAMORA;Nororeste
17;49;262;VILLARDECIERVOS;490262;ZAMORA;ZAMORA;Nororeste
17;49;263;VILLAR DE FALLAVES;490263;ZAMORA;ZAMORA;Nororeste
17;49;264;VILLAR DEL BUEY;490264;ZAMORA;ZAMORA;Nororeste
17;49;265;VILLARDIEGUA DE LA RIBERA;490265;ZAMORA;ZAMORA;Nororeste
17;49;266;VILLARDIGA;490266;ZAMORA;ZAMORA;Nororeste
17;49;267;VILLARDONDIEGO;490267;ZAMORA;ZAMORA;Nororeste
17;49;268;VILLARRIN DE CAMPOS;490268;ZAMORA;ZAMORA;Nororeste
17;49;269;VILLASECO DEL PAN;490269;ZAMORA;ZAMORA;Nororeste
17;49;270;VILLAVENDIMIO;490270;ZAMORA;ZAMORA;Nororeste
17;49;271;VILLAVEZA DEL AGUA;490271;ZAMORA;ZAMORA;Nororeste
17;49;272;VILLAVEZA DE VALVERDE;490272;ZAMORA;ZAMORA;Nororeste
17;49;273;VIÑAS;490273;ZAMORA;ZAMORA;Nororeste
17;49;275;ZAMORA;490275;ZAMORA;ZAMORA;Nororeste
17;49;998;PORTUGAL;490998;ZAMORA;ZAMORA;Nororeste
17;49;999;OTRA PROVINCIA;490999;ZAMORA;ZAMORA;Nororeste
18;51;0;INDETERMINADO;510000;CEUTA;CEUTA;Mediterráneo
18;51;1;CEUTA;510001;CEUTA;CEUTA;Mediterráneo
18;51;998;MARRUECOS;510998;CEUTA;CEUTA;Mediterráneo
19;52;0;INDETERMINADO;520000;MELILLA;MELILLA;Mediterráneo
19;52;1;MELILLA;520001;MELILLA;MELILLA;Mediterráneo
19;52;998;MARRUECOS;520998;MELILLA;MELILLA;Mediterráneo
1;48;915;ZIORTZA-BOLIBAR;480915;VIZCAYA;VIZCAYA;Comunidades interiores
3;15;902;OZA-CESURAS;150902;A CORUÑA;A CORUÑA;Nororeste
4;29;903;MONTECORTO;290903;Málaga;MALAGA;Mediterráneo
6;39;801;Comunidad de Campoo-Cabuérniga;390801;CANTABRIA;CANTABRIA;Noroeste
